;INFORME DE COMPROMISOS;;;;;;;;;;;;;;;;;;;
;;;;;;;;;;;;;;;;;;;;
;;;;;;;;;;;;;;;;;;;;
;;;;;;;;;;;;;;;;;;;;
;Institucion: 3100 Ramo de Educacion;;;;;;;;;;;;;;;;;;;
;Unidad Financiera: 011 USEFI Secretaría de Estado;;;;;;;;;;;;;;;;;;;
;;;;;;;;;;;;;;;;;;;;
Ejercicio;N. Compro;Item;F. Elaborac.;No. D. Resp;Nit;Proveedor;L.T;F.F.;Proy.;F.R.;A.O.;Espec.;Mes; Comprometido ; Descomp ; Congelado ; Disponible ;Concepto;Descrip_Estado;Columna1
2026;1929;2;04/02/2026;MINEDUCYT-66/2024-BIRF;000046585;ROSA DELMY MIRANDA DE OSEGUEDA;1401;3;7495;9;1;54599;3; $3.155.636,00 ; $-   ; $-   ; $-   ;CONTRATACION DE 10 ESPECIALISTAS DE EDUCACION D ELA 1RA INFANCIA PARA APOYO A LA CERTIFICACIÓN DE ESTANDARES ESTRUCTURALES DE CALIDAD- MECT M 490/2025-AÑO 2026-CP 742-JM; Liquidada ; $-   
2026;1929;3;04/02/2026;MINEDUCYT-66/2024-BIRF;000046585;ROSA DELMY MIRANDA DE OSEGUEDA;1401;3;7495;9;1;54599;4; $3.991.738,00 ; $-   ; $-   ; $-   ;CONTRATACION DE 10 ESPECIALISTAS DE EDUCACION D ELA 1RA INFANCIA PARA APOYO A LA CERTIFICACIÓN DE ESTANDARES ESTRUCTURALES DE CALIDAD- MECT M 490/2025-AÑO 2026-CP 742-JM; Liquidada ; $-   
2026;1929;4;04/02/2026;MINEDUCYT-66/2024-BIRF;000046585;ROSA DELMY MIRANDA DE OSEGUEDA;1401;3;7495;9;1;54599;5; $3.342.992,00 ; $-   ; $-   ; $-   ;CONTRATACION DE 10 ESPECIALISTAS DE EDUCACION D ELA 1RA INFANCIA PARA APOYO A LA CERTIFICACIÓN DE ESTANDARES ESTRUCTURALES DE CALIDAD- MECT M 490/2025-AÑO 2026-CP 742-JM; Liquidada ; $-   
2026;1929;5;04/02/2026;MINEDUCYT-66/2024-BIRF;000046585;ROSA DELMY MIRANDA DE OSEGUEDA;1401;3;7495;9;1;54599;6; $2.530.039,00 ; $-   ; $-   ; $-   ;CONTRATACION DE 10 ESPECIALISTAS DE EDUCACION D ELA 1RA INFANCIA PARA APOYO A LA CERTIFICACIÓN DE ESTANDARES ESTRUCTURALES DE CALIDAD- MECT M 490/2025-AÑO 2026-CP 742-JM; Liquidada ; $-   
2026;1929;1;04/02/2026;MINEDUCYT-66/2024-BIRF;000046585;ROSA DELMY MIRANDA DE OSEGUEDA;1401;3;7495;9;1;54599;2; $2.926.994,00 ; $-   ; $-   ; $-   ;CONTRATACION DE 10 ESPECIALISTAS DE EDUCACION D ELA 1RA INFANCIA PARA APOYO A LA CERTIFICACIÓN DE ESTANDARES ESTRUCTURALES DE CALIDAD- MECT M 490/2025-AÑO 2026-CP 742-JM; Liquidada ; $-   
2026;12082;5;08/07/2026;MINEDUCYT-66/2024-BIRF;000046585;ROSA DELMY MIRANDA DE OSEGUEDA;1401;3;7495;9;1;54599;11; $1.492.819,00 ; $-   ; $-   ; $947.201,00 ;CONTRATACION DE 10 ESPECIALISTAS DE EDUCACION D ELA 1RA INFANCIA PARA APOYO A LA CERTIFICACIÓN DE ESTANDARES ESTRUCTURALES DE CALIDAD- MECT M 349/2026-AÑO 2026-CP 1108-JM; Aprobado ; $-   
2026;12082;4;08/07/2026;MINEDUCYT-66/2024-BIRF;000046585;ROSA DELMY MIRANDA DE OSEGUEDA;1401;3;7495;9;1;54599;10; $1.814.750,00 ; $-   ; $-   ; $344.266,00 ;CONTRATACION DE 10 ESPECIALISTAS DE EDUCACION D ELA 1RA INFANCIA PARA APOYO A LA CERTIFICACIÓN DE ESTANDARES ESTRUCTURALES DE CALIDAD- MECT M 349/2026-AÑO 2026-CP 1108-JM; Aprobado ; $-   
2026;12082;3;08/07/2026;MINEDUCYT-66/2024-BIRF;000046585;ROSA DELMY MIRANDA DE OSEGUEDA;1401;3;7495;9;1;54599;9; $2.341.705,00 ; $-   ; $-   ; $979.213,00 ;CONTRATACION DE 10 ESPECIALISTAS DE EDUCACION D ELA 1RA INFANCIA PARA APOYO A LA CERTIFICACIÓN DE ESTANDARES ESTRUCTURALES DE CALIDAD- MECT M 349/2026-AÑO 2026-CP 1108-JM; Aprobado ; $-   
2026;12082;2;08/07/2026;MINEDUCYT-66/2024-BIRF;000046585;ROSA DELMY MIRANDA DE OSEGUEDA;1401;3;7495;9;1;54599;8; $4.031.448,00 ; $-   ; $-   ; $1.919.302,00 ;CONTRATACION DE 10 ESPECIALISTAS DE EDUCACION D ELA 1RA INFANCIA PARA APOYO A LA CERTIFICACIÓN DE ESTANDARES ESTRUCTURALES DE CALIDAD- MECT M 349/2026-AÑO 2026-CP 1108-JM; Aprobado ; $-   
2026;12082;1;08/07/2026;MINEDUCYT-66/2024-BIRF;000046585;ROSA DELMY MIRANDA DE OSEGUEDA;1401;3;7495;9;1;54599;7; $3.441.813,00 ; $-   ; $-   ; $1.886.175,00 ;CONTRATACION DE 10 ESPECIALISTAS DE EDUCACION D ELA 1RA INFANCIA PARA APOYO A LA CERTIFICACIÓN DE ESTANDARES ESTRUCTURALES DE CALIDAD- MECT M 349/2026-AÑO 2026-CP 1108-JM; Aprobado ; $-   
2026;12082;6;08/07/2026;MINEDUCYT-66/2024-BIRF;000046585;ROSA DELMY MIRANDA DE OSEGUEDA;1401;3;7495;9;1;54599;12; $2.674.263,00 ; $-   ; $-   ; $694.050,00 ;CONTRATACION DE 10 ESPECIALISTAS DE EDUCACION D ELA 1RA INFANCIA PARA APOYO A LA CERTIFICACIÓN DE ESTANDARES ESTRUCTURALES DE CALIDAD- MECT M 349/2026-AÑO 2026-CP 1108-JM; Aprobado ; $-   
2026;1853;3;02/02/2026; MINEDUCYT-02/2025 BIRF;000116144;EDUARDO ANTONIO DIAZ SANTAMARIA;1401;3;7495;9;1;54599;4; $4.986.480,00 ; $-   ; $-   ; $-   ;Contratacion 3 Administracion de contrato para la unidad de infraestructura educativa MOPT. Enero a Junio 2026 - CP 827 -JM; Liquidada ; $-   
2026;1853;4;02/02/2026; MINEDUCYT-02/2025 BIRF;000116144;EDUARDO ANTONIO DIAZ SANTAMARIA;1401;3;7495;9;1;54599;5; $4.787.973,00 ; $-   ; $-   ; $-   ;Contratacion 3 Administracion de contrato para la unidad de infraestructura educativa MOPT. Enero a Junio 2026 - CP 827 -JM; Liquidada ; $-   
2026;1853;2;02/02/2026; MINEDUCYT-02/2025 BIRF;000116144;EDUARDO ANTONIO DIAZ SANTAMARIA;1401;3;7495;9;1;54599;3; $4.199.169,00 ; $-   ; $-   ; $-   ;Contratacion 3 Administracion de contrato para la unidad de infraestructura educativa MOPT. Enero a Junio 2026 - CP 827 -JM; Liquidada ; $-   
2026;1853;1;02/02/2026; MINEDUCYT-02/2025 BIRF;000116144;EDUARDO ANTONIO DIAZ SANTAMARIA;1401;3;7495;9;1;54599;2; $2.463.739,00 ; $-   ; $-   ; $-   ;Contratacion 3 Administracion de contrato para la unidad de infraestructura educativa MOPT. Enero a Junio 2026 - CP 827 -JM; Liquidada ; $-   
2026;1853;5;02/02/2026; MINEDUCYT-02/2025 BIRF;000116144;EDUARDO ANTONIO DIAZ SANTAMARIA;1401;3;7495;9;1;54599;6; $2.790.775,00 ; $-   ; $-   ; $-   ;Contratacion 3 Administracion de contrato para la unidad de infraestructura educativa MOPT. Enero a Junio 2026 - CP 827 -JM; Liquidada ; $-   
2026;13601;4;16/07/2026; MINEDUCYT-02/2025 BIRF;000116144;EDUARDO ANTONIO DIAZ SANTAMARIA;1401;3;7495;9;1;54599;10; $4.254.770,00 ; $-   ; $-   ; $1.668.287,00 ;Contratacion 3 Administracion de contrato para la unidad de infraestructura educativa MOPT. Jul a Dic 2026 - CP1072-JM; Aprobado ; $-   
2026;13601;5;16/07/2026; MINEDUCYT-02/2025 BIRF;000116144;EDUARDO ANTONIO DIAZ SANTAMARIA;1401;3;7495;9;1;54599;11; $2.739.960,00 ; $-   ; $-   ; $668.076,00 ;Contratacion 3 Administracion de contrato para la unidad de infraestructura educativa MOPT. Jul a Dic 2026 - CP1072-JM; Aprobado ; $-   
2026;13601;3;16/07/2026; MINEDUCYT-02/2025 BIRF;000116144;EDUARDO ANTONIO DIAZ SANTAMARIA;1401;3;7495;9;1;54599;9; $2.525.478,00 ; $-   ; $-   ; $602.173,00 ;Contratacion 3 Administracion de contrato para la unidad de infraestructura educativa MOPT. Jul a Dic 2026 - CP1072-JM; Aprobado ; $-   
2026;13601;1;16/07/2026; MINEDUCYT-02/2025 BIRF;000116144;EDUARDO ANTONIO DIAZ SANTAMARIA;1401;3;7495;9;1;54599;7; $1.080.128,00 ; $-   ; $-   ; $335.031,00 ;Contratacion 3 Administracion de contrato para la unidad de infraestructura educativa MOPT. Jul a Dic 2026 - CP1072-JM; Aprobado ; $-   
2026;13601;2;16/07/2026; MINEDUCYT-02/2025 BIRF;000116144;EDUARDO ANTONIO DIAZ SANTAMARIA;1401;3;7495;9;1;54599;8; $4.072.431,00 ; $-   ; $-   ; $2.565.100,00 ;Contratacion 3 Administracion de contrato para la unidad de infraestructura educativa MOPT. Jul a Dic 2026 - CP1072-JM; Aprobado ; $-   
2026;13601;6;16/07/2026; MINEDUCYT-02/2025 BIRF;000116144;EDUARDO ANTONIO DIAZ SANTAMARIA;1401;3;7495;9;1;54599;12; $3.302.113,00 ; $-   ; $-   ; $1.625.185,00 ;Contratacion 3 Administracion de contrato para la unidad de infraestructura educativa MOPT. Jul a Dic 2026 - CP1072-JM; Aprobado ; $-   
2026;2227;1;13/02/2026;MINEDUCYT-9/2026-BIRF;000664147;CAROLINA ASTRID ORTIZ JIMENEZ;1401;3;7495;9;1;54599;2; $4.663.001,00 ; $-   ; $-   ; $-   ;CONTRATACION DE COORDINADOR DE ADQUISICIONES PARA LA UIP-CP 711-AÑO 2026-JM; Liquidada ; $-   
2026;2227;3;13/02/2026;MINEDUCYT-9/2026-BIRF;000664147;CAROLINA ASTRID ORTIZ JIMENEZ;1401;3;7495;9;1;54599;4; $4.015.663,00 ; $-   ; $-   ; $-   ;CONTRATACION DE COORDINADOR DE ADQUISICIONES PARA LA UIP-CP 711-AÑO 2026-JM; Liquidada ; $-   
2026;2227;4;13/02/2026;MINEDUCYT-9/2026-BIRF;000664147;CAROLINA ASTRID ORTIZ JIMENEZ;1401;3;7495;9;1;54599;5; $614.165,00 ; $-   ; $-   ; $-   ;CONTRATACION DE COORDINADOR DE ADQUISICIONES PARA LA UIP-CP 711-AÑO 2026-JM; Liquidada ; $-   
2026;2227;2;13/02/2026;MINEDUCYT-9/2026-BIRF;000664147;CAROLINA ASTRID ORTIZ JIMENEZ;1401;3;7495;9;1;54599;3; $1.061.148,00 ; $-   ; $-   ; $-   ;CONTRATACION DE COORDINADOR DE ADQUISICIONES PARA LA UIP-CP 711-AÑO 2026-JM; Liquidada ; $-   
2026;2227;5;13/02/2026;MINEDUCYT-9/2026-BIRF;000664147;CAROLINA ASTRID ORTIZ JIMENEZ;1401;3;7495;9;1;54599;6; $2.573.731,00 ; $-   ; $-   ; $-   ;CONTRATACION DE COORDINADOR DE ADQUISICIONES PARA LA UIP-CP 711-AÑO 2026-JM; Liquidada ; $-   
2026;12042;1;03/07/2026;MINEDUCYT-9/2026-BIRF.;000664147;CAROLINA ASTRID ORTIZ JIMENEZ;1401;3;7495;9;1;54599;7; $4.472.736,00 ; $-   ; $-   ; $2.108.908,00 ;CONTRATACION DE COORDINADOR DE ADQUISICIONES PARA LA UIP-CP 1006-AÑO 2026-JM; Aprobado ; $-   
2026;12042;2;03/07/2026;MINEDUCYT-9/2026-BIRF.;000664147;CAROLINA ASTRID ORTIZ JIMENEZ;1401;3;7495;9;1;54599;8; $3.654.297,00 ; $-   ; $-   ; $3.385.036,00 ;CONTRATACION DE COORDINADOR DE ADQUISICIONES PARA LA UIP-CP 1006-AÑO 2026-JM; Aprobado ; $-   
2026;12042;3;03/07/2026;MINEDUCYT-9/2026-BIRF.;000664147;CAROLINA ASTRID ORTIZ JIMENEZ;1401;3;7495;9;1;54599;9; $4.537.453,00 ; $-   ; $-   ; $1.041.991,00 ;CONTRATACION DE COORDINADOR DE ADQUISICIONES PARA LA UIP-CP 1006-AÑO 2026-JM; Aprobado ; $-   
2026;12042;4;03/07/2026;MINEDUCYT-9/2026-BIRF.;000664147;CAROLINA ASTRID ORTIZ JIMENEZ;1401;3;7495;9;1;54599;10; $1.001.501,00 ; $-   ; $-   ; $753.828,00 ;CONTRATACION DE COORDINADOR DE ADQUISICIONES PARA LA UIP-CP 1006-AÑO 2026-JM; Aprobado ; $-   
2026;12042;5;03/07/2026;MINEDUCYT-9/2026-BIRF.;000664147;CAROLINA ASTRID ORTIZ JIMENEZ;1401;3;7495;9;1;54599;11; $2.158.180,00 ; $-   ; $-   ; $1.173.263,00 ;CONTRATACION DE COORDINADOR DE ADQUISICIONES PARA LA UIP-CP 1006-AÑO 2026-JM; Aprobado ; $-   
2026;12042;6;03/07/2026;MINEDUCYT-9/2026-BIRF.;000664147;CAROLINA ASTRID ORTIZ JIMENEZ;1401;3;7495;9;1;54599;12; $2.962.256,00 ; $-   ; $-   ; $1.526.382,00 ;CONTRATACION DE COORDINADOR DE ADQUISICIONES PARA LA UIP-CP 1006-AÑO 2026-JM; Aprobado ; $-   
2026;1701;1;23/01/2026;MINEDUCYT-31/2024-BIRF;001072115;MAYRA VIOLETA MELARA CABRERA;1401;3;7495;9;1;54599;2; $1.350.781,00 ; $-   ; $-   ; $-   ;CONTRATACIÓN DE CONSULTORÍA INDIVIDUAL PARA ESPECIALISTA No.1 DE ADQUISICIONES, PARA APOYAR LOS PROCESOS DE ADQUISICIONES Y CONTRATACIÓN DE OBRAS, BIENES, SERVICIOS QUE NO CONSULTORÍA Y CONSULTORÍA-MECT-M-498/2025-AÑO 2026-CP 760-JM; Liquidada ; $-   
2026;1701;4;23/01/2026;MINEDUCYT-31/2024-BIRF;001072115;MAYRA VIOLETA MELARA CABRERA;1401;3;7495;9;1;54599;5; $3.686.663,00 ; $2.500,00 ; $-   ; $-   ;CONTRATACIÓN DE CONSULTORÍA INDIVIDUAL PARA ESPECIALISTA No.1 DE ADQUISICIONES, PARA APOYAR LOS PROCESOS DE ADQUISICIONES Y CONTRATACIÓN DE OBRAS, BIENES, SERVICIOS QUE NO CONSULTORÍA Y CONSULTORÍA-MECT-M-498/2025-AÑO 2026-CP 760-JM; Liquidada ; $1.219.927,00 
2026;1701;3;23/01/2026;MINEDUCYT-31/2024-BIRF;001072115;MAYRA VIOLETA MELARA CABRERA;1401;3;7495;9;1;54599;4; $272.722,00 ; $-   ; $-   ; $-   ;CONTRATACIÓN DE CONSULTORÍA INDIVIDUAL PARA ESPECIALISTA No.1 DE ADQUISICIONES, PARA APOYAR LOS PROCESOS DE ADQUISICIONES Y CONTRATACIÓN DE OBRAS, BIENES, SERVICIOS QUE NO CONSULTORÍA Y CONSULTORÍA-MECT-M-498/2025-AÑO 2026-CP 760-JM; Liquidada ; $-   
2026;1701;2;23/01/2026;MINEDUCYT-31/2024-BIRF;001072115;MAYRA VIOLETA MELARA CABRERA;1401;3;7495;9;1;54599;3; $80.283,00 ; $-   ; $-   ; $-   ;CONTRATACIÓN DE CONSULTORÍA INDIVIDUAL PARA ESPECIALISTA No.1 DE ADQUISICIONES, PARA APOYAR LOS PROCESOS DE ADQUISICIONES Y CONTRATACIÓN DE OBRAS, BIENES, SERVICIOS QUE NO CONSULTORÍA Y CONSULTORÍA-MECT-M-498/2025-AÑO 2026-CP 760-JM; Liquidada ; $-   
2026;1701;5;23/01/2026;MINEDUCYT-31/2024-BIRF;001072115;MAYRA VIOLETA MELARA CABRERA;1401;3;7495;9;1;54599;6; $4.901.147,00 ; $2.500,00 ; $-   ; $-   ;CONTRATACIÓN DE CONSULTORÍA INDIVIDUAL PARA ESPECIALISTA No.1 DE ADQUISICIONES, PARA APOYAR LOS PROCESOS DE ADQUISICIONES Y CONTRATACIÓN DE OBRAS, BIENES, SERVICIOS QUE NO CONSULTORÍA Y CONSULTORÍA-MECT-M-498/2025-AÑO 2026-CP 760-JM; Liquidada ; $4.122.788,00 
2026;6461;1;26/03/2026;MINEDUCYT-111/2025-BIRF;001667562;LUCIA  PORTILLO CORTEZ;1401;3;7495;9;1;54502;4; $3.767.174,00 ; $-   ; $-   ; $717.583,00 ;CONTRATACION DE 28 PORTADORES CULTURALES PARA DESARROLLAR TALLERES DE IDENTIDAD CULTURAL NÁHUAT, LENCA Y CACAOPERA EN CENTROS EDUCATIVOS-CP 692-AÑO 2026-JM; Liquidada ; $-   
2026;11853;1;18/06/2026;MINEDUCYT-111/2025-BIRF.;001667562;LUCIA  PORTILLO CORTEZ;1401;3;7495;9;1;54599;6; $428.036,00 ; $-   ; $-   ; $-   ;CONTRATACION DE 28 PORTADORES CULTURALES PARA DESARROLLAR TALLERES DE IDENTIDAD CULTURAL NÁHUAT, LENCA Y CACAOPERA EN CENTROS EDUCATIVOS-CP 692-AÑO 2026-JM; Liquidada ; $-   
2026;6460;1;26/03/2026;MINEDUCYT-110/2025-BIRF;001874787;GLORIA DEYSI MEMBREÑO DE HERNANDEZ;1401;3;7495;9;1;54502;4; $135.019,00 ; $-   ; $-   ; $60.946,00 ;CONTRATACION DE 28 PORTADORES CULTURALES PARA DESARROLLAR TALLERES DE IDENTIDAD CULTURAL NÁHUAT, LENCA Y CACAOPERA EN CENTROS EDUCATIVOS-CP 692-AÑO 2026-JM; Liquidada ; $-   
2026;11851;1;18/06/2026;MINEDUCYT-110/2025-BIRF.;001874787;GLORIA DEYSI MEMBREÑO DE HERNANDEZ;1401;3;7495;9;1;54599;6; $621.556,00 ; $-   ; $-   ; $-   ;CONTRATACION DE 28 PORTADORES CULTURALES PARA DESARROLLAR TALLERES DE IDENTIDAD CULTURAL NÁHUAT, LENCA Y CACAOPERA EN CENTROS EDUCATIVOS-CP 692-AÑO 2026-JM; Liquidada ; $-   
2026;1810;4;30/01/2026;MINEDUCYT-52/2024;002016439;JUAN CARLOS ALFARO LINARES;1401;3;7495;9;1;54599;5; $2.913.979,00 ; $2.000,00 ; $-   ; $-   ;Consultoria 4 Especialistas en area mejora de la calidad paera apoyo a la certificacion de estandares estructurales de la calidad Enero a Junio 2026 - CP 739  -JM; Liquidada ; $1.417.854,00 
2026;1810;5;30/01/2026;MINEDUCYT-52/2024;002016439;JUAN CARLOS ALFARO LINARES;1401;3;7495;9;1;54599;6; $3.849.204,00 ; $2.000,00 ; $-   ; $-   ;Consultoria 4 Especialistas en area mejora de la calidad paera apoyo a la certificacion de estandares estructurales de la calidad Enero a Junio 2026 - CP 739  -JM; Liquidada ; $4.381.530,00 
2026;1810;1;30/01/2026;MINEDUCYT-52/2024;002016439;JUAN CARLOS ALFARO LINARES;1401;3;7495;9;1;54599;2; $3.304.792,00 ; $4.000,00 ; $-   ; $-   ;Consultoria 4 Especialistas en area mejora de la calidad paera apoyo a la certificacion de estandares estructurales de la calidad Enero a Junio 2026 - CP 739  -JM; Liquidada ; $640.546,00 
2026;1810;2;30/01/2026;MINEDUCYT-52/2024;002016439;JUAN CARLOS ALFARO LINARES;1401;3;7495;9;1;54599;3; $4.478.821,00 ; $2.000,00 ; $-   ; $-   ;Consultoria 4 Especialistas en area mejora de la calidad paera apoyo a la certificacion de estandares estructurales de la calidad Enero a Junio 2026 - CP 739  -JM; Liquidada ; $3.852.552,00 
2026;1810;3;30/01/2026;MINEDUCYT-52/2024;002016439;JUAN CARLOS ALFARO LINARES;1401;3;7495;9;1;54599;4; $2.639.504,00 ; $2.000,00 ; $-   ; $-   ;Consultoria 4 Especialistas en area mejora de la calidad paera apoyo a la certificacion de estandares estructurales de la calidad Enero a Junio 2026 - CP 739  -JM; Liquidada ; $1.902.803,00 
2026;1812;5;30/01/2026;MINEDUCYT-55/2024 BIRF;002016439;JUAN CARLOS ALFARO LINARES;1401;3;7495;9;1;54599;6; $3.995.574,00 ; $-   ; $-   ; $-   ;Consultoria 4 Especialistas en area mejora de la calidad paera apoyo a la certificacion de estandares estructurales de la calidad Enero a Junio 2026 - CP 740  -JM; Liquidada ; $-   
2026;1812;4;30/01/2026;MINEDUCYT-55/2024 BIRF;002016439;JUAN CARLOS ALFARO LINARES;1401;3;7495;9;1;54599;5; $1.472.248,00 ; $-   ; $-   ; $-   ;Consultoria 4 Especialistas en area mejora de la calidad paera apoyo a la certificacion de estandares estructurales de la calidad Enero a Junio 2026 - CP 740  -JM; Liquidada ; $-   
2026;1812;3;30/01/2026;MINEDUCYT-55/2024 BIRF;002016439;JUAN CARLOS ALFARO LINARES;1401;3;7495;9;1;54599;4; $1.720.945,00 ; $-   ; $-   ; $-   ;Consultoria 4 Especialistas en area mejora de la calidad paera apoyo a la certificacion de estandares estructurales de la calidad Enero a Junio 2026 - CP 740  -JM; Liquidada ; $-   
2026;1812;2;30/01/2026;MINEDUCYT-55/2024 BIRF;002016439;JUAN CARLOS ALFARO LINARES;1401;3;7495;9;1;54599;3; $2.632.624,00 ; $-   ; $-   ; $-   ;Consultoria 4 Especialistas en area mejora de la calidad paera apoyo a la certificacion de estandares estructurales de la calidad Enero a Junio 2026 - CP 740  -JM; Liquidada ; $-   
2026;1812;1;30/01/2026;MINEDUCYT-55/2024 BIRF;002016439;JUAN CARLOS ALFARO LINARES;1401;3;7495;9;1;54599;2; $3.368.223,00 ; $-   ; $-   ; $-   ;Consultoria 4 Especialistas en area mejora de la calidad paera apoyo a la certificacion de estandares estructurales de la calidad Enero a Junio 2026 - CP 740  -JM; Liquidada ; $-   
2026;11979;5;26/06/2026;MINEDUCYT-55/2024 BIRF;002016439;JUAN CARLOS ALFARO LINARES;1401;3;7495;9;1;54599;11; $1.559.947,00 ; $-   ; $-   ; $1.243.681,00 ;Consultoria de 4 especialistas en el area de mejora de la calidad para apoyo a la certificacion de estandares estructurales de la calidad  MECT-M-314/2026- CP 1034- año 2026 -JM-krn; Aprobado ; $-   
2026;11979;4;26/06/2026;MINEDUCYT-55/2024 BIRF;002016439;JUAN CARLOS ALFARO LINARES;1401;3;7495;9;1;54599;10; $174.754,00 ; $-   ; $-   ; $87.070,00 ;Consultoria de 4 especialistas en el area de mejora de la calidad para apoyo a la certificacion de estandares estructurales de la calidad  MECT-M-314/2026- CP 1034- año 2026 -JM-krn; Aprobado ; $-   
2026;11979;3;26/06/2026;MINEDUCYT-55/2024 BIRF;002016439;JUAN CARLOS ALFARO LINARES;1401;3;7495;9;1;54599;9; $1.774.243,00 ; $-   ; $-   ; $877.832,00 ;Consultoria de 4 especialistas en el area de mejora de la calidad para apoyo a la certificacion de estandares estructurales de la calidad  MECT-M-314/2026- CP 1034- año 2026 -JM-krn; Aprobado ; $-   
2026;11979;2;26/06/2026;MINEDUCYT-55/2024 BIRF;002016439;JUAN CARLOS ALFARO LINARES;1401;3;7495;9;1;54599;8; $889.939,00 ; $-   ; $-   ; $59.159,00 ;Consultoria de 4 especialistas en el area de mejora de la calidad para apoyo a la certificacion de estandares estructurales de la calidad  MECT-M-314/2026- CP 1034- año 2026 -JM-krn; Aprobado ; $-   
2026;11979;6;26/06/2026;MINEDUCYT-55/2024 BIRF;002016439;JUAN CARLOS ALFARO LINARES;1401;3;7495;9;1;54599;12; $3.284.272,00 ; $-   ; $-   ; $1.013.866,00 ;Consultoria de 4 especialistas en el area de mejora de la calidad para apoyo a la certificacion de estandares estructurales de la calidad  MECT-M-314/2026- CP 1034- año 2026 -JM-krn; Aprobado ; $-   
2026;11979;1;26/06/2026;MINEDUCYT-55/2024 BIRF;002016439;JUAN CARLOS ALFARO LINARES;1401;3;7495;9;1;54599;7; $4.440.915,00 ; $-   ; $-   ; $505.513,00 ;Consultoria de 4 especialistas en el area de mejora de la calidad para apoyo a la certificacion de estandares estructurales de la calidad  MECT-M-314/2026- CP 1034- año 2026 -JM-krn; Aprobado ; $-   
2026;1762;4;28/01/2026;MINEDUCYT-10/2022-BIRF;002368111;SANDRA PATRICIA RODRIGUEZ DE CASTRO;1401;3;7495;9;1;54599;5; $4.082.875,00 ; $-   ; $-   ; $-   ;CONSULTORÍA DE TÉCNICO EN EDUCACIÓN Y GESTIÓN DE PROYECTOS PARA LA UGP-MECT-356/2025-AÑO 2026-CP 807-JM; Liquidada ; $-   
2026;1762;3;28/01/2026;MINEDUCYT-10/2022-BIRF;002368111;SANDRA PATRICIA RODRIGUEZ DE CASTRO;1401;3;7495;9;1;54599;4; $618.689,00 ; $-   ; $-   ; $-   ;CONSULTORÍA DE TÉCNICO EN EDUCACIÓN Y GESTIÓN DE PROYECTOS PARA LA UGP-MECT-356/2025-AÑO 2026-CP 807-JM; Liquidada ; $-   
2026;1762;2;28/01/2026;MINEDUCYT-10/2022-BIRF;002368111;SANDRA PATRICIA RODRIGUEZ DE CASTRO;1401;3;7495;9;1;54599;3; $607.923,00 ; $-   ; $-   ; $-   ;CONSULTORÍA DE TÉCNICO EN EDUCACIÓN Y GESTIÓN DE PROYECTOS PARA LA UGP-MECT-356/2025-AÑO 2026-CP 807-JM; Liquidada ; $-   
2026;1762;1;28/01/2026;MINEDUCYT-10/2022-BIRF;002368111;SANDRA PATRICIA RODRIGUEZ DE CASTRO;1401;3;7495;9;1;54599;2; $788.532,00 ; $-   ; $-   ; $-   ;CONSULTORÍA DE TÉCNICO EN EDUCACIÓN Y GESTIÓN DE PROYECTOS PARA LA UGP-MECT-356/2025-AÑO 2026-CP 807-JM; Liquidada ; $-   
2026;1762;5;28/01/2026;MINEDUCYT-10/2022-BIRF;002368111;SANDRA PATRICIA RODRIGUEZ DE CASTRO;1401;3;7495;9;1;54599;6; $3.392.554,00 ; $-   ; $-   ; $-   ;CONSULTORÍA DE TÉCNICO EN EDUCACIÓN Y GESTIÓN DE PROYECTOS PARA LA UGP-MECT-356/2025-AÑO 2026-CP 807-JM; Liquidada ; $-   
2026;12041;5;03/07/2026;MINEDUCYT-10/2022 BIRF;002368111;SANDRA PATRICIA RODRIGUEZ DE CASTRO;1401;3;7495;9;1;54599;11; $3.964.791,00 ; $-   ; $-   ; $3.115.103,00 ;CONSULTORIA TECNICO EN EDUCACION Y GESTION DE PROYECTOS PARA UGP -  1017, JM-krn; Aprobado ; $-   
2026;12041;4;03/07/2026;MINEDUCYT-10/2022 BIRF;002368111;SANDRA PATRICIA RODRIGUEZ DE CASTRO;1401;3;7495;9;1;54599;10; $933.616,00 ; $-   ; $-   ; $922.437,00 ;CONSULTORIA TECNICO EN EDUCACION Y GESTION DE PROYECTOS PARA UGP -  1017, JM-krn; Aprobado ; $-   
2026;12041;3;03/07/2026;MINEDUCYT-10/2022 BIRF;002368111;SANDRA PATRICIA RODRIGUEZ DE CASTRO;1401;3;7495;9;1;54599;9; $2.352.485,00 ; $-   ; $-   ; $1.668.314,00 ;CONSULTORIA TECNICO EN EDUCACION Y GESTION DE PROYECTOS PARA UGP -  1017, JM-krn; Aprobado ; $-   
2026;12041;2;03/07/2026;MINEDUCYT-10/2022 BIRF;002368111;SANDRA PATRICIA RODRIGUEZ DE CASTRO;1401;3;7495;9;1;54599;8; $1.730.066,00 ; $-   ; $-   ; $838.356,00 ;CONSULTORIA TECNICO EN EDUCACION Y GESTION DE PROYECTOS PARA UGP -  1017, JM-krn; Aprobado ; $-   
2026;12041;1;03/07/2026;MINEDUCYT-10/2022 BIRF;002368111;SANDRA PATRICIA RODRIGUEZ DE CASTRO;1401;3;7495;9;1;54599;7; $4.629.608,00 ; $-   ; $-   ; $4.161.521,00 ;CONSULTORIA TECNICO EN EDUCACION Y GESTION DE PROYECTOS PARA UGP -  1017, JM-krn; Aprobado ; $-   
2026;12041;6;03/07/2026;MINEDUCYT-10/2022 BIRF;002368111;SANDRA PATRICIA RODRIGUEZ DE CASTRO;1401;3;7495;9;1;54599;12; $3.813.528,00 ; $-   ; $-   ; $3.554.959,00 ;CONSULTORIA TECNICO EN EDUCACION Y GESTION DE PROYECTOS PARA UGP -  1017, JM-krn; Aprobado ; $-   
2026;1889;4;03/02/2026;MINEDUCYT-60/2024 BIRF;002476215;RICARDO ERNESTO ALVARADO MELENDEZ;1401;3;7495;9;1;54599;5; $468.836,00 ; $-   ; $-   ; $-   ;Contratacion 3 Administradores de Contrato para Unidad de Infraestructura Educativa del MOPT  Enero a Junio 2026 - CP 822 -JM; Liquidada ; $-   
2026;1889;3;03/02/2026;MINEDUCYT-60/2024 BIRF;002476215;RICARDO ERNESTO ALVARADO MELENDEZ;1401;3;7495;9;1;54599;4; $2.384.052,00 ; $-   ; $-   ; $-   ;Contratacion 3 Administradores de Contrato para Unidad de Infraestructura Educativa del MOPT  Enero a Junio 2026 - CP 822 -JM; Liquidada ; $-   
2026;1889;2;03/02/2026;MINEDUCYT-60/2024 BIRF;002476215;RICARDO ERNESTO ALVARADO MELENDEZ;1401;3;7495;9;1;54599;3; $1.222.314,00 ; $-   ; $-   ; $-   ;Contratacion 3 Administradores de Contrato para Unidad de Infraestructura Educativa del MOPT  Enero a Junio 2026 - CP 822 -JM; Liquidada ; $-   
2026;1889;1;03/02/2026;MINEDUCYT-60/2024 BIRF;002476215;RICARDO ERNESTO ALVARADO MELENDEZ;1401;3;7495;9;1;54599;2; $4.882.333,00 ; $-   ; $-   ; $-   ;Contratacion 3 Administradores de Contrato para Unidad de Infraestructura Educativa del MOPT  Enero a Junio 2026 - CP 822 -JM; Liquidada ; $-   
2026;1889;5;03/02/2026;MINEDUCYT-60/2024 BIRF;002476215;RICARDO ERNESTO ALVARADO MELENDEZ;1401;3;7495;9;1;54599;6; $4.562.993,00 ; $-   ; $-   ; $-   ;Contratacion 3 Administradores de Contrato para Unidad de Infraestructura Educativa del MOPT  Enero a Junio 2026 - CP 822 -JM; Liquidada ; $-   
2026;11983;5;26/06/2026;MINEDUCYT-60/2024 BIRF;002476215;RICARDO ERNESTO ALVARADO MELENDEZ;1401;3;7495;9;1;54599;11; $1.399.322,00 ; $-   ; $-   ; $953.631,00 ;Consultoria de 3 Administradores de contrato para la unidad de infraestructura educativa del MOPT - MECT-M-327/2026- CP 1075- año 2026 -JM-krn; Aprobado ; $-   
2026;11983;4;26/06/2026;MINEDUCYT-60/2024 BIRF;002476215;RICARDO ERNESTO ALVARADO MELENDEZ;1401;3;7495;9;1;54599;10; $4.018.524,00 ; $-   ; $-   ; $3.476.522,00 ;Consultoria de 3 Administradores de contrato para la unidad de infraestructura educativa del MOPT - MECT-M-327/2026- CP 1075- año 2026 -JM-krn; Aprobado ; $-   
2026;11983;3;26/06/2026;MINEDUCYT-60/2024 BIRF;002476215;RICARDO ERNESTO ALVARADO MELENDEZ;1401;3;7495;9;1;54599;9; $3.574.185,00 ; $-   ; $-   ; $576.514,00 ;Consultoria de 3 Administradores de contrato para la unidad de infraestructura educativa del MOPT - MECT-M-327/2026- CP 1075- año 2026 -JM-krn; Aprobado ; $-   
2026;11983;2;26/06/2026;MINEDUCYT-60/2024 BIRF;002476215;RICARDO ERNESTO ALVARADO MELENDEZ;1401;3;7495;9;1;54599;8; $2.004.789,00 ; $-   ; $-   ; $729.959,00 ;Consultoria de 3 Administradores de contrato para la unidad de infraestructura educativa del MOPT - MECT-M-327/2026- CP 1075- año 2026 -JM-krn; Aprobado ; $-   
2026;11983;1;26/06/2026;MINEDUCYT-60/2024 BIRF;002476215;RICARDO ERNESTO ALVARADO MELENDEZ;1401;3;7495;9;1;54599;7; $3.047.871,00 ; $-   ; $-   ; $2.244.069,00 ;Consultoria de 3 Administradores de contrato para la unidad de infraestructura educativa del MOPT - MECT-M-327/2026- CP 1075- año 2026 -JM-krn; Aprobado ; $-   
2026;11983;6;26/06/2026;MINEDUCYT-60/2024 BIRF;002476215;RICARDO ERNESTO ALVARADO MELENDEZ;1401;3;7495;9;1;54599;12; $4.614.868,00 ; $-   ; $-   ; $1.086.731,00 ;Consultoria de 3 Administradores de contrato para la unidad de infraestructura educativa del MOPT - MECT-M-327/2026- CP 1075- año 2026 -JM-krn; Aprobado ; $-   
2026;1763;1;28/01/2026;MINEDUCYT-12/2022 BIRF;002605717;INGRID SAYANET MARTINEZ MAGAÑA;1401;3;7495;9;1;54599;2; $4.901.715,00 ; $-   ; $-   ; $-   ;Consultoria Tecnico en Adquisiciones para Unidad Gestora de Proyectos UGP de enero a junio 2026, certf - 806 - krn; Liquidada ; $-   
2026;1763;2;28/01/2026;MINEDUCYT-12/2022 BIRF;002605717;INGRID SAYANET MARTINEZ MAGAÑA;1401;3;7495;9;1;54599;3; $1.995.448,00 ; $-   ; $-   ; $-   ;Consultoria Tecnico en Adquisiciones para Unidad Gestora de Proyectos UGP de enero a junio 2026, certf - 806 - krn; Liquidada ; $-   
2026;1763;3;28/01/2026;MINEDUCYT-12/2022 BIRF;002605717;INGRID SAYANET MARTINEZ MAGAÑA;1401;3;7495;9;1;54599;4; $1.523.831,00 ; $-   ; $-   ; $-   ;Consultoria Tecnico en Adquisiciones para Unidad Gestora de Proyectos UGP de enero a junio 2026, certf - 806 - krn; Liquidada ; $-   
2026;1763;4;28/01/2026;MINEDUCYT-12/2022 BIRF;002605717;INGRID SAYANET MARTINEZ MAGAÑA;1401;3;7495;9;1;54599;5; $1.656.084,00 ; $-   ; $-   ; $-   ;Consultoria Tecnico en Adquisiciones para Unidad Gestora de Proyectos UGP de enero a junio 2026, certf - 806 - krn; Liquidada ; $-   
2026;1763;5;28/01/2026;MINEDUCYT-12/2022 BIRF;002605717;INGRID SAYANET MARTINEZ MAGAÑA;1401;3;7495;9;1;54599;6; $3.278.052,00 ; $-   ; $-   ; $-   ;Consultoria Tecnico en Adquisiciones para Unidad Gestora de Proyectos UGP de enero a junio 2026, certf - 806 - krn; Liquidada ; $-   
2026;12044;2;03/07/2026;MINEDUCYT-12/2022 BIRF.;002605717;INGRID SAYANET MARTINEZ MAGAÑA;1401;3;7495;9;1;54599;8; $1.229.287,00 ; $-   ; $-   ; $945.476,00 ;Consultoria Tecnico en Adquisiciones para Unidad Gestora de Proyectos UGP de jul a dic 2026, certf - 1023 - JM; Aprobado ; $-   
2026;12044;3;03/07/2026;MINEDUCYT-12/2022 BIRF.;002605717;INGRID SAYANET MARTINEZ MAGAÑA;1401;3;7495;9;1;54599;9; $3.794.529,00 ; $-   ; $-   ; $305.250,00 ;Consultoria Tecnico en Adquisiciones para Unidad Gestora de Proyectos UGP de jul a dic 2026, certf - 1023 - JM; Aprobado ; $-   
2026;12044;4;03/07/2026;MINEDUCYT-12/2022 BIRF.;002605717;INGRID SAYANET MARTINEZ MAGAÑA;1401;3;7495;9;1;54599;10; $994.645,00 ; $-   ; $-   ; $281.058,00 ;Consultoria Tecnico en Adquisiciones para Unidad Gestora de Proyectos UGP de jul a dic 2026, certf - 1023 - JM; Aprobado ; $-   
2026;12044;5;03/07/2026;MINEDUCYT-12/2022 BIRF.;002605717;INGRID SAYANET MARTINEZ MAGAÑA;1401;3;7495;9;1;54599;11; $3.243.102,00 ; $-   ; $-   ; $575.689,00 ;Consultoria Tecnico en Adquisiciones para Unidad Gestora de Proyectos UGP de jul a dic 2026, certf - 1023 - JM; Aprobado ; $-   
2026;12044;1;03/07/2026;MINEDUCYT-12/2022 BIRF.;002605717;INGRID SAYANET MARTINEZ MAGAÑA;1401;3;7495;9;1;54599;7; $4.672.424,00 ; $-   ; $-   ; $1.994.521,00 ;Consultoria Tecnico en Adquisiciones para Unidad Gestora de Proyectos UGP de jul a dic 2026, certf - 1023 - JM; Aprobado ; $-   
2026;12044;6;03/07/2026;MINEDUCYT-12/2022 BIRF.;002605717;INGRID SAYANET MARTINEZ MAGAÑA;1401;3;7495;9;1;54599;12; $3.364.803,00 ; $-   ; $-   ; $795.764,00 ;Consultoria Tecnico en Adquisiciones para Unidad Gestora de Proyectos UGP de jul a dic 2026, certf - 1023 - JM; Aprobado ; $-   
2026;1772;4;28/01/2026;MINEDUCYT-41/2025 BIRF;002631409;RAFAEL ALBERTO SALAZAR RIVERA;1401;3;7495;9;1;54599;5; $2.010.012,00 ; $-   ; $-   ; $-   ;Contratacion 1 Portador Cultural para Atencion de nido inmersion Linguistica e Identidad para niños  y niñas 4-7 años en Cuisnahuat, de enero a junio 2026, certf - 753 - krn; Liquidada ; $-   
2026;1772;5;28/01/2026;MINEDUCYT-41/2025 BIRF;002631409;RAFAEL ALBERTO SALAZAR RIVERA;1401;3;7495;9;1;54599;6; $3.972.417,00 ; $-   ; $-   ; $-   ;Contratacion 1 Portador Cultural para Atencion de nido inmersion Linguistica e Identidad para niños  y niñas 4-7 años en Cuisnahuat, de enero a junio 2026, certf - 753 - krn; Liquidada ; $-   
2026;1772;3;28/01/2026;MINEDUCYT-41/2025 BIRF;002631409;RAFAEL ALBERTO SALAZAR RIVERA;1401;3;7495;9;1;54599;4; $1.623.515,00 ; $-   ; $-   ; $-   ;Contratacion 1 Portador Cultural para Atencion de nido inmersion Linguistica e Identidad para niños  y niñas 4-7 años en Cuisnahuat, de enero a junio 2026, certf - 753 - krn; Liquidada ; $-   
2026;1772;2;28/01/2026;MINEDUCYT-41/2025 BIRF;002631409;RAFAEL ALBERTO SALAZAR RIVERA;1401;3;7495;9;1;54599;3; $4.271.880,00 ; $-   ; $-   ; $-   ;Contratacion 1 Portador Cultural para Atencion de nido inmersion Linguistica e Identidad para niños  y niñas 4-7 años en Cuisnahuat, de enero a junio 2026, certf - 753 - krn; Liquidada ; $-   
2026;1772;1;28/01/2026;MINEDUCYT-41/2025 BIRF;002631409;RAFAEL ALBERTO SALAZAR RIVERA;1401;3;7495;9;1;54599;2; $999.572,00 ; $-   ; $-   ; $-   ;Contratacion 1 Portador Cultural para Atencion de nido inmersion Linguistica e Identidad para niños  y niñas 4-7 años en Cuisnahuat, de enero a junio 2026, certf - 753 - krn; Liquidada ; $-   
2026;11923;1;24/06/2026;MINEDUCYT-41/2025 BIRF;002631409;RAFAEL ALBERTO SALAZAR RIVERA;1401;3;7495;9;1;54599;7; $4.933.614,00 ; $-   ; $-   ; $2.945.321,00 ;Contratación de 1 portador cultural para atencion de nido de inmmersion linguistica e identitaria para niños y niñas de 4-7 años de Cuisnahuat CP 1087 -AÑO 2026- JM-krn; Aprobado ; $-   
2026;11923;2;24/06/2026;MINEDUCYT-41/2025 BIRF;002631409;RAFAEL ALBERTO SALAZAR RIVERA;1401;3;7495;9;1;54599;8; $185.217,00 ; $-   ; $-   ; $37.286,00 ;Contratación de 1 portador cultural para atencion de nido de inmmersion linguistica e identitaria para niños y niñas de 4-7 años de Cuisnahuat CP 1087 -AÑO 2026- JM-krn; Aprobado ; $-   
2026;11923;3;24/06/2026;MINEDUCYT-41/2025 BIRF;002631409;RAFAEL ALBERTO SALAZAR RIVERA;1401;3;7495;9;1;54599;9; $1.210.425,00 ; $-   ; $-   ; $968.060,00 ;Contratación de 1 portador cultural para atencion de nido de inmmersion linguistica e identitaria para niños y niñas de 4-7 años de Cuisnahuat CP 1087 -AÑO 2026- JM-krn; Aprobado ; $-   
2026;11923;4;24/06/2026;MINEDUCYT-41/2025 BIRF;002631409;RAFAEL ALBERTO SALAZAR RIVERA;1401;3;7495;9;1;54599;10; $612.628,00 ; $-   ; $-   ; $38.701,00 ;Contratación de 1 portador cultural para atencion de nido de inmmersion linguistica e identitaria para niños y niñas de 4-7 años de Cuisnahuat CP 1087 -AÑO 2026- JM-krn; Aprobado ; $-   
2026;11923;5;24/06/2026;MINEDUCYT-41/2025 BIRF;002631409;RAFAEL ALBERTO SALAZAR RIVERA;1401;3;7495;9;1;54599;11; $4.421.833,00 ; $-   ; $-   ; $3.221.471,00 ;Contratación de 1 portador cultural para atencion de nido de inmmersion linguistica e identitaria para niños y niñas de 4-7 años de Cuisnahuat CP 1087 -AÑO 2026- JM-krn; Aprobado ; $-   
2026;11923;6;24/06/2026;MINEDUCYT-41/2025 BIRF;002631409;RAFAEL ALBERTO SALAZAR RIVERA;1401;3;7495;9;1;54599;12; $4.211.569,00 ; $-   ; $-   ; $941.724,00 ;Contratación de 1 portador cultural para atencion de nido de inmmersion linguistica e identitaria para niños y niñas de 4-7 años de Cuisnahuat CP 1087 -AÑO 2026- JM-krn; Aprobado ; $-   
2026;1761;5;28/01/2026;MINEDUCYT-46/2024-BIRF;002639538;MARIA IVETT SARAVIA DE CASTILLO;1401;3;7495;9;1;54599;6; $1.690.149,00 ; $-   ; $-   ; $-   ;CONTRATACIÓN DE CONSULTORÍA INDIVIDUAL DE REFERENTE TERRITORIAL  2 DE PRIMERA INFANCIA PARA  ASESORAR LA ORGANIZACIÓN Y FUNCIONAMIENTO DE NIDOS DE INMERSIÓN LINGÜÍSTICA E IDENTITARIA PARA NIÑOS Y NIÑAS DE 4 7 AÑOS-AÑO 2026-CDP 734-JM; Liquidada ; $-   
2026;1761;4;28/01/2026;MINEDUCYT-46/2024-BIRF;002639538;MARIA IVETT SARAVIA DE CASTILLO;1401;3;7495;9;1;54599;5; $4.813.534,00 ; $-   ; $-   ; $-   ;CONTRATACIÓN DE CONSULTORÍA INDIVIDUAL DE REFERENTE TERRITORIAL  2 DE PRIMERA INFANCIA PARA  ASESORAR LA ORGANIZACIÓN Y FUNCIONAMIENTO DE NIDOS DE INMERSIÓN LINGÜÍSTICA E IDENTITARIA PARA NIÑOS Y NIÑAS DE 4 7 AÑOS-AÑO 2026-CDP 734-JM; Liquidada ; $-   
2026;1761;1;28/01/2026;MINEDUCYT-46/2024-BIRF;002639538;MARIA IVETT SARAVIA DE CASTILLO;1401;3;7495;9;1;54599;2; $4.426.781,00 ; $-   ; $-   ; $-   ;CONTRATACIÓN DE CONSULTORÍA INDIVIDUAL DE REFERENTE TERRITORIAL  2 DE PRIMERA INFANCIA PARA  ASESORAR LA ORGANIZACIÓN Y FUNCIONAMIENTO DE NIDOS DE INMERSIÓN LINGÜÍSTICA E IDENTITARIA PARA NIÑOS Y NIÑAS DE 4 7 AÑOS-AÑO 2026-CDP 734-JM; Liquidada ; $-   
2026;1761;2;28/01/2026;MINEDUCYT-46/2024-BIRF;002639538;MARIA IVETT SARAVIA DE CASTILLO;1401;3;7495;9;1;54599;3; $4.121.351,00 ; $-   ; $-   ; $-   ;CONTRATACIÓN DE CONSULTORÍA INDIVIDUAL DE REFERENTE TERRITORIAL  2 DE PRIMERA INFANCIA PARA  ASESORAR LA ORGANIZACIÓN Y FUNCIONAMIENTO DE NIDOS DE INMERSIÓN LINGÜÍSTICA E IDENTITARIA PARA NIÑOS Y NIÑAS DE 4 7 AÑOS-AÑO 2026-CDP 734-JM; Liquidada ; $-   
2026;1761;3;28/01/2026;MINEDUCYT-46/2024-BIRF;002639538;MARIA IVETT SARAVIA DE CASTILLO;1401;3;7495;9;1;54599;4; $4.615.575,00 ; $-   ; $-   ; $-   ;CONTRATACIÓN DE CONSULTORÍA INDIVIDUAL DE REFERENTE TERRITORIAL  2 DE PRIMERA INFANCIA PARA  ASESORAR LA ORGANIZACIÓN Y FUNCIONAMIENTO DE NIDOS DE INMERSIÓN LINGÜÍSTICA E IDENTITARIA PARA NIÑOS Y NIÑAS DE 4 7 AÑOS-AÑO 2026-CDP 734-JM; Liquidada ; $-   
2026;12011;1;30/06/2026;MINEDUCYT-46/2024-BIRF;002639538;MARIA IVETT SARAVIA DE CASTILLO;1401;3;7495;9;1;54599;7; $2.206.814,00 ; $-   ; $-   ; $1.064.377,00 ;CONTRATACIÓN DE CONSULTORÍA INDIVIDUAL DE REFERENTE TERRITORIAL  2 DE PRIMERA INFANCIA PARA  ASESORAR LA ORGANIZACIÓN Y FUNCIONAMIENTO DE NIDOS DE INMERSIÓN LINGÜÍSTICA E IDENTITARIA PARA NIÑOS Y NIÑAS DE 4 7 AÑOS-AÑO 2026-CDP 1059-JM; Aprobado ; $-   
2026;12011;6;30/06/2026;MINEDUCYT-46/2024-BIRF;002639538;MARIA IVETT SARAVIA DE CASTILLO;1401;3;7495;9;1;54599;12; $3.629.995,00 ; $-   ; $-   ; $1.876.557,00 ;CONTRATACIÓN DE CONSULTORÍA INDIVIDUAL DE REFERENTE TERRITORIAL  2 DE PRIMERA INFANCIA PARA  ASESORAR LA ORGANIZACIÓN Y FUNCIONAMIENTO DE NIDOS DE INMERSIÓN LINGÜÍSTICA E IDENTITARIA PARA NIÑOS Y NIÑAS DE 4 7 AÑOS-AÑO 2026-CDP 1059-JM; Aprobado ; $-   
2026;12011;4;30/06/2026;MINEDUCYT-46/2024-BIRF;002639538;MARIA IVETT SARAVIA DE CASTILLO;1401;3;7495;9;1;54599;10; $219.250,00 ; $-   ; $-   ; $189.996,00 ;CONTRATACIÓN DE CONSULTORÍA INDIVIDUAL DE REFERENTE TERRITORIAL  2 DE PRIMERA INFANCIA PARA  ASESORAR LA ORGANIZACIÓN Y FUNCIONAMIENTO DE NIDOS DE INMERSIÓN LINGÜÍSTICA E IDENTITARIA PARA NIÑOS Y NIÑAS DE 4 7 AÑOS-AÑO 2026-CDP 1059-JM; Aprobado ; $-   
2026;12011;3;30/06/2026;MINEDUCYT-46/2024-BIRF;002639538;MARIA IVETT SARAVIA DE CASTILLO;1401;3;7495;9;1;54599;9; $2.519.201,00 ; $-   ; $-   ; $1.915.370,00 ;CONTRATACIÓN DE CONSULTORÍA INDIVIDUAL DE REFERENTE TERRITORIAL  2 DE PRIMERA INFANCIA PARA  ASESORAR LA ORGANIZACIÓN Y FUNCIONAMIENTO DE NIDOS DE INMERSIÓN LINGÜÍSTICA E IDENTITARIA PARA NIÑOS Y NIÑAS DE 4 7 AÑOS-AÑO 2026-CDP 1059-JM; Aprobado ; $-   
2026;12011;2;30/06/2026;MINEDUCYT-46/2024-BIRF;002639538;MARIA IVETT SARAVIA DE CASTILLO;1401;3;7495;9;1;54599;8; $1.302.309,00 ; $-   ; $-   ; $366.094,00 ;CONTRATACIÓN DE CONSULTORÍA INDIVIDUAL DE REFERENTE TERRITORIAL  2 DE PRIMERA INFANCIA PARA  ASESORAR LA ORGANIZACIÓN Y FUNCIONAMIENTO DE NIDOS DE INMERSIÓN LINGÜÍSTICA E IDENTITARIA PARA NIÑOS Y NIÑAS DE 4 7 AÑOS-AÑO 2026-CDP 1059-JM; Aprobado ; $-   
2026;12011;5;30/06/2026;MINEDUCYT-46/2024-BIRF;002639538;MARIA IVETT SARAVIA DE CASTILLO;1401;3;7495;9;1;54599;11; $1.543.462,00 ; $-   ; $-   ; $1.429.532,00 ;CONTRATACIÓN DE CONSULTORÍA INDIVIDUAL DE REFERENTE TERRITORIAL  2 DE PRIMERA INFANCIA PARA  ASESORAR LA ORGANIZACIÓN Y FUNCIONAMIENTO DE NIDOS DE INMERSIÓN LINGÜÍSTICA E IDENTITARIA PARA NIÑOS Y NIÑAS DE 4 7 AÑOS-AÑO 2026-CDP 1059-JM; Aprobado ; $-   
2026;6427;1;26/03/2026;MINEDUCYT-93/2025-BIRF;003213806;MATILDE ANTONIA RAMIREZ VDA. DE PEREZ;1401;3;7495;9;1;54502;4; $3.947.670,00 ; $1.125,00 ; $-   ; $-   ;CONTRATACION DE 28 PORTADORES CULTURALES PARA DESARROLLAR TALLERES DE IDENTIDAD CULTURAL NÁHUAT, LENCA Y CACAOPERA EN CENTROS EDUCATIVOS-CP 692-AÑO 2026-JM; Liquidada ; $4.147.045,00 
2026;11827;1;16/06/2026;MINEDUCYT-93/2025-BIRF.;003213806;MATILDE ANTONIA RAMIREZ VDA. DE PEREZ;1401;3;7495;9;1;54599;6; $742.398,00 ; $-   ; $-   ; $-   ;CONTRATACION DE 28 PORTADORES CULTURALES PARA DESARROLLAR TALLERES DE IDENTIDAD CULTURAL NÁHUAT, LENCA Y CACAOPERA EN CENTROS EDUCATIVOS-CP 692-AÑO 2026-JM.; Liquidada ; $-   
2026;1755;5;28/01/2026;MINEDUCYT-63/2023-BIRF;003241972;WALTER ALEXANDER PEREZ CRUZ;1401;3;7495;9;1;54599;6; $1.412.485,00 ; $-   ; $-   ; $-   ;CONTRATACIÓN DE 3 TÉCNICOS CON ESPECIALIDAD EN GESTIÓN SOCIAL PARA LOS PROYECTOS DE INVERSIÓN-MECT-M-357/2025-AÑO 2026-CP 816-JM ; Liquidada ; $-   
2026;1755;1;28/01/2026;MINEDUCYT-63/2023-BIRF;003241972;WALTER ALEXANDER PEREZ CRUZ;1401;3;7495;9;1;54599;2; $2.142.435,00 ; $-   ; $-   ; $-   ;CONTRATACIÓN DE 3 TÉCNICOS CON ESPECIALIDAD EN GESTIÓN SOCIAL PARA LOS PROYECTOS DE INVERSIÓN-MECT-M-357/2025-AÑO 2026-CP 816-JM ; Liquidada ; $-   
2026;1755;2;28/01/2026;MINEDUCYT-63/2023-BIRF;003241972;WALTER ALEXANDER PEREZ CRUZ;1401;3;7495;9;1;54599;3; $3.490.341,00 ; $-   ; $-   ; $-   ;CONTRATACIÓN DE 3 TÉCNICOS CON ESPECIALIDAD EN GESTIÓN SOCIAL PARA LOS PROYECTOS DE INVERSIÓN-MECT-M-357/2025-AÑO 2026-CP 816-JM ; Liquidada ; $-   
2026;1755;3;28/01/2026;MINEDUCYT-63/2023-BIRF;003241972;WALTER ALEXANDER PEREZ CRUZ;1401;3;7495;9;1;54599;4; $1.313.625,00 ; $-   ; $-   ; $-   ;CONTRATACIÓN DE 3 TÉCNICOS CON ESPECIALIDAD EN GESTIÓN SOCIAL PARA LOS PROYECTOS DE INVERSIÓN-MECT-M-357/2025-AÑO 2026-CP 816-JM ; Liquidada ; $-   
2026;1755;4;28/01/2026;MINEDUCYT-63/2023-BIRF;003241972;WALTER ALEXANDER PEREZ CRUZ;1401;3;7495;9;1;54599;5; $3.987.174,00 ; $-   ; $-   ; $-   ;CONTRATACIÓN DE 3 TÉCNICOS CON ESPECIALIDAD EN GESTIÓN SOCIAL PARA LOS PROYECTOS DE INVERSIÓN-MECT-M-357/2025-AÑO 2026-CP 816-JM ; Liquidada ; $-   
2026;13597;1;16/07/2026;MINEDUCYT-63/2023-BIRF;003241972;WALTER ALEXANDER PEREZ CRUZ;1401;3;7495;9;1;54599;7; $4.457.695,00 ; $-   ; $-   ; $2.771.140,00 ;CONTRATACIÓN DE 3 TÉCNICOS CON ESPECIALIDAD EN GESTIÓN SOCIAL PARA LOS PROYECTOS DE INVERSIÓN-MECT-M-318/2026-AÑO 2026-CP 1067-JM ; Aprobado ; $-   
2026;13597;2;16/07/2026;MINEDUCYT-63/2023-BIRF;003241972;WALTER ALEXANDER PEREZ CRUZ;1401;3;7495;9;1;54599;8; $1.297.321,00 ; $-   ; $-   ; $735.447,00 ;CONTRATACIÓN DE 3 TÉCNICOS CON ESPECIALIDAD EN GESTIÓN SOCIAL PARA LOS PROYECTOS DE INVERSIÓN-MECT-M-318/2026-AÑO 2026-CP 1067-JM ; Aprobado ; $-   
2026;13597;6;16/07/2026;MINEDUCYT-63/2023-BIRF;003241972;WALTER ALEXANDER PEREZ CRUZ;1401;3;7495;9;1;54599;12; $2.827.470,00 ; $-   ; $-   ; $1.056.064,00 ;CONTRATACIÓN DE 3 TÉCNICOS CON ESPECIALIDAD EN GESTIÓN SOCIAL PARA LOS PROYECTOS DE INVERSIÓN-MECT-M-318/2026-AÑO 2026-CP 1067-JM ; Aprobado ; $-   
2026;13597;5;16/07/2026;MINEDUCYT-63/2023-BIRF;003241972;WALTER ALEXANDER PEREZ CRUZ;1401;3;7495;9;1;54599;11; $4.861.258,00 ; $-   ; $-   ; $1.165.585,00 ;CONTRATACIÓN DE 3 TÉCNICOS CON ESPECIALIDAD EN GESTIÓN SOCIAL PARA LOS PROYECTOS DE INVERSIÓN-MECT-M-318/2026-AÑO 2026-CP 1067-JM ; Aprobado ; $-   
2026;13597;4;16/07/2026;MINEDUCYT-63/2023-BIRF;003241972;WALTER ALEXANDER PEREZ CRUZ;1401;3;7495;9;1;54599;10; $4.421.126,00 ; $-   ; $-   ; $2.809.751,00 ;CONTRATACIÓN DE 3 TÉCNICOS CON ESPECIALIDAD EN GESTIÓN SOCIAL PARA LOS PROYECTOS DE INVERSIÓN-MECT-M-318/2026-AÑO 2026-CP 1067-JM ; Aprobado ; $-   
2026;13597;3;16/07/2026;MINEDUCYT-63/2023-BIRF;003241972;WALTER ALEXANDER PEREZ CRUZ;1401;3;7495;9;1;54599;9; $4.172.143,00 ; $-   ; $-   ; $1.334.950,00 ;CONTRATACIÓN DE 3 TÉCNICOS CON ESPECIALIDAD EN GESTIÓN SOCIAL PARA LOS PROYECTOS DE INVERSIÓN-MECT-M-318/2026-AÑO 2026-CP 1067-JM ; Aprobado ; $-   
2026;1800;4;29/01/2026;MINEDUCYT-35/2024;003917882;ANA CECILIA MAYORGA MIRANDA;1401;3;7495;9;1;54599;5; $4.841.150,00 ; $-   ; $-   ; $-   ;Contratación Agente de Verificador Independiente en el marco del convenio con el ILP para legalizacion de inmuebles de los centros educativos oficales CEO de Enero a Junio 2026 - CP 781 -JM; Parcialmente Liquidada ; $-   
2026;1800;5;29/01/2026;MINEDUCYT-35/2024;003917882;ANA CECILIA MAYORGA MIRANDA;1401;3;7495;9;1;54599;6; $226.744,00 ; $-   ; $-   ; $106.042,00 ;Contratación Agente de Verificador Independiente en el marco del convenio con el ILP para legalizacion de inmuebles de los centros educativos oficales CEO de Enero a Junio 2026 - CP 781 -JM; Parcialmente Liquidada ; $-   
2026;1800;3;29/01/2026;MINEDUCYT-35/2024;003917882;ANA CECILIA MAYORGA MIRANDA;1401;3;7495;9;1;54599;4; $663.701,00 ; $-   ; $-   ; $-   ;Contratación Agente de Verificador Independiente en el marco del convenio con el ILP para legalizacion de inmuebles de los centros educativos oficales CEO de Enero a Junio 2026 - CP 781 -JM; Parcialmente Liquidada ; $-   
2026;1800;2;29/01/2026;MINEDUCYT-35/2024;003917882;ANA CECILIA MAYORGA MIRANDA;1401;3;7495;9;1;54599;3; $4.806.435,00 ; $-   ; $-   ; $-   ;Contratación Agente de Verificador Independiente en el marco del convenio con el ILP para legalizacion de inmuebles de los centros educativos oficales CEO de Enero a Junio 2026 - CP 781 -JM; Parcialmente Liquidada ; $-   
2026;1800;1;29/01/2026;MINEDUCYT-35/2024;003917882;ANA CECILIA MAYORGA MIRANDA;1401;3;7495;9;1;54599;2; $3.190.031,00 ; $-   ; $-   ; $-   ;Contratación Agente de Verificador Independiente en el marco del convenio con el ILP para legalizacion de inmuebles de los centros educativos oficales CEO de Enero a Junio 2026 - CP 781 -JM; Parcialmente Liquidada ; $-   
2026;12000;1;29/06/2026;MINEDUCYT-35/2024;003917882;ANA CECILIA MAYORGA MIRANDA;1401;3;7495;9;1;54599;7; $3.050.719,00 ; $-   ; $-   ; $2.961.752,00 ;Contratación Agente de Verificador Independiente en el marco del convenio con el ILP para legalizacion de inmuebles de los centros educativos oficales CEO de Jul a Dic 2026- CP 1056 -JM; Aprobado ; $-   
2026;12000;2;29/06/2026;MINEDUCYT-35/2024;003917882;ANA CECILIA MAYORGA MIRANDA;1401;3;7495;9;1;54599;8; $1.052.786,00 ; $-   ; $-   ; $471.983,00 ;Contratación Agente de Verificador Independiente en el marco del convenio con el ILP para legalizacion de inmuebles de los centros educativos oficales CEO de Jul a Dic 2026- CP 1056 -JM; Aprobado ; $-   
2026;12000;3;29/06/2026;MINEDUCYT-35/2024;003917882;ANA CECILIA MAYORGA MIRANDA;1401;3;7495;9;1;54599;9; $3.522.312,00 ; $-   ; $-   ; $2.304.623,00 ;Contratación Agente de Verificador Independiente en el marco del convenio con el ILP para legalizacion de inmuebles de los centros educativos oficales CEO de Jul a Dic 2026- CP 1056 -JM; Aprobado ; $-   
2026;12000;4;29/06/2026;MINEDUCYT-35/2024;003917882;ANA CECILIA MAYORGA MIRANDA;1401;3;7495;9;1;54599;10; $1.033.340,00 ; $-   ; $-   ; $755.678,00 ;Contratación Agente de Verificador Independiente en el marco del convenio con el ILP para legalizacion de inmuebles de los centros educativos oficales CEO de Jul a Dic 2026- CP 1056 -JM; Aprobado ; $-   
2026;12000;5;29/06/2026;MINEDUCYT-35/2024;003917882;ANA CECILIA MAYORGA MIRANDA;1401;3;7495;9;1;54599;11; $4.218.087,00 ; $-   ; $-   ; $4.203.873,00 ;Contratación Agente de Verificador Independiente en el marco del convenio con el ILP para legalizacion de inmuebles de los centros educativos oficales CEO de Jul a Dic 2026- CP 1056 -JM; Aprobado ; $-   
2026;12000;6;29/06/2026;MINEDUCYT-35/2024;003917882;ANA CECILIA MAYORGA MIRANDA;1401;3;7495;9;1;54599;12; $1.964.455,00 ; $-   ; $-   ; $705.245,00 ;Contratación Agente de Verificador Independiente en el marco del convenio con el ILP para legalizacion de inmuebles de los centros educativos oficales CEO de Jul a Dic 2026- CP 1056 -JM; Aprobado ; $-   
2026;6434;1;26/03/2026;MINEDUCYT-97/2025-BIRF;004352491;JOSEFA EVELIA CASTILLO GONZALEZ;1401;3;7495;9;1;54502;4; $4.752.156,00 ; $750,00 ; $-   ; $-   ;CONTRATACION DE 28 PORTADORES CULTURALES PARA DESARROLLAR TALLERES DE IDENTIDAD CULTURAL NÁHUAT, LENCA Y CACAOPERA EN CENTROS EDUCATIVOS-CP 692-AÑO 2026-JM; Liquidada ; $4.528.864,00 
2026;8549;1;07/05/2026;MINEDUCYT-97/2025-BIRF;004352491;JOSEFA EVELIA CASTILLO GONZALEZ;1401;3;7495;9;1;54502;5; $178.035,00 ; $-   ; $-   ; $144.330,00 ;CONTRATACION DE 28 PORTADORES CULTURALES PARA DESARROLLAR TALLERES DE IDENTIDAD  CULTURAL NÁHUAT, LENCA Y CACAOPERA EN C.E. -DEUDA -CP 691-JM; Liquidada ; $-   
2026;11831;1;16/06/2026;MINEDUCYT-97/2025-BIRF.;004352491;JOSEFA EVELIA CASTILLO GONZALEZ;1401;3;7495;9;1;54599;6; $3.842.477,00 ; $-   ; $-   ; $-   ;CONTRATACION DE 28 PORTADORES CULTURALES PARA DESARROLLAR TALLERES DE IDENTIDAD CULTURAL NÁHUAT, LENCA Y CACAOPERA EN CENTROS EDUCATIVOS-CP 692-AÑO 2026-JM; Liquidada ; $-   
2026;11855;1;18/06/2026;MINEDUCYT-97/2025-BIRF;004352491;JOSEFA EVELIA CASTILLO GONZALEZ;1401;3;7495;9;1;54599;6; $2.885.261,00 ; $-   ; $-   ; $-   ;CONTRATACION DE 28 PORTADORES CULTURALES PARA DESARROLLAR TALLERES DE IDENTIDAD  CULTURAL NÁHUAT, LENCA Y CACAOPERA EN C.E. -DEUDA -CP 691-JM; Liquidada ; $-   
2026;1739;4;27/01/2026;MINEDUCYT-28/2023-BIRF;004510439;BLANCA HILDA GUARDADO DE BENAVIDES;1401;3;7495;9;1;54599;5; $1.504.420,00 ; $-   ; $-   ; $-   ;Contratación de especialista No.2, 4 y 5 de adquisiciones para apoyar los procesos de adquisición y contratación de obras, bienes servicios de no consultoría y consultorías-año 2026-cp 758-JM; Liquidada ; $-   
2026;1739;5;27/01/2026;MINEDUCYT-28/2023-BIRF;004510439;BLANCA HILDA GUARDADO DE BENAVIDES;1401;3;7495;9;1;54599;6; $3.735.499,00 ; $-   ; $-   ; $-   ;Contratación de especialista No.2, 4 y 5 de adquisiciones para apoyar los procesos de adquisición y contratación de obras, bienes servicios de no consultoría y consultorías-año 2026-cp 758-JM; Liquidada ; $-   
2026;1739;3;27/01/2026;MINEDUCYT-28/2023-BIRF;004510439;BLANCA HILDA GUARDADO DE BENAVIDES;1401;3;7495;9;1;54599;4; $2.662.915,00 ; $-   ; $-   ; $-   ;Contratación de especialista No.2, 4 y 5 de adquisiciones para apoyar los procesos de adquisición y contratación de obras, bienes servicios de no consultoría y consultorías-año 2026-cp 758-JM; Liquidada ; $-   
2026;1739;2;27/01/2026;MINEDUCYT-28/2023-BIRF;004510439;BLANCA HILDA GUARDADO DE BENAVIDES;1401;3;7495;9;1;54599;3; $3.862.469,00 ; $-   ; $-   ; $-   ;Contratación de especialista No.2, 4 y 5 de adquisiciones para apoyar los procesos de adquisición y contratación de obras, bienes servicios de no consultoría y consultorías-año 2026-cp 758-JM; Liquidada ; $-   
2026;1739;1;27/01/2026;MINEDUCYT-28/2023-BIRF;004510439;BLANCA HILDA GUARDADO DE BENAVIDES;1401;3;7495;9;1;54599;2; $1.773.106,00 ; $-   ; $-   ; $-   ;Contratación de especialista No.2, 4 y 5 de adquisiciones para apoyar los procesos de adquisición y contratación de obras, bienes servicios de no consultoría y consultorías-año 2026-cp 758-JM; Liquidada ; $-   
2026;12054;1;03/07/2026;MINEDUCYT-28/2023-BIRF.;004510439;BLANCA HILDA GUARDADO DE BENAVIDES;1401;3;7495;9;1;54599;7; $506.403,00 ; $-   ; $-   ; $331.907,00 ;Contratación de especialista No.2, 4 y 5 de adquisiciones para apoyar los procesos de adquisición y contratación de obras, bienes servicios de no consultoría y consultorías-año 2026-cp1012-JM; Aprobado ; $-   
2026;12054;2;03/07/2026;MINEDUCYT-28/2023-BIRF.;004510439;BLANCA HILDA GUARDADO DE BENAVIDES;1401;3;7495;9;1;54599;8; $822.126,00 ; $-   ; $-   ; $612.726,00 ;Contratación de especialista No.2, 4 y 5 de adquisiciones para apoyar los procesos de adquisición y contratación de obras, bienes servicios de no consultoría y consultorías-año 2026-cp1012-JM; Aprobado ; $-   
2026;12054;3;03/07/2026;MINEDUCYT-28/2023-BIRF.;004510439;BLANCA HILDA GUARDADO DE BENAVIDES;1401;3;7495;9;1;54599;9; $25.449,00 ; $-   ; $-   ; $15.817,00 ;Contratación de especialista No.2, 4 y 5 de adquisiciones para apoyar los procesos de adquisición y contratación de obras, bienes servicios de no consultoría y consultorías-año 2026-cp1012-JM; Aprobado ; $-   
2026;12054;4;03/07/2026;MINEDUCYT-28/2023-BIRF.;004510439;BLANCA HILDA GUARDADO DE BENAVIDES;1401;3;7495;9;1;54599;10; $2.059.291,00 ; $-   ; $-   ; $538.248,00 ;Contratación de especialista No.2, 4 y 5 de adquisiciones para apoyar los procesos de adquisición y contratación de obras, bienes servicios de no consultoría y consultorías-año 2026-cp1012-JM; Aprobado ; $-   
2026;12054;6;03/07/2026;MINEDUCYT-28/2023-BIRF.;004510439;BLANCA HILDA GUARDADO DE BENAVIDES;1401;3;7495;9;1;54599;12; $706.275,00 ; $-   ; $-   ; $704.812,00 ;Contratación de especialista No.2, 4 y 5 de adquisiciones para apoyar los procesos de adquisición y contratación de obras, bienes servicios de no consultoría y consultorías-año 2026-cp1012-JM; Aprobado ; $-   
2026;12054;5;03/07/2026;MINEDUCYT-28/2023-BIRF.;004510439;BLANCA HILDA GUARDADO DE BENAVIDES;1401;3;7495;9;1;54599;11; $3.777.516,00 ; $-   ; $-   ; $1.075.218,00 ;Contratación de especialista No.2, 4 y 5 de adquisiciones para apoyar los procesos de adquisición y contratación de obras, bienes servicios de no consultoría y consultorías-año 2026-cp1012-JM; Aprobado ; $-   
2026;8539;1;06/05/2026;MINEDUCYT-42/2023-BIRF;005104671;MARIA ELENA GUARDADO ABREGO;1401;3;7495;9;1;54599;5; $4.098.851,00 ; $-   ; $-   ; $-   ;CONTRATACION DE UN CONSULTOR/A PARA EL SEGUIMIENTO Y EVALUACION DE LA IMPLEMENTACION DEL PROGRAMA DE EDUCACION INTERCULTURAL PARA APOYAR EL CUMPLIMIENTO DE LOS ESTANDARES AMBIENTALES Y SOCIALES- DEUDA 2025- CP 492-JM; Liquidada ; $-   
2026;1943;1;04/02/2026;MINEDUCYT-65/2023-BIRF;005155169;VLADLEN ERNESTO HENRIQUEZ CISNEROS;1401;3;7495;9;1;54599;2; $1.634.864,00 ; $-   ; $-   ; $-   ;CONTRATACION DE 3 TECNICOS CON ESPECIALIDAD EN GESTION AMBIENTAL PARA LOS PROYECTOS DE INVERSION- AÑO 2026-CP 829-JM; Liquidada ; $-   
2026;1943;2;04/02/2026;MINEDUCYT-65/2023-BIRF;005155169;VLADLEN ERNESTO HENRIQUEZ CISNEROS;1401;3;7495;9;1;54599;3; $3.409.817,00 ; $-   ; $-   ; $-   ;CONTRATACION DE 3 TECNICOS CON ESPECIALIDAD EN GESTION AMBIENTAL PARA LOS PROYECTOS DE INVERSION- AÑO 2026-CP 829-JM; Liquidada ; $-   
2026;1943;3;04/02/2026;MINEDUCYT-65/2023-BIRF;005155169;VLADLEN ERNESTO HENRIQUEZ CISNEROS;1401;3;7495;9;1;54599;4; $2.714.997,00 ; $-   ; $-   ; $-   ;CONTRATACION DE 3 TECNICOS CON ESPECIALIDAD EN GESTION AMBIENTAL PARA LOS PROYECTOS DE INVERSION- AÑO 2026-CP 829-JM; Liquidada ; $-   
2026;1943;4;04/02/2026;MINEDUCYT-65/2023-BIRF;005155169;VLADLEN ERNESTO HENRIQUEZ CISNEROS;1401;3;7495;9;1;54599;5; $1.334.609,00 ; $-   ; $-   ; $-   ;CONTRATACION DE 3 TECNICOS CON ESPECIALIDAD EN GESTION AMBIENTAL PARA LOS PROYECTOS DE INVERSION- AÑO 2026-CP 829-JM; Liquidada ; $-   
2026;1943;5;04/02/2026;MINEDUCYT-65/2023-BIRF;005155169;VLADLEN ERNESTO HENRIQUEZ CISNEROS;1401;3;7495;9;1;54599;6; $4.380.128,00 ; $-   ; $-   ; $-   ;CONTRATACION DE 3 TECNICOS CON ESPECIALIDAD EN GESTION AMBIENTAL PARA LOS PROYECTOS DE INVERSION- AÑO 2026-CP 829-JM; Liquidada ; $-   
2026;13610;6;16/07/2026;MINEDUCYT-65/2023-BIRF;005155169;VLADLEN ERNESTO HENRIQUEZ CISNEROS;1401;3;7495;9;1;54599;12; $1.692.521,00 ; $-   ; $-   ; $1.204.011,00 ;CONTRATACION DE 3 TECNICOS CON ESPECIALIDAD EN GESTION AMBIENTAL PARA LOS PROYECTOS DE INVERSION- AÑO 2026-CP 1110-JM; Aprobado ; $-   
2026;13610;5;16/07/2026;MINEDUCYT-65/2023-BIRF;005155169;VLADLEN ERNESTO HENRIQUEZ CISNEROS;1401;3;7495;9;1;54599;11; $2.854.143,00 ; $-   ; $-   ; $1.266.326,00 ;CONTRATACION DE 3 TECNICOS CON ESPECIALIDAD EN GESTION AMBIENTAL PARA LOS PROYECTOS DE INVERSION- AÑO 2026-CP 1110-JM; Aprobado ; $-   
2026;13610;4;16/07/2026;MINEDUCYT-65/2023-BIRF;005155169;VLADLEN ERNESTO HENRIQUEZ CISNEROS;1401;3;7495;9;1;54599;10; $4.498.689,00 ; $-   ; $-   ; $4.045.672,00 ;CONTRATACION DE 3 TECNICOS CON ESPECIALIDAD EN GESTION AMBIENTAL PARA LOS PROYECTOS DE INVERSION- AÑO 2026-CP 1110-JM; Aprobado ; $-   
2026;13610;3;16/07/2026;MINEDUCYT-65/2023-BIRF;005155169;VLADLEN ERNESTO HENRIQUEZ CISNEROS;1401;3;7495;9;1;54599;9; $1.335.863,00 ; $-   ; $-   ; $153.006,00 ;CONTRATACION DE 3 TECNICOS CON ESPECIALIDAD EN GESTION AMBIENTAL PARA LOS PROYECTOS DE INVERSION- AÑO 2026-CP 1110-JM; Aprobado ; $-   
2026;13610;1;16/07/2026;MINEDUCYT-65/2023-BIRF;005155169;VLADLEN ERNESTO HENRIQUEZ CISNEROS;1401;3;7495;9;1;54599;7; $746.848,00 ; $-   ; $-   ; $505.922,00 ;CONTRATACION DE 3 TECNICOS CON ESPECIALIDAD EN GESTION AMBIENTAL PARA LOS PROYECTOS DE INVERSION- AÑO 2026-CP 1110-JM; Aprobado ; $-   
2026;13610;2;16/07/2026;MINEDUCYT-65/2023-BIRF;005155169;VLADLEN ERNESTO HENRIQUEZ CISNEROS;1401;3;7495;9;1;54599;8; $3.557.248,00 ; $-   ; $-   ; $1.480.344,00 ;CONTRATACION DE 3 TECNICOS CON ESPECIALIDAD EN GESTION AMBIENTAL PARA LOS PROYECTOS DE INVERSION- AÑO 2026-CP 1110-JM; Aprobado ; $-   
2026;1896;4;03/02/2026;MINEDUCYT-52/2023 BIRF;005455242;ALMA DEL CARMEN ISMARIN AREVALO SEGOVIA;1401;3;7495;9;1;54599;5; $4.364.437,00 ; $-   ; $-   ; $-   ;Contratacion 3 Administradores de Contrato para Unidad de Infraestructura Educativa del MOPT  Enero a Junio 2026 - CP 819 -JM; Liquidada ; $-   
2026;1896;3;03/02/2026;MINEDUCYT-52/2023 BIRF;005455242;ALMA DEL CARMEN ISMARIN AREVALO SEGOVIA;1401;3;7495;9;1;54599;4; $4.389.072,00 ; $-   ; $-   ; $-   ;Contratacion 3 Administradores de Contrato para Unidad de Infraestructura Educativa del MOPT  Enero a Junio 2026 - CP 819 -JM; Liquidada ; $-   
2026;1896;2;03/02/2026;MINEDUCYT-52/2023 BIRF;005455242;ALMA DEL CARMEN ISMARIN AREVALO SEGOVIA;1401;3;7495;9;1;54599;3; $3.074.333,00 ; $-   ; $-   ; $-   ;Contratacion 3 Administradores de Contrato para Unidad de Infraestructura Educativa del MOPT  Enero a Junio 2026 - CP 819 -JM; Liquidada ; $-   
2026;1896;1;03/02/2026;MINEDUCYT-52/2023 BIRF;005455242;ALMA DEL CARMEN ISMARIN AREVALO SEGOVIA;1401;3;7495;9;1;54599;2; $4.160.796,00 ; $-   ; $-   ; $-   ;Contratacion 3 Administradores de Contrato para Unidad de Infraestructura Educativa del MOPT  Enero a Junio 2026 - CP 819 -JM; Liquidada ; $-   
2026;1896;5;03/02/2026;MINEDUCYT-52/2023 BIRF;005455242;ALMA DEL CARMEN ISMARIN AREVALO SEGOVIA;1401;3;7495;9;1;54599;6; $3.166.839,00 ; $-   ; $-   ; $-   ;Contratacion 3 Administradores de Contrato para Unidad de Infraestructura Educativa del MOPT  Enero a Junio 2026 - CP 819 -JM; Liquidada ; $-   
2026;12053;6;03/07/2026;MINEDUCYT-52/2023 BIRF;005455242;ALMA DEL CARMEN ISMARIN AREVALO SEGOVIA;1401;3;7495;9;1;54599;12; $2.677.695,00 ; $-   ; $-   ; $1.754.888,00 ;CONTRATACION 3 ADMINISTRADORES DE CONTRATO PARA LA UNIDAD DE INFRAESTRUCTURA EDUCATIVA MOPT  CP 1098, JM-krn; Aprobado ; $-   
2026;12053;1;03/07/2026;MINEDUCYT-52/2023 BIRF;005455242;ALMA DEL CARMEN ISMARIN AREVALO SEGOVIA;1401;3;7495;9;1;54599;7; $354.943,00 ; $-   ; $-   ; $174.003,00 ;CONTRATACION 3 ADMINISTRADORES DE CONTRATO PARA LA UNIDAD DE INFRAESTRUCTURA EDUCATIVA MOPT  CP 1098, JM-krn; Aprobado ; $-   
2026;12053;2;03/07/2026;MINEDUCYT-52/2023 BIRF;005455242;ALMA DEL CARMEN ISMARIN AREVALO SEGOVIA;1401;3;7495;9;1;54599;8; $323.419,00 ; $-   ; $-   ; $281.299,00 ;CONTRATACION 3 ADMINISTRADORES DE CONTRATO PARA LA UNIDAD DE INFRAESTRUCTURA EDUCATIVA MOPT  CP 1098, JM-krn; Aprobado ; $-   
2026;12053;3;03/07/2026;MINEDUCYT-52/2023 BIRF;005455242;ALMA DEL CARMEN ISMARIN AREVALO SEGOVIA;1401;3;7495;9;1;54599;9; $3.340.908,00 ; $-   ; $-   ; $3.193.195,00 ;CONTRATACION 3 ADMINISTRADORES DE CONTRATO PARA LA UNIDAD DE INFRAESTRUCTURA EDUCATIVA MOPT  CP 1098, JM-krn; Aprobado ; $-   
2026;12053;4;03/07/2026;MINEDUCYT-52/2023 BIRF;005455242;ALMA DEL CARMEN ISMARIN AREVALO SEGOVIA;1401;3;7495;9;1;54599;10; $1.096.475,00 ; $-   ; $-   ; $775.221,00 ;CONTRATACION 3 ADMINISTRADORES DE CONTRATO PARA LA UNIDAD DE INFRAESTRUCTURA EDUCATIVA MOPT  CP 1098, JM-krn; Aprobado ; $-   
2026;12053;5;03/07/2026;MINEDUCYT-52/2023 BIRF;005455242;ALMA DEL CARMEN ISMARIN AREVALO SEGOVIA;1401;3;7495;9;1;54599;11; $2.518.792,00 ; $-   ; $-   ; $1.167.782,00 ;CONTRATACION 3 ADMINISTRADORES DE CONTRATO PARA LA UNIDAD DE INFRAESTRUCTURA EDUCATIVA MOPT  CP 1098, JM-krn; Aprobado ; $-   
2026;1695;4;23/01/2026;MINEDUCYT-30/2023-BIRF;006286808;JUDITH MARLENE RODRIGUEZ VASQUEZ;1401;3;7495;9;1;54599;5; $4.009.440,00 ; $-   ; $-   ; $-   ;CONTRATACION DE 1 ESPECIALISTA EN EDUCACION CON EXPERIENCIA EN FORMACIÓN DOCENTE Y MANEJO DE PLATAFORMAS VIRTUALES PARA APOYO Y SEGUIMIENTO DE LA FORMACION DIRECTIVA-AÑO 2026-CP 764-JM; Liquidada ; $-   
2026;1695;1;23/01/2026;MINEDUCYT-30/2023-BIRF;006286808;JUDITH MARLENE RODRIGUEZ VASQUEZ;1401;3;7495;9;1;54599;2; $1.176.258,00 ; $-   ; $-   ; $-   ;CONTRATACION DE 1 ESPECIALISTA EN EDUCACION CON EXPERIENCIA EN FORMACIÓN DOCENTE Y MANEJO DE PLATAFORMAS VIRTUALES PARA APOYO Y SEGUIMIENTO DE LA FORMACION DIRECTIVA-AÑO 2026-CP 764-JM; Liquidada ; $-   
2026;1695;5;23/01/2026;MINEDUCYT-30/2023-BIRF;006286808;JUDITH MARLENE RODRIGUEZ VASQUEZ;1401;3;7495;9;1;54599;6; $1.062.049,00 ; $-   ; $-   ; $-   ;CONTRATACION DE 1 ESPECIALISTA EN EDUCACION CON EXPERIENCIA EN FORMACIÓN DOCENTE Y MANEJO DE PLATAFORMAS VIRTUALES PARA APOYO Y SEGUIMIENTO DE LA FORMACION DIRECTIVA-AÑO 2026-CP 764-JM; Liquidada ; $-   
2026;1695;3;23/01/2026;MINEDUCYT-30/2023-BIRF;006286808;JUDITH MARLENE RODRIGUEZ VASQUEZ;1401;3;7495;9;1;54599;4; $554.937,00 ; $-   ; $-   ; $-   ;CONTRATACION DE 1 ESPECIALISTA EN EDUCACION CON EXPERIENCIA EN FORMACIÓN DOCENTE Y MANEJO DE PLATAFORMAS VIRTUALES PARA APOYO Y SEGUIMIENTO DE LA FORMACION DIRECTIVA-AÑO 2026-CP 764-JM; Liquidada ; $-   
2026;1695;2;23/01/2026;MINEDUCYT-30/2023-BIRF;006286808;JUDITH MARLENE RODRIGUEZ VASQUEZ;1401;3;7495;9;1;54599;3; $2.132.900,00 ; $-   ; $-   ; $-   ;CONTRATACION DE 1 ESPECIALISTA EN EDUCACION CON EXPERIENCIA EN FORMACIÓN DOCENTE Y MANEJO DE PLATAFORMAS VIRTUALES PARA APOYO Y SEGUIMIENTO DE LA FORMACION DIRECTIVA-AÑO 2026-CP 764-JM; Liquidada ; $-   
2026;11930;4;24/06/2026;MINEDUCUYT-30/2023 BIRF;006286808;JUDITH MARLENE RODRIGUEZ VASQUEZ;1401;3;7495;9;1;54599;10; $2.771.958,00 ; $-   ; $-   ; $1.641.586,00 ;Contratacion 1 Especialista educacion con experiencia en formacion docente y manejo de plataformas virtuales para apoyo y seguimiento de formacion directa CP 990 -AÑO 2026- JM-krn; Aprobado ; $-   
2026;11930;5;24/06/2026;MINEDUCUYT-30/2023 BIRF;006286808;JUDITH MARLENE RODRIGUEZ VASQUEZ;1401;3;7495;9;1;54599;11; $2.064.902,00 ; $-   ; $-   ; $499.444,00 ;Contratacion 1 Especialista educacion con experiencia en formacion docente y manejo de plataformas virtuales para apoyo y seguimiento de formacion directa CP 990 -AÑO 2026- JM-krn; Aprobado ; $-   
2026;11930;6;24/06/2026;MINEDUCUYT-30/2023 BIRF;006286808;JUDITH MARLENE RODRIGUEZ VASQUEZ;1401;3;7495;9;1;54599;12; $4.316.061,00 ; $-   ; $-   ; $3.437.644,00 ;Contratacion 1 Especialista educacion con experiencia en formacion docente y manejo de plataformas virtuales para apoyo y seguimiento de formacion directa CP 990 -AÑO 2026- JM-krn; Aprobado ; $-   
2026;11930;1;24/06/2026;MINEDUCUYT-30/2023 BIRF;006286808;JUDITH MARLENE RODRIGUEZ VASQUEZ;1401;3;7495;9;1;54599;7; $2.310.391,00 ; $-   ; $-   ; $1.227.029,00 ;Contratacion 1 Especialista educacion con experiencia en formacion docente y manejo de plataformas virtuales para apoyo y seguimiento de formacion directa CP 990 -AÑO 2026- JM-krn; Aprobado ; $-   
2026;11930;2;24/06/2026;MINEDUCUYT-30/2023 BIRF;006286808;JUDITH MARLENE RODRIGUEZ VASQUEZ;1401;3;7495;9;1;54599;8; $3.455.892,00 ; $-   ; $-   ; $481.168,00 ;Contratacion 1 Especialista educacion con experiencia en formacion docente y manejo de plataformas virtuales para apoyo y seguimiento de formacion directa CP 990 -AÑO 2026- JM-krn; Aprobado ; $-   
2026;11930;3;24/06/2026;MINEDUCUYT-30/2023 BIRF;006286808;JUDITH MARLENE RODRIGUEZ VASQUEZ;1401;3;7495;9;1;54599;9; $61.114,00 ; $-   ; $-   ; $30.162,00 ;Contratacion 1 Especialista educacion con experiencia en formacion docente y manejo de plataformas virtuales para apoyo y seguimiento de formacion directa CP 990 -AÑO 2026- JM-krn; Aprobado ; $-   
2026;1805;5;29/01/2026;MINEDUCYT-11/2022 BIRF;006313281;PATRICIA DEL CARMEN VASQUEZ DE SEVILLANO;1401;3;7495;9;1;54599;6; $543.754,00 ; $-   ; $-   ; $-   ;Consultoriade Tecnico Seguimiento del area de educacion para la UGP de Enero a Junio 2026 - CP 810 -JM; Liquidada ; $-   
2026;1805;4;29/01/2026;MINEDUCYT-11/2022 BIRF;006313281;PATRICIA DEL CARMEN VASQUEZ DE SEVILLANO;1401;3;7495;9;1;54599;5; $1.790.069,00 ; $-   ; $-   ; $-   ;Consultoriade Tecnico Seguimiento del area de educacion para la UGP de Enero a Junio 2026 - CP 810 -JM; Liquidada ; $-   
2026;1805;3;29/01/2026;MINEDUCYT-11/2022 BIRF;006313281;PATRICIA DEL CARMEN VASQUEZ DE SEVILLANO;1401;3;7495;9;1;54599;4; $327.661,00 ; $-   ; $-   ; $-   ;Consultoriade Tecnico Seguimiento del area de educacion para la UGP de Enero a Junio 2026 - CP 810 -JM; Liquidada ; $-   
2026;1805;2;29/01/2026;MINEDUCYT-11/2022 BIRF;006313281;PATRICIA DEL CARMEN VASQUEZ DE SEVILLANO;1401;3;7495;9;1;54599;3; $1.202.249,00 ; $-   ; $-   ; $-   ;Consultoriade Tecnico Seguimiento del area de educacion para la UGP de Enero a Junio 2026 - CP 810 -JM; Liquidada ; $-   
2026;1805;1;29/01/2026;MINEDUCYT-11/2022 BIRF;006313281;PATRICIA DEL CARMEN VASQUEZ DE SEVILLANO;1401;3;7495;9;1;54599;2; $4.780.345,00 ; $-   ; $-   ; $-   ;Consultoriade Tecnico Seguimiento del area de educacion para la UGP de Enero a Junio 2026 - CP 810 -JM; Liquidada ; $-   
2026;12045;3;03/07/2026;MINEDUCYT-11/2022 BIRF;006313281;PATRICIA DEL CARMEN VASQUEZ DE SEVILLANO;1401;3;7495;9;1;54599;9; $4.843.002,00 ; $-   ; $-   ; $129.142,00 ;CONTRATACION TECNICO ESPECIALISTA EN SEGUIMIENTO DEL AREA DE EDUCACION PARA LA UG- CP1020, JM-krn; Aprobado ; $-   
2026;12045;2;03/07/2026;MINEDUCYT-11/2022 BIRF;006313281;PATRICIA DEL CARMEN VASQUEZ DE SEVILLANO;1401;3;7495;9;1;54599;8; $3.609.909,00 ; $-   ; $-   ; $1.109.802,00 ;CONTRATACION TECNICO ESPECIALISTA EN SEGUIMIENTO DEL AREA DE EDUCACION PARA LA UG- CP1020, JM-krn; Aprobado ; $-   
2026;12045;1;03/07/2026;MINEDUCYT-11/2022 BIRF;006313281;PATRICIA DEL CARMEN VASQUEZ DE SEVILLANO;1401;3;7495;9;1;54599;7; $810.103,00 ; $-   ; $-   ; $398.339,00 ;CONTRATACION TECNICO ESPECIALISTA EN SEGUIMIENTO DEL AREA DE EDUCACION PARA LA UG- CP1020, JM-krn; Aprobado ; $-   
2026;12045;5;03/07/2026;MINEDUCYT-11/2022 BIRF;006313281;PATRICIA DEL CARMEN VASQUEZ DE SEVILLANO;1401;3;7495;9;1;54599;11; $4.125.743,00 ; $-   ; $-   ; $2.562.263,00 ;CONTRATACION TECNICO ESPECIALISTA EN SEGUIMIENTO DEL AREA DE EDUCACION PARA LA UG- CP1020, JM-krn; Aprobado ; $-   
2026;12045;4;03/07/2026;MINEDUCYT-11/2022 BIRF;006313281;PATRICIA DEL CARMEN VASQUEZ DE SEVILLANO;1401;3;7495;9;1;54599;10; $3.852.761,00 ; $-   ; $-   ; $2.614.194,00 ;CONTRATACION TECNICO ESPECIALISTA EN SEGUIMIENTO DEL AREA DE EDUCACION PARA LA UG- CP1020, JM-krn; Aprobado ; $-   
2026;12045;6;03/07/2026;MINEDUCYT-11/2022 BIRF;006313281;PATRICIA DEL CARMEN VASQUEZ DE SEVILLANO;1401;3;7495;9;1;54599;12; $4.679.678,00 ; $-   ; $-   ; $694.355,00 ;CONTRATACION TECNICO ESPECIALISTA EN SEGUIMIENTO DEL AREA DE EDUCACION PARA LA UG- CP1020, JM-krn; Aprobado ; $-   
2026;1874;1;02/02/2026;MINEDUCYT-137/2025-BIRF;007226322;CAROL IVETTE ESTRADA RODEZNO;1401;3;7495;9;1;54599;2; $1.089.001,00 ; $-   ; $-   ; $-   ;CONTRATACION DE UN COLABORADOR JURIDICO PARA APOYO A LAS ACTIVIDADES DE ADQUISICIONES DEL PROYECTO CRECER Y APRENDER JUNTOS: DESARROLLO INTEGRAL DE LA PRIMERA INFANCIA EN EL SALVADOR-AÑO 2026-CP 705-JM; Liquidada ; $-   
2026;1874;5;02/02/2026;MINEDUCYT-137/2025-BIRF;007226322;CAROL IVETTE ESTRADA RODEZNO;1401;3;7495;9;1;54599;6; $1.380.958,00 ; $-   ; $-   ; $-   ;CONTRATACION DE UN COLABORADOR JURIDICO PARA APOYO A LAS ACTIVIDADES DE ADQUISICIONES DEL PROYECTO CRECER Y APRENDER JUNTOS: DESARROLLO INTEGRAL DE LA PRIMERA INFANCIA EN EL SALVADOR-AÑO 2026-CP 705-JM; Liquidada ; $-   
2026;1874;4;02/02/2026;MINEDUCYT-137/2025-BIRF;007226322;CAROL IVETTE ESTRADA RODEZNO;1401;3;7495;9;1;54599;5; $4.394.460,00 ; $-   ; $-   ; $-   ;CONTRATACION DE UN COLABORADOR JURIDICO PARA APOYO A LAS ACTIVIDADES DE ADQUISICIONES DEL PROYECTO CRECER Y APRENDER JUNTOS: DESARROLLO INTEGRAL DE LA PRIMERA INFANCIA EN EL SALVADOR-AÑO 2026-CP 705-JM; Liquidada ; $-   
2026;1874;3;02/02/2026;MINEDUCYT-137/2025-BIRF;007226322;CAROL IVETTE ESTRADA RODEZNO;1401;3;7495;9;1;54599;4; $3.629.257,00 ; $-   ; $-   ; $-   ;CONTRATACION DE UN COLABORADOR JURIDICO PARA APOYO A LAS ACTIVIDADES DE ADQUISICIONES DEL PROYECTO CRECER Y APRENDER JUNTOS: DESARROLLO INTEGRAL DE LA PRIMERA INFANCIA EN EL SALVADOR-AÑO 2026-CP 705-JM; Liquidada ; $-   
2026;1874;2;02/02/2026;MINEDUCYT-137/2025-BIRF;007226322;CAROL IVETTE ESTRADA RODEZNO;1401;3;7495;9;1;54599;3; $2.674.984,00 ; $-   ; $-   ; $-   ;CONTRATACION DE UN COLABORADOR JURIDICO PARA APOYO A LAS ACTIVIDADES DE ADQUISICIONES DEL PROYECTO CRECER Y APRENDER JUNTOS: DESARROLLO INTEGRAL DE LA PRIMERA INFANCIA EN EL SALVADOR-AÑO 2026-CP 705-JM; Liquidada ; $-   
2026;1887;2;03/02/2026;MINEDUCYT-63/2024;008570538;JOSE GUILLERMO ALARCON LAGUAN;1401;3;7495;9;1;54599;3; $452.714,00 ; $-   ; $-   ; $-   ;Contratacion 3 Administradores de Contrato para Unidad de Infraestructura Educativa del MOPT  Enero a Junio 2026 - CP 823-JM; Liquidada ; $-   
2026;1887;1;03/02/2026;MINEDUCYT-63/2024;008570538;JOSE GUILLERMO ALARCON LAGUAN;1401;3;7495;9;1;54599;2; $4.563.349,00 ; $-   ; $-   ; $-   ;Contratacion 3 Administradores de Contrato para Unidad de Infraestructura Educativa del MOPT  Enero a Junio 2026 - CP 823-JM; Liquidada ; $-   
2026;1887;3;03/02/2026;MINEDUCYT-63/2024;008570538;JOSE GUILLERMO ALARCON LAGUAN;1401;3;7495;9;1;54599;4; $3.871.905,00 ; $-   ; $-   ; $-   ;Contratacion 3 Administradores de Contrato para Unidad de Infraestructura Educativa del MOPT  Enero a Junio 2026 - CP 823-JM; Liquidada ; $-   
2026;1887;4;03/02/2026;MINEDUCYT-63/2024;008570538;JOSE GUILLERMO ALARCON LAGUAN;1401;3;7495;9;1;54599;5; $431.162,00 ; $-   ; $-   ; $-   ;Contratacion 3 Administradores de Contrato para Unidad de Infraestructura Educativa del MOPT  Enero a Junio 2026 - CP 823-JM; Liquidada ; $-   
2026;1887;5;03/02/2026;MINEDUCYT-63/2024;008570538;JOSE GUILLERMO ALARCON LAGUAN;1401;3;7495;9;1;54599;6; $4.694.091,00 ; $-   ; $-   ; $-   ;Contratacion 3 Administradores de Contrato para Unidad de Infraestructura Educativa del MOPT  Enero a Junio 2026 - CP 823-JM; Liquidada ; $-   
2026;12084;1;08/07/2026;MINEDUCYT-63/2024-BIRF;008570538;JOSE GUILLERMO ALARCON LAGUAN;1401;3;7495;9;1;54599;7; $3.779.263,00 ; $-   ; $-   ; $1.042.499,00 ;Contratacion 3 Administradores de Contrato para Unidad de Infraestructura Educativa del MOPT  jul a dic 2026 - CP 1111-JM; Aprobado ; $-   
2026;12084;2;08/07/2026;MINEDUCYT-63/2024-BIRF;008570538;JOSE GUILLERMO ALARCON LAGUAN;1401;3;7495;9;1;54599;8; $2.760.473,00 ; $-   ; $-   ; $1.179.050,00 ;Contratacion 3 Administradores de Contrato para Unidad de Infraestructura Educativa del MOPT  jul a dic 2026 - CP 1111-JM; Aprobado ; $-   
2026;12084;3;08/07/2026;MINEDUCYT-63/2024-BIRF;008570538;JOSE GUILLERMO ALARCON LAGUAN;1401;3;7495;9;1;54599;9; $3.231.600,00 ; $-   ; $-   ; $2.801.144,00 ;Contratacion 3 Administradores de Contrato para Unidad de Infraestructura Educativa del MOPT  jul a dic 2026 - CP 1111-JM; Aprobado ; $-   
2026;12084;4;08/07/2026;MINEDUCYT-63/2024-BIRF;008570538;JOSE GUILLERMO ALARCON LAGUAN;1401;3;7495;9;1;54599;10; $4.818.999,00 ; $-   ; $-   ; $1.634.649,00 ;Contratacion 3 Administradores de Contrato para Unidad de Infraestructura Educativa del MOPT  jul a dic 2026 - CP 1111-JM; Aprobado ; $-   
2026;12084;5;08/07/2026;MINEDUCYT-63/2024-BIRF;008570538;JOSE GUILLERMO ALARCON LAGUAN;1401;3;7495;9;1;54599;11; $863.343,00 ; $-   ; $-   ; $114.539,00 ;Contratacion 3 Administradores de Contrato para Unidad de Infraestructura Educativa del MOPT  jul a dic 2026 - CP 1111-JM; Aprobado ; $-   
2026;12084;6;08/07/2026;MINEDUCYT-63/2024-BIRF;008570538;JOSE GUILLERMO ALARCON LAGUAN;1401;3;7495;9;1;54599;12; $1.617.423,00 ; $-   ; $-   ; $537.599,00 ;Contratacion 3 Administradores de Contrato para Unidad de Infraestructura Educativa del MOPT  jul a dic 2026 - CP 1111-JM; Aprobado ; $-   
2026;1945;5;05/02/2026;MINEDUCYT-45/2023-BIRF;008636782;MARLENE ELIZABETH RODAS ROSALES;1401;3;7495;9;1;54599;6; $2.162.622,00 ; $-   ; $-   ; $-   ;CONTRATACIÓN DE 2 ESPECIALISTA EN CURRICULO PARA LA DEFINICIÓN DE ESTANDARES DE APRENDIZAJE ESPECIALIDAD DE LENGUAJE Y LITERATURA-AÑO 2026-CP 783-JM; Liquidada ; $-   
2026;1945;4;05/02/2026;MINEDUCYT-45/2023-BIRF;008636782;MARLENE ELIZABETH RODAS ROSALES;1401;3;7495;9;1;54599;5; $3.314.318,00 ; $-   ; $-   ; $-   ;CONTRATACIÓN DE 2 ESPECIALISTA EN CURRICULO PARA LA DEFINICIÓN DE ESTANDARES DE APRENDIZAJE ESPECIALIDAD DE LENGUAJE Y LITERATURA-AÑO 2026-CP 783-JM; Liquidada ; $-   
2026;1945;3;05/02/2026;MINEDUCYT-45/2023-BIRF;008636782;MARLENE ELIZABETH RODAS ROSALES;1401;3;7495;9;1;54599;4; $796.162,00 ; $-   ; $-   ; $-   ;CONTRATACIÓN DE 2 ESPECIALISTA EN CURRICULO PARA LA DEFINICIÓN DE ESTANDARES DE APRENDIZAJE ESPECIALIDAD DE LENGUAJE Y LITERATURA-AÑO 2026-CP 783-JM; Liquidada ; $-   
2026;1945;2;05/02/2026;MINEDUCYT-45/2023-BIRF;008636782;MARLENE ELIZABETH RODAS ROSALES;1401;3;7495;9;1;54599;3; $1.925.341,00 ; $-   ; $-   ; $-   ;CONTRATACIÓN DE 2 ESPECIALISTA EN CURRICULO PARA LA DEFINICIÓN DE ESTANDARES DE APRENDIZAJE ESPECIALIDAD DE LENGUAJE Y LITERATURA-AÑO 2026-CP 783-JM; Liquidada ; $-   
2026;1945;1;05/02/2026;MINEDUCYT-45/2023-BIRF;008636782;MARLENE ELIZABETH RODAS ROSALES;1401;3;7495;9;1;54599;2; $1.394.169,00 ; $-   ; $-   ; $-   ;CONTRATACIÓN DE 2 ESPECIALISTA EN CURRICULO PARA LA DEFINICIÓN DE ESTANDARES DE APRENDIZAJE ESPECIALIDAD DE LENGUAJE Y LITERATURA-AÑO 2026-CP 783-JM; Liquidada ; $-   
2026;11878;6;19/06/2026;MINEDUCYT-45/2023-BIRF;008636782;MARLENE ELIZABETH RODAS ROSALES;1401;3;7495;9;1;54599;12; $1.779.719,00 ; $-   ; $-   ; $1.009.995,00 ;CONTRATACION DE 2 ESPECIALISTAS EN CURRICULO PARA LA DEFINICION DE ESTANDARES DE APRENDIZAJE ESPECIALIDAD DE LENGUAJE Y LITERATURA-CP 937-AÑO 2026-JM; Aprobado ; $-   
2026;11878;4;19/06/2026;MINEDUCYT-45/2023-BIRF;008636782;MARLENE ELIZABETH RODAS ROSALES;1401;3;7495;9;1;54599;10; $683.643,00 ; $-   ; $-   ; $435.926,00 ;CONTRATACION DE 2 ESPECIALISTAS EN CURRICULO PARA LA DEFINICION DE ESTANDARES DE APRENDIZAJE ESPECIALIDAD DE LENGUAJE Y LITERATURA-CP 937-AÑO 2026-JM; Aprobado ; $-   
2026;11878;5;19/06/2026;MINEDUCYT-45/2023-BIRF;008636782;MARLENE ELIZABETH RODAS ROSALES;1401;3;7495;9;1;54599;11; $149.187,00 ; $-   ; $-   ; $50.419,00 ;CONTRATACION DE 2 ESPECIALISTAS EN CURRICULO PARA LA DEFINICION DE ESTANDARES DE APRENDIZAJE ESPECIALIDAD DE LENGUAJE Y LITERATURA-CP 937-AÑO 2026-JM; Aprobado ; $-   
2026;11878;1;19/06/2026;MINEDUCYT-45/2023-BIRF;008636782;MARLENE ELIZABETH RODAS ROSALES;1401;3;7495;9;1;54599;7; $210.610,00 ; $-   ; $-   ; $157.785,00 ;CONTRATACION DE 2 ESPECIALISTAS EN CURRICULO PARA LA DEFINICION DE ESTANDARES DE APRENDIZAJE ESPECIALIDAD DE LENGUAJE Y LITERATURA-CP 937-AÑO 2026-JM; Aprobado ; $-   
2026;11878;2;19/06/2026;MINEDUCYT-45/2023-BIRF;008636782;MARLENE ELIZABETH RODAS ROSALES;1401;3;7495;9;1;54599;8; $3.134.973,00 ; $-   ; $-   ; $743.581,00 ;CONTRATACION DE 2 ESPECIALISTAS EN CURRICULO PARA LA DEFINICION DE ESTANDARES DE APRENDIZAJE ESPECIALIDAD DE LENGUAJE Y LITERATURA-CP 937-AÑO 2026-JM; Aprobado ; $-   
2026;11878;3;19/06/2026;MINEDUCYT-45/2023-BIRF;008636782;MARLENE ELIZABETH RODAS ROSALES;1401;3;7495;9;1;54599;9; $3.307.870,00 ; $-   ; $-   ; $3.148.108,00 ;CONTRATACION DE 2 ESPECIALISTAS EN CURRICULO PARA LA DEFINICION DE ESTANDARES DE APRENDIZAJE ESPECIALIDAD DE LENGUAJE Y LITERATURA-CP 937-AÑO 2026-JM; Aprobado ; $-   
2026;1882;5;03/02/2026;MINEDUCYT-24/2023;009006621;JOSEFINA  VASQUEZ VASQUEZ;1401;3;7495;9;1;54599;6; $43.305,00 ; $-   ; $-   ; $-   ;Contratacion 7 enseñantes de la cultura y lengua indigena para atencion de nidos de inmesion linguistica e identitaria para niños y niñas de 4 a 7 años  Enero a Junio 2026 - CP 751 -JM; Liquidada ; $-   
2026;1882;4;03/02/2026;MINEDUCYT-24/2023;009006621;JOSEFINA  VASQUEZ VASQUEZ;1401;3;7495;9;1;54599;5; $4.296.063,00 ; $-   ; $-   ; $-   ;Contratacion 7 enseñantes de la cultura y lengua indigena para atencion de nidos de inmesion linguistica e identitaria para niños y niñas de 4 a 7 años  Enero a Junio 2026 - CP 751 -JM; Liquidada ; $-   
2026;1882;3;03/02/2026;MINEDUCYT-24/2023;009006621;JOSEFINA  VASQUEZ VASQUEZ;1401;3;7495;9;1;54599;4; $2.055.770,00 ; $-   ; $-   ; $-   ;Contratacion 7 enseñantes de la cultura y lengua indigena para atencion de nidos de inmesion linguistica e identitaria para niños y niñas de 4 a 7 años  Enero a Junio 2026 - CP 751 -JM; Liquidada ; $-   
2026;1882;2;03/02/2026;MINEDUCYT-24/2023;009006621;JOSEFINA  VASQUEZ VASQUEZ;1401;3;7495;9;1;54599;3; $1.092.513,00 ; $-   ; $-   ; $-   ;Contratacion 7 enseñantes de la cultura y lengua indigena para atencion de nidos de inmesion linguistica e identitaria para niños y niñas de 4 a 7 años  Enero a Junio 2026 - CP 751 -JM; Liquidada ; $-   
2026;1882;1;03/02/2026;MINEDUCYT-24/2023;009006621;JOSEFINA  VASQUEZ VASQUEZ;1401;3;7495;9;1;54599;2; $3.587.191,00 ; $-   ; $-   ; $-   ;Contratacion 7 enseñantes de la cultura y lengua indigena para atencion de nidos de inmesion linguistica e identitaria para niños y niñas de 4 a 7 años  Enero a Junio 2026 - CP 751 -JM; Liquidada ; $-   
2026;12069;5;06/07/2026;MINEDUCYT-24/2023-BIRF;009006621;JOSEFINA  VASQUEZ VASQUEZ;1401;3;7495;9;1;54599;11; $4.748.879,00 ; $-   ; $-   ; $2.265.030,00 ;Contratacion 7 enseñantes de la cultura y lengua indigena para atencion de nidos de inmesion linguistica e identitaria para niños y niñas de 4 a 7 años Jul a Dic 2026 - CP1085- Año 2026 -JM; Aprobado ; $-   
2026;12069;4;06/07/2026;MINEDUCYT-24/2023-BIRF;009006621;JOSEFINA  VASQUEZ VASQUEZ;1401;3;7495;9;1;54599;10; $3.342.518,00 ; $-   ; $-   ; $1.895.099,00 ;Contratacion 7 enseñantes de la cultura y lengua indigena para atencion de nidos de inmesion linguistica e identitaria para niños y niñas de 4 a 7 años Jul a Dic 2026 - CP1085- Año 2026 -JM; Aprobado ; $-   
2026;12069;3;06/07/2026;MINEDUCYT-24/2023-BIRF;009006621;JOSEFINA  VASQUEZ VASQUEZ;1401;3;7495;9;1;54599;9; $4.643.095,00 ; $-   ; $-   ; $2.602.451,00 ;Contratacion 7 enseñantes de la cultura y lengua indigena para atencion de nidos de inmesion linguistica e identitaria para niños y niñas de 4 a 7 años Jul a Dic 2026 - CP1085- Año 2026 -JM; Aprobado ; $-   
2026;12069;2;06/07/2026;MINEDUCYT-24/2023-BIRF;009006621;JOSEFINA  VASQUEZ VASQUEZ;1401;3;7495;9;1;54599;8; $2.586.294,00 ; $-   ; $-   ; $1.631.861,00 ;Contratacion 7 enseñantes de la cultura y lengua indigena para atencion de nidos de inmesion linguistica e identitaria para niños y niñas de 4 a 7 años Jul a Dic 2026 - CP1085- Año 2026 -JM; Aprobado ; $-   
2026;12069;1;06/07/2026;MINEDUCYT-24/2023-BIRF;009006621;JOSEFINA  VASQUEZ VASQUEZ;1401;3;7495;9;1;54599;7; $3.984.232,00 ; $-   ; $-   ; $3.367.596,00 ;Contratacion 7 enseñantes de la cultura y lengua indigena para atencion de nidos de inmesion linguistica e identitaria para niños y niñas de 4 a 7 años Jul a Dic 2026 - CP1085- Año 2026 -JM; Aprobado ; $-   
2026;12069;6;06/07/2026;MINEDUCYT-24/2023-BIRF;009006621;JOSEFINA  VASQUEZ VASQUEZ;1401;3;7495;9;1;54599;12; $3.718.237,00 ; $-   ; $-   ; $3.681.432,00 ;Contratacion 7 enseñantes de la cultura y lengua indigena para atencion de nidos de inmesion linguistica e identitaria para niños y niñas de 4 a 7 años Jul a Dic 2026 - CP1085- Año 2026 -JM; Aprobado ; $-   
2026;1977;2;05/02/2026;MINEDUCYT-04/2022-BIRF;010197736;XENIA MARICELA MARIN DE IMENDIA;1401;3;7495;9;1;54599;3; $3.807.888,00 ; $-   ; $-   ; $-   ;CONTRATACION DE TECNICO ESPECIALISTA EN CURRICULO DE EDUCACION ESPECIAL-CP 778-AÑO 2026-JM; Liquidada ; $-   
2026;1977;3;05/02/2026;MINEDUCYT-04/2022-BIRF;010197736;XENIA MARICELA MARIN DE IMENDIA;1401;3;7495;9;1;54599;4; $2.853.215,00 ; $-   ; $-   ; $-   ;CONTRATACION DE TECNICO ESPECIALISTA EN CURRICULO DE EDUCACION ESPECIAL-CP 778-AÑO 2026-JM; Liquidada ; $-   
2026;1977;4;05/02/2026;MINEDUCYT-04/2022-BIRF;010197736;XENIA MARICELA MARIN DE IMENDIA;1401;3;7495;9;1;54599;5; $66.565,00 ; $-   ; $-   ; $-   ;CONTRATACION DE TECNICO ESPECIALISTA EN CURRICULO DE EDUCACION ESPECIAL-CP 778-AÑO 2026-JM; Liquidada ; $-   
2026;1977;5;05/02/2026;MINEDUCYT-04/2022-BIRF;010197736;XENIA MARICELA MARIN DE IMENDIA;1401;3;7495;9;1;54599;6; $104.586,00 ; $-   ; $-   ; $-   ;CONTRATACION DE TECNICO ESPECIALISTA EN CURRICULO DE EDUCACION ESPECIAL-CP 778-AÑO 2026-JM; Liquidada ; $-   
2026;1977;1;05/02/2026;MINEDUCYT-04/2022-BIRF;010197736;XENIA MARICELA MARIN DE IMENDIA;1401;3;7495;9;1;54599;2; $1.490.194,00 ; $-   ; $-   ; $-   ;CONTRATACION DE TECNICO ESPECIALISTA EN CURRICULO DE EDUCACION ESPECIAL-CP 778-AÑO 2026-JM; Liquidada ; $-   
2026;12050;5;03/07/2026;MINEDUCYT-04/2022 BIRF;010197736;XENIA MARICELA MARIN DE IMENDIA;1401;3;7495;9;1;54599;11; $1.986.730,00 ; $-   ; $-   ; $962.912,00 ;CONTRATACION  TECNICO ESPECIALISTA  EN CURRICULO DE EDUCACION ESPECIALISTA CP1077, JM-krn; Aprobado ; $-   
2026;12050;4;03/07/2026;MINEDUCYT-04/2022 BIRF;010197736;XENIA MARICELA MARIN DE IMENDIA;1401;3;7495;9;1;54599;10; $879.256,00 ; $-   ; $-   ; $634.248,00 ;CONTRATACION  TECNICO ESPECIALISTA  EN CURRICULO DE EDUCACION ESPECIALISTA CP1077, JM-krn; Aprobado ; $-   
2026;12050;3;03/07/2026;MINEDUCYT-04/2022 BIRF;010197736;XENIA MARICELA MARIN DE IMENDIA;1401;3;7495;9;1;54599;9; $552.080,00 ; $-   ; $-   ; $150.500,00 ;CONTRATACION  TECNICO ESPECIALISTA  EN CURRICULO DE EDUCACION ESPECIALISTA CP1077, JM-krn; Aprobado ; $-   
2026;12050;2;03/07/2026;MINEDUCYT-04/2022 BIRF;010197736;XENIA MARICELA MARIN DE IMENDIA;1401;3;7495;9;1;54599;8; $237.183,00 ; $-   ; $-   ; $215.841,00 ;CONTRATACION  TECNICO ESPECIALISTA  EN CURRICULO DE EDUCACION ESPECIALISTA CP1077, JM-krn; Aprobado ; $-   
2026;12050;1;03/07/2026;MINEDUCYT-04/2022 BIRF;010197736;XENIA MARICELA MARIN DE IMENDIA;1401;3;7495;9;1;54599;7; $2.905.650,00 ; $-   ; $-   ; $1.574.360,00 ;CONTRATACION  TECNICO ESPECIALISTA  EN CURRICULO DE EDUCACION ESPECIALISTA CP1077, JM-krn; Aprobado ; $-   
2026;12050;6;03/07/2026;MINEDUCYT-04/2022 BIRF;010197736;XENIA MARICELA MARIN DE IMENDIA;1401;3;7495;9;1;54599;12; $3.145.737,00 ; $-   ; $-   ; $1.147.746,00 ;CONTRATACION  TECNICO ESPECIALISTA  EN CURRICULO DE EDUCACION ESPECIALISTA CP1077, JM-krn; Aprobado ; $-   
2026;1897;4;03/02/2026;MINEDUCYT-53/2023 BIRF;010742612;CARLOS MILTON RAMIREZ MIRANDA;1401;3;7495;9;1;54599;5; $2.447.647,00 ; $-   ; $-   ; $-   ;Contratacion 3 Administradores de Contrato para Unidad de Infraestructura Educativa del MOPT  Enero a Junio 2026 - CP 820 -JM; Liquidada ; $-   
2026;1897;5;03/02/2026;MINEDUCYT-53/2023 BIRF;010742612;CARLOS MILTON RAMIREZ MIRANDA;1401;3;7495;9;1;54599;6; $2.017.734,00 ; $-   ; $-   ; $-   ;Contratacion 3 Administradores de Contrato para Unidad de Infraestructura Educativa del MOPT  Enero a Junio 2026 - CP 820 -JM; Liquidada ; $-   
2026;1897;3;03/02/2026;MINEDUCYT-53/2023 BIRF;010742612;CARLOS MILTON RAMIREZ MIRANDA;1401;3;7495;9;1;54599;4; $2.179.350,00 ; $-   ; $-   ; $-   ;Contratacion 3 Administradores de Contrato para Unidad de Infraestructura Educativa del MOPT  Enero a Junio 2026 - CP 820 -JM; Liquidada ; $-   
2026;1897;2;03/02/2026;MINEDUCYT-53/2023 BIRF;010742612;CARLOS MILTON RAMIREZ MIRANDA;1401;3;7495;9;1;54599;3; $4.412.861,00 ; $-   ; $-   ; $-   ;Contratacion 3 Administradores de Contrato para Unidad de Infraestructura Educativa del MOPT  Enero a Junio 2026 - CP 820 -JM; Liquidada ; $-   
2026;1897;1;03/02/2026;MINEDUCYT-53/2023 BIRF;010742612;CARLOS MILTON RAMIREZ MIRANDA;1401;3;7495;9;1;54599;2; $3.790.219,00 ; $-   ; $-   ; $-   ;Contratacion 3 Administradores de Contrato para Unidad de Infraestructura Educativa del MOPT  Enero a Junio 2026 - CP 820 -JM; Liquidada ; $-   
2026;11985;1;26/06/2026;MINEDUCYT-53/2023 BIRF;010742612;CARLOS MILTON RAMIREZ MIRANDA;1401;3;7495;9;1;54599;7; $519.627,00 ; $-   ; $-   ; $227.825,00 ;Consultoria de 3 Administradores de contrato para la unidad de infraestructura educativa del MOPT - MECT-M-326/2026- CP 1074- año 2026 -JM-krn; Aprobado ; $-   
2026;11985;2;26/06/2026;MINEDUCYT-53/2023 BIRF;010742612;CARLOS MILTON RAMIREZ MIRANDA;1401;3;7495;9;1;54599;8; $1.792.688,00 ; $-   ; $-   ; $1.460.095,00 ;Consultoria de 3 Administradores de contrato para la unidad de infraestructura educativa del MOPT - MECT-M-326/2026- CP 1074- año 2026 -JM-krn; Aprobado ; $-   
2026;11985;3;26/06/2026;MINEDUCYT-53/2023 BIRF;010742612;CARLOS MILTON RAMIREZ MIRANDA;1401;3;7495;9;1;54599;9; $4.725.877,00 ; $-   ; $-   ; $4.424.186,00 ;Consultoria de 3 Administradores de contrato para la unidad de infraestructura educativa del MOPT - MECT-M-326/2026- CP 1074- año 2026 -JM-krn; Aprobado ; $-   
2026;11985;4;26/06/2026;MINEDUCYT-53/2023 BIRF;010742612;CARLOS MILTON RAMIREZ MIRANDA;1401;3;7495;9;1;54599;10; $2.587.482,00 ; $-   ; $-   ; $956.334,00 ;Consultoria de 3 Administradores de contrato para la unidad de infraestructura educativa del MOPT - MECT-M-326/2026- CP 1074- año 2026 -JM-krn; Aprobado ; $-   
2026;11985;5;26/06/2026;MINEDUCYT-53/2023 BIRF;010742612;CARLOS MILTON RAMIREZ MIRANDA;1401;3;7495;9;1;54599;11; $3.655.589,00 ; $-   ; $-   ; $2.917.443,00 ;Consultoria de 3 Administradores de contrato para la unidad de infraestructura educativa del MOPT - MECT-M-326/2026- CP 1074- año 2026 -JM-krn; Aprobado ; $-   
2026;11985;6;26/06/2026;MINEDUCYT-53/2023 BIRF;010742612;CARLOS MILTON RAMIREZ MIRANDA;1401;3;7495;9;1;54599;12; $1.789.542,00 ; $-   ; $-   ; $992.387,00 ;Consultoria de 3 Administradores de contrato para la unidad de infraestructura educativa del MOPT - MECT-M-326/2026- CP 1074- año 2026 -JM-krn; Aprobado ; $-   
2026;6293;5;20/03/2026;MINEDUCYT 150/2025 BIRF 9067 SV-CP 9;01142301251010;UDP APCA CONSTRUCCIONES BOBURG;1401;3;7495;9;1;61603;8; $2.129.955,00 ; $-   ; $-   ; $1.371.947,00 ;Mejoramiento de Infraestructura en 8 CE públicos que atienden primera infancia a nivel nacional (Complejo educativo Profesor Raul Flores Moreno)-CP 902-AÑO 2026, JM; Aprobado ; $-   
2026;6293;6;20/03/2026;MINEDUCYT 150/2025 BIRF 9067 SV-CP 9;01142301251010;UDP APCA CONSTRUCCIONES BOBURG;1401;3;7495;9;1;61603;9; $699.297,00 ; $-   ; $-   ; $98.623,00 ;Mejoramiento de Infraestructura en 8 CE públicos que atienden primera infancia a nivel nacional (Complejo educativo Profesor Raul Flores Moreno)-CP 902-AÑO 2026, JM; Aprobado ; $-   
2026;6293;7;20/03/2026;MINEDUCYT 150/2025 BIRF 9067 SV-CP 9;01142301251010;UDP APCA CONSTRUCCIONES BOBURG;1401;3;7495;9;1;61603;10; $4.357.728,00 ; $-   ; $-   ; $3.797.340,00 ;Mejoramiento de Infraestructura en 8 CE públicos que atienden primera infancia a nivel nacional (Complejo educativo Profesor Raul Flores Moreno)-CP 902-AÑO 2026, JM; Aprobado ; $-   
2026;6293;8;20/03/2026;MINEDUCYT 150/2025 BIRF 9067 SV-CP 9;01142301251010;UDP APCA CONSTRUCCIONES BOBURG;1401;3;7495;9;1;61603;11; $4.734.754,00 ; $-   ; $-   ; $2.320.732,00 ;Mejoramiento de Infraestructura en 8 CE públicos que atienden primera infancia a nivel nacional (Complejo educativo Profesor Raul Flores Moreno)-CP 902-AÑO 2026, JM; Aprobado ; $-   
2026;6293;9;20/03/2026;MINEDUCYT 150/2025 BIRF 9067 SV-CP 9;01142301251010;UDP APCA CONSTRUCCIONES BOBURG;1401;3;7495;9;1;61603;12; $3.726.673,00 ; $-   ; $-   ; $1.408.584,00 ;Mejoramiento de Infraestructura en 8 CE públicos que atienden primera infancia a nivel nacional (Complejo educativo Profesor Raul Flores Moreno)-CP 902-AÑO 2026, JM; Aprobado ; $-   
2026;6293;1;20/03/2026;MINEDUCYT 150/2025 BIRF 9067 SV-CP 9;01142301251010;UDP APCA CONSTRUCCIONES BOBURG;1401;3;7495;9;1;61603;4; $4.624.024,00 ; $-   ; $-   ; $2.648.229,00 ;Mejoramiento de Infraestructura en 8 CE públicos que atienden primera infancia a nivel nacional (Complejo educativo Profesor Raul Flores Moreno)-CP 902-AÑO 2026, JM; Aprobado ; $-   
2026;6293;2;20/03/2026;MINEDUCYT 150/2025 BIRF 9067 SV-CP 9;01142301251010;UDP APCA CONSTRUCCIONES BOBURG;1401;3;7495;9;1;61603;5; $4.196.165,00 ; $-   ; $-   ; $1.789.644,00 ;Mejoramiento de Infraestructura en 8 CE públicos que atienden primera infancia a nivel nacional (Complejo educativo Profesor Raul Flores Moreno)-CP 902-AÑO 2026, JM; Aprobado ; $-   
2026;6293;3;20/03/2026;MINEDUCYT 150/2025 BIRF 9067 SV-CP 9;01142301251010;UDP APCA CONSTRUCCIONES BOBURG;1401;3;7495;9;1;61603;6; $4.955.404,00 ; $-   ; $-   ; $3.940.246,00 ;Mejoramiento de Infraestructura en 8 CE públicos que atienden primera infancia a nivel nacional (Complejo educativo Profesor Raul Flores Moreno)-CP 902-AÑO 2026, JM; Aprobado ; $-   
2026;6293;4;20/03/2026;MINEDUCYT 150/2025 BIRF 9067 SV-CP 9;01142301251010;UDP APCA CONSTRUCCIONES BOBURG;1401;3;7495;9;1;61603;7; $2.852.430,00 ; $-   ; $-   ; $583.661,00 ;Mejoramiento de Infraestructura en 8 CE públicos que atienden primera infancia a nivel nacional (Complejo educativo Profesor Raul Flores Moreno)-CP 902-AÑO 2026, JM; Aprobado ; $-   
2026;6294;1;20/03/2026;MINEDUCYT 146/2025 BIRF 9067 SV;01142301251010;UDP APCA CONSTRUCCIONES BOBURG;1401;3;7495;9;1;61603;4; $3.671.192,00 ; $-   ; $-   ; $3.056.676,00 ;Pago de anticipo, Mejoramiento de Infraestructura en la escuela parvularia San Jacinto, (Pack 5)-CP 898-AÑO 2026, JM; Aprobado ; $-   
2026;6295;5;20/03/2026;MINEDUCYT 146/2025 BIRF 9067 SV;01142301251010;UDP APCA CONSTRUCCIONES BOBURG;1401;3;7495;9;1;61603;8; $660.573,00 ; $-   ; $-   ; $610.238,00 ;Mejoramiento de Infraestructura en la escuela parvularia San Jacinto, (Pack 5)-CP 898-AÑO 2026, JM; Aprobado ; $-   
2026;6295;4;20/03/2026;MINEDUCYT 146/2025 BIRF 9067 SV;01142301251010;UDP APCA CONSTRUCCIONES BOBURG;1401;3;7495;9;1;61603;7; $3.980.794,00 ; $-   ; $-   ; $1.718.911,00 ;Mejoramiento de Infraestructura en la escuela parvularia San Jacinto, (Pack 5)-CP 898-AÑO 2026, JM; Aprobado ; $-   
2026;6295;3;20/03/2026;MINEDUCYT 146/2025 BIRF 9067 SV;01142301251010;UDP APCA CONSTRUCCIONES BOBURG;1401;3;7495;9;1;61603;6; $4.767.876,00 ; $-   ; $-   ; $4.226.754,00 ;Mejoramiento de Infraestructura en la escuela parvularia San Jacinto, (Pack 5)-CP 898-AÑO 2026, JM; Aprobado ; $-   
2026;6295;2;20/03/2026;MINEDUCYT 146/2025 BIRF 9067 SV;01142301251010;UDP APCA CONSTRUCCIONES BOBURG;1401;3;7495;9;1;61603;5; $3.064.581,00 ; $-   ; $-   ; $1.394.280,00 ;Mejoramiento de Infraestructura en la escuela parvularia San Jacinto, (Pack 5)-CP 898-AÑO 2026, JM; Aprobado ; $-   
2026;6295;6;20/03/2026;MINEDUCYT 146/2025 BIRF 9067 SV;01142301251010;UDP APCA CONSTRUCCIONES BOBURG;1401;3;7495;9;1;61603;9; $3.338.593,00 ; $-   ; $-   ; $173.584,00 ;Mejoramiento de Infraestructura en la escuela parvularia San Jacinto, (Pack 5)-CP 898-AÑO 2026, JM; Aprobado ; $-   
2026;6295;1;20/03/2026;MINEDUCYT 146/2025 BIRF 9067 SV;01142301251010;UDP APCA CONSTRUCCIONES BOBURG;1401;3;7495;9;1;61603;4; $271.574,00 ; $-   ; $-   ; $208.739,00 ;Mejoramiento de Infraestructura en la escuela parvularia San Jacinto, (Pack 5)-CP 898-AÑO 2026, JM; Aprobado ; $-   
2026;6295;7;20/03/2026;MINEDUCYT 146/2025 BIRF 9067 SV;01142301251010;UDP APCA CONSTRUCCIONES BOBURG;1401;3;7495;9;1;61603;10; $2.670.351,00 ; $-   ; $-   ; $810.057,00 ;Mejoramiento de Infraestructura en la escuela parvularia San Jacinto, (Pack 5)-CP 898-AÑO 2026, JM; Aprobado ; $-   
2026;6295;8;20/03/2026;MINEDUCYT 146/2025 BIRF 9067 SV;01142301251010;UDP APCA CONSTRUCCIONES BOBURG;1401;3;7495;9;1;61603;11; $4.334.397,00 ; $-   ; $-   ; $3.387.847,00 ;Mejoramiento de Infraestructura en la escuela parvularia San Jacinto, (Pack 5)-CP 898-AÑO 2026, JM; Aprobado ; $-   
2026;6295;9;20/03/2026;MINEDUCYT 146/2025 BIRF 9067 SV;01142301251010;UDP APCA CONSTRUCCIONES BOBURG;1401;3;7495;9;1;61603;12; $1.962.975,00 ; $-   ; $-   ; $330.776,00 ;Mejoramiento de Infraestructura en la escuela parvularia San Jacinto, (Pack 5)-CP 898-AÑO 2026, JM; Aprobado ; $-   
2026;6296;1;20/03/2026;MINEDUCYT 148/2025 BIRF 9067 SV;01142301251010;UDP APCA CONSTRUCCIONES BOBURG;1401;3;7495;9;1;61603;4; $3.810.023,00 ; $-   ; $-   ; $3.132.845,00 ;Pago de anticipo, Mejoramiento de Infraestructura en 8 Ce públicos que atienden primera infancia a nivel nacional, lote No. 2 CE Cantón Joya de Ceren, San Juan Opico, La Libertad código 11240-CP 900-AÑO 2026, JM; Aprobado ; $-   
2026;6297;1;20/03/2026;MINEDUCTY 150/2025 BIRF 9067 SV;01142301251010;UDP APCA CONSTRUCCIONES BOBURG;1401;3;7495;9;1;61603;4; $473.191,00 ; $-   ; $-   ; $143.418,00 ;Pago de anticipo, Mejoramiento de Infraestructura en 8 C.E. Públicos que atienden Primera Infancia a Nivel Nacional  (CE PROFE RAUL FLORES MORENO) (Pack 5)-CP 902-AÑO 2026, JM; Aprobado ; $-   
2026;6298;1;20/03/2026;MINEDUCYT 147/2025 BIRF 9067 SV;01142301251010;UDP APCA CONSTRUCCIONES BOBURG;1401;3;7495;9;1;61603;4; $197.453,00 ; $-   ; $-   ; $123.831,00 ;Pago de anticipo, Mejoramiento de Infraestructura del CE La Rosa Blanca, (Pack 5)-CP 899-AÑO 2026, JM; Aprobado ; $-   
2026;6300;2;20/03/2026;MINEDUCYT 147/2025 BIRF 9067 SV;01142301251010;UDP APCA CONSTRUCCIONES BOBURG;1401;3;7495;9;1;61603;5; $414.800,00 ; $-   ; $-   ; $163.983,00 ;Mejoramiento de Infraestructura del CE La Rosa Blanca, (Pack 5)-CP 899-AÑO 2026, JM; Aprobado ; $-   
2026;6300;3;20/03/2026;MINEDUCYT 147/2025 BIRF 9067 SV;01142301251010;UDP APCA CONSTRUCCIONES BOBURG;1401;3;7495;9;1;61603;6; $4.744.693,00 ; $-   ; $-   ; $1.438.278,00 ;Mejoramiento de Infraestructura del CE La Rosa Blanca, (Pack 5)-CP 899-AÑO 2026, JM; Aprobado ; $-   
2026;6300;4;20/03/2026;MINEDUCYT 147/2025 BIRF 9067 SV;01142301251010;UDP APCA CONSTRUCCIONES BOBURG;1401;3;7495;9;1;61603;7; $1.624.571,00 ; $-   ; $-   ; $1.287.261,00 ;Mejoramiento de Infraestructura del CE La Rosa Blanca, (Pack 5)-CP 899-AÑO 2026, JM; Aprobado ; $-   
2026;6300;1;20/03/2026;MINEDUCYT 147/2025 BIRF 9067 SV;01142301251010;UDP APCA CONSTRUCCIONES BOBURG;1401;3;7495;9;1;61603;4; $1.070.480,00 ; $-   ; $-   ; $117.132,00 ;Mejoramiento de Infraestructura del CE La Rosa Blanca, (Pack 5)-CP 899-AÑO 2026, JM; Aprobado ; $-   
2026;6300;5;20/03/2026;MINEDUCYT 147/2025 BIRF 9067 SV;01142301251010;UDP APCA CONSTRUCCIONES BOBURG;1401;3;7495;9;1;61603;8; $4.337.422,00 ; $-   ; $-   ; $3.708.929,00 ;Mejoramiento de Infraestructura del CE La Rosa Blanca, (Pack 5)-CP 899-AÑO 2026, JM; Aprobado ; $-   
2026;6300;6;20/03/2026;MINEDUCYT 147/2025 BIRF 9067 SV;01142301251010;UDP APCA CONSTRUCCIONES BOBURG;1401;3;7495;9;1;61603;9; $2.874.634,00 ; $-   ; $-   ; $255.096,00 ;Mejoramiento de Infraestructura del CE La Rosa Blanca, (Pack 5)-CP 899-AÑO 2026, JM; Aprobado ; $-   
2026;6300;7;20/03/2026;MINEDUCYT 147/2025 BIRF 9067 SV;01142301251010;UDP APCA CONSTRUCCIONES BOBURG;1401;3;7495;9;1;61603;10; $4.616.098,00 ; $-   ; $-   ; $28.667,00 ;Mejoramiento de Infraestructura del CE La Rosa Blanca, (Pack 5)-CP 899-AÑO 2026, JM; Aprobado ; $-   
2026;6300;8;20/03/2026;MINEDUCYT 147/2025 BIRF 9067 SV;01142301251010;UDP APCA CONSTRUCCIONES BOBURG;1401;3;7495;9;1;61603;11; $24.477,00 ; $-   ; $-   ; $23.459,00 ;Mejoramiento de Infraestructura del CE La Rosa Blanca, (Pack 5)-CP 899-AÑO 2026, JM; Aprobado ; $-   
2026;6300;9;20/03/2026;MINEDUCYT 147/2025 BIRF 9067 SV;01142301251010;UDP APCA CONSTRUCCIONES BOBURG;1401;3;7495;9;1;61603;12; $325.612,00 ; $-   ; $-   ; $108.238,00 ;Mejoramiento de Infraestructura del CE La Rosa Blanca, (Pack 5)-CP 899-AÑO 2026, JM; Aprobado ; $-   
2026;6305;1;20/03/2026;MINEDUCTY 152/2025 BIRF 9067 SV;01142301251010;UDP APCA CONSTRUCCIONES BOBURG;1401;3;7495;9;1;61603;4; $4.906.108,00 ; $-   ; $-   ; $4.434.408,00 ;Pago de anticipo, Mejoramiento de Infraestructura en 8 C.E. Públicos que atienden Primera Infancia (CE Cantón las Flores) (Pack 5)-CP 904-AÑO 2026, JM; Aprobado ; $-   
2026;6306;7;20/03/2026;MINEDUCTY 152/2025 BIRF 9067 SV;01142301251010;UDP APCA CONSTRUCCIONES BOBURG;1401;3;7495;9;1;61603;10; $4.696.125,00 ; $-   ; $-   ; $3.379.729,00 ;Mejoramiento de Infraestructura en 8 C.E. Públicos que atienden Primera Infancia (CE Cantón las Flores) (Pack 5)-CP 904-AÑO 2026, JM; Aprobado ; $-   
2026;6306;6;20/03/2026;MINEDUCTY 152/2025 BIRF 9067 SV;01142301251010;UDP APCA CONSTRUCCIONES BOBURG;1401;3;7495;9;1;61603;9; $962.960,00 ; $-   ; $-   ; $756.021,00 ;Mejoramiento de Infraestructura en 8 C.E. Públicos que atienden Primera Infancia (CE Cantón las Flores) (Pack 5)-CP 904-AÑO 2026, JM; Aprobado ; $-   
2026;6306;5;20/03/2026;MINEDUCTY 152/2025 BIRF 9067 SV;01142301251010;UDP APCA CONSTRUCCIONES BOBURG;1401;3;7495;9;1;61603;8; $476.326,00 ; $-   ; $-   ; $394.780,00 ;Mejoramiento de Infraestructura en 8 C.E. Públicos que atienden Primera Infancia (CE Cantón las Flores) (Pack 5)-CP 904-AÑO 2026, JM; Aprobado ; $-   
2026;6306;4;20/03/2026;MINEDUCTY 152/2025 BIRF 9067 SV;01142301251010;UDP APCA CONSTRUCCIONES BOBURG;1401;3;7495;9;1;61603;7; $2.032.099,00 ; $-   ; $-   ; $1.924.790,00 ;Mejoramiento de Infraestructura en 8 C.E. Públicos que atienden Primera Infancia (CE Cantón las Flores) (Pack 5)-CP 904-AÑO 2026, JM; Aprobado ; $-   
2026;6306;3;20/03/2026;MINEDUCTY 152/2025 BIRF 9067 SV;01142301251010;UDP APCA CONSTRUCCIONES BOBURG;1401;3;7495;9;1;61603;6; $2.447.623,00 ; $-   ; $-   ; $2.244.574,00 ;Mejoramiento de Infraestructura en 8 C.E. Públicos que atienden Primera Infancia (CE Cantón las Flores) (Pack 5)-CP 904-AÑO 2026, JM; Aprobado ; $-   
2026;6306;2;20/03/2026;MINEDUCTY 152/2025 BIRF 9067 SV;01142301251010;UDP APCA CONSTRUCCIONES BOBURG;1401;3;7495;9;1;61603;5; $2.547.970,00 ; $-   ; $-   ; $1.190.462,00 ;Mejoramiento de Infraestructura en 8 C.E. Públicos que atienden Primera Infancia (CE Cantón las Flores) (Pack 5)-CP 904-AÑO 2026, JM; Aprobado ; $-   
2026;6306;1;20/03/2026;MINEDUCTY 152/2025 BIRF 9067 SV;01142301251010;UDP APCA CONSTRUCCIONES BOBURG;1401;3;7495;9;1;61603;4; $1.303.247,00 ; $-   ; $-   ; $350.283,00 ;Mejoramiento de Infraestructura en 8 C.E. Públicos que atienden Primera Infancia (CE Cantón las Flores) (Pack 5)-CP 904-AÑO 2026, JM; Aprobado ; $-   
2026;6306;8;20/03/2026;MINEDUCTY 152/2025 BIRF 9067 SV;01142301251010;UDP APCA CONSTRUCCIONES BOBURG;1401;3;7495;9;1;61603;11; $3.032.743,00 ; $-   ; $-   ; $290.113,00 ;Mejoramiento de Infraestructura en 8 C.E. Públicos que atienden Primera Infancia (CE Cantón las Flores) (Pack 5)-CP 904-AÑO 2026, JM; Aprobado ; $-   
2026;6306;9;20/03/2026;MINEDUCTY 152/2025 BIRF 9067 SV;01142301251010;UDP APCA CONSTRUCCIONES BOBURG;1401;3;7495;9;1;61603;12; $31.094,00 ; $-   ; $-   ; $14.653,00 ;Mejoramiento de Infraestructura en 8 C.E. Públicos que atienden Primera Infancia (CE Cantón las Flores) (Pack 5)-CP 904-AÑO 2026, JM; Aprobado ; $-   
2026;6307;1;20/03/2026;MINEDUCTY 151/2025 BIRF 9067 SV;01142301251010;UDP APCA CONSTRUCCIONES BOBURG;1401;3;7495;9;1;61603;4; $2.543.599,00 ; $-   ; $-   ; $1.774.864,00 ;Pago de anticipo, Mejoramiento de Infraestructura en 8 C.E. Públicos que atienden Primera Infancia a Nivel Nacional  (CE Cantón el Portezuelo) (Pack 5)-CP 903-AÑO 2026, JM; Aprobado ; $-   
2026;6308;2;20/03/2026;MINEDUCTY 151/2025 BIRF 9067 SV;01142301251010;UDP APCA CONSTRUCCIONES BOBURG;1401;3;7495;9;1;61603;5; $2.739.764,00 ; $-   ; $-   ; $2.490.492,00 ;Mejoramiento de Infraestructura en 8 C.E. Públicos que atienden Primera Infancia a Nivel Nacional  (CE Cantón el Portezuelo) (Pack 5)-CP 903-AÑO 2026, JM; Aprobado ; $-   
2026;6308;1;20/03/2026;MINEDUCTY 151/2025 BIRF 9067 SV;01142301251010;UDP APCA CONSTRUCCIONES BOBURG;1401;3;7495;9;1;61603;4; $3.148.970,00 ; $-   ; $-   ; $1.234.715,00 ;Mejoramiento de Infraestructura en 8 C.E. Públicos que atienden Primera Infancia a Nivel Nacional  (CE Cantón el Portezuelo) (Pack 5)-CP 903-AÑO 2026, JM; Aprobado ; $-   
2026;6308;9;20/03/2026;MINEDUCTY 151/2025 BIRF 9067 SV;01142301251010;UDP APCA CONSTRUCCIONES BOBURG;1401;3;7495;9;1;61603;12; $3.604.290,00 ; $-   ; $-   ; $1.104.732,00 ;Mejoramiento de Infraestructura en 8 C.E. Públicos que atienden Primera Infancia a Nivel Nacional  (CE Cantón el Portezuelo) (Pack 5)-CP 903-AÑO 2026, JM; Aprobado ; $-   
2026;6308;5;20/03/2026;MINEDUCTY 151/2025 BIRF 9067 SV;01142301251010;UDP APCA CONSTRUCCIONES BOBURG;1401;3;7495;9;1;61603;8; $2.026.369,00 ; $-   ; $-   ; $634.387,00 ;Mejoramiento de Infraestructura en 8 C.E. Públicos que atienden Primera Infancia a Nivel Nacional  (CE Cantón el Portezuelo) (Pack 5)-CP 903-AÑO 2026, JM; Aprobado ; $-   
2026;6308;6;20/03/2026;MINEDUCTY 151/2025 BIRF 9067 SV;01142301251010;UDP APCA CONSTRUCCIONES BOBURG;1401;3;7495;9;1;61603;9; $4.127.184,00 ; $-   ; $-   ; $4.021.435,00 ;Mejoramiento de Infraestructura en 8 C.E. Públicos que atienden Primera Infancia a Nivel Nacional  (CE Cantón el Portezuelo) (Pack 5)-CP 903-AÑO 2026, JM; Aprobado ; $-   
2026;6308;7;20/03/2026;MINEDUCTY 151/2025 BIRF 9067 SV;01142301251010;UDP APCA CONSTRUCCIONES BOBURG;1401;3;7495;9;1;61603;10; $4.921.056,00 ; $-   ; $-   ; $2.276.074,00 ;Mejoramiento de Infraestructura en 8 C.E. Públicos que atienden Primera Infancia a Nivel Nacional  (CE Cantón el Portezuelo) (Pack 5)-CP 903-AÑO 2026, JM; Aprobado ; $-   
2026;6308;8;20/03/2026;MINEDUCTY 151/2025 BIRF 9067 SV;01142301251010;UDP APCA CONSTRUCCIONES BOBURG;1401;3;7495;9;1;61603;11; $1.064.831,00 ; $-   ; $-   ; $1.021.026,00 ;Mejoramiento de Infraestructura en 8 C.E. Públicos que atienden Primera Infancia a Nivel Nacional  (CE Cantón el Portezuelo) (Pack 5)-CP 903-AÑO 2026, JM; Aprobado ; $-   
2026;6308;3;20/03/2026;MINEDUCTY 151/2025 BIRF 9067 SV;01142301251010;UDP APCA CONSTRUCCIONES BOBURG;1401;3;7495;9;1;61603;6; $2.981.766,00 ; $-   ; $-   ; $2.066.147,00 ;Mejoramiento de Infraestructura en 8 C.E. Públicos que atienden Primera Infancia a Nivel Nacional  (CE Cantón el Portezuelo) (Pack 5)-CP 903-AÑO 2026, JM; Aprobado ; $-   
2026;6308;4;20/03/2026;MINEDUCTY 151/2025 BIRF 9067 SV;01142301251010;UDP APCA CONSTRUCCIONES BOBURG;1401;3;7495;9;1;61603;7; $2.681.681,00 ; $-   ; $-   ; $49.185,00 ;Mejoramiento de Infraestructura en 8 C.E. Públicos que atienden Primera Infancia a Nivel Nacional  (CE Cantón el Portezuelo) (Pack 5)-CP 903-AÑO 2026, JM; Aprobado ; $-   
2026;6309;4;20/03/2026;MINEDUCYT 148/2025 BIRF 9067 SV;01142301251010;UDP APCA CONSTRUCCIONES BOBURG;1401;3;7495;9;1;61603;7; $3.119.119,00 ; $-   ; $-   ; $1.066.677,00 ;Mejoramiento de Infraestructura en 8 CE públicos que atienden primera infancia a nivel nacional, lote No. 2 CE Cantón Joya de Ceren, San Juan Opico, La Libertad código 11240, contrato MINEDUCYT 148/2025 BIRF 9067 SV-CP 900-AÑO 2026, JM; Aprobado ; $-   
2026;6309;3;20/03/2026;MINEDUCYT 148/2025 BIRF 9067 SV;01142301251010;UDP APCA CONSTRUCCIONES BOBURG;1401;3;7495;9;1;61603;6; $344.738,00 ; $-   ; $-   ; $242.210,00 ;Mejoramiento de Infraestructura en 8 CE públicos que atienden primera infancia a nivel nacional, lote No. 2 CE Cantón Joya de Ceren, San Juan Opico, La Libertad código 11240, contrato MINEDUCYT 148/2025 BIRF 9067 SV-CP 900-AÑO 2026, JM; Aprobado ; $-   
2026;6309;2;20/03/2026;MINEDUCYT 148/2025 BIRF 9067 SV;01142301251010;UDP APCA CONSTRUCCIONES BOBURG;1401;3;7495;9;1;61603;5; $119.345,00 ; $-   ; $-   ; $35.109,00 ;Mejoramiento de Infraestructura en 8 CE públicos que atienden primera infancia a nivel nacional, lote No. 2 CE Cantón Joya de Ceren, San Juan Opico, La Libertad código 11240, contrato MINEDUCYT 148/2025 BIRF 9067 SV-CP 900-AÑO 2026, JM; Aprobado ; $-   
2026;6309;1;20/03/2026;MINEDUCYT 148/2025 BIRF 9067 SV;01142301251010;UDP APCA CONSTRUCCIONES BOBURG;1401;3;7495;9;1;61603;4; $2.361.181,00 ; $-   ; $-   ; $570.035,00 ;Mejoramiento de Infraestructura en 8 CE públicos que atienden primera infancia a nivel nacional, lote No. 2 CE Cantón Joya de Ceren, San Juan Opico, La Libertad código 11240, contrato MINEDUCYT 148/2025 BIRF 9067 SV-CP 900-AÑO 2026, JM; Aprobado ; $-   
2026;6309;5;20/03/2026;MINEDUCYT 148/2025 BIRF 9067 SV;01142301251010;UDP APCA CONSTRUCCIONES BOBURG;1401;3;7495;9;1;61603;8; $1.767.153,00 ; $-   ; $-   ; $1.744.993,00 ;Mejoramiento de Infraestructura en 8 CE públicos que atienden primera infancia a nivel nacional, lote No. 2 CE Cantón Joya de Ceren, San Juan Opico, La Libertad código 11240, contrato MINEDUCYT 148/2025 BIRF 9067 SV-CP 900-AÑO 2026, JM; Aprobado ; $-   
2026;6309;9;20/03/2026;MINEDUCYT 148/2025 BIRF 9067 SV;01142301251010;UDP APCA CONSTRUCCIONES BOBURG;1401;3;7495;9;1;61603;12; $2.603.491,00 ; $-   ; $-   ; $2.214.884,00 ;Mejoramiento de Infraestructura en 8 CE públicos que atienden primera infancia a nivel nacional, lote No. 2 CE Cantón Joya de Ceren, San Juan Opico, La Libertad código 11240, contrato MINEDUCYT 148/2025 BIRF 9067 SV-CP 900-AÑO 2026, JM; Aprobado ; $-   
2026;6309;8;20/03/2026;MINEDUCYT 148/2025 BIRF 9067 SV;01142301251010;UDP APCA CONSTRUCCIONES BOBURG;1401;3;7495;9;1;61603;11; $3.869.859,00 ; $-   ; $-   ; $388.200,00 ;Mejoramiento de Infraestructura en 8 CE públicos que atienden primera infancia a nivel nacional, lote No. 2 CE Cantón Joya de Ceren, San Juan Opico, La Libertad código 11240, contrato MINEDUCYT 148/2025 BIRF 9067 SV-CP 900-AÑO 2026, JM; Aprobado ; $-   
2026;6309;7;20/03/2026;MINEDUCYT 148/2025 BIRF 9067 SV;01142301251010;UDP APCA CONSTRUCCIONES BOBURG;1401;3;7495;9;1;61603;10; $566.372,00 ; $-   ; $-   ; $429.530,00 ;Mejoramiento de Infraestructura en 8 CE públicos que atienden primera infancia a nivel nacional, lote No. 2 CE Cantón Joya de Ceren, San Juan Opico, La Libertad código 11240, contrato MINEDUCYT 148/2025 BIRF 9067 SV-CP 900-AÑO 2026, JM; Aprobado ; $-   
2026;6309;6;20/03/2026;MINEDUCYT 148/2025 BIRF 9067 SV;01142301251010;UDP APCA CONSTRUCCIONES BOBURG;1401;3;7495;9;1;61603;9; $764.702,00 ; $-   ; $-   ; $697.415,00 ;Mejoramiento de Infraestructura en 8 CE públicos que atienden primera infancia a nivel nacional, lote No. 2 CE Cantón Joya de Ceren, San Juan Opico, La Libertad código 11240, contrato MINEDUCYT 148/2025 BIRF 9067 SV-CP 900-AÑO 2026, JM; Aprobado ; $-   
2026;6403;1;25/03/2026;MINEDUCYT-149/2025-BIRF;01142301251010;UDP APCA CONSTRUCCIONES BOBURG;1401;3;7495;9;1;61603;4; $4.851.329,00 ; $-   ; $-   ; $1.901.577,00 ;Pago de anticipo, Mejoramiento de Infraestructura en la escuela parvularia Joya de Ceren, (Pack 5)-CP 901-AÑO 2026, JM; Aprobado ; $-   
2026;6405;2;25/03/2026;MINEDUCYT-149/2025-BIRF;01142301251010;UDP APCA CONSTRUCCIONES BOBURG;1401;3;7495;9;1;61603;5; $778.630,00 ; $-   ; $-   ; $477.909,00 ;Mejoramiento de Infraestructura en la escuela parvularia Joya de Ceren, (Pack 5)-CP 901-AÑO 2026, JM; Aprobado ; $-   
2026;6405;3;25/03/2026;MINEDUCYT-149/2025-BIRF;01142301251010;UDP APCA CONSTRUCCIONES BOBURG;1401;3;7495;9;1;61603;6; $3.918.725,00 ; $-   ; $-   ; $2.486.436,00 ;Mejoramiento de Infraestructura en la escuela parvularia Joya de Ceren, (Pack 5)-CP 901-AÑO 2026, JM; Aprobado ; $-   
2026;6405;9;25/03/2026;MINEDUCYT-149/2025-BIRF;01142301251010;UDP APCA CONSTRUCCIONES BOBURG;1401;3;7495;9;1;61603;12; $4.193.563,00 ; $-   ; $-   ; $4.162.242,00 ;Mejoramiento de Infraestructura en la escuela parvularia Joya de Ceren, (Pack 5)-CP 901-AÑO 2026, JM; Aprobado ; $-   
2026;6405;8;25/03/2026;MINEDUCYT-149/2025-BIRF;01142301251010;UDP APCA CONSTRUCCIONES BOBURG;1401;3;7495;9;1;61603;11; $2.306.320,00 ; $-   ; $-   ; $1.257.703,00 ;Mejoramiento de Infraestructura en la escuela parvularia Joya de Ceren, (Pack 5)-CP 901-AÑO 2026, JM; Aprobado ; $-   
2026;6405;7;25/03/2026;MINEDUCYT-149/2025-BIRF;01142301251010;UDP APCA CONSTRUCCIONES BOBURG;1401;3;7495;9;1;61603;10; $1.623.451,00 ; $-   ; $-   ; $466.608,00 ;Mejoramiento de Infraestructura en la escuela parvularia Joya de Ceren, (Pack 5)-CP 901-AÑO 2026, JM; Aprobado ; $-   
2026;6405;6;25/03/2026;MINEDUCYT-149/2025-BIRF;01142301251010;UDP APCA CONSTRUCCIONES BOBURG;1401;3;7495;9;1;61603;9; $3.059.297,00 ; $-   ; $-   ; $2.394.206,00 ;Mejoramiento de Infraestructura en la escuela parvularia Joya de Ceren, (Pack 5)-CP 901-AÑO 2026, JM; Aprobado ; $-   
2026;6405;5;25/03/2026;MINEDUCYT-149/2025-BIRF;01142301251010;UDP APCA CONSTRUCCIONES BOBURG;1401;3;7495;9;1;61603;8; $660.215,00 ; $-   ; $-   ; $258.888,00 ;Mejoramiento de Infraestructura en la escuela parvularia Joya de Ceren, (Pack 5)-CP 901-AÑO 2026, JM; Aprobado ; $-   
2026;6405;1;25/03/2026;MINEDUCYT-149/2025-BIRF;01142301251010;UDP APCA CONSTRUCCIONES BOBURG;1401;3;7495;9;1;61603;4; $2.282.226,00 ; $-   ; $-   ; $1.652.875,00 ;Mejoramiento de Infraestructura en la escuela parvularia Joya de Ceren, (Pack 5)-CP 901-AÑO 2026, JM; Aprobado ; $-   
2026;6405;4;25/03/2026;MINEDUCYT-149/2025-BIRF;01142301251010;UDP APCA CONSTRUCCIONES BOBURG;1401;3;7495;9;1;61603;7; $1.255.331,00 ; $-   ; $-   ; $38.244,00 ;Mejoramiento de Infraestructura en la escuela parvularia Joya de Ceren, (Pack 5)-CP 901-AÑO 2026, JM; Aprobado ; $-   
2026;1923;4;04/02/2026;MINEDUCYT-145/2025;011489348;JOSE EMMANUEL HERNANDEZ MURGA;1401;3;7495;9;1;54599;5; $283.260,00 ; $-   ; $-   ; $-   ;Contratacion Especialista para Diseño de la normativa de calidad en la atencion educativa en primera infancia, Enero a Junio 2026 - CP 724 -JM; Liquidada ; $-   
2026;1923;3;04/02/2026;MINEDUCYT-145/2025;011489348;JOSE EMMANUEL HERNANDEZ MURGA;1401;3;7495;9;1;54599;4; $4.703.840,00 ; $-   ; $-   ; $-   ;Contratacion Especialista para Diseño de la normativa de calidad en la atencion educativa en primera infancia, Enero a Junio 2026 - CP 724 -JM; Liquidada ; $-   
2026;1923;2;04/02/2026;MINEDUCYT-145/2025;011489348;JOSE EMMANUEL HERNANDEZ MURGA;1401;3;7495;9;1;54599;3; $4.643.774,00 ; $-   ; $-   ; $-   ;Contratacion Especialista para Diseño de la normativa de calidad en la atencion educativa en primera infancia, Enero a Junio 2026 - CP 724 -JM; Liquidada ; $-   
2026;1923;1;04/02/2026;MINEDUCYT-145/2025;011489348;JOSE EMMANUEL HERNANDEZ MURGA;1401;3;7495;9;1;54599;2; $4.204.560,00 ; $-   ; $-   ; $-   ;Contratacion Especialista para Diseño de la normativa de calidad en la atencion educativa en primera infancia, Enero a Junio 2026 - CP 724 -JM; Liquidada ; $-   
2026;1923;5;04/02/2026;MINEDUCYT-145/2025;011489348;JOSE EMMANUEL HERNANDEZ MURGA;1401;3;7495;9;1;54599;6; $2.907.882,00 ; $-   ; $-   ; $-   ;Contratacion Especialista para Diseño de la normativa de calidad en la atencion educativa en primera infancia, Enero a Junio 2026 - CP 724 -JM; Liquidada ; $-   
2026;12009;5;29/06/2026;MINEDUCYT-145/2025-BIRF;011489348;JOSE EMMANUEL HERNANDEZ MURGA;1401;3;7495;9;1;54599;11; $1.615.976,00 ; $-   ; $-   ; $1.100.801,00 ;Contratacion Especialista para Diseño de la normativa de calidad en la atencion educativa en primera infancia, Jul a Dic 2026 - CP 1039 JM.; Aprobado ; $-   
2026;12009;4;29/06/2026;MINEDUCYT-145/2025-BIRF;011489348;JOSE EMMANUEL HERNANDEZ MURGA;1401;3;7495;9;1;54599;10; $3.242.543,00 ; $-   ; $-   ; $50.791,00 ;Contratacion Especialista para Diseño de la normativa de calidad en la atencion educativa en primera infancia, Jul a Dic 2026 - CP 1039 JM.; Aprobado ; $-   
2026;12009;3;29/06/2026;MINEDUCYT-145/2025-BIRF;011489348;JOSE EMMANUEL HERNANDEZ MURGA;1401;3;7495;9;1;54599;9; $1.236.781,00 ; $-   ; $-   ; $802.616,00 ;Contratacion Especialista para Diseño de la normativa de calidad en la atencion educativa en primera infancia, Jul a Dic 2026 - CP 1039 JM.; Aprobado ; $-   
2026;12009;2;29/06/2026;MINEDUCYT-145/2025-BIRF;011489348;JOSE EMMANUEL HERNANDEZ MURGA;1401;3;7495;9;1;54599;8; $2.312.094,00 ; $-   ; $-   ; $700.264,00 ;Contratacion Especialista para Diseño de la normativa de calidad en la atencion educativa en primera infancia, Jul a Dic 2026 - CP 1039 JM.; Aprobado ; $-   
2026;12009;1;29/06/2026;MINEDUCYT-145/2025-BIRF;011489348;JOSE EMMANUEL HERNANDEZ MURGA;1401;3;7495;9;1;54599;7; $1.516.082,00 ; $-   ; $-   ; $890.356,00 ;Contratacion Especialista para Diseño de la normativa de calidad en la atencion educativa en primera infancia, Jul a Dic 2026 - CP 1039 JM.; Aprobado ; $-   
2026;12009;6;29/06/2026;MINEDUCYT-145/2025-BIRF;011489348;JOSE EMMANUEL HERNANDEZ MURGA;1401;3;7495;9;1;54599;12; $4.649.126,00 ; $-   ; $-   ; $185.030,00 ;Contratacion Especialista para Diseño de la normativa de calidad en la atencion educativa en primera infancia, Jul a Dic 2026 - CP 1039 JM.; Aprobado ; $-   
2026;2158;1;12/02/2026;MINEDUCYT-75/2025-BIRF;012022466;JEREMIAS DE JESUS ARTIGA DE PAZ;1401;3;7495;9;1;61101;2; $4.223.273,00 ; $-   ; $-   ; $4.179.956,00 ;SUMINISTRO Y DISTRIBUCION DE MOBILIARIO ESCOLAR PARA 51 CENTROS EDUCATIVOS PUBLICOS QUE ATIENDEN PRIMERA INFANCIA A NIVEL NACIONAL-CP 391-DEUDA 2025-JM.; Parcialmente Liquidada ; $-   
2026;1880;4;03/02/2026;MINEDUCYT-25/2023 BIRF;012685329;BASILIA  GARCIA DE LOPEZ;1401;3;7495;9;1;54599;5; $96.722,00 ; $-   ; $-   ; $-   ;Contratacion 7 enseñantes de la cultura y lengua indigena para atencion de nidos de inmesion linguistica e identitaria para niños y niñas de 4 a 7 años  Enero a Junio 2026 - CP 749 -JM; Liquidada ; $-   
2026;1880;3;03/02/2026;MINEDUCYT-25/2023 BIRF;012685329;BASILIA  GARCIA DE LOPEZ;1401;3;7495;9;1;54599;4; $1.690.200,00 ; $-   ; $-   ; $-   ;Contratacion 7 enseñantes de la cultura y lengua indigena para atencion de nidos de inmesion linguistica e identitaria para niños y niñas de 4 a 7 años  Enero a Junio 2026 - CP 749 -JM; Liquidada ; $-   
2026;1880;2;03/02/2026;MINEDUCYT-25/2023 BIRF;012685329;BASILIA  GARCIA DE LOPEZ;1401;3;7495;9;1;54599;3; $2.918.528,00 ; $-   ; $-   ; $-   ;Contratacion 7 enseñantes de la cultura y lengua indigena para atencion de nidos de inmesion linguistica e identitaria para niños y niñas de 4 a 7 años  Enero a Junio 2026 - CP 749 -JM; Liquidada ; $-   
2026;1880;1;03/02/2026;MINEDUCYT-25/2023 BIRF;012685329;BASILIA  GARCIA DE LOPEZ;1401;3;7495;9;1;54599;2; $1.866.201,00 ; $-   ; $-   ; $-   ;Contratacion 7 enseñantes de la cultura y lengua indigena para atencion de nidos de inmesion linguistica e identitaria para niños y niñas de 4 a 7 años  Enero a Junio 2026 - CP 749 -JM; Liquidada ; $-   
2026;1880;5;03/02/2026;MINEDUCYT-25/2023 BIRF;012685329;BASILIA  GARCIA DE LOPEZ;1401;3;7495;9;1;54599;6; $4.375.948,00 ; $-   ; $-   ; $-   ;Contratacion 7 enseñantes de la cultura y lengua indigena para atencion de nidos de inmesion linguistica e identitaria para niños y niñas de 4 a 7 años  Enero a Junio 2026 - CP 749 -JM; Liquidada ; $-   
2026;12071;5;06/07/2026;MINEDUCYT-25/2023-BIRF;012685329;BASILIA  GARCIA DE LOPEZ;1401;3;7495;9;1;54599;11; $1.639.304,00 ; $-   ; $-   ; $443.918,00 ;Contratacion 7 enseñantes de la cultura y lengua indigena para atencion de nidos de inmesion linguistica e identitaria para niños y niñas de 4 a 7 años Jul a Dic 2026 - CP1086- Año 2026 -JM; Aprobado ; $-   
2026;12071;4;06/07/2026;MINEDUCYT-25/2023-BIRF;012685329;BASILIA  GARCIA DE LOPEZ;1401;3;7495;9;1;54599;10; $536.457,00 ; $-   ; $-   ; $33.846,00 ;Contratacion 7 enseñantes de la cultura y lengua indigena para atencion de nidos de inmesion linguistica e identitaria para niños y niñas de 4 a 7 años Jul a Dic 2026 - CP1086- Año 2026 -JM; Aprobado ; $-   
2026;12071;3;06/07/2026;MINEDUCYT-25/2023-BIRF;12685329;BASILIA  GARCIA DE LOPEZ;1401;3;7495;9;1;54599;9; $3.544.753,00 ; $-   ; $-   ; $2.421.948,00 ;Contratacion 7 enseñantes de la cultura y lengua indigena para atencion de nidos de inmesion linguistica e identitaria para niños y niñas de 4 a 7 años Jul a Dic 2026 - CP1086- Año 2026 -JM;Aprobado; $-   
2026;12071;2;06/07/2026;MINEDUCYT-25/2023-BIRF;12685329;BASILIA  GARCIA DE LOPEZ;1401;3;7495;9;1;54599;8; $754.561,00 ; $-   ; $-   ; $689.923,00 ;Contratacion 7 enseñantes de la cultura y lengua indigena para atencion de nidos de inmesion linguistica e identitaria para niños y niñas de 4 a 7 años Jul a Dic 2026 - CP1086- Año 2026 -JM;Aprobado; $-   
2026;12071;1;06/07/2026;MINEDUCYT-25/2023-BIRF;12685329;BASILIA  GARCIA DE LOPEZ;1401;3;7495;9;1;54599;7; $3.526.258,00 ; $-   ; $-   ; $2.279.886,00 ;Contratacion 7 enseñantes de la cultura y lengua indigena para atencion de nidos de inmesion linguistica e identitaria para niños y niñas de 4 a 7 años Jul a Dic 2026 - CP1086- Año 2026 -JM;Aprobado; $-   
2026;12071;6;06/07/2026;MINEDUCYT-25/2023-BIRF;12685329;BASILIA  GARCIA DE LOPEZ;1401;3;7495;9;1;54599;12; $3.398.462,00 ; $-   ; $-   ; $1.441.805,00 ;Contratacion 7 enseñantes de la cultura y lengua indigena para atencion de nidos de inmesion linguistica e identitaria para niños y niñas de 4 a 7 años Jul a Dic 2026 - CP1086- Año 2026 -JM;Aprobado; $-   
2026;10321;1;08/06/2026;MINEDUCYT-24/2026-BIRF;12718148;VICTOR MANUEL HERNANDEZ ORTIZ;1401;3;7495;9;1;54502;6; $208.254,00 ; $-   ; $-   ; $835,00 ;CONTRATACION DE 2 PORTADORES CULTURALES PARA DESARROLLAR TALLERES DE IDENTIDAD CULTURAL LENCA Y CACAOPERA EN CENTROS EDUCATIVOS-CP 704-AÑO 2026-JM;Liquidada; $-   
2026;10321;3;08/06/2026;MINEDUCYT-24/2026-BIRF;12718148;VICTOR MANUEL HERNANDEZ ORTIZ;1401;3;7495;9;1;54502;12; $2.865.435,00 ; $-   ; $-   ; $141.618,00 ;CONTRATACION DE 2 PORTADORES CULTURALES PARA DESARROLLAR TALLERES DE IDENTIDAD CULTURAL LENCA Y CACAOPERA EN CENTROS EDUCATIVOS-CP 704-AÑO 2026-JM;Liquidada; $-   
2026;10321;2;08/06/2026;MINEDUCYT-24/2026-BIRF;12718148;VICTOR MANUEL HERNANDEZ ORTIZ;1401;3;7495;9;1;54502;8; $1.934.688,00 ; $-   ; $-   ; $812.679,00 ;CONTRATACION DE 2 PORTADORES CULTURALES PARA DESARROLLAR TALLERES DE IDENTIDAD CULTURAL LENCA Y CACAOPERA EN CENTROS EDUCATIVOS-CP 704-AÑO 2026-JM;Liquidada; $-   
2026;11866;1;19/06/2026;MINEDUCYT-24/2026-BIRF.;12718148;VICTOR MANUEL HERNANDEZ ORTIZ;1401;3;7495;9;1;54599;6; $4.608.970,00 ; $-   ; $-   ; $-   ;CONTRATACION DE 2 PORTADORES CULTURALES PARA DESARROLLAR TALLERES DE IDENTIDAD CULTURAL LENCA Y CACAOPERA EN CENTROS EDUCATIVOS-CP 704-AÑO 2026-JM.;Parcialmente Liquidada; $-   
2026;11866;3;19/06/2026;MINEDUCYT-24/2026-BIRF.;12718148;VICTOR MANUEL HERNANDEZ ORTIZ;1401;3;7495;9;1;54599;12; $1.782.952,00 ; $-   ; $-   ; $1.198.137,00 ;CONTRATACION DE 2 PORTADORES CULTURALES PARA DESARROLLAR TALLERES DE IDENTIDAD CULTURAL LENCA Y CACAOPERA EN CENTROS EDUCATIVOS-CP 704-AÑO 2026-JM.;Parcialmente Liquidada; $-   
2026;11866;2;19/06/2026;MINEDUCYT-24/2026-BIRF.;12718148;VICTOR MANUEL HERNANDEZ ORTIZ;1401;3;7495;9;1;54599;8; $4.296.588,00 ; $-   ; $-   ; $2.929.910,00 ;CONTRATACION DE 2 PORTADORES CULTURALES PARA DESARROLLAR TALLERES DE IDENTIDAD CULTURAL LENCA Y CACAOPERA EN CENTROS EDUCATIVOS-CP 704-AÑO 2026-JM.;Parcialmente Liquidada; $-   
2026;1883;5;03/02/2026;MINEDUCYT-21/2023 BIRF;12961149;LUIS  RAMIREZ ;1401;3;7495;9;1;54599;6; $848.570,00 ; $-   ; $-   ; $-   ;Contratacion 7 enseñantes de la cultura y lengua indigena para atencion de nidos de inmesion linguistica e identitaria para niños y niñas de 4 a 7 años  Enero a Junio 2026 - CP 752 -JM;Liquidada; $-   
2026;1883;1;03/02/2026;MINEDUCYT-21/2023 BIRF;12961149;LUIS  RAMIREZ ;1401;3;7495;9;1;54599;2; $708.881,00 ; $-   ; $-   ; $-   ;Contratacion 7 enseñantes de la cultura y lengua indigena para atencion de nidos de inmesion linguistica e identitaria para niños y niñas de 4 a 7 años  Enero a Junio 2026 - CP 752 -JM;Liquidada; $-   
2026;1883;3;03/02/2026;MINEDUCYT-21/2023 BIRF;12961149;LUIS  RAMIREZ ;1401;3;7495;9;1;54599;4; $3.833.591,00 ; $-   ; $-   ; $-   ;Contratacion 7 enseñantes de la cultura y lengua indigena para atencion de nidos de inmesion linguistica e identitaria para niños y niñas de 4 a 7 años  Enero a Junio 2026 - CP 752 -JM;Liquidada; $-   
2026;1883;4;03/02/2026;MINEDUCYT-21/2023 BIRF;12961149;LUIS  RAMIREZ ;1401;3;7495;9;1;54599;5; $1.134.104,00 ; $-   ; $-   ; $-   ;Contratacion 7 enseñantes de la cultura y lengua indigena para atencion de nidos de inmesion linguistica e identitaria para niños y niñas de 4 a 7 años  Enero a Junio 2026 - CP 752 -JM;Liquidada; $-   
2026;1883;2;03/02/2026;MINEDUCYT-21/2023 BIRF;12961149;LUIS  RAMIREZ ;1401;3;7495;9;1;54599;3; $3.271.078,00 ; $-   ; $-   ; $-   ;Contratacion 7 enseñantes de la cultura y lengua indigena para atencion de nidos de inmesion linguistica e identitaria para niños y niñas de 4 a 7 años  Enero a Junio 2026 - CP 752 -JM;Liquidada; $-   
2026;12068;6;06/07/2026;MINEDUCYT-21/2023-BIRF;12961149;LUIS  RAMIREZ ;1401;3;7495;9;1;54599;12; $2.558.306,00 ; $-   ; $-   ; $1.749.304,00 ;Contratacion 7 enseñantes de la cultura y lengua indigena para atencion de nidos de inmesion linguistica e identitaria para niños y niñas de 4 a 7 años Jul a Dic 2026 - CP1083- Año 2026 -JM;Aprobado; $-   
2026;12068;5;06/07/2026;MINEDUCYT-21/2023-BIRF;12961149;LUIS  RAMIREZ ;1401;3;7495;9;1;54599;11; $831.320,00 ; $-   ; $-   ; $692.430,00 ;Contratacion 7 enseñantes de la cultura y lengua indigena para atencion de nidos de inmesion linguistica e identitaria para niños y niñas de 4 a 7 años Jul a Dic 2026 - CP1083- Año 2026 -JM;Aprobado; $-   
2026;12068;4;06/07/2026;MINEDUCYT-21/2023-BIRF;12961149;LUIS  RAMIREZ ;1401;3;7495;9;1;54599;10; $1.738.514,00 ; $-   ; $-   ; $448.775,00 ;Contratacion 7 enseñantes de la cultura y lengua indigena para atencion de nidos de inmesion linguistica e identitaria para niños y niñas de 4 a 7 años Jul a Dic 2026 - CP1083- Año 2026 -JM;Aprobado; $-   
2026;12068;3;06/07/2026;MINEDUCYT-21/2023-BIRF;12961149;LUIS  RAMIREZ ;1401;3;7495;9;1;54599;9; $2.570.850,00 ; $-   ; $-   ; $886.333,00 ;Contratacion 7 enseñantes de la cultura y lengua indigena para atencion de nidos de inmesion linguistica e identitaria para niños y niñas de 4 a 7 años Jul a Dic 2026 - CP1083- Año 2026 -JM;Aprobado; $-   
2026;12068;1;06/07/2026;MINEDUCYT-21/2023-BIRF;12961149;LUIS  RAMIREZ ;1401;3;7495;9;1;54599;7; $1.524.417,00 ; $-   ; $-   ; $84.971,00 ;Contratacion 7 enseñantes de la cultura y lengua indigena para atencion de nidos de inmesion linguistica e identitaria para niños y niñas de 4 a 7 años Jul a Dic 2026 - CP1083- Año 2026 -JM;Aprobado; $-   
2026;12068;2;06/07/2026;MINEDUCYT-21/2023-BIRF;12961149;LUIS  RAMIREZ ;1401;3;7495;9;1;54599;8; $2.012.497,00 ; $-   ; $-   ; $2.004.131,00 ;Contratacion 7 enseñantes de la cultura y lengua indigena para atencion de nidos de inmesion linguistica e identitaria para niños y niñas de 4 a 7 años Jul a Dic 2026 - CP1083- Año 2026 -JM;Aprobado; $-   
2026;2236;5;13/02/2026;MINEDUCYT-38/2023-BIRF;12985630;ZULMA YESSENIA LEIVA CHAVEZ;1401;3;7495;9;1;54599;6; $1.460.884,00 ; $-   ; $-   ; $-   ;CONTRATACION DE 1 ESPECIALISTA EN EDUCACION CON EXPERIENCIA EN FORMACION DOCENTE Y MANEJO DE PLATAFORMAS DOCENTES VIRTUALES PARA  APOYO Y SEGUIMIENTO DE LA FORMACION INICIAL DOCENTE-CP 765-AÑO 2026-JM;Liquidada; $-   
2026;2236;1;13/02/2026;MINEDUCYT-38/2023-BIRF;12985630;ZULMA YESSENIA LEIVA CHAVEZ;1401;3;7495;9;1;54599;2; $2.427.428,00 ; $-   ; $-   ; $-   ;CONTRATACION DE 1 ESPECIALISTA EN EDUCACION CON EXPERIENCIA EN FORMACION DOCENTE Y MANEJO DE PLATAFORMAS DOCENTES VIRTUALES PARA  APOYO Y SEGUIMIENTO DE LA FORMACION INICIAL DOCENTE-CP 765-AÑO 2026-JM;Liquidada; $-   
2026;2236;2;13/02/2026;MINEDUCYT-38/2023-BIRF;12985630;ZULMA YESSENIA LEIVA CHAVEZ;1401;3;7495;9;1;54599;3; $3.483.134,00 ; $-   ; $-   ; $-   ;CONTRATACION DE 1 ESPECIALISTA EN EDUCACION CON EXPERIENCIA EN FORMACION DOCENTE Y MANEJO DE PLATAFORMAS DOCENTES VIRTUALES PARA  APOYO Y SEGUIMIENTO DE LA FORMACION INICIAL DOCENTE-CP 765-AÑO 2026-JM;Liquidada; $-   
2026;2236;3;13/02/2026;MINEDUCYT-38/2023-BIRF;12985630;ZULMA YESSENIA LEIVA CHAVEZ;1401;3;7495;9;1;54599;4; $503.654,00 ; $-   ; $-   ; $-   ;CONTRATACION DE 1 ESPECIALISTA EN EDUCACION CON EXPERIENCIA EN FORMACION DOCENTE Y MANEJO DE PLATAFORMAS DOCENTES VIRTUALES PARA  APOYO Y SEGUIMIENTO DE LA FORMACION INICIAL DOCENTE-CP 765-AÑO 2026-JM;Liquidada; $-   
2026;2236;4;13/02/2026;MINEDUCYT-38/2023-BIRF;12985630;ZULMA YESSENIA LEIVA CHAVEZ;1401;3;7495;9;1;54599;5; $1.413.692,00 ; $-   ; $-   ; $-   ;CONTRATACION DE 1 ESPECIALISTA EN EDUCACION CON EXPERIENCIA EN FORMACION DOCENTE Y MANEJO DE PLATAFORMAS DOCENTES VIRTUALES PARA  APOYO Y SEGUIMIENTO DE LA FORMACION INICIAL DOCENTE-CP 765-AÑO 2026-JM;Liquidada; $-   
2026;11973;1;26/06/2026;MINEDUCYT-38/2023-BIRF;12985630;ZULMA YESSENIA LEIVA CHAVEZ;1401;3;7495;9;1;54599;7; $1.840.111,00 ; $-   ; $-   ; $712.707,00 ;CONTRATACION DE 1 ESPECIALISTA EN EDUCACION CON EXPERIENCIA EN FORMACION DOCENTE Y MANEJO DE PLATAFORMAS DOCENTES VIRTUALES PARA  APOYO Y SEGUIMIENTO DE LA FORMACION INICIAL DOCENTE-CP 989-AÑO 2026-JM.;Aprobado; $-   
2026;11973;2;26/06/2026;MINEDUCYT-38/2023-BIRF;12985630;ZULMA YESSENIA LEIVA CHAVEZ;1401;3;7495;9;1;54599;8; $1.039.905,00 ; $-   ; $-   ; $659.166,00 ;CONTRATACION DE 1 ESPECIALISTA EN EDUCACION CON EXPERIENCIA EN FORMACION DOCENTE Y MANEJO DE PLATAFORMAS DOCENTES VIRTUALES PARA  APOYO Y SEGUIMIENTO DE LA FORMACION INICIAL DOCENTE-CP 989-AÑO 2026-JM.;Aprobado; $-   
2026;11973;3;26/06/2026;MINEDUCYT-38/2023-BIRF;12985630;ZULMA YESSENIA LEIVA CHAVEZ;1401;3;7495;9;1;54599;9; $2.367.960,00 ; $-   ; $-   ; $14.886,00 ;CONTRATACION DE 1 ESPECIALISTA EN EDUCACION CON EXPERIENCIA EN FORMACION DOCENTE Y MANEJO DE PLATAFORMAS DOCENTES VIRTUALES PARA  APOYO Y SEGUIMIENTO DE LA FORMACION INICIAL DOCENTE-CP 989-AÑO 2026-JM.;Aprobado; $-   
2026;11973;4;26/06/2026;MINEDUCYT-38/2023-BIRF;12985630;ZULMA YESSENIA LEIVA CHAVEZ;1401;3;7495;9;1;54599;10; $1.732.092,00 ; $-   ; $-   ; $887.821,00 ;CONTRATACION DE 1 ESPECIALISTA EN EDUCACION CON EXPERIENCIA EN FORMACION DOCENTE Y MANEJO DE PLATAFORMAS DOCENTES VIRTUALES PARA  APOYO Y SEGUIMIENTO DE LA FORMACION INICIAL DOCENTE-CP 989-AÑO 2026-JM.;Aprobado; $-   
2026;11973;6;26/06/2026;MINEDUCYT-38/2023-BIRF;12985630;ZULMA YESSENIA LEIVA CHAVEZ;1401;3;7495;9;1;54599;12; $104.252,00 ; $-   ; $-   ; $61.198,00 ;CONTRATACION DE 1 ESPECIALISTA EN EDUCACION CON EXPERIENCIA EN FORMACION DOCENTE Y MANEJO DE PLATAFORMAS DOCENTES VIRTUALES PARA  APOYO Y SEGUIMIENTO DE LA FORMACION INICIAL DOCENTE-CP 989-AÑO 2026-JM.;Aprobado; $-   
2026;11973;5;26/06/2026;MINEDUCYT-38/2023-BIRF;12985630;ZULMA YESSENIA LEIVA CHAVEZ;1401;3;7495;9;1;54599;11; $2.039.367,00 ; $-   ; $-   ; $1.311.094,00 ;CONTRATACION DE 1 ESPECIALISTA EN EDUCACION CON EXPERIENCIA EN FORMACION DOCENTE Y MANEJO DE PLATAFORMAS DOCENTES VIRTUALES PARA  APOYO Y SEGUIMIENTO DE LA FORMACION INICIAL DOCENTE-CP 989-AÑO 2026-JM.;Aprobado; $-   
2026;1751;4;28/01/2026;MINEDUCYT-47/2024-BIRF;13116187;NOEMY ERNESTINA CONTRERAS DE GUERRERO;1401;3;7495;9;1;54599;5; $3.998.695,00 ; $-   ; $-   ; $-   ;CONTRATACIÓN DE PORTADOR CULTURAL No 4 Y 5 PARA LA  ATENCIÓN DE NIDOS DE INMERSIÓN LINGÜÍSTICA PARA NIÑOS Y NIÑAS DE 4 A 7 AÑOS-MECT-M-494/2025-AÑO 2026-CP 756-JM;Liquidada; $-   
2026;1751;3;28/01/2026;MINEDUCYT-47/2024-BIRF;13116187;NOEMY ERNESTINA CONTRERAS DE GUERRERO;1401;3;7495;9;1;54599;4; $2.482.345,00 ; $-   ; $-   ; $-   ;CONTRATACIÓN DE PORTADOR CULTURAL No 4 Y 5 PARA LA  ATENCIÓN DE NIDOS DE INMERSIÓN LINGÜÍSTICA PARA NIÑOS Y NIÑAS DE 4 A 7 AÑOS-MECT-M-494/2025-AÑO 2026-CP 756-JM;Liquidada; $-   
2026;1751;2;28/01/2026;MINEDUCYT-47/2024-BIRF;13116187;NOEMY ERNESTINA CONTRERAS DE GUERRERO;1401;3;7495;9;1;54599;3; $582.806,00 ; $-   ; $-   ; $-   ;CONTRATACIÓN DE PORTADOR CULTURAL No 4 Y 5 PARA LA  ATENCIÓN DE NIDOS DE INMERSIÓN LINGÜÍSTICA PARA NIÑOS Y NIÑAS DE 4 A 7 AÑOS-MECT-M-494/2025-AÑO 2026-CP 756-JM;Liquidada; $-   
2026;1751;1;28/01/2026;MINEDUCYT-47/2024-BIRF;13116187;NOEMY ERNESTINA CONTRERAS DE GUERRERO;1401;3;7495;9;1;54599;2; $1.347.308,00 ; $-   ; $-   ; $-   ;CONTRATACIÓN DE PORTADOR CULTURAL No 4 Y 5 PARA LA  ATENCIÓN DE NIDOS DE INMERSIÓN LINGÜÍSTICA PARA NIÑOS Y NIÑAS DE 4 A 7 AÑOS-MECT-M-494/2025-AÑO 2026-CP 756-JM;Liquidada; $-   
2026;1751;5;28/01/2026;MINEDUCYT-47/2024-BIRF;13116187;NOEMY ERNESTINA CONTRERAS DE GUERRERO;1401;3;7495;9;1;54599;6; $2.398.218,00 ; $-   ; $-   ; $-   ;CONTRATACIÓN DE PORTADOR CULTURAL No 4 Y 5 PARA LA  ATENCIÓN DE NIDOS DE INMERSIÓN LINGÜÍSTICA PARA NIÑOS Y NIÑAS DE 4 A 7 AÑOS-MECT-M-494/2025-AÑO 2026-CP 756-JM;Liquidada; $-   
2026;11925;5;24/06/2026;MINEDUCYT-47/2024 BIRF;13116187;NOEMY ERNESTINA CONTRERAS DE GUERRERO;1401;3;7495;9;1;54599;11; $650.964,00 ; $-   ; $-   ; $508.957,00 ;Contratación de 1 portador cultural para atencion de nido de inmmersion linguistica e identitaria para niños y niñas de 4-7 años de Cuisnahuat CP 1088 -AÑO 2026- JM-krn;Aprobado; $-   
2026;11925;4;24/06/2026;MINEDUCYT-47/2024 BIRF;13116187;NOEMY ERNESTINA CONTRERAS DE GUERRERO;1401;3;7495;9;1;54599;10; $3.293.761,00 ; $-   ; $-   ; $283.661,00 ;Contratación de 1 portador cultural para atencion de nido de inmmersion linguistica e identitaria para niños y niñas de 4-7 años de Cuisnahuat CP 1088 -AÑO 2026- JM-krn;Aprobado; $-   
2026;11925;3;24/06/2026;MINEDUCYT-47/2024 BIRF;13116187;NOEMY ERNESTINA CONTRERAS DE GUERRERO;1401;3;7495;9;1;54599;9; $1.216.386,00 ; $-   ; $-   ; $539.121,00 ;Contratación de 1 portador cultural para atencion de nido de inmmersion linguistica e identitaria para niños y niñas de 4-7 años de Cuisnahuat CP 1088 -AÑO 2026- JM-krn;Aprobado; $-   
2026;11925;2;24/06/2026;MINEDUCYT-47/2024 BIRF;13116187;NOEMY ERNESTINA CONTRERAS DE GUERRERO;1401;3;7495;9;1;54599;8; $662.128,00 ; $-   ; $-   ; $444.704,00 ;Contratación de 1 portador cultural para atencion de nido de inmmersion linguistica e identitaria para niños y niñas de 4-7 años de Cuisnahuat CP 1088 -AÑO 2026- JM-krn;Aprobado; $-   
2026;11925;1;24/06/2026;MINEDUCYT-47/2024 BIRF;13116187;NOEMY ERNESTINA CONTRERAS DE GUERRERO;1401;3;7495;9;1;54599;7; $910.367,00 ; $-   ; $-   ; $363.055,00 ;Contratación de 1 portador cultural para atencion de nido de inmmersion linguistica e identitaria para niños y niñas de 4-7 años de Cuisnahuat CP 1088 -AÑO 2026- JM-krn;Aprobado; $-   
2026;11925;6;24/06/2026;MINEDUCYT-47/2024 BIRF;13116187;NOEMY ERNESTINA CONTRERAS DE GUERRERO;1401;3;7495;9;1;54599;12; $3.350.233,00 ; $-   ; $-   ; $2.827.411,00 ;Contratación de 1 portador cultural para atencion de nido de inmmersion linguistica e identitaria para niños y niñas de 4-7 años de Cuisnahuat CP 1088 -AÑO 2026- JM-krn;Aprobado; $-   
2026;1740;1;27/01/2026;MINEDUCYT-26/2023-BIRF;15010688;CARLOS RAFAEL CASTELLANOS MENENDEZ;1401;3;7495;9;1;54599;2; $1.125.558,00 ; $-   ; $-   ; $-   ;Contratación de especialista No.2, 4 y 5 de adquisiciones para apoyar los procesos de adquisición y contratación de obras, bienes servicios de no consultoría y consultorías-año 2026-cp 759-JM;Liquidada; $-   
2026;1740;2;27/01/2026;MINEDUCYT-26/2023-BIRF;15010688;CARLOS RAFAEL CASTELLANOS MENENDEZ;1401;3;7495;9;1;54599;3; $4.025.176,00 ; $-   ; $-   ; $-   ;Contratación de especialista No.2, 4 y 5 de adquisiciones para apoyar los procesos de adquisición y contratación de obras, bienes servicios de no consultoría y consultorías-año 2026-cp 759-JM;Liquidada; $-   
2026;1740;3;27/01/2026;MINEDUCYT-26/2023-BIRF;15010688;CARLOS RAFAEL CASTELLANOS MENENDEZ;1401;3;7495;9;1;54599;4; $2.027.140,00 ; $-   ; $-   ; $-   ;Contratación de especialista No.2, 4 y 5 de adquisiciones para apoyar los procesos de adquisición y contratación de obras, bienes servicios de no consultoría y consultorías-año 2026-cp 759-JM;Liquidada; $-   
2026;1740;4;27/01/2026;MINEDUCYT-26/2023-BIRF;15010688;CARLOS RAFAEL CASTELLANOS MENENDEZ;1401;3;7495;9;1;54599;5; $3.239.115,00 ; $-   ; $-   ; $-   ;Contratación de especialista No.2, 4 y 5 de adquisiciones para apoyar los procesos de adquisición y contratación de obras, bienes servicios de no consultoría y consultorías-año 2026-cp 759-JM;Liquidada; $-   
2026;1740;5;27/01/2026;MINEDUCYT-26/2023-BIRF;15010688;CARLOS RAFAEL CASTELLANOS MENENDEZ;1401;3;7495;9;1;54599;6; $3.640.424,00 ; $-   ; $-   ; $-   ;Contratación de especialista No.2, 4 y 5 de adquisiciones para apoyar los procesos de adquisición y contratación de obras, bienes servicios de no consultoría y consultorías-año 2026-cp 759-JM;Liquidada; $-   
2026;12055;6;03/07/2026;MINEDUCYT-26/2023-BIRF.;15010688;CARLOS RAFAEL CASTELLANOS MENENDEZ;1401;3;7495;9;1;54599;12; $1.197.459,00 ; $-   ; $-   ; $676.666,00 ;Contratación de especialista No.2, 4 y 5 de adquisiciones para apoyar los procesos de adquisición y contratación de obras, bienes servicios de no consultoría y consultorías-año 2026-cp 1038-JM;Aprobado; $-   
2026;12055;5;03/07/2026;MINEDUCYT-26/2023-BIRF.;15010688;CARLOS RAFAEL CASTELLANOS MENENDEZ;1401;3;7495;9;1;54599;11; $1.272.303,00 ; $-   ; $-   ; $797.037,00 ;Contratación de especialista No.2, 4 y 5 de adquisiciones para apoyar los procesos de adquisición y contratación de obras, bienes servicios de no consultoría y consultorías-año 2026-cp 1038-JM;Aprobado; $-   
2026;12055;4;03/07/2026;MINEDUCYT-26/2023-BIRF.;15010688;CARLOS RAFAEL CASTELLANOS MENENDEZ;1401;3;7495;9;1;54599;10; $240.781,00 ; $-   ; $-   ; $127.276,00 ;Contratación de especialista No.2, 4 y 5 de adquisiciones para apoyar los procesos de adquisición y contratación de obras, bienes servicios de no consultoría y consultorías-año 2026-cp 1038-JM;Aprobado; $-   
2026;12055;3;03/07/2026;MINEDUCYT-26/2023-BIRF.;15010688;CARLOS RAFAEL CASTELLANOS MENENDEZ;1401;3;7495;9;1;54599;9; $4.219.862,00 ; $-   ; $-   ; $4.132.315,00 ;Contratación de especialista No.2, 4 y 5 de adquisiciones para apoyar los procesos de adquisición y contratación de obras, bienes servicios de no consultoría y consultorías-año 2026-cp 1038-JM;Aprobado; $-   
2026;12055;1;03/07/2026;MINEDUCYT-26/2023-BIRF.;15010688;CARLOS RAFAEL CASTELLANOS MENENDEZ;1401;3;7495;9;1;54599;7; $1.621.807,00 ; $-   ; $-   ; $1.165.850,00 ;Contratación de especialista No.2, 4 y 5 de adquisiciones para apoyar los procesos de adquisición y contratación de obras, bienes servicios de no consultoría y consultorías-año 2026-cp 1038-JM;Aprobado; $-   
2026;12055;2;03/07/2026;MINEDUCYT-26/2023-BIRF.;15010688;CARLOS RAFAEL CASTELLANOS MENENDEZ;1401;3;7495;9;1;54599;8; $138.873,00 ; $-   ; $-   ; $43.373,00 ;Contratación de especialista No.2, 4 y 5 de adquisiciones para apoyar los procesos de adquisición y contratación de obras, bienes servicios de no consultoría y consultorías-año 2026-cp 1038-JM;Aprobado; $-   
2026;6459;1;26/03/2026;MINEDUCYT-109/2026-BIRF;15300562;MARIA ROSARIO HERNANDEZ CORTEZ;1401;3;7495;9;1;54502;4; $2.770.879,00 ; $-   ; $-   ; $958.826,00 ;CONTRATACION DE 28 PORTADORES CULTURALES PARA DESARROLLAR TALLERES DE IDENTIDAD CULTURAL NÁHUAT, LENCA Y CACAOPERA EN CENTROS EDUCATIVOS-CP 692-AÑO 2026-JM;Liquidada; $-   
2026;11849;1;18/06/2026;MINEDUCYT-109/2026-BIRF.;15300562;MARIA ROSARIO HERNANDEZ CORTEZ;1401;3;7495;9;1;54599;6; $2.610.717,00 ; $-   ; $-   ; $-   ;CONTRATACION DE 28 PORTADORES CULTURALES PARA DESARROLLAR TALLERES DE IDENTIDAD CULTURAL NÁHUAT, LENCA Y CACAOPERA EN CENTROS EDUCATIVOS-CP 692-AÑO 2026-JM;Liquidada; $-   
2026;6465;1;26/03/2026;MINEDUCYT-115/2025-BIRF;15386584;RUFINO  FERNANDEZ GARCIA;1401;3;7495;9;1;54502;4; $3.939.189,00 ; $-   ; $-   ; $3.596.892,00 ;CONTRATACION DE 28 PORTADORES CULTURALES PARA DESARROLLAR TALLERES DE IDENTIDAD CULTURAL NÁHUAT, LENCA Y CACAOPERA EN CENTROS EDUCATIVOS-CP 692-AÑO 2026-JM;Liquidada; $-   
2026;11843;1;18/06/2026;MINEDUCYT-115/2025 BIRF;15386584;RUFINO  FERNANDEZ GARCIA;1401;3;7495;9;1;54599;6; $3.390.915,00 ; $-   ; $-   ; $-   ;CONTRATACION DE 28 PORTADORES CULTURALES PARA DESARROLLAR TALLERES DE IDENTIDAD CULTURAL NÁHUAT, LENCA Y CACAOPERA EN CENTROS EDUCATIVOS-CP 692-AÑO 2026-JM;Liquidada; $-   
2026;6428;1;26/03/2026;MINEDUCYT-94/2025-BIRF;16259895;EDWIN MIGUEL FLORES TORRES;1401;3;7495;9;1;54502;4; $1.864.892,00 ; $1.375,00 ; $-   ; $-   ;CONTRATACION DE 28 PORTADORES CULTURALES PARA DESARROLLAR TALLERES DE IDENTIDAD CULTURAL NÁHUAT, LENCA Y CACAOPERA EN CENTROS EDUCATIVOS-CP 692-AÑO 2026-JM;Liquidada; $4.789.112,00 
2026;11828;1;16/06/2026;MINEDUCYT-94/2025-BIRF.;16259895;EDWIN MIGUEL FLORES TORRES;1401;3;7495;9;1;54599;6; $900.272,00 ; $-   ; $-   ; $-   ;CONTRATACION DE 28 PORTADORES CULTURALES PARA DESARROLLAR TALLERES DE IDENTIDAD CULTURAL NÁHUAT, LENCA Y CACAOPERA EN CENTROS EDUCATIVOS-CP 692-AÑO 2026-JM.;Liquidada; $-   
2026;10246;1;01/06/2026;MINEDUCYT-29/2026-BIRF;17092246;GERARDO ALEXIS BARRERA HERNANDEZ;1401;3;7495;9;1;54599;6; $2.916.674,00 ; $-   ; $-   ; $-   ;CONTRATACIÓN DE ESPECIALISTA TÉCNICO DE SEGUIMIENTO AMBIENTAL Y SOCIAL PARA LA UIP-CP 733-AÑO 2026-JM;Parcialmente Liquidada; $-   
2026;10246;2;01/06/2026;MINEDUCYT-29/2026-BIRF;17092246;GERARDO ALEXIS BARRERA HERNANDEZ;1401;3;7495;9;1;54599;7; $399.760,00 ; $-   ; $-   ; $357.043,00 ;CONTRATACIÓN DE ESPECIALISTA TÉCNICO DE SEGUIMIENTO AMBIENTAL Y SOCIAL PARA LA UIP-CP 733-AÑO 2026-JM;Parcialmente Liquidada; $-   
2026;10246;3;01/06/2026;MINEDUCYT-29/2026-BIRF;17092246;GERARDO ALEXIS BARRERA HERNANDEZ;1401;3;7495;9;1;54599;8; $3.902.082,00 ; $-   ; $-   ; $433.412,00 ;CONTRATACIÓN DE ESPECIALISTA TÉCNICO DE SEGUIMIENTO AMBIENTAL Y SOCIAL PARA LA UIP-CP 733-AÑO 2026-JM;Parcialmente Liquidada; $-   
2026;10246;4;01/06/2026;MINEDUCYT-29/2026-BIRF;17092246;GERARDO ALEXIS BARRERA HERNANDEZ;1401;3;7495;9;1;54599;9; $730.880,00 ; $-   ; $-   ; $442.897,00 ;CONTRATACIÓN DE ESPECIALISTA TÉCNICO DE SEGUIMIENTO AMBIENTAL Y SOCIAL PARA LA UIP-CP 733-AÑO 2026-JM;Parcialmente Liquidada; $-   
2026;10246;5;01/06/2026;MINEDUCYT-29/2026-BIRF;17092246;GERARDO ALEXIS BARRERA HERNANDEZ;1401;3;7495;9;1;54599;10; $100.604,00 ; $-   ; $-   ; $56.983,00 ;CONTRATACIÓN DE ESPECIALISTA TÉCNICO DE SEGUIMIENTO AMBIENTAL Y SOCIAL PARA LA UIP-CP 733-AÑO 2026-JM;Parcialmente Liquidada; $-   
2026;1788;1;29/01/2026;MINEDUCYT-33/2023-BIRF;17167504;IRIS DALIVETH FERNANDEZ DE LOPEZ;1401;3;7495;9;1;54599;2; $3.990.500,00 ; $-   ; $-   ; $-   ;CONTRATACIÓN DE 6 ESPECIALISTAS SENIOR EN DISEÑO ARQUITECTÓNICO PARA APOYO A LA DIRECCIÓN DE INFRAESTRUCTURA Y AMBIENTES EDUCATIVO-MECT-M-459/2025-AÑO 2026-CP 797-JM;Liquidada; $-   
2026;1788;2;29/01/2026;MINEDUCYT-33/2023-BIRF;17167504;IRIS DALIVETH FERNANDEZ DE LOPEZ;1401;3;7495;9;1;54599;3; $59.391,00 ; $-   ; $-   ; $-   ;CONTRATACIÓN DE 6 ESPECIALISTAS SENIOR EN DISEÑO ARQUITECTÓNICO PARA APOYO A LA DIRECCIÓN DE INFRAESTRUCTURA Y AMBIENTES EDUCATIVO-MECT-M-459/2025-AÑO 2026-CP 797-JM;Liquidada; $-   
2026;1788;3;29/01/2026;MINEDUCYT-33/2023-BIRF;17167504;IRIS DALIVETH FERNANDEZ DE LOPEZ;1401;3;7495;9;1;54599;4; $3.043.032,00 ; $-   ; $-   ; $-   ;CONTRATACIÓN DE 6 ESPECIALISTAS SENIOR EN DISEÑO ARQUITECTÓNICO PARA APOYO A LA DIRECCIÓN DE INFRAESTRUCTURA Y AMBIENTES EDUCATIVO-MECT-M-459/2025-AÑO 2026-CP 797-JM;Liquidada; $-   
2026;1788;4;29/01/2026;MINEDUCYT-33/2023-BIRF;17167504;IRIS DALIVETH FERNANDEZ DE LOPEZ;1401;3;7495;9;1;54599;5; $3.783.049,00 ; $-   ; $-   ; $-   ;CONTRATACIÓN DE 6 ESPECIALISTAS SENIOR EN DISEÑO ARQUITECTÓNICO PARA APOYO A LA DIRECCIÓN DE INFRAESTRUCTURA Y AMBIENTES EDUCATIVO-MECT-M-459/2025-AÑO 2026-CP 797-JM;Liquidada; $-   
2026;1788;5;29/01/2026;MINEDUCYT-33/2023-BIRF;17167504;IRIS DALIVETH FERNANDEZ DE LOPEZ;1401;3;7495;9;1;54599;6; $4.811.611,00 ; $-   ; $-   ; $-   ;CONTRATACIÓN DE 6 ESPECIALISTAS SENIOR EN DISEÑO ARQUITECTÓNICO PARA APOYO A LA DIRECCIÓN DE INFRAESTRUCTURA Y AMBIENTES EDUCATIVO-MECT-M-459/2025-AÑO 2026-CP 797-JM;Liquidada; $-   
2026;12003;1;29/06/2026;MINEDUCYT-33/2023-BIRF;17167504;IRIS DALIVETH FERNANDEZ DE LOPEZ;1401;3;7495;9;1;54599;7; $2.246.306,00 ; $-   ; $-   ; $1.361.123,00 ;CONTRATACIÓN DE 6 ESPECIALISTAS SENIOR EN DISEÑO ARQUITECTÓNICO PARA APOYO A LA DIRECCIÓN DE INFRAESTRUCTURA Y AMBIENTES EDUCATIVO-MECT-M-261/2026-AÑO 2026-CP 1049-JM;Aprobado; $-   
2026;12003;2;29/06/2026;MINEDUCYT-33/2023-BIRF;17167504;IRIS DALIVETH FERNANDEZ DE LOPEZ;1401;3;7495;9;1;54599;8; $1.005.068,00 ; $-   ; $-   ; $185.708,00 ;CONTRATACIÓN DE 6 ESPECIALISTAS SENIOR EN DISEÑO ARQUITECTÓNICO PARA APOYO A LA DIRECCIÓN DE INFRAESTRUCTURA Y AMBIENTES EDUCATIVO-MECT-M-261/2026-AÑO 2026-CP 1049-JM;Aprobado; $-   
2026;12003;3;29/06/2026;MINEDUCYT-33/2023-BIRF;17167504;IRIS DALIVETH FERNANDEZ DE LOPEZ;1401;3;7495;9;1;54599;9; $3.232.248,00 ; $-   ; $-   ; $1.123.636,00 ;CONTRATACIÓN DE 6 ESPECIALISTAS SENIOR EN DISEÑO ARQUITECTÓNICO PARA APOYO A LA DIRECCIÓN DE INFRAESTRUCTURA Y AMBIENTES EDUCATIVO-MECT-M-261/2026-AÑO 2026-CP 1049-JM;Aprobado; $-   
2026;12003;4;29/06/2026;MINEDUCYT-33/2023-BIRF;17167504;IRIS DALIVETH FERNANDEZ DE LOPEZ;1401;3;7495;9;1;54599;10; $3.356.176,00 ; $-   ; $-   ; $20.267,00 ;CONTRATACIÓN DE 6 ESPECIALISTAS SENIOR EN DISEÑO ARQUITECTÓNICO PARA APOYO A LA DIRECCIÓN DE INFRAESTRUCTURA Y AMBIENTES EDUCATIVO-MECT-M-261/2026-AÑO 2026-CP 1049-JM;Aprobado; $-   
2026;12003;5;29/06/2026;MINEDUCYT-33/2023-BIRF;17167504;IRIS DALIVETH FERNANDEZ DE LOPEZ;1401;3;7495;9;1;54599;11; $1.629.787,00 ; $-   ; $-   ; $1.320.922,00 ;CONTRATACIÓN DE 6 ESPECIALISTAS SENIOR EN DISEÑO ARQUITECTÓNICO PARA APOYO A LA DIRECCIÓN DE INFRAESTRUCTURA Y AMBIENTES EDUCATIVO-MECT-M-261/2026-AÑO 2026-CP 1049-JM;Aprobado; $-   
2026;12003;6;29/06/2026;MINEDUCYT-33/2023-BIRF;17167504;IRIS DALIVETH FERNANDEZ DE LOPEZ;1401;3;7495;9;1;54599;12; $2.408.034,00 ; $-   ; $-   ; $705.986,00 ;CONTRATACIÓN DE 6 ESPECIALISTAS SENIOR EN DISEÑO ARQUITECTÓNICO PARA APOYO A LA DIRECCIÓN DE INFRAESTRUCTURA Y AMBIENTES EDUCATIVO-MECT-M-261/2026-AÑO 2026-CP 1049-JM;Aprobado; $-   
2026;1754;4;28/01/2026;MINEDUCYT-61/2023-BIRF;17171210;CESAR HERNAN VILLAFUERTE PADILLA;1401;3;7495;9;1;54599;5; $3.684.069,00 ; $-   ; $-   ; $-   ;CONTRATACIÓN DE 3 TÉCNICOS CON ESPECIALIDAD EN GESTIÓN SOCIAL PARA LOS PROYECTOS DE INVERSIÓN-MECT-M-441/2025-AÑO 2026-CP 815-JM ;Liquidada; $-   
2026;1754;3;28/01/2026;MINEDUCYT-61/2023-BIRF;17171210;CESAR HERNAN VILLAFUERTE PADILLA;1401;3;7495;9;1;54599;4; $3.579.438,00 ; $-   ; $-   ; $-   ;CONTRATACIÓN DE 3 TÉCNICOS CON ESPECIALIDAD EN GESTIÓN SOCIAL PARA LOS PROYECTOS DE INVERSIÓN-MECT-M-441/2025-AÑO 2026-CP 815-JM ;Liquidada; $-   
2026;1754;2;28/01/2026;MINEDUCYT-61/2023-BIRF;17171210;CESAR HERNAN VILLAFUERTE PADILLA;1401;3;7495;9;1;54599;3; $384.708,00 ; $-   ; $-   ; $-   ;CONTRATACIÓN DE 3 TÉCNICOS CON ESPECIALIDAD EN GESTIÓN SOCIAL PARA LOS PROYECTOS DE INVERSIÓN-MECT-M-441/2025-AÑO 2026-CP 815-JM ;Liquidada; $-   
2026;1754;1;28/01/2026;MINEDUCYT-61/2023-BIRF;17171210;CESAR HERNAN VILLAFUERTE PADILLA;1401;3;7495;9;1;54599;2; $3.878.421,00 ; $-   ; $-   ; $-   ;CONTRATACIÓN DE 3 TÉCNICOS CON ESPECIALIDAD EN GESTIÓN SOCIAL PARA LOS PROYECTOS DE INVERSIÓN-MECT-M-441/2025-AÑO 2026-CP 815-JM ;Liquidada; $-   
2026;1754;5;28/01/2026;MINEDUCYT-61/2023-BIRF;17171210;CESAR HERNAN VILLAFUERTE PADILLA;1401;3;7495;9;1;54599;6; $1.867.522,00 ; $-   ; $-   ; $-   ;CONTRATACIÓN DE 3 TÉCNICOS CON ESPECIALIDAD EN GESTIÓN SOCIAL PARA LOS PROYECTOS DE INVERSIÓN-MECT-M-441/2025-AÑO 2026-CP 815-JM ;Liquidada; $-   
2026;12085;5;08/07/2026;MINEDUCYT-61/2023-BIRF;17171210;CESAR HERNAN VILLAFUERTE PADILLA;1401;3;7495;9;1;54599;11; $4.978.721,00 ; $-   ; $-   ; $1.316.443,00 ;CONTRATACIÓN DE 3 TÉCNICOS CON ESPECIALIDAD EN GESTIÓN SOCIAL PARA LOS PROYECTOS DE INVERSIÓN-MECT-M-342/2026-AÑO 2026-CP 1069-JM ;Aprobado; $-   
2026;12085;4;08/07/2026;MINEDUCYT-61/2023-BIRF;17171210;CESAR HERNAN VILLAFUERTE PADILLA;1401;3;7495;9;1;54599;10; $2.704.160,00 ; $-   ; $-   ; $967.001,00 ;CONTRATACIÓN DE 3 TÉCNICOS CON ESPECIALIDAD EN GESTIÓN SOCIAL PARA LOS PROYECTOS DE INVERSIÓN-MECT-M-342/2026-AÑO 2026-CP 1069-JM ;Aprobado; $-   
2026;12085;3;08/07/2026;MINEDUCYT-61/2023-BIRF;17171210;CESAR HERNAN VILLAFUERTE PADILLA;1401;3;7495;9;1;54599;9; $583.887,00 ; $-   ; $-   ; $251.552,00 ;CONTRATACIÓN DE 3 TÉCNICOS CON ESPECIALIDAD EN GESTIÓN SOCIAL PARA LOS PROYECTOS DE INVERSIÓN-MECT-M-342/2026-AÑO 2026-CP 1069-JM ;Aprobado; $-   
2026;12085;2;08/07/2026;MINEDUCYT-61/2023-BIRF;17171210;CESAR HERNAN VILLAFUERTE PADILLA;1401;3;7495;9;1;54599;8; $4.682.951,00 ; $-   ; $-   ; $1.510.699,00 ;CONTRATACIÓN DE 3 TÉCNICOS CON ESPECIALIDAD EN GESTIÓN SOCIAL PARA LOS PROYECTOS DE INVERSIÓN-MECT-M-342/2026-AÑO 2026-CP 1069-JM ;Aprobado; $-   
2026;12085;1;08/07/2026;MINEDUCYT-61/2023-BIRF;17171210;CESAR HERNAN VILLAFUERTE PADILLA;1401;3;7495;9;1;54599;7; $4.923.003,00 ; $-   ; $-   ; $4.869.725,00 ;CONTRATACIÓN DE 3 TÉCNICOS CON ESPECIALIDAD EN GESTIÓN SOCIAL PARA LOS PROYECTOS DE INVERSIÓN-MECT-M-342/2026-AÑO 2026-CP 1069-JM ;Aprobado; $-   
2026;12085;6;08/07/2026;MINEDUCYT-61/2023-BIRF;17171210;CESAR HERNAN VILLAFUERTE PADILLA;1401;3;7495;9;1;54599;12; $3.208.663,00 ; $-   ; $-   ; $2.085.677,00 ;CONTRATACIÓN DE 3 TÉCNICOS CON ESPECIALIDAD EN GESTIÓN SOCIAL PARA LOS PROYECTOS DE INVERSIÓN-MECT-M-342/2026-AÑO 2026-CP 1069-JM ;Aprobado; $-   
2026;1768;3;28/01/2026;MINEDUCYT-14/2024-BIRF;17193050;JOSE ROBERTO RIVERA MUÑOZ;1401;3;7495;9;1;54599;4; $4.593.688,00 ; $-   ; $-   ; $-   ;CONTRATACION DE TECNICO CON ESPECIALIDAD EN GESTION AMBIENTAL PARA LA UNIDAD DE INFRAESTRUCTURA EDUCATIVA DEL MOPT-MECT-M-358/2025-AÑO 2026-CP 830-JM;Liquidada; $-   
2026;1768;4;28/01/2026;MINEDUCYT-14/2024-BIRF;17193050;JOSE ROBERTO RIVERA MUÑOZ;1401;3;7495;9;1;54599;5; $1.239.067,00 ; $-   ; $-   ; $-   ;CONTRATACION DE TECNICO CON ESPECIALIDAD EN GESTION AMBIENTAL PARA LA UNIDAD DE INFRAESTRUCTURA EDUCATIVA DEL MOPT-MECT-M-358/2025-AÑO 2026-CP 830-JM;Liquidada; $-   
2026;1768;5;28/01/2026;MINEDUCYT-14/2024-BIRF;17193050;JOSE ROBERTO RIVERA MUÑOZ;1401;3;7495;9;1;54599;6; $2.589.790,00 ; $-   ; $-   ; $-   ;CONTRATACION DE TECNICO CON ESPECIALIDAD EN GESTION AMBIENTAL PARA LA UNIDAD DE INFRAESTRUCTURA EDUCATIVA DEL MOPT-MECT-M-358/2025-AÑO 2026-CP 830-JM;Liquidada; $-   
2026;1768;1;28/01/2026;MINEDUCYT-14/2024-BIRF;17193050;JOSE ROBERTO RIVERA MUÑOZ;1401;3;7495;9;1;54599;2; $2.018.129,00 ; $-   ; $-   ; $-   ;CONTRATACION DE TECNICO CON ESPECIALIDAD EN GESTION AMBIENTAL PARA LA UNIDAD DE INFRAESTRUCTURA EDUCATIVA DEL MOPT-MECT-M-358/2025-AÑO 2026-CP 830-JM;Liquidada; $-   
2026;1768;2;28/01/2026;MINEDUCYT-14/2024-BIRF;17193050;JOSE ROBERTO RIVERA MUÑOZ;1401;3;7495;9;1;54599;3; $4.465.345,00 ; $-   ; $-   ; $-   ;CONTRATACION DE TECNICO CON ESPECIALIDAD EN GESTION AMBIENTAL PARA LA UNIDAD DE INFRAESTRUCTURA EDUCATIVA DEL MOPT-MECT-M-358/2025-AÑO 2026-CP 830-JM;Liquidada; $-   
2026;13599;6;16/07/2026;MINEDUCYT-14/2024-BIRF;17193050;JOSE ROBERTO RIVERA MUÑOZ;1401;3;7495;9;1;54599;12; $3.917.328,00 ; $-   ; $-   ; $1.733.275,00 ;CONTRATACION DE TECNICO CON ESPECIALIDAD EN GESTION AMBIENTAL PARA LA UNIDAD DE INFRAESTRUCTURA EDUCATIVA DEL MOPT-MECT-M-319/2026-AÑO 2026-CP 1061-JM;Aprobado; $-   
2026;13599;1;16/07/2026;MINEDUCYT-14/2024-BIRF;17193050;JOSE ROBERTO RIVERA MUÑOZ;1401;3;7495;9;1;54599;7; $4.261.000,00 ; $-   ; $-   ; $392.188,00 ;CONTRATACION DE TECNICO CON ESPECIALIDAD EN GESTION AMBIENTAL PARA LA UNIDAD DE INFRAESTRUCTURA EDUCATIVA DEL MOPT-MECT-M-319/2026-AÑO 2026-CP 1061-JM;Aprobado; $-   
2026;13599;2;16/07/2026;MINEDUCYT-14/2024-BIRF;17193050;JOSE ROBERTO RIVERA MUÑOZ;1401;3;7495;9;1;54599;8; $19.567,00 ; $-   ; $-   ; $4.999,00 ;CONTRATACION DE TECNICO CON ESPECIALIDAD EN GESTION AMBIENTAL PARA LA UNIDAD DE INFRAESTRUCTURA EDUCATIVA DEL MOPT-MECT-M-319/2026-AÑO 2026-CP 1061-JM;Aprobado; $-   
2026;13599;5;16/07/2026;MINEDUCYT-14/2024-BIRF;17193050;JOSE ROBERTO RIVERA MUÑOZ;1401;3;7495;9;1;54599;11; $3.796.959,00 ; $-   ; $-   ; $1.602.082,00 ;CONTRATACION DE TECNICO CON ESPECIALIDAD EN GESTION AMBIENTAL PARA LA UNIDAD DE INFRAESTRUCTURA EDUCATIVA DEL MOPT-MECT-M-319/2026-AÑO 2026-CP 1061-JM;Aprobado; $-   
2026;13599;4;16/07/2026;MINEDUCYT-14/2024-BIRF;17193050;JOSE ROBERTO RIVERA MUÑOZ;1401;3;7495;9;1;54599;10; $324.318,00 ; $-   ; $-   ; $247.106,00 ;CONTRATACION DE TECNICO CON ESPECIALIDAD EN GESTION AMBIENTAL PARA LA UNIDAD DE INFRAESTRUCTURA EDUCATIVA DEL MOPT-MECT-M-319/2026-AÑO 2026-CP 1061-JM;Aprobado; $-   
2026;13599;3;16/07/2026;MINEDUCYT-14/2024-BIRF;17193050;JOSE ROBERTO RIVERA MUÑOZ;1401;3;7495;9;1;54599;9; $2.995.031,00 ; $-   ; $-   ; $404.032,00 ;CONTRATACION DE TECNICO CON ESPECIALIDAD EN GESTION AMBIENTAL PARA LA UNIDAD DE INFRAESTRUCTURA EDUCATIVA DEL MOPT-MECT-M-319/2026-AÑO 2026-CP 1061-JM;Aprobado; $-   
2026;2116;1;10/02/2026;MINEDUCYT-45/2024-BIRF.;17233680;MIRIAM MERCEDES HERNANDEZ HERNANDEZ;1401;3;7495;9;1;54599;2; $2.050.586,00 ; $-   ; $-   ; $-   ;Servicio Profesionales de Especialista en Gestion social para los Proyectos de Inversion de Infraestructura para la unidad de infraestructura educativa UIE del MOPT, Enero a Junio 2026 - CP 828 -JM;Liquidada; $-   
2026;2116;2;10/02/2026;MINEDUCYT-45/2024-BIRF.;17233680;MIRIAM MERCEDES HERNANDEZ HERNANDEZ;1401;3;7495;9;1;54599;3; $748.277,00 ; $-   ; $-   ; $-   ;Servicio Profesionales de Especialista en Gestion social para los Proyectos de Inversion de Infraestructura para la unidad de infraestructura educativa UIE del MOPT, Enero a Junio 2026 - CP 828 -JM;Liquidada; $-   
2026;2116;4;10/02/2026;MINEDUCYT-45/2024-BIRF.;17233680;MIRIAM MERCEDES HERNANDEZ HERNANDEZ;1401;3;7495;9;1;54599;5; $4.585.308,00 ; $-   ; $-   ; $-   ;Servicio Profesionales de Especialista en Gestion social para los Proyectos de Inversion de Infraestructura para la unidad de infraestructura educativa UIE del MOPT, Enero a Junio 2026 - CP 828 -JM;Liquidada; $-   
2026;2116;3;10/02/2026;MINEDUCYT-45/2024-BIRF.;17233680;MIRIAM MERCEDES HERNANDEZ HERNANDEZ;1401;3;7495;9;1;54599;4; $2.846.788,00 ; $-   ; $-   ; $-   ;Servicio Profesionales de Especialista en Gestion social para los Proyectos de Inversion de Infraestructura para la unidad de infraestructura educativa UIE del MOPT, Enero a Junio 2026 - CP 828 -JM;Liquidada; $-   
2026;2116;5;10/02/2026;MINEDUCYT-45/2024-BIRF.;17233680;MIRIAM MERCEDES HERNANDEZ HERNANDEZ;1401;3;7495;9;1;54599;6; $3.825.570,00 ; $-   ; $-   ; $-   ;Servicio Profesionales de Especialista en Gestion social para los Proyectos de Inversion de Infraestructura para la unidad de infraestructura educativa UIE del MOPT, Enero a Junio 2026 - CP 828 -JM;Liquidada; $-   
2026;14165;4;30/07/2026;MINEDUCYT-45/2024 BIRF;17233680;MIRIAM MERCEDES HERNANDEZ HERNANDEZ;1401;3;7495;9;1;54599;11; $683.561,00 ; $-   ; $-   ; $466.887,00 ;Servicio Profesionales de Especialista en Gestion social para los Proyectos de Inversion de Infraestructura para la unidad de infraestructura educativa UIE del MOPT, Julio a Diciembre 2026 - CP1114-JM;Aprobado; $-   
2026;14165;3;30/07/2026;MINEDUCYT-45/2024 BIRF;17233680;MIRIAM MERCEDES HERNANDEZ HERNANDEZ;1401;3;7495;9;1;54599;10; $3.352.149,00 ; $-   ; $-   ; $334.697,00 ;Servicio Profesionales de Especialista en Gestion social para los Proyectos de Inversion de Infraestructura para la unidad de infraestructura educativa UIE del MOPT, Julio a Diciembre 2026 - CP1114-JM;Aprobado; $-   
2026;14165;1;30/07/2026;MINEDUCYT-45/2024 BIRF;17233680;MIRIAM MERCEDES HERNANDEZ HERNANDEZ;1401;3;7495;9;1;54599;8; $4.252.211,00 ; $-   ; $-   ; $2.266.090,00 ;Servicio Profesionales de Especialista en Gestion social para los Proyectos de Inversion de Infraestructura para la unidad de infraestructura educativa UIE del MOPT, Julio a Diciembre 2026 - CP1114-JM;Aprobado; $-   
2026;14165;2;30/07/2026;MINEDUCYT-45/2024 BIRF;17233680;MIRIAM MERCEDES HERNANDEZ HERNANDEZ;1401;3;7495;9;1;54599;9; $2.938.177,00 ; $-   ; $-   ; $1.018.319,00 ;Servicio Profesionales de Especialista en Gestion social para los Proyectos de Inversion de Infraestructura para la unidad de infraestructura educativa UIE del MOPT, Julio a Diciembre 2026 - CP1114-JM;Aprobado; $-   
2026;14165;5;30/07/2026;MINEDUCYT-45/2024 BIRF;17233680;MIRIAM MERCEDES HERNANDEZ HERNANDEZ;1401;3;7495;9;1;54599;12; $4.071.586,00 ; $-   ; $-   ; $1.370.397,00 ;Servicio Profesionales de Especialista en Gestion social para los Proyectos de Inversion de Infraestructura para la unidad de infraestructura educativa UIE del MOPT, Julio a Diciembre 2026 - CP1114-JM;Aprobado; $-   
2026;1964;4;05/02/2026;INEDUCYT-160/2025-BIRF;17256688;ELSA  CORTEZ DE LOPEZ;1401;3;7495;9;1;54599;5; $2.607.938,00 ; $-   ; $-   ; $-   ;CONTRATACION DE ENSEÑANTE DE LA CULTURA Y LENGUA INDIGENA PARA NIDOS DE INMERSION LINGÜISTICA E IDENTITARIA EN EDUCACION PARVULARIA-CP 866-AÑO 2026-JM;Liquidada; $-   
2026;1964;3;05/02/2026;INEDUCYT-160/2025-BIRF;17256688;ELSA  CORTEZ DE LOPEZ;1401;3;7495;9;1;54599;4; $2.808.771,00 ; $-   ; $-   ; $-   ;CONTRATACION DE ENSEÑANTE DE LA CULTURA Y LENGUA INDIGENA PARA NIDOS DE INMERSION LINGÜISTICA E IDENTITARIA EN EDUCACION PARVULARIA-CP 866-AÑO 2026-JM;Liquidada; $-   
2026;1964;2;05/02/2026;INEDUCYT-160/2025-BIRF;17256688;ELSA  CORTEZ DE LOPEZ;1401;3;7495;9;1;54599;3; $1.149.213,00 ; $-   ; $-   ; $-   ;CONTRATACION DE ENSEÑANTE DE LA CULTURA Y LENGUA INDIGENA PARA NIDOS DE INMERSION LINGÜISTICA E IDENTITARIA EN EDUCACION PARVULARIA-CP 866-AÑO 2026-JM;Liquidada; $-   
2026;1964;5;05/02/2026;INEDUCYT-160/2025-BIRF;17256688;ELSA  CORTEZ DE LOPEZ;1401;3;7495;9;1;54599;6; $1.941.426,00 ; $-   ; $-   ; $-   ;CONTRATACION DE ENSEÑANTE DE LA CULTURA Y LENGUA INDIGENA PARA NIDOS DE INMERSION LINGÜISTICA E IDENTITARIA EN EDUCACION PARVULARIA-CP 866-AÑO 2026-JM;Liquidada; $-   
2026;1964;1;05/02/2026;INEDUCYT-160/2025-BIRF;17256688;ELSA  CORTEZ DE LOPEZ;1401;3;7495;9;1;54599;2; $3.223.919,00 ; $-   ; $-   ; $-   ;CONTRATACION DE ENSEÑANTE DE LA CULTURA Y LENGUA INDIGENA PARA NIDOS DE INMERSION LINGÜISTICA E IDENTITARIA EN EDUCACION PARVULARIA-CP 866-AÑO 2026-JM;Liquidada; $-   
2026;13606;2;16/07/2026;INEDUCYT-160/2025-BIRF;17256688;ELSA  CORTEZ DE LOPEZ;1401;3;7495;9;1;54599;8; $3.733.862,00 ; $-   ; $-   ; $1.926.486,00 ;CONTRATACION DE ENSEÑANTE DE LA CULTURA Y LENGUA INDIGENA PARA NIDOS DE INMERSION LINGÜISTICA E IDENTITARIA EN EDUCACION PARVULARIA-CP 1080-AÑO 2026-JM;Aprobado; $-   
2026;13606;6;16/07/2026;INEDUCYT-160/2025-BIRF;17256688;ELSA  CORTEZ DE LOPEZ;1401;3;7495;9;1;54599;12; $826.656,00 ; $-   ; $-   ; $12.082,00 ;CONTRATACION DE ENSEÑANTE DE LA CULTURA Y LENGUA INDIGENA PARA NIDOS DE INMERSION LINGÜISTICA E IDENTITARIA EN EDUCACION PARVULARIA-CP 1080-AÑO 2026-JM;Aprobado; $-   
2026;13606;5;16/07/2026;INEDUCYT-160/2025-BIRF;17256688;ELSA  CORTEZ DE LOPEZ;1401;3;7495;9;1;54599;11; $4.692.258,00 ; $-   ; $-   ; $1.459.798,00 ;CONTRATACION DE ENSEÑANTE DE LA CULTURA Y LENGUA INDIGENA PARA NIDOS DE INMERSION LINGÜISTICA E IDENTITARIA EN EDUCACION PARVULARIA-CP 1080-AÑO 2026-JM;Aprobado; $-   
2026;13606;4;16/07/2026;INEDUCYT-160/2025-BIRF;17256688;ELSA  CORTEZ DE LOPEZ;1401;3;7495;9;1;54599;10; $3.756.530,00 ; $-   ; $-   ; $1.043.135,00 ;CONTRATACION DE ENSEÑANTE DE LA CULTURA Y LENGUA INDIGENA PARA NIDOS DE INMERSION LINGÜISTICA E IDENTITARIA EN EDUCACION PARVULARIA-CP 1080-AÑO 2026-JM;Aprobado; $-   
2026;13606;3;16/07/2026;INEDUCYT-160/2025-BIRF;17256688;ELSA  CORTEZ DE LOPEZ;1401;3;7495;9;1;54599;9; $3.792.447,00 ; $-   ; $-   ; $1.857.291,00 ;CONTRATACION DE ENSEÑANTE DE LA CULTURA Y LENGUA INDIGENA PARA NIDOS DE INMERSION LINGÜISTICA E IDENTITARIA EN EDUCACION PARVULARIA-CP 1080-AÑO 2026-JM;Aprobado; $-   
2026;13606;1;16/07/2026;INEDUCYT-160/2025-BIRF;17256688;ELSA  CORTEZ DE LOPEZ;1401;3;7495;9;1;54599;7; $4.053.947,00 ; $-   ; $-   ; $1.997.454,00 ;CONTRATACION DE ENSEÑANTE DE LA CULTURA Y LENGUA INDIGENA PARA NIDOS DE INMERSION LINGÜISTICA E IDENTITARIA EN EDUCACION PARVULARIA-CP 1080-AÑO 2026-JM;Aprobado; $-   
2026;1930;3;04/02/2026;MINEDUCYT-65/2024-BIRF;17308516;LILIAN MERCEDES CHAVEZ RODAS;1401;3;7495;9;1;54599;4; $4.836.492,00 ; $-   ; $-   ; $-   ;CONTRATACION DE 10 ESPECIALISTAS DE EDUCACION D ELA 1RA INFANCIA PARA APOYO A LA CERTIFICACIÓN DE ESTANDARES ESTRUCTURALES DE CALIDAD- AÑO 2026-CP 743-JM;Liquidada; $-   
2026;1930;1;04/02/2026;MINEDUCYT-65/2024-BIRF;17308516;LILIAN MERCEDES CHAVEZ RODAS;1401;3;7495;9;1;54599;2; $2.882.955,00 ; $-   ; $-   ; $-   ;CONTRATACION DE 10 ESPECIALISTAS DE EDUCACION D ELA 1RA INFANCIA PARA APOYO A LA CERTIFICACIÓN DE ESTANDARES ESTRUCTURALES DE CALIDAD- AÑO 2026-CP 743-JM;Liquidada; $-   
2026;1930;2;04/02/2026;MINEDUCYT-65/2024-BIRF;17308516;LILIAN MERCEDES CHAVEZ RODAS;1401;3;7495;9;1;54599;3; $4.115.885,00 ; $-   ; $-   ; $-   ;CONTRATACION DE 10 ESPECIALISTAS DE EDUCACION D ELA 1RA INFANCIA PARA APOYO A LA CERTIFICACIÓN DE ESTANDARES ESTRUCTURALES DE CALIDAD- AÑO 2026-CP 743-JM;Liquidada; $-   
2026;1930;5;04/02/2026;MINEDUCYT-65/2024-BIRF;17308516;LILIAN MERCEDES CHAVEZ RODAS;1401;3;7495;9;1;54599;6; $4.067.873,00 ; $-   ; $-   ; $-   ;CONTRATACION DE 10 ESPECIALISTAS DE EDUCACION D ELA 1RA INFANCIA PARA APOYO A LA CERTIFICACIÓN DE ESTANDARES ESTRUCTURALES DE CALIDAD- AÑO 2026-CP 743-JM;Liquidada; $-   
2026;1930;4;04/02/2026;MINEDUCYT-65/2024-BIRF;17308516;LILIAN MERCEDES CHAVEZ RODAS;1401;3;7495;9;1;54599;5; $2.256.061,00 ; $-   ; $-   ; $-   ;CONTRATACION DE 10 ESPECIALISTAS DE EDUCACION D ELA 1RA INFANCIA PARA APOYO A LA CERTIFICACIÓN DE ESTANDARES ESTRUCTURALES DE CALIDAD- AÑO 2026-CP 743-JM;Liquidada; $-   
2026;12015;5;30/06/2026;MINEDUCYT-65/2024-BIRF;17308516;LILIAN MERCEDES CHAVEZ RODAS;1401;3;7495;9;1;54599;11; $3.494.635,00 ; $-   ; $-   ; $769.116,00 ;CONTRATACION DE 10 ESPECIALISTAS DE EDUCACION D ELA 1RA INFANCIA PARA APOYO A LA CERTIFICACIÓN DE ESTANDARES ESTRUCTURALES DE CALIDAD- AÑO 2026-CP 1033-JM.;Aprobado; $-   
2026;12015;6;30/06/2026;MINEDUCYT-65/2024-BIRF;17308516;LILIAN MERCEDES CHAVEZ RODAS;1401;3;7495;9;1;54599;12; $932.167,00 ; $-   ; $-   ; $730.926,00 ;CONTRATACION DE 10 ESPECIALISTAS DE EDUCACION D ELA 1RA INFANCIA PARA APOYO A LA CERTIFICACIÓN DE ESTANDARES ESTRUCTURALES DE CALIDAD- AÑO 2026-CP 1033-JM.;Aprobado; $-   
2026;12015;1;30/06/2026;MINEDUCYT-65/2024-BIRF;17308516;LILIAN MERCEDES CHAVEZ RODAS;1401;3;7495;9;1;54599;7; $4.422.049,00 ; $-   ; $-   ; $1.868.447,00 ;CONTRATACION DE 10 ESPECIALISTAS DE EDUCACION D ELA 1RA INFANCIA PARA APOYO A LA CERTIFICACIÓN DE ESTANDARES ESTRUCTURALES DE CALIDAD- AÑO 2026-CP 1033-JM.;Aprobado; $-   
2026;12015;2;30/06/2026;MINEDUCYT-65/2024-BIRF;17308516;LILIAN MERCEDES CHAVEZ RODAS;1401;3;7495;9;1;54599;8; $1.061.936,00 ; $-   ; $-   ; $371.902,00 ;CONTRATACION DE 10 ESPECIALISTAS DE EDUCACION D ELA 1RA INFANCIA PARA APOYO A LA CERTIFICACIÓN DE ESTANDARES ESTRUCTURALES DE CALIDAD- AÑO 2026-CP 1033-JM.;Aprobado; $-   
2026;12015;3;30/06/2026;MINEDUCYT-65/2024-BIRF;17308516;LILIAN MERCEDES CHAVEZ RODAS;1401;3;7495;9;1;54599;9; $1.425.311,00 ; $-   ; $-   ; $902.705,00 ;CONTRATACION DE 10 ESPECIALISTAS DE EDUCACION D ELA 1RA INFANCIA PARA APOYO A LA CERTIFICACIÓN DE ESTANDARES ESTRUCTURALES DE CALIDAD- AÑO 2026-CP 1033-JM.;Aprobado; $-   
2026;12015;4;30/06/2026;MINEDUCYT-65/2024-BIRF;17308516;LILIAN MERCEDES CHAVEZ RODAS;1401;3;7495;9;1;54599;10; $2.519.379,00 ; $-   ; $-   ; $183.413,00 ;CONTRATACION DE 10 ESPECIALISTAS DE EDUCACION D ELA 1RA INFANCIA PARA APOYO A LA CERTIFICACIÓN DE ESTANDARES ESTRUCTURALES DE CALIDAD- AÑO 2026-CP 1033-JM.;Aprobado; $-   
2026;1786;1;29/01/2026;MINEDUCYT-34/2023-BIRF;17472967;SONIA MARGARITA AGUILERA LOPEZ;1401;3;7495;9;1;54599;2; $4.827.469,00 ; $-   ; $-   ; $-   ;CONTRATACIÓN DE 6 ESPECIALISTAS SENIOR EN DISEÑO ARQUITECTÓNICO PARA APOYO A LA DIRECCIÓN DE INFRAESTRUCTURA Y AMBIENTES EDUCATIVO-MECT-M-574/2025-AÑO 2026-CP 799-JM;Liquidada; $-   
2026;1786;2;29/01/2026;MINEDUCYT-34/2023-BIRF;17472967;SONIA MARGARITA AGUILERA LOPEZ;1401;3;7495;9;1;54599;3; $1.281.368,00 ; $-   ; $-   ; $-   ;CONTRATACIÓN DE 6 ESPECIALISTAS SENIOR EN DISEÑO ARQUITECTÓNICO PARA APOYO A LA DIRECCIÓN DE INFRAESTRUCTURA Y AMBIENTES EDUCATIVO-MECT-M-574/2025-AÑO 2026-CP 799-JM;Liquidada; $-   
2026;1786;3;29/01/2026;MINEDUCYT-34/2023-BIRF;17472967;SONIA MARGARITA AGUILERA LOPEZ;1401;3;7495;9;1;54599;4; $1.068.862,00 ; $-   ; $-   ; $-   ;CONTRATACIÓN DE 6 ESPECIALISTAS SENIOR EN DISEÑO ARQUITECTÓNICO PARA APOYO A LA DIRECCIÓN DE INFRAESTRUCTURA Y AMBIENTES EDUCATIVO-MECT-M-574/2025-AÑO 2026-CP 799-JM;Liquidada; $-   
2026;1786;4;29/01/2026;MINEDUCYT-34/2023-BIRF;17472967;SONIA MARGARITA AGUILERA LOPEZ;1401;3;7495;9;1;54599;5; $1.246.845,00 ; $-   ; $-   ; $-   ;CONTRATACIÓN DE 6 ESPECIALISTAS SENIOR EN DISEÑO ARQUITECTÓNICO PARA APOYO A LA DIRECCIÓN DE INFRAESTRUCTURA Y AMBIENTES EDUCATIVO-MECT-M-574/2025-AÑO 2026-CP 799-JM;Liquidada; $-   
2026;1786;5;29/01/2026;MINEDUCYT-34/2023-BIRF;17472967;SONIA MARGARITA AGUILERA LOPEZ;1401;3;7495;9;1;54599;6; $3.844.724,00 ; $-   ; $-   ; $-   ;CONTRATACIÓN DE 6 ESPECIALISTAS SENIOR EN DISEÑO ARQUITECTÓNICO PARA APOYO A LA DIRECCIÓN DE INFRAESTRUCTURA Y AMBIENTES EDUCATIVO-MECT-M-574/2025-AÑO 2026-CP 799-JM;Liquidada; $-   
2026;12046;2;03/07/2026;MINEDUCYT-34/2023 BIRF;17472967;SONIA MARGARITA AGUILERA LOPEZ;1401;3;7495;9;1;54599;8; $200.905,00 ; $-   ; $-   ; $95.269,00 ;CONTRATACION 6 ESPECIALISTA SENIOR EN DISEÑO ARQUITECTONICO PARA APOYO DE DIRECCION DE INFRAESTRUCTURA Y AMBIENTES EDUCATIVOS DIAE CP 1095, JM-krn;Aprobado; $-   
2026;12046;1;03/07/2026;MINEDUCYT-34/2023 BIRF;17472967;SONIA MARGARITA AGUILERA LOPEZ;1401;3;7495;9;1;54599;7; $1.304.696,00 ; $-   ; $-   ; $797.851,00 ;CONTRATACION 6 ESPECIALISTA SENIOR EN DISEÑO ARQUITECTONICO PARA APOYO DE DIRECCION DE INFRAESTRUCTURA Y AMBIENTES EDUCATIVOS DIAE CP 1095, JM-krn;Aprobado; $-   
2026;12046;3;03/07/2026;MINEDUCYT-34/2023 BIRF;17472967;SONIA MARGARITA AGUILERA LOPEZ;1401;3;7495;9;1;54599;9; $4.242.971,00 ; $-   ; $-   ; $3.542.630,00 ;CONTRATACION 6 ESPECIALISTA SENIOR EN DISEÑO ARQUITECTONICO PARA APOYO DE DIRECCION DE INFRAESTRUCTURA Y AMBIENTES EDUCATIVOS DIAE CP 1095, JM-krn;Aprobado; $-   
2026;12046;4;03/07/2026;MINEDUCYT-34/2023 BIRF;17472967;SONIA MARGARITA AGUILERA LOPEZ;1401;3;7495;9;1;54599;10; $347.964,00 ; $-   ; $-   ; $163.034,00 ;CONTRATACION 6 ESPECIALISTA SENIOR EN DISEÑO ARQUITECTONICO PARA APOYO DE DIRECCION DE INFRAESTRUCTURA Y AMBIENTES EDUCATIVOS DIAE CP 1095, JM-krn;Aprobado; $-   
2026;12046;5;03/07/2026;MINEDUCYT-34/2023 BIRF;17472967;SONIA MARGARITA AGUILERA LOPEZ;1401;3;7495;9;1;54599;11; $4.866.486,00 ; $-   ; $-   ; $1.751.452,00 ;CONTRATACION 6 ESPECIALISTA SENIOR EN DISEÑO ARQUITECTONICO PARA APOYO DE DIRECCION DE INFRAESTRUCTURA Y AMBIENTES EDUCATIVOS DIAE CP 1095, JM-krn;Aprobado; $-   
2026;12046;6;03/07/2026;MINEDUCYT-34/2023 BIRF;17472967;SONIA MARGARITA AGUILERA LOPEZ;1401;3;7495;9;1;54599;12; $2.663.510,00 ; $-   ; $-   ; $1.139.958,00 ;CONTRATACION 6 ESPECIALISTA SENIOR EN DISEÑO ARQUITECTONICO PARA APOYO DE DIRECCION DE INFRAESTRUCTURA Y AMBIENTES EDUCATIVOS DIAE CP 1095, JM-krn;Aprobado; $-   
2026;1898;5;03/02/2026;MINEDUCYT-54/2023 BIRF;17738525;NELSON WILLIAM CERNA COTO;1401;3;7495;9;1;54599;6; $2.795.406,00 ; $-   ; $-   ; $-   ;Contratacion 3 Administradores de Contrato para Unidad de Infraestructura Educativa del MOPT  Enero a Junio 2026 - CP 821 -JM;Liquidada; $-   
2026;1898;1;03/02/2026;MINEDUCYT-54/2023 BIRF;17738525;NELSON WILLIAM CERNA COTO;1401;3;7495;9;1;54599;2; $18.900,00 ; $-   ; $-   ; $-   ;Contratacion 3 Administradores de Contrato para Unidad de Infraestructura Educativa del MOPT  Enero a Junio 2026 - CP 821 -JM;Liquidada; $-   
2026;1898;2;03/02/2026;MINEDUCYT-54/2023 BIRF;17738525;NELSON WILLIAM CERNA COTO;1401;3;7495;9;1;54599;3; $703.325,00 ; $-   ; $-   ; $-   ;Contratacion 3 Administradores de Contrato para Unidad de Infraestructura Educativa del MOPT  Enero a Junio 2026 - CP 821 -JM;Liquidada; $-   
2026;1898;3;03/02/2026;MINEDUCYT-54/2023 BIRF;17738525;NELSON WILLIAM CERNA COTO;1401;3;7495;9;1;54599;4; $190.371,00 ; $-   ; $-   ; $-   ;Contratacion 3 Administradores de Contrato para Unidad de Infraestructura Educativa del MOPT  Enero a Junio 2026 - CP 821 -JM;Liquidada; $-   
2026;1898;4;03/02/2026;MINEDUCYT-54/2023 BIRF;17738525;NELSON WILLIAM CERNA COTO;1401;3;7495;9;1;54599;5; $2.133.629,00 ; $-   ; $-   ; $-   ;Contratacion 3 Administradores de Contrato para Unidad de Infraestructura Educativa del MOPT  Enero a Junio 2026 - CP 821 -JM;Liquidada; $-   
2026;13602;5;16/07/2026;MINEDUCYT-54/2023 BIRF;17738525;NELSON WILLIAM CERNA COTO;1401;3;7495;9;1;54599;11; $4.317.583,00 ; $-   ; $-   ; $3.478.554,00 ;Contratacion 3 Administradores de Contrato para Unidad de Infraestructura Educativa del MOPT  Jul a Dic 2026 - CP1073-JM;Aprobado; $-   
2026;13602;1;16/07/2026;MINEDUCYT-54/2023 BIRF;17738525;NELSON WILLIAM CERNA COTO;1401;3;7495;9;1;54599;7; $3.400.368,00 ; $-   ; $-   ; $413.830,00 ;Contratacion 3 Administradores de Contrato para Unidad de Infraestructura Educativa del MOPT  Jul a Dic 2026 - CP1073-JM;Aprobado; $-   
2026;13602;2;16/07/2026;MINEDUCYT-54/2023 BIRF;17738525;NELSON WILLIAM CERNA COTO;1401;3;7495;9;1;54599;8; $4.608.949,00 ; $-   ; $-   ; $571.348,00 ;Contratacion 3 Administradores de Contrato para Unidad de Infraestructura Educativa del MOPT  Jul a Dic 2026 - CP1073-JM;Aprobado; $-   
2026;13602;3;16/07/2026;MINEDUCYT-54/2023 BIRF;17738525;NELSON WILLIAM CERNA COTO;1401;3;7495;9;1;54599;9; $1.572.581,00 ; $-   ; $-   ; $949.753,00 ;Contratacion 3 Administradores de Contrato para Unidad de Infraestructura Educativa del MOPT  Jul a Dic 2026 - CP1073-JM;Aprobado; $-   
2026;13602;4;16/07/2026;MINEDUCYT-54/2023 BIRF;17738525;NELSON WILLIAM CERNA COTO;1401;3;7495;9;1;54599;10; $3.787.015,00 ; $-   ; $-   ; $877.015,00 ;Contratacion 3 Administradores de Contrato para Unidad de Infraestructura Educativa del MOPT  Jul a Dic 2026 - CP1073-JM;Aprobado; $-   
2026;13602;6;16/07/2026;MINEDUCYT-54/2023 BIRF;17738525;NELSON WILLIAM CERNA COTO;1401;3;7495;9;1;54599;12; $1.579.554,00 ; $-   ; $-   ; $1.138.726,00 ;Contratacion 3 Administradores de Contrato para Unidad de Infraestructura Educativa del MOPT  Jul a Dic 2026 - CP1073-JM;Aprobado; $-   
2026;2223;2;13/02/2026;MINEDUCYT-03/2025-BIRF;18145872;NERY ERNESTO HERRERA MORENO;1401;3;7495;9;1;54599;3; $1.614.444,00 ; $-   ; $-   ; $-   ;CONTRATACION DE 3 ADMINISTRADORES DE CONTRATO PARA LA UNIDAD DE INFRAESTRUCTURA DEL MOPT-CP 824-AÑO 2026;Liquidada; $-   
2026;2223;3;13/02/2026;MINEDUCYT-03/2025-BIRF;18145872;NERY ERNESTO HERRERA MORENO;1401;3;7495;9;1;54599;4; $1.673.396,00 ; $-   ; $-   ; $-   ;CONTRATACION DE 3 ADMINISTRADORES DE CONTRATO PARA LA UNIDAD DE INFRAESTRUCTURA DEL MOPT-CP 824-AÑO 2026;Liquidada; $-   
2026;2223;4;13/02/2026;MINEDUCYT-03/2025-BIRF;18145872;NERY ERNESTO HERRERA MORENO;1401;3;7495;9;1;54599;5; $4.071.380,00 ; $-   ; $-   ; $-   ;CONTRATACION DE 3 ADMINISTRADORES DE CONTRATO PARA LA UNIDAD DE INFRAESTRUCTURA DEL MOPT-CP 824-AÑO 2026;Liquidada; $-   
2026;2223;5;13/02/2026;MINEDUCYT-03/2025-BIRF;18145872;NERY ERNESTO HERRERA MORENO;1401;3;7495;9;1;54599;6; $1.445.833,00 ; $-   ; $-   ; $-   ;CONTRATACION DE 3 ADMINISTRADORES DE CONTRATO PARA LA UNIDAD DE INFRAESTRUCTURA DEL MOPT-CP 824-AÑO 2026;Liquidada; $-   
2026;2223;1;13/02/2026;MINEDUCYT-03/2025-BIRF;18145872;NERY ERNESTO HERRERA MORENO;1401;3;7495;9;1;54599;2; $2.832.741,00 ; $-   ; $-   ; $-   ;CONTRATACION DE 3 ADMINISTRADORES DE CONTRATO PARA LA UNIDAD DE INFRAESTRUCTURA DEL MOPT-CP 824-AÑO 2026;Liquidada; $-   
2026;13607;5;16/07/2026;MINEDUCYT-03/2025-BIRF;18145872;NERY ERNESTO HERRERA MORENO;1401;3;7495;9;1;54599;11; $2.110.172,00 ; $-   ; $-   ; $1.295.130,00 ;CONTRATACION DE 3 ADMINISTRADORES DE CONTRATO PARA LA UNIDAD DE INFRAESTRUCTURA DEL MOPT-CP 1109-AÑO 2026;Aprobado; $-   
2026;13607;4;16/07/2026;MINEDUCYT-03/2025-BIRF;18145872;NERY ERNESTO HERRERA MORENO;1401;3;7495;9;1;54599;10; $3.460.472,00 ; $-   ; $-   ; $1.946.601,00 ;CONTRATACION DE 3 ADMINISTRADORES DE CONTRATO PARA LA UNIDAD DE INFRAESTRUCTURA DEL MOPT-CP 1109-AÑO 2026;Aprobado; $-   
2026;13607;3;16/07/2026;MINEDUCYT-03/2025-BIRF;18145872;NERY ERNESTO HERRERA MORENO;1401;3;7495;9;1;54599;9; $2.669.829,00 ; $-   ; $-   ; $919.501,00 ;CONTRATACION DE 3 ADMINISTRADORES DE CONTRATO PARA LA UNIDAD DE INFRAESTRUCTURA DEL MOPT-CP 1109-AÑO 2026;Aprobado; $-   
2026;13607;2;16/07/2026;MINEDUCYT-03/2025-BIRF;18145872;NERY ERNESTO HERRERA MORENO;1401;3;7495;9;1;54599;8; $1.417.711,00 ; $-   ; $-   ; $246.304,00 ;CONTRATACION DE 3 ADMINISTRADORES DE CONTRATO PARA LA UNIDAD DE INFRAESTRUCTURA DEL MOPT-CP 1109-AÑO 2026;Aprobado; $-   
2026;13607;1;16/07/2026;MINEDUCYT-03/2025-BIRF;18145872;NERY ERNESTO HERRERA MORENO;1401;3;7495;9;1;54599;7; $3.559.003,00 ; $-   ; $-   ; $1.486.147,00 ;CONTRATACION DE 3 ADMINISTRADORES DE CONTRATO PARA LA UNIDAD DE INFRAESTRUCTURA DEL MOPT-CP 1109-AÑO 2026;Aprobado; $-   
2026;13607;6;16/07/2026;MINEDUCYT-03/2025-BIRF;18145872;NERY ERNESTO HERRERA MORENO;1401;3;7495;9;1;54599;12; $701.888,00 ; $-   ; $-   ; $681.349,00 ;CONTRATACION DE 3 ADMINISTRADORES DE CONTRATO PARA LA UNIDAD DE INFRAESTRUCTURA DEL MOPT-CP 1109-AÑO 2026;Aprobado; $-   
2026;1699;4;23/01/2026;MINEDUCYT-57/2023-BIRF;18353768;KARLA VERONICA FLORES FIGUEROA;1401;3;7495;9;1;54599;5; $1.997.122,00 ; $-   ; $-   ; $-   ;CONTRATACION DE 1 ESPECIALISTA EN EDUCACION CON EXPERIENCIA EN FORMACIÓN DOCENTE Y MANEJO DE PLATAFORMAS VIRTUALES PARA APOYO Y SEGUIMIENTO DE LA FORMACION DOCENTE Y DE DIRECTORES-MECT-M-360/2025-AÑO 2026-CP 766-JM;Liquidada; $-   
2026;1699;5;23/01/2026;MINEDUCYT-57/2023-BIRF;18353768;KARLA VERONICA FLORES FIGUEROA;1401;3;7495;9;1;54599;6; $4.827.952,00 ; $-   ; $-   ; $-   ;CONTRATACION DE 1 ESPECIALISTA EN EDUCACION CON EXPERIENCIA EN FORMACIÓN DOCENTE Y MANEJO DE PLATAFORMAS VIRTUALES PARA APOYO Y SEGUIMIENTO DE LA FORMACION DOCENTE Y DE DIRECTORES-MECT-M-360/2025-AÑO 2026-CP 766-JM;Liquidada; $-   
2026;1699;3;23/01/2026;MINEDUCYT-57/2023-BIRF;18353768;KARLA VERONICA FLORES FIGUEROA;1401;3;7495;9;1;54599;4; $1.163.950,00 ; $-   ; $-   ; $-   ;CONTRATACION DE 1 ESPECIALISTA EN EDUCACION CON EXPERIENCIA EN FORMACIÓN DOCENTE Y MANEJO DE PLATAFORMAS VIRTUALES PARA APOYO Y SEGUIMIENTO DE LA FORMACION DOCENTE Y DE DIRECTORES-MECT-M-360/2025-AÑO 2026-CP 766-JM;Liquidada; $-   
2026;1699;2;23/01/2026;MINEDUCYT-57/2023-BIRF;18353768;KARLA VERONICA FLORES FIGUEROA;1401;3;7495;9;1;54599;3; $4.376.633,00 ; $-   ; $-   ; $-   ;CONTRATACION DE 1 ESPECIALISTA EN EDUCACION CON EXPERIENCIA EN FORMACIÓN DOCENTE Y MANEJO DE PLATAFORMAS VIRTUALES PARA APOYO Y SEGUIMIENTO DE LA FORMACION DOCENTE Y DE DIRECTORES-MECT-M-360/2025-AÑO 2026-CP 766-JM;Liquidada; $-   
2026;1699;1;23/01/2026;MINEDUCYT-57/2023-BIRF;18353768;KARLA VERONICA FLORES FIGUEROA;1401;3;7495;9;1;54599;2; $2.755.221,00 ; $-   ; $-   ; $-   ;CONTRATACION DE 1 ESPECIALISTA EN EDUCACION CON EXPERIENCIA EN FORMACIÓN DOCENTE Y MANEJO DE PLATAFORMAS VIRTUALES PARA APOYO Y SEGUIMIENTO DE LA FORMACION DOCENTE Y DE DIRECTORES-MECT-M-360/2025-AÑO 2026-CP 766-JM;Liquidada; $-   
2026;11975;1;26/06/2026;MINEDUCYT-57/2023-BIRF;18353768;KARLA VERONICA FLORES FIGUEROA;1401;3;7495;9;1;54599;7; $3.551.987,00 ; $-   ; $-   ; $2.401.408,00 ;CONTRATACION DE 1 ESPECIALISTA EN EDUCACION CON EXPERIENCIA EN FORMACIÓN DOCENTE Y MANEJO DE PLATAFORMAS VIRTUALES PARA APOYO Y SEGUIMIENTO DE LA FORMACION DOCENTE Y DE DIRECTORES-MECT-M-360/2025-AÑO 2026-CP 991-JM;Aprobado; $-   
2026;11975;2;26/06/2026;MINEDUCYT-57/2023-BIRF;18353768;KARLA VERONICA FLORES FIGUEROA;1401;3;7495;9;1;54599;8; $117.441,00 ; $-   ; $-   ; $83.657,00 ;CONTRATACION DE 1 ESPECIALISTA EN EDUCACION CON EXPERIENCIA EN FORMACIÓN DOCENTE Y MANEJO DE PLATAFORMAS VIRTUALES PARA APOYO Y SEGUIMIENTO DE LA FORMACION DOCENTE Y DE DIRECTORES-MECT-M-360/2025-AÑO 2026-CP 991-JM;Aprobado; $-   
2026;11975;3;26/06/2026;MINEDUCYT-57/2023-BIRF;18353768;KARLA VERONICA FLORES FIGUEROA;1401;3;7495;9;1;54599;9; $1.119.008,00 ; $-   ; $-   ; $1.053.434,00 ;CONTRATACION DE 1 ESPECIALISTA EN EDUCACION CON EXPERIENCIA EN FORMACIÓN DOCENTE Y MANEJO DE PLATAFORMAS VIRTUALES PARA APOYO Y SEGUIMIENTO DE LA FORMACION DOCENTE Y DE DIRECTORES-MECT-M-360/2025-AÑO 2026-CP 991-JM;Aprobado; $-   
2026;11975;4;26/06/2026;MINEDUCYT-57/2023-BIRF;18353768;KARLA VERONICA FLORES FIGUEROA;1401;3;7495;9;1;54599;10; $158.218,00 ; $-   ; $-   ; $155.557,00 ;CONTRATACION DE 1 ESPECIALISTA EN EDUCACION CON EXPERIENCIA EN FORMACIÓN DOCENTE Y MANEJO DE PLATAFORMAS VIRTUALES PARA APOYO Y SEGUIMIENTO DE LA FORMACION DOCENTE Y DE DIRECTORES-MECT-M-360/2025-AÑO 2026-CP 991-JM;Aprobado; $-   
2026;11975;5;26/06/2026;MINEDUCYT-57/2023-BIRF;18353768;KARLA VERONICA FLORES FIGUEROA;1401;3;7495;9;1;54599;11; $1.799.267,00 ; $-   ; $-   ; $1.072.695,00 ;CONTRATACION DE 1 ESPECIALISTA EN EDUCACION CON EXPERIENCIA EN FORMACIÓN DOCENTE Y MANEJO DE PLATAFORMAS VIRTUALES PARA APOYO Y SEGUIMIENTO DE LA FORMACION DOCENTE Y DE DIRECTORES-MECT-M-360/2025-AÑO 2026-CP 991-JM;Aprobado; $-   
2026;11975;6;26/06/2026;MINEDUCYT-57/2023-BIRF;18353768;KARLA VERONICA FLORES FIGUEROA;1401;3;7495;9;1;54599;12; $2.302.699,00 ; $-   ; $-   ; $1.838.177,00 ;CONTRATACION DE 1 ESPECIALISTA EN EDUCACION CON EXPERIENCIA EN FORMACIÓN DOCENTE Y MANEJO DE PLATAFORMAS VIRTUALES PARA APOYO Y SEGUIMIENTO DE LA FORMACION DOCENTE Y DE DIRECTORES-MECT-M-360/2025-AÑO 2026-CP 991-JM;Aprobado; $-   
2026;6466;1;26/03/2026;MINEDUCYT-116/2025-BIRF;19414224;VICTOR MANUEL PEREZ MENDEZ;1401;3;7495;9;1;54502;4; $1.321.809,00 ; $-   ; $-   ; $21.933,00 ;CONTRATACION DE 28 PORTADORES CULTURALES PARA DESARROLLAR TALLERES DE IDENTIDAD CULTURAL NÁHUAT, LENCA Y CACAOPERA EN CENTROS EDUCATIVOS-CP 692-AÑO 2026-JM;Liquidada; $-   
2026;11844;1;18/06/2026;MINEDUCYT-116/2025 BIRF;19414224;VICTOR MANUEL PEREZ MENDEZ;1401;3;7495;9;1;54599;6; $1.385.613,00 ; $-   ; $-   ; $-   ;CONTRATACION DE 28 PORTADORES CULTURALES PARA DESARROLLAR TALLERES DE IDENTIDAD CULTURAL NÁHUAT, LENCA Y CACAOPERA EN CENTROS EDUCATIVOS-CP 692-AÑO 2026-JM;Liquidada; $-   
2026;1876;4;03/02/2026;MINEDUCYT-06/2024 BIRF;19420576;FLOR ELISA BAIRES DE CUBIAS;1401;3;7495;9;1;54599;5; $1.377.522,00 ; $-   ; $-   ; $-   ;Contratacion Tecnico Espacialista Curriculo de Primera Infancia, especialidad Lectroescritura Enero a Junio 2026 - CP 805 -JM;Liquidada; $-   
2026;1876;5;03/02/2026;MINEDUCYT-06/2024 BIRF;19420576;FLOR ELISA BAIRES DE CUBIAS;1401;3;7495;9;1;54599;6; $2.093.784,00 ; $-   ; $-   ; $-   ;Contratacion Tecnico Espacialista Curriculo de Primera Infancia, especialidad Lectroescritura Enero a Junio 2026 - CP 805 -JM;Liquidada; $-   
2026;1876;3;03/02/2026;MINEDUCYT-06/2024 BIRF;19420576;FLOR ELISA BAIRES DE CUBIAS;1401;3;7495;9;1;54599;4; $4.325.042,00 ; $-   ; $-   ; $-   ;Contratacion Tecnico Espacialista Curriculo de Primera Infancia, especialidad Lectroescritura Enero a Junio 2026 - CP 805 -JM;Liquidada; $-   
2026;1876;2;03/02/2026;MINEDUCYT-06/2024 BIRF;19420576;FLOR ELISA BAIRES DE CUBIAS;1401;3;7495;9;1;54599;3; $2.446.560,00 ; $-   ; $-   ; $-   ;Contratacion Tecnico Espacialista Curriculo de Primera Infancia, especialidad Lectroescritura Enero a Junio 2026 - CP 805 -JM;Liquidada; $-   
2026;1876;1;03/02/2026;MINEDUCYT-06/2024 BIRF;19420576;FLOR ELISA BAIRES DE CUBIAS;1401;3;7495;9;1;54599;2; $4.037.268,00 ; $-   ; $-   ; $-   ;Contratacion Tecnico Espacialista Curriculo de Primera Infancia, especialidad Lectroescritura Enero a Junio 2026 - CP 805 -JM;Liquidada; $-   
2026;11899;2;23/06/2026;MINEDUCYT-06/2024-BIRF;19420576;FLOR ELISA BAIRES DE CUBIAS;1401;3;7495;9;1;54599;8; $2.700.906,00 ; $-   ; $-   ; $2.040.150,00 ;CONTRATACION DE TECNICO ESPECIALISTA EN CURRICULO DE PRIMERA INFANCIA, ESPECIALIDAD EN LECTOESCRITURA-CP 992-AÑO 2026-JM;Aprobado; $-   
2026;11899;3;23/06/2026;MINEDUCYT-06/2024-BIRF;19420576;FLOR ELISA BAIRES DE CUBIAS;1401;3;7495;9;1;54599;9; $2.459.640,00 ; $-   ; $-   ; $171.905,00 ;CONTRATACION DE TECNICO ESPECIALISTA EN CURRICULO DE PRIMERA INFANCIA, ESPECIALIDAD EN LECTOESCRITURA-CP 992-AÑO 2026-JM;Aprobado; $-   
2026;11899;5;23/06/2026;MINEDUCYT-06/2024-BIRF;19420576;FLOR ELISA BAIRES DE CUBIAS;1401;3;7495;9;1;54599;11; $3.033.077,00 ; $-   ; $-   ; $143.825,00 ;CONTRATACION DE TECNICO ESPECIALISTA EN CURRICULO DE PRIMERA INFANCIA, ESPECIALIDAD EN LECTOESCRITURA-CP 992-AÑO 2026-JM;Aprobado; $-   
2026;11899;4;23/06/2026;MINEDUCYT-06/2024-BIRF;19420576;FLOR ELISA BAIRES DE CUBIAS;1401;3;7495;9;1;54599;10; $1.401.508,00 ; $-   ; $-   ; $1.238.398,00 ;CONTRATACION DE TECNICO ESPECIALISTA EN CURRICULO DE PRIMERA INFANCIA, ESPECIALIDAD EN LECTOESCRITURA-CP 992-AÑO 2026-JM;Aprobado; $-   
2026;11899;6;23/06/2026;MINEDUCYT-06/2024-BIRF;19420576;FLOR ELISA BAIRES DE CUBIAS;1401;3;7495;9;1;54599;12; $2.495.483,00 ; $-   ; $-   ; $1.872.603,00 ;CONTRATACION DE TECNICO ESPECIALISTA EN CURRICULO DE PRIMERA INFANCIA, ESPECIALIDAD EN LECTOESCRITURA-CP 992-AÑO 2026-JM;Aprobado; $-   
2026;11899;1;23/06/2026;MINEDUCYT-06/2024-BIRF;19420576;FLOR ELISA BAIRES DE CUBIAS;1401;3;7495;9;1;54599;7; $575.773,00 ; $-   ; $-   ; $417.721,00 ;CONTRATACION DE TECNICO ESPECIALISTA EN CURRICULO DE PRIMERA INFANCIA, ESPECIALIDAD EN LECTOESCRITURA-CP 992-AÑO 2026-JM;Aprobado; $-   
2026;2228;2;13/02/2026;MINEDUCYT-10/2026-BIRF;19502530;ALBA  ESPERANZA LOPEZ;1401;3;7495;9;1;54599;3; $3.566.234,00 ; $-   ; $-   ; $-   ;CONTRATACION DE ESPECIALISTA FINANCIERA PARA APOYO A LA UIP-CP 718-AÑO 2026-JM;Parcialmente Liquidada; $-   
2026;2228;3;13/02/2026;MINEDUCYT-10/2026-BIRF;19502530;ALBA  ESPERANZA LOPEZ;1401;3;7495;9;1;54599;4; $234.084,00 ; $-   ; $-   ; $-   ;CONTRATACION DE ESPECIALISTA FINANCIERA PARA APOYO A LA UIP-CP 718-AÑO 2026-JM;Parcialmente Liquidada; $-   
2026;2228;4;13/02/2026;MINEDUCYT-10/2026-BIRF;19502530;ALBA  ESPERANZA LOPEZ;1401;3;7495;9;1;54599;5; $1.492.329,00 ; $-   ; $-   ; $-   ;CONTRATACION DE ESPECIALISTA FINANCIERA PARA APOYO A LA UIP-CP 718-AÑO 2026-JM;Parcialmente Liquidada; $-   
2026;2228;6;13/02/2026;MINEDUCYT-10/2026-BIRF;19502530;ALBA  ESPERANZA LOPEZ;1401;3;7495;9;1;54599;7; $1.148.023,00 ; $-   ; $-   ; $-   ;CONTRATACION DE ESPECIALISTA FINANCIERA PARA APOYO A LA UIP-CP 718-AÑO 2026-JM;Parcialmente Liquidada; $-   
2026;2228;1;13/02/2026;MINEDUCYT-10/2026-BIRF;19502530;ALBA  ESPERANZA LOPEZ;1401;3;7495;9;1;54599;2; $1.423.043,00 ; $-   ; $-   ; $-   ;CONTRATACION DE ESPECIALISTA FINANCIERA PARA APOYO A LA UIP-CP 718-AÑO 2026-JM;Parcialmente Liquidada; $-   
2026;2228;5;13/02/2026;MINEDUCYT-10/2026-BIRF;19502530;ALBA  ESPERANZA LOPEZ;1401;3;7495;9;1;54599;6; $3.349.797,00 ; $-   ; $-   ; $3.105.100,00 ;CONTRATACION DE ESPECIALISTA FINANCIERA PARA APOYO A LA UIP-CP 718-AÑO 2026-JM;Parcialmente Liquidada; $-   
2026;1791;5;29/01/2026;MINEDUCYT-47/2023-BIRF;19821243;MARLENE YESENIA LEVERON DE ZETINO;1401;3;7495;9;1;54599;6; $4.783.323,00 ; $-   ; $-   ; $-   ;Contratación de 2 consultores individuales como referentes territoriales de primera infancia para asesorar la organización y funcionamiento de nidos de inmersión lingüística e identitaria para niños y niñas de 4-7 años-MECT-M-577/2025-AÑO 2026-CP 735-JM;Liquidada; $-   
2026;1791;4;29/01/2026;MINEDUCYT-47/2023-BIRF;19821243;MARLENE YESENIA LEVERON DE ZETINO;1401;3;7495;9;1;54599;5; $1.945.568,00 ; $-   ; $-   ; $-   ;Contratación de 2 consultores individuales como referentes territoriales de primera infancia para asesorar la organización y funcionamiento de nidos de inmersión lingüística e identitaria para niños y niñas de 4-7 años-MECT-M-577/2025-AÑO 2026-CP 735-JM;Liquidada; $-   
2026;1791;3;29/01/2026;MINEDUCYT-47/2023-BIRF;19821243;MARLENE YESENIA LEVERON DE ZETINO;1401;3;7495;9;1;54599;4; $2.467.487,00 ; $-   ; $-   ; $-   ;Contratación de 2 consultores individuales como referentes territoriales de primera infancia para asesorar la organización y funcionamiento de nidos de inmersión lingüística e identitaria para niños y niñas de 4-7 años-MECT-M-577/2025-AÑO 2026-CP 735-JM;Liquidada; $-   
2026;1791;2;29/01/2026;MINEDUCYT-47/2023-BIRF;19821243;MARLENE YESENIA LEVERON DE ZETINO;1401;3;7495;9;1;54599;3; $299.438,00 ; $-   ; $-   ; $-   ;Contratación de 2 consultores individuales como referentes territoriales de primera infancia para asesorar la organización y funcionamiento de nidos de inmersión lingüística e identitaria para niños y niñas de 4-7 años-MECT-M-577/2025-AÑO 2026-CP 735-JM;Liquidada; $-   
2026;1791;1;29/01/2026;MINEDUCYT-47/2023-BIRF;19821243;MARLENE YESENIA LEVERON DE ZETINO;1401;3;7495;9;1;54599;2; $4.345.923,00 ; $-   ; $-   ; $-   ;Contratación de 2 consultores individuales como referentes territoriales de primera infancia para asesorar la organización y funcionamiento de nidos de inmersión lingüística e identitaria para niños y niñas de 4-7 años-MECT-M-577/2025-AÑO 2026-CP 735-JM;Liquidada; $-   
2026;12012;3;30/06/2026;MINEDUCYT-47/2023-BIRF;19821243;MARLENE YESENIA LEVERON DE ZETINO;1401;3;7495;9;1;54599;9; $2.287.794,00 ; $-   ; $-   ; $2.180.845,00 ;Contratación de 2 consultores individuales como referentes territoriales de primera infancia para asesorar la organización y funcionamiento de nidos de inmersión lingüística e identitaria para niños y niñas de 4-7 años-MECT-M-294/2026-AÑO 2026-CP 1060-JM;Aprobado; $-   
2026;12012;2;30/06/2026;MINEDUCYT-47/2023-BIRF;19821243;MARLENE YESENIA LEVERON DE ZETINO;1401;3;7495;9;1;54599;8; $1.540.946,00 ; $-   ; $-   ; $1.483.119,00 ;Contratación de 2 consultores individuales como referentes territoriales de primera infancia para asesorar la organización y funcionamiento de nidos de inmersión lingüística e identitaria para niños y niñas de 4-7 años-MECT-M-294/2026-AÑO 2026-CP 1060-JM;Aprobado; $-   
2026;12012;1;30/06/2026;MINEDUCYT-47/2023-BIRF;19821243;MARLENE YESENIA LEVERON DE ZETINO;1401;3;7495;9;1;54599;7; $151.021,00 ; $-   ; $-   ; $116.268,00 ;Contratación de 2 consultores individuales como referentes territoriales de primera infancia para asesorar la organización y funcionamiento de nidos de inmersión lingüística e identitaria para niños y niñas de 4-7 años-MECT-M-294/2026-AÑO 2026-CP 1060-JM;Aprobado; $-   
2026;12012;4;30/06/2026;MINEDUCYT-47/2023-BIRF;19821243;MARLENE YESENIA LEVERON DE ZETINO;1401;3;7495;9;1;54599;10; $2.824.050,00 ; $-   ; $-   ; $1.519.695,00 ;Contratación de 2 consultores individuales como referentes territoriales de primera infancia para asesorar la organización y funcionamiento de nidos de inmersión lingüística e identitaria para niños y niñas de 4-7 años-MECT-M-294/2026-AÑO 2026-CP 1060-JM;Aprobado; $-   
2026;12012;5;30/06/2026;MINEDUCYT-47/2023-BIRF;19821243;MARLENE YESENIA LEVERON DE ZETINO;1401;3;7495;9;1;54599;11; $3.257.534,00 ; $-   ; $-   ; $179.412,00 ;Contratación de 2 consultores individuales como referentes territoriales de primera infancia para asesorar la organización y funcionamiento de nidos de inmersión lingüística e identitaria para niños y niñas de 4-7 años-MECT-M-294/2026-AÑO 2026-CP 1060-JM;Aprobado; $-   
2026;12012;6;30/06/2026;MINEDUCYT-47/2023-BIRF;19821243;MARLENE YESENIA LEVERON DE ZETINO;1401;3;7495;9;1;54599;12; $4.327.041,00 ; $-   ; $-   ; $4.146.372,00 ;Contratación de 2 consultores individuales como referentes territoriales de primera infancia para asesorar la organización y funcionamiento de nidos de inmersión lingüística e identitaria para niños y niñas de 4-7 años-MECT-M-294/2026-AÑO 2026-CP 1060-JM;Aprobado; $-   
2026;6440;1;26/03/2026;MINEDUCYT-101/2025-BIRF;19838591;ANA CECILIA ORTIZ DE FERNANDEZ;1401;3;7495;9;1;54502;4; $4.815.761,00 ; $750,00 ; $-   ; $-   ;CONTRATACION DE 28 PORTADORES CULTURALES PARA DESARROLLAR TALLERES DE IDENTIDAD CULTURAL NÁHUAT, LENCA Y CACAOPERA EN CENTROS EDUCATIVOS-CP 692-AÑO 2026-JM;Liquidada; $4.546.771,00 
2026;11835;1;16/06/2026;MINEDUCYT-101/2025-BIRF.;19838591;ANA CECILIA ORTIZ DE FERNANDEZ;1401;3;7495;9;1;54599;6; $4.060.107,00 ; $-   ; $-   ; $-   ;CONTRATACION DE 28 PORTADORES CULTURALES PARA DESARROLLAR TALLERES DE IDENTIDAD CULTURAL NÁHUAT, LENCA Y CACAOPERA EN CENTROS EDUCATIVOS-CP 692-AÑO 2026-JM;Liquidada; $-   
2026;6468;1;26/03/2026;MINEDUCYT-118/2025-BIRF;19998854;HILDA NOEMI VASQUEZ DE MIRANDA;1401;3;7495;9;1;54502;4; $2.880.768,00 ; $-   ; $-   ; $2.748.639,00 ;CONTRATACION DE 28 PORTADORES CULTURALES PARA DESARROLLAR TALLERES DE IDENTIDAD CULTURAL NÁHUAT, LENCA Y CACAOPERA EN CENTROS EDUCATIVOS-CP 692-AÑO 2026-JM;Liquidada; $-   
2026;8550;1;07/05/2026;MINEDUCYT-118/2025-BIRF;19998854;HILDA NOEMI VASQUEZ DE MIRANDA;1401;3;7495;9;1;54502;5; $1.374.378,00 ; $-   ; $-   ; $627.780,00 ;Contratación de (28) portadores culturales para desarrollar talleres de identidad cultural Náhuat, Lenca y Cacaopera en Centros Educativos, Deuda-CP 691 - JM;Liquidada; $-   
2026;11850;1;18/06/2026;MINEDUCYT-118/2025 - BIRF;19998854;HILDA NOEMI VASQUEZ DE MIRANDA;1401;3;7495;9;1;54599;6; $3.832.391,00 ; $-   ; $-   ; $-   ;CONTRATACION DE 28 PORTADORES CULTURALES PARA DESARROLLAR TALLERES DE IDENTIDAD CULTURAL NÁHUAT, LENCA Y CACAOPERA EN CENTROS EDUCATIVOS-CP 692-AÑO 2026-JM;Liquidada; $-   
2026;11857;1;18/06/2026;MINEDUCYT-118/2025-BIRF;19998854;HILDA NOEMI VASQUEZ DE MIRANDA;1401;3;7495;9;1;54599;6; $2.957.550,00 ; $-   ; $-   ; $-   ;CONTRATACION DE 28 PORTADORES CULTURALES PARA DESARROLLAR TALLERES DE IDENTIDAD  CULTURAL NÁHUAT, LENCA Y CACAOPERA EN C.E. -DEUDA -CP 691-JM;Liquidada; $-   
2026;1938;3;04/02/2026;MINEDUCYT-39/2023-BIRF;20199316;MAGALY  GUZMAN DE GIL;1401;3;7495;9;1;54599;4; $3.678.031,00 ; $-   ; $-   ; $-   ;CONTRATACION DE 2 ESPECIALISTAS EN FORMULACION Y GESTION DE PROYECTOS DE INFRAESTRUCTURA EDUCATIVA PARA APOYAR LA LABOR DE LA DIAE-AÑO 2026-CP 795-JM;Liquidada; $-   
2026;1938;2;04/02/2026;MINEDUCYT-39/2023-BIRF;20199316;MAGALY  GUZMAN DE GIL;1401;3;7495;9;1;54599;3; $3.241.840,00 ; $-   ; $-   ; $-   ;CONTRATACION DE 2 ESPECIALISTAS EN FORMULACION Y GESTION DE PROYECTOS DE INFRAESTRUCTURA EDUCATIVA PARA APOYAR LA LABOR DE LA DIAE-AÑO 2026-CP 795-JM;Liquidada; $-   
2026;1938;1;04/02/2026;MINEDUCYT-39/2023-BIRF;20199316;MAGALY  GUZMAN DE GIL;1401;3;7495;9;1;54599;2; $1.840.716,00 ; $-   ; $-   ; $-   ;CONTRATACION DE 2 ESPECIALISTAS EN FORMULACION Y GESTION DE PROYECTOS DE INFRAESTRUCTURA EDUCATIVA PARA APOYAR LA LABOR DE LA DIAE-AÑO 2026-CP 795-JM;Liquidada; $-   
2026;1938;4;04/02/2026;MINEDUCYT-39/2023-BIRF;20199316;MAGALY  GUZMAN DE GIL;1401;3;7495;9;1;54599;5; $734.394,00 ; $-   ; $-   ; $-   ;CONTRATACION DE 2 ESPECIALISTAS EN FORMULACION Y GESTION DE PROYECTOS DE INFRAESTRUCTURA EDUCATIVA PARA APOYAR LA LABOR DE LA DIAE-AÑO 2026-CP 795-JM;Liquidada; $-   
2026;1938;5;04/02/2026;MINEDUCYT-39/2023-BIRF;20199316;MAGALY  GUZMAN DE GIL;1401;3;7495;9;1;54599;6; $4.116.757,00 ; $-   ; $-   ; $-   ;CONTRATACION DE 2 ESPECIALISTAS EN FORMULACION Y GESTION DE PROYECTOS DE INFRAESTRUCTURA EDUCATIVA PARA APOYAR LA LABOR DE LA DIAE-AÑO 2026-CP 795-JM;Liquidada; $-   
2026;11917;6;24/06/2026;MINEDUCYT-39/2023-BIRF..;20199316;MAGALY  GUZMAN DE GIL;1401;3;7495;9;1;54599;12; $4.754.655,00 ; $-   ; $-   ; $2.156.552,00 ;Contratación de dos (2) especialistas en formación y gestión de proyectos de infraestructura educativa para apoyar la labor de la (DIAE)-CP 1051-AÑO 2026;Aprobado; $-   
2026;11917;5;24/06/2026;MINEDUCYT-39/2023-BIRF..;20199316;MAGALY  GUZMAN DE GIL;1401;3;7495;9;1;54599;11; $2.503.066,00 ; $-   ; $-   ; $2.002.078,00 ;Contratación de dos (2) especialistas en formación y gestión de proyectos de infraestructura educativa para apoyar la labor de la (DIAE)-CP 1051-AÑO 2026;Aprobado; $-   
2026;11917;4;24/06/2026;MINEDUCYT-39/2023-BIRF..;20199316;MAGALY  GUZMAN DE GIL;1401;3;7495;9;1;54599;10; $2.116.125,00 ; $-   ; $-   ; $488.189,00 ;Contratación de dos (2) especialistas en formación y gestión de proyectos de infraestructura educativa para apoyar la labor de la (DIAE)-CP 1051-AÑO 2026;Aprobado; $-   
2026;11917;3;24/06/2026;MINEDUCYT-39/2023-BIRF..;20199316;MAGALY  GUZMAN DE GIL;1401;3;7495;9;1;54599;9; $4.262.016,00 ; $-   ; $-   ; $3.243.458,00 ;Contratación de dos (2) especialistas en formación y gestión de proyectos de infraestructura educativa para apoyar la labor de la (DIAE)-CP 1051-AÑO 2026;Aprobado; $-   
2026;11917;2;24/06/2026;MINEDUCYT-39/2023-BIRF..;20199316;MAGALY  GUZMAN DE GIL;1401;3;7495;9;1;54599;8; $1.539.105,00 ; $-   ; $-   ; $475.888,00 ;Contratación de dos (2) especialistas en formación y gestión de proyectos de infraestructura educativa para apoyar la labor de la (DIAE)-CP 1051-AÑO 2026;Aprobado; $-   
2026;11917;1;24/06/2026;MINEDUCYT-39/2023-BIRF..;20199316;MAGALY  GUZMAN DE GIL;1401;3;7495;9;1;54599;7; $4.608.372,00 ; $-   ; $-   ; $963.993,00 ;Contratación de dos (2) especialistas en formación y gestión de proyectos de infraestructura educativa para apoyar la labor de la (DIAE)-CP 1051-AÑO 2026;Aprobado; $-   
2026;1899;3;03/02/2026;MINEDUCYT-15/2022 BIRF;20430869;ELIZABETH DE JESUS CASTELLON DE IRAHETA;1401;3;7495;9;1;54599;4; $912.521,00 ; $-   ; $-   ; $-   ;Consultoria de Especialista Tecnico Seguimiento del area de Infraestructura para la Unidad Gestora del Proyecto  Enero a Junio 2026 - CP 811 -JM;Liquidada; $-   
2026;1899;5;03/02/2026;MINEDUCYT-15/2022 BIRF;20430869;ELIZABETH DE JESUS CASTELLON DE IRAHETA;1401;3;7495;9;1;54599;6; $88.986,00 ; $-   ; $-   ; $-   ;Consultoria de Especialista Tecnico Seguimiento del area de Infraestructura para la Unidad Gestora del Proyecto  Enero a Junio 2026 - CP 811 -JM;Liquidada; $-   
2026;1899;1;03/02/2026;MINEDUCYT-15/2022 BIRF;20430869;ELIZABETH DE JESUS CASTELLON DE IRAHETA;1401;3;7495;9;1;54599;2; $560.581,00 ; $-   ; $-   ; $-   ;Consultoria de Especialista Tecnico Seguimiento del area de Infraestructura para la Unidad Gestora del Proyecto  Enero a Junio 2026 - CP 811 -JM;Liquidada; $-   
2026;1899;4;03/02/2026;MINEDUCYT-15/2022 BIRF;20430869;ELIZABETH DE JESUS CASTELLON DE IRAHETA;1401;3;7495;9;1;54599;5; $3.897.762,00 ; $-   ; $-   ; $-   ;Consultoria de Especialista Tecnico Seguimiento del area de Infraestructura para la Unidad Gestora del Proyecto  Enero a Junio 2026 - CP 811 -JM;Liquidada; $-   
2026;1899;2;03/02/2026;MINEDUCYT-15/2022 BIRF;20430869;ELIZABETH DE JESUS CASTELLON DE IRAHETA;1401;3;7495;9;1;54599;3; $1.740.164,00 ; $-   ; $-   ; $-   ;Consultoria de Especialista Tecnico Seguimiento del area de Infraestructura para la Unidad Gestora del Proyecto  Enero a Junio 2026 - CP 811 -JM;Liquidada; $-   
2026;13603;1;16/07/2026;MINEDUCYT-15/2022 BIRF;20430869;ELIZABETH DE JESUS CASTELLON DE IRAHETA;1401;3;7495;9;1;54599;7; $635.361,00 ; $-   ; $-   ; $145.472,00 ;Consultoria de Especialista Tecnico Seguimiento del area de Infraestructura para la Unidad Gestora del Proyecto  Jul y Dic  2026 - CP1062 -JM;Aprobado; $-   
2026;13603;2;16/07/2026;MINEDUCYT-15/2022 BIRF;20430869;ELIZABETH DE JESUS CASTELLON DE IRAHETA;1401;3;7495;9;1;54599;8; $4.545.189,00 ; $-   ; $-   ; $90.273,00 ;Consultoria de Especialista Tecnico Seguimiento del area de Infraestructura para la Unidad Gestora del Proyecto  Jul y Dic  2026 - CP1062 -JM;Aprobado; $-   
2026;13603;3;16/07/2026;MINEDUCYT-15/2022 BIRF;20430869;ELIZABETH DE JESUS CASTELLON DE IRAHETA;1401;3;7495;9;1;54599;9; $4.947.579,00 ; $-   ; $-   ; $4.717.580,00 ;Consultoria de Especialista Tecnico Seguimiento del area de Infraestructura para la Unidad Gestora del Proyecto  Jul y Dic  2026 - CP1062 -JM;Aprobado; $-   
2026;13603;4;16/07/2026;MINEDUCYT-15/2022 BIRF;20430869;ELIZABETH DE JESUS CASTELLON DE IRAHETA;1401;3;7495;9;1;54599;10; $88.074,00 ; $-   ; $-   ; $45.384,00 ;Consultoria de Especialista Tecnico Seguimiento del area de Infraestructura para la Unidad Gestora del Proyecto  Jul y Dic  2026 - CP1062 -JM;Aprobado; $-   
2026;13603;5;16/07/2026;MINEDUCYT-15/2022 BIRF;20430869;ELIZABETH DE JESUS CASTELLON DE IRAHETA;1401;3;7495;9;1;54599;11; $1.871.071,00 ; $-   ; $-   ; $792.878,00 ;Consultoria de Especialista Tecnico Seguimiento del area de Infraestructura para la Unidad Gestora del Proyecto  Jul y Dic  2026 - CP1062 -JM;Aprobado; $-   
2026;13603;6;16/07/2026;MINEDUCYT-15/2022 BIRF;20430869;ELIZABETH DE JESUS CASTELLON DE IRAHETA;1401;3;7495;9;1;54599;12; $1.363.524,00 ; $-   ; $-   ; $684.296,00 ;Consultoria de Especialista Tecnico Seguimiento del area de Infraestructura para la Unidad Gestora del Proyecto  Jul y Dic  2026 - CP1062 -JM;Aprobado; $-   
2026;1798;4;29/01/2026;MIINEDUCYT-361/2025-BIRF;20727127;MARIA CRISTINA LIMA MENA;1401;3;7495;9;1;54599;5; $3.247.322,00 ; $-   ; $-   ; $3.035.790,00 ;ASESORA PARA LA ESTRATEGIA DEL DISEÑO CURRICULAR DE LA PRIMERA INFANCIA PARA EL MINEDUCYT-MECT-M-361/2025-AÑO 2026-CP 781-JM;Aprobado; $-   
2026;1798;5;29/01/2026;MIINEDUCYT-361/2025-BIRF;20727127;MARIA CRISTINA LIMA MENA;1401;3;7495;9;1;54599;6; $2.788.014,00 ; $-   ; $-   ; $2.758.341,00 ;ASESORA PARA LA ESTRATEGIA DEL DISEÑO CURRICULAR DE LA PRIMERA INFANCIA PARA EL MINEDUCYT-MECT-M-361/2025-AÑO 2026-CP 781-JM;Aprobado; $-   
2026;1798;3;29/01/2026;MIINEDUCYT-361/2025-BIRF;20727127;MARIA CRISTINA LIMA MENA;1401;3;7495;9;1;54599;4; $998.132,00 ; $-   ; $-   ; $18.667,00 ;ASESORA PARA LA ESTRATEGIA DEL DISEÑO CURRICULAR DE LA PRIMERA INFANCIA PARA EL MINEDUCYT-MECT-M-361/2025-AÑO 2026-CP 781-JM;Aprobado; $-   
2026;1798;2;29/01/2026;MIINEDUCYT-361/2025-BIRF;20727127;MARIA CRISTINA LIMA MENA;1401;3;7495;9;1;54599;3; $3.688.381,00 ; $-   ; $-   ; $1.601.120,00 ;ASESORA PARA LA ESTRATEGIA DEL DISEÑO CURRICULAR DE LA PRIMERA INFANCIA PARA EL MINEDUCYT-MECT-M-361/2025-AÑO 2026-CP 781-JM;Aprobado; $-   
2026;1798;1;29/01/2026;MIINEDUCYT-361/2025-BIRF;20727127;MARIA CRISTINA LIMA MENA;1401;3;7495;9;1;54599;2; $3.073.794,00 ; $-   ; $-   ; $2.621.991,00 ;ASESORA PARA LA ESTRATEGIA DEL DISEÑO CURRICULAR DE LA PRIMERA INFANCIA PARA EL MINEDUCYT-MECT-M-361/2025-AÑO 2026-CP 781-JM;Aprobado; $-   
2026;1802;5;29/01/2026;MINEDUCYT-01/2023-BIRF;20727127;MARIA CRISTINA LIMA MENA;1401;3;7495;9;1;54599;6; $1.910.220,00 ; $-   ; $-   ; $-   ;ASESORA PARA LA ESTRATEGIA DEL DISEÑO CURRICULAR DE LA PRIMERA INFANCIA PARA EL MINEDUCYT-MECT-M-361/2025-AÑO 2026-CP 781-JM;Liquidada; $-   
2026;1802;4;29/01/2026;MINEDUCYT-01/2023-BIRF;20727127;MARIA CRISTINA LIMA MENA;1401;3;7495;9;1;54599;5; $2.724.578,00 ; $-   ; $-   ; $-   ;ASESORA PARA LA ESTRATEGIA DEL DISEÑO CURRICULAR DE LA PRIMERA INFANCIA PARA EL MINEDUCYT-MECT-M-361/2025-AÑO 2026-CP 781-JM;Liquidada; $-   
2026;1802;3;29/01/2026;MINEDUCYT-01/2023-BIRF;20727127;MARIA CRISTINA LIMA MENA;1401;3;7495;9;1;54599;4; $1.799.683,00 ; $-   ; $-   ; $-   ;ASESORA PARA LA ESTRATEGIA DEL DISEÑO CURRICULAR DE LA PRIMERA INFANCIA PARA EL MINEDUCYT-MECT-M-361/2025-AÑO 2026-CP 781-JM;Liquidada; $-   
2026;1802;2;29/01/2026;MINEDUCYT-01/2023-BIRF;20727127;MARIA CRISTINA LIMA MENA;1401;3;7495;9;1;54599;3; $3.706.845,00 ; $-   ; $-   ; $-   ;ASESORA PARA LA ESTRATEGIA DEL DISEÑO CURRICULAR DE LA PRIMERA INFANCIA PARA EL MINEDUCYT-MECT-M-361/2025-AÑO 2026-CP 781-JM;Liquidada; $-   
2026;1802;1;29/01/2026;MINEDUCYT-01/2023-BIRF;20727127;MARIA CRISTINA LIMA MENA;1401;3;7495;9;1;54599;2; $651.688,00 ; $-   ; $-   ; $-   ;ASESORA PARA LA ESTRATEGIA DEL DISEÑO CURRICULAR DE LA PRIMERA INFANCIA PARA EL MINEDUCYT-MECT-M-361/2025-AÑO 2026-CP 781-JM;Liquidada; $-   
2026;11877;4;19/06/2026;MINEDUCYT-01/2023-BIRF;20727127;MARIA CRISTINA LIMA MENA;1401;3;7495;9;1;54599;10; $3.646.882,00 ; $-   ; $-   ; $1.062.441,00 ;ASESORA PARA LA ESTRATEGIA DEL DISEÑO CURRICULAR DE LA PRIMERA INFANCIA PARA EL MINEDUCYT-CP 996-AÑO 2026-JM;Aprobado; $-   
2026;11877;3;19/06/2026;MINEDUCYT-01/2023-BIRF;20727127;MARIA CRISTINA LIMA MENA;1401;3;7495;9;1;54599;9; $4.187.910,00 ; $-   ; $-   ; $98.900,00 ;ASESORA PARA LA ESTRATEGIA DEL DISEÑO CURRICULAR DE LA PRIMERA INFANCIA PARA EL MINEDUCYT-CP 996-AÑO 2026-JM;Aprobado; $-   
2026;11877;2;19/06/2026;MINEDUCYT-01/2023-BIRF;20727127;MARIA CRISTINA LIMA MENA;1401;3;7495;9;1;54599;8; $1.120.526,00 ; $-   ; $-   ; $480.361,00 ;ASESORA PARA LA ESTRATEGIA DEL DISEÑO CURRICULAR DE LA PRIMERA INFANCIA PARA EL MINEDUCYT-CP 996-AÑO 2026-JM;Aprobado; $-   
2026;11877;1;19/06/2026;MINEDUCYT-01/2023-BIRF;20727127;MARIA CRISTINA LIMA MENA;1401;3;7495;9;1;54599;7; $1.403.792,00 ; $-   ; $-   ; $234.866,00 ;ASESORA PARA LA ESTRATEGIA DEL DISEÑO CURRICULAR DE LA PRIMERA INFANCIA PARA EL MINEDUCYT-CP 996-AÑO 2026-JM;Aprobado; $-   
2026;11877;5;19/06/2026;MINEDUCYT-01/2023-BIRF;20727127;MARIA CRISTINA LIMA MENA;1401;3;7495;9;1;54599;11; $3.123.190,00 ; $-   ; $-   ; $956.478,00 ;ASESORA PARA LA ESTRATEGIA DEL DISEÑO CURRICULAR DE LA PRIMERA INFANCIA PARA EL MINEDUCYT-CP 996-AÑO 2026-JM;Aprobado; $-   
2026;11877;6;19/06/2026;MINEDUCYT-01/2023-BIRF;20727127;MARIA CRISTINA LIMA MENA;1401;3;7495;9;1;54599;12; $383.681,00 ; $-   ; $-   ; $210.259,00 ;ASESORA PARA LA ESTRATEGIA DEL DISEÑO CURRICULAR DE LA PRIMERA INFANCIA PARA EL MINEDUCYT-CP 996-AÑO 2026-JM;Aprobado; $-   
2026;6462;1;26/03/2026;MINEDUCYT-112/2025-BIRF;21099632;MARIA IMELDA MARTINEZ DIAZ;1401;3;7495;9;1;54502;4; $3.748.291,00 ; $-   ; $-   ; $293.037,00 ;CONTRATACION DE 28 PORTADORES CULTURALES PARA DESARROLLAR TALLERES DE IDENTIDAD CULTURAL NÁHUAT, LENCA Y CACAOPERA EN CENTROS EDUCATIVOS-CP 692-AÑO 2026-JM;Liquidada; $-   
2026;11856;1;18/06/2026;MINEDUCYT-112/2025-BIRF.;21099632;MARIA IMELDA MARTINEZ DIAZ;1401;3;7495;9;1;54599;6; $2.164.008,00 ; $-   ; $-   ; $-   ;CONTRATACION DE 28 PORTADORES CULTURALES PARA DESARROLLAR TALLERES DE IDENTIDAD CULTURAL NÁHUAT, LENCA Y CACAOPERA EN CENTROS EDUCATIVOS-CP 692-AÑO 2026-JM;Liquidada; $-   
2026;6441;1;26/03/2026;MINEDUCYT-102/2025-BIRF;21361348;ADOLFO  GOMEZ MOLINA;1401;3;7495;9;1;54502;4; $3.955.193,00 ; $-   ; $-   ; $581.318,00 ;CONTRATACION DE 28 PORTADORES CULTURALES PARA DESARROLLAR TALLERES DE IDENTIDAD CULTURAL NÁHUAT, LENCA Y CACAOPERA EN CENTROS EDUCATIVOS-CP 692-AÑO 2026-JM;Liquidada; $-   
2026;11836;1;18/06/2026;MINEDUCYT-102/2025-BIRF.;21361348;ADOLFO  GOMEZ MOLINA;1401;3;7495;9;1;54599;6; $4.314.545,00 ; $-   ; $-   ; $-   ;CONTRATACION DE 28 PORTADORES CULTURALES PARA DESARROLLAR TALLERES DE IDENTIDAD CULTURAL NÁHUAT, LENCA Y CACAOPERA EN CENTROS EDUCATIVOS-CP 692-AÑO 2026-JM;Liquidada; $-   
2026;6467;1;26/03/2026;MINEDUCYT-117/2025-BIRF;21410529;TERESA DE JESUS BELTRAN VDA. DE MARTINEZ;1401;3;7495;9;1;54502;4; $2.930.200,00 ; $-   ; $-   ; $1.462.661,00 ;CONTRATACION DE 28 PORTADORES CULTURALES PARA DESARROLLAR TALLERES DE IDENTIDAD CULTURAL NÁHUAT, LENCA Y CACAOPERA EN CENTROS EDUCATIVOS-CP 692-AÑO 2026-JM;Liquidada; $-   
2026;11845;1;18/06/2026;MINEDUCYT-117/2025 BIRF;21410529;TERESA DE JESUS BELTRAN VDA. DE MARTINEZ;1401;3;7495;9;1;54599;6; $1.552.260,00 ; $-   ; $-   ; $-   ;CONTRATACION DE 28 PORTADORES CULTURALES PARA DESARROLLAR TALLERES DE IDENTIDAD CULTURAL NÁHUAT, LENCA Y CACAOPERA EN CENTROS EDUCATIVOS-CP 692-AÑO 2026-JM;Liquidada; $-   
2026;1679;4;22/01/2026;MINEDUCYT-87/2024-BIRF;21554462;ZOILA DOROTEA FLORES JURADO;1401;3;7495;9;1;54599;5; $2.677.523,00 ; $2.500,00 ; $-   ; $-   ;CONTRATACIÓN DE CONSULTORIA INDIVIDUAL PARA ESPECIALISTA No 6 Y 7 DE ADQUISICIONES Y CONTRATACION DE OBRAS, BIENES, SERVICIOS DE NO CONSULTORIA Y CONSULTORIAS-AÑO 2026-CP 701-JM;Liquidada; $911.630,00 
2026;1679;2;22/01/2026;MINEDUCYT-87/2024-BIRF;21554462;ZOILA DOROTEA FLORES JURADO;1401;3;7495;9;1;54599;3; $1.384.740,00 ; $-   ; $-   ; $-   ;CONTRATACIÓN DE CONSULTORIA INDIVIDUAL PARA ESPECIALISTA No 6 Y 7 DE ADQUISICIONES Y CONTRATACION DE OBRAS, BIENES, SERVICIOS DE NO CONSULTORIA Y CONSULTORIAS-AÑO 2026-CP 701-JM;Liquidada; $-   
2026;1679;5;22/01/2026;MINEDUCYT-87/2024-BIRF;21554462;ZOILA DOROTEA FLORES JURADO;1401;3;7495;9;1;54599;6; $2.858.392,00 ; $2.500,00 ; $-   ; $-   ;CONTRATACIÓN DE CONSULTORIA INDIVIDUAL PARA ESPECIALISTA No 6 Y 7 DE ADQUISICIONES Y CONTRATACION DE OBRAS, BIENES, SERVICIOS DE NO CONSULTORIA Y CONSULTORIAS-AÑO 2026-CP 701-JM;Liquidada; $2.810.669,00 
2026;1679;3;22/01/2026;MINEDUCYT-87/2024-BIRF;21554462;ZOILA DOROTEA FLORES JURADO;1401;3;7495;9;1;54599;4; $3.347.270,00 ; $833,33 ; $-   ; $-   ;CONTRATACIÓN DE CONSULTORIA INDIVIDUAL PARA ESPECIALISTA No 6 Y 7 DE ADQUISICIONES Y CONTRATACION DE OBRAS, BIENES, SERVICIOS DE NO CONSULTORIA Y CONSULTORIAS-AÑO 2026-CP 701-JM;Liquidada; $503.815,00 
2026;1679;1;22/01/2026;MINEDUCYT-87/2024-BIRF;21554462;ZOILA DOROTEA FLORES JURADO;1401;3;7495;9;1;54599;2; $3.014.567,00 ; $-   ; $-   ; $-   ;CONTRATACIÓN DE CONSULTORIA INDIVIDUAL PARA ESPECIALISTA No 6 Y 7 DE ADQUISICIONES Y CONTRATACION DE OBRAS, BIENES, SERVICIOS DE NO CONSULTORIA Y CONSULTORIAS-AÑO 2026-CP 701-JM;Liquidada; $-   
2026;1757;4;28/01/2026;MINEDUCYT-75/2024-BIRF;21687061;VICTOR MANUEL FIGUEROA MORAN;1401;3;7495;9;1;54599;5; $4.415.447,00 ; $-   ; $-   ; $-   ;CONTRATACIÓN DE UN ESPECIALISTA EN ESTRUCTURAS PARA APOYO A LA DIRECCIÓN DE INFRAESTRUCTURA Y AMBIENTE ES EDUCATIVOS-AÑO 2026-CP 803-JM;Liquidada; $-   
2026;1757;5;28/01/2026;MINEDUCYT-75/2024-BIRF;21687061;VICTOR MANUEL FIGUEROA MORAN;1401;3;7495;9;1;54599;6; $4.921.408,00 ; $-   ; $-   ; $-   ;CONTRATACIÓN DE UN ESPECIALISTA EN ESTRUCTURAS PARA APOYO A LA DIRECCIÓN DE INFRAESTRUCTURA Y AMBIENTE ES EDUCATIVOS-AÑO 2026-CP 803-JM;Liquidada; $-   
2026;1757;3;28/01/2026;MINEDUCYT-75/2024-BIRF;21687061;VICTOR MANUEL FIGUEROA MORAN;1401;3;7495;9;1;54599;4; $3.785.097,00 ; $-   ; $-   ; $-   ;CONTRATACIÓN DE UN ESPECIALISTA EN ESTRUCTURAS PARA APOYO A LA DIRECCIÓN DE INFRAESTRUCTURA Y AMBIENTE ES EDUCATIVOS-AÑO 2026-CP 803-JM;Liquidada; $-   
2026;1757;2;28/01/2026;MINEDUCYT-75/2024-BIRF;21687061;VICTOR MANUEL FIGUEROA MORAN;1401;3;7495;9;1;54599;3; $2.536.958,00 ; $-   ; $-   ; $-   ;CONTRATACIÓN DE UN ESPECIALISTA EN ESTRUCTURAS PARA APOYO A LA DIRECCIÓN DE INFRAESTRUCTURA Y AMBIENTE ES EDUCATIVOS-AÑO 2026-CP 803-JM;Liquidada; $-   
2026;1757;1;28/01/2026;MINEDUCYT-75/2024-BIRF;21687061;VICTOR MANUEL FIGUEROA MORAN;1401;3;7495;9;1;54599;2; $4.174.315,00 ; $-   ; $-   ; $-   ;CONTRATACIÓN DE UN ESPECIALISTA EN ESTRUCTURAS PARA APOYO A LA DIRECCIÓN DE INFRAESTRUCTURA Y AMBIENTE ES EDUCATIVOS-AÑO 2026-CP 803-JM;Liquidada; $-   
2026;12004;2;29/06/2026;MINEDUCYT-75/2024-BIRF;21687061;VICTOR MANUEL FIGUEROA MORAN;1401;3;7495;9;1;54599;8; $1.190.949,00 ; $-   ; $-   ; $233.961,00 ;CONTRATACIÓN DE UN ESPECIALISTA EN ESTRUCTURAS PARA APOYO A LA DIRECCIÓN DE INFRAESTRUCTURA Y AMBIENTE ES EDUCATIVOS-AÑO 2026-CP 1044-JM.;Aprobado; $-   
2026;12004;1;29/06/2026;MINEDUCYT-75/2024-BIRF;21687061;VICTOR MANUEL FIGUEROA MORAN;1401;3;7495;9;1;54599;7; $2.125.882,00 ; $-   ; $-   ; $314.895,00 ;CONTRATACIÓN DE UN ESPECIALISTA EN ESTRUCTURAS PARA APOYO A LA DIRECCIÓN DE INFRAESTRUCTURA Y AMBIENTE ES EDUCATIVOS-AÑO 2026-CP 1044-JM.;Aprobado; $-   
2026;12004;3;29/06/2026;MINEDUCYT-75/2024-BIRF;21687061;VICTOR MANUEL FIGUEROA MORAN;1401;3;7495;9;1;54599;9; $217.224,00 ; $-   ; $-   ; $15.938,00 ;CONTRATACIÓN DE UN ESPECIALISTA EN ESTRUCTURAS PARA APOYO A LA DIRECCIÓN DE INFRAESTRUCTURA Y AMBIENTE ES EDUCATIVOS-AÑO 2026-CP 1044-JM.;Aprobado; $-   
2026;12004;4;29/06/2026;MINEDUCYT-75/2024-BIRF;21687061;VICTOR MANUEL FIGUEROA MORAN;1401;3;7495;9;1;54599;10; $3.951.945,00 ; $-   ; $-   ; $2.145.736,00 ;CONTRATACIÓN DE UN ESPECIALISTA EN ESTRUCTURAS PARA APOYO A LA DIRECCIÓN DE INFRAESTRUCTURA Y AMBIENTE ES EDUCATIVOS-AÑO 2026-CP 1044-JM.;Aprobado; $-   
2026;12004;5;29/06/2026;MINEDUCYT-75/2024-BIRF;21687061;VICTOR MANUEL FIGUEROA MORAN;1401;3;7495;9;1;54599;11; $3.516.992,00 ; $-   ; $-   ; $722.689,00 ;CONTRATACIÓN DE UN ESPECIALISTA EN ESTRUCTURAS PARA APOYO A LA DIRECCIÓN DE INFRAESTRUCTURA Y AMBIENTE ES EDUCATIVOS-AÑO 2026-CP 1044-JM.;Aprobado; $-   
2026;12004;6;29/06/2026;MINEDUCYT-75/2024-BIRF;21687061;VICTOR MANUEL FIGUEROA MORAN;1401;3;7495;9;1;54599;12; $1.460.897,00 ; $-   ; $-   ; $889.102,00 ;CONTRATACIÓN DE UN ESPECIALISTA EN ESTRUCTURAS PARA APOYO A LA DIRECCIÓN DE INFRAESTRUCTURA Y AMBIENTE ES EDUCATIVOS-AÑO 2026-CP 1044-JM.;Aprobado; $-   
2026;4111;1;26/02/2026;OC-133-BIRF;21997644;JOSE GUILLERMO HERRERA RAMIREZ;1401;3;7495;9;1;61199;3; $3.984.687,00 ; $-   ; $-   ; $-   ;COMPRA DE INSTRUMENTOS MUSICALES PARA TALLERES DE IDENTIDAD CULTURAL EN C.E.-CP 643-JM;Liquidada; $-   
2026;4240;1;02/03/2026;MINEDUCYT-123/2025-BIRF;22483965;MERCEDES EUGENIA POSADA DE MARTINEZ;1401;3;7495;9;1;54116;3; $4.792.323,00 ; $-   ; $-   ; $-   ;ADQUISICION DE INSTRUMENTOS MUSICALES PARA PROMOVER LA EXPRESION MUSICAL EN LA NIÑEZ DE LA PRIMERA INFANCIA-CP 698/868-AÑO 2026-JM;Liquidada; $-   
2026;4240;3;02/03/2026;MINEDUCYT-123/2025-BIRF;22483965;MERCEDES EUGENIA POSADA DE MARTINEZ;1401;3;7495;9;1;54116;5; $2.143.300,00 ; $-   ; $-   ; $-   ;ADQUISICION DE INSTRUMENTOS MUSICALES PARA PROMOVER LA EXPRESION MUSICAL EN LA NIÑEZ DE LA PRIMERA INFANCIA-CP 698/868-AÑO 2026-JM;Liquidada; $-   
2026;4240;2;02/03/2026;MINEDUCYT-123/2025-BIRF;22483965;MERCEDES EUGENIA POSADA DE MARTINEZ;1401;3;7495;9;1;54116;4; $2.396.201,00 ; $-   ; $-   ; $-   ;ADQUISICION DE INSTRUMENTOS MUSICALES PARA PROMOVER LA EXPRESION MUSICAL EN LA NIÑEZ DE LA PRIMERA INFANCIA-CP 698/868-AÑO 2026-JM;Liquidada; $-   
2026;1890;4;03/02/2026;MINEDUCYT-73/2024 BIRF;22978839;ANIBAL AMERICO ROMERO CARRANZA;1401;3;7495;9;1;54599;5; $4.611.352,00 ; $-   ; $-   ; $-   ;Contratacion 3 Especialista en  Diseño Electrico para apoyo  Unidad de Infraestructura y Ambientes Educativos (DIAE) Enero a Junio 2026 - CP 801 -JM;Liquidada; $-   
2026;1890;2;03/02/2026;MINEDUCYT-73/2024 BIRF;22978839;ANIBAL AMERICO ROMERO CARRANZA;1401;3;7495;9;1;54599;3; $1.225.703,00 ; $-   ; $-   ; $-   ;Contratacion 3 Especialista en  Diseño Electrico para apoyo  Unidad de Infraestructura y Ambientes Educativos (DIAE) Enero a Junio 2026 - CP 801 -JM;Liquidada; $-   
2026;1890;1;03/02/2026;MINEDUCYT-73/2024 BIRF;22978839;ANIBAL AMERICO ROMERO CARRANZA;1401;3;7495;9;1;54599;2; $4.087.078,00 ; $-   ; $-   ; $-   ;Contratacion 3 Especialista en  Diseño Electrico para apoyo  Unidad de Infraestructura y Ambientes Educativos (DIAE) Enero a Junio 2026 - CP 801 -JM;Liquidada; $-   
2026;1890;3;03/02/2026;MINEDUCYT-73/2024 BIRF;22978839;ANIBAL AMERICO ROMERO CARRANZA;1401;3;7495;9;1;54599;4; $3.428.011,00 ; $-   ; $-   ; $-   ;Contratacion 3 Especialista en  Diseño Electrico para apoyo  Unidad de Infraestructura y Ambientes Educativos (DIAE) Enero a Junio 2026 - CP 801 -JM;Liquidada; $-   
2026;1890;5;03/02/2026;MINEDUCYT-73/2024 BIRF;22978839;ANIBAL AMERICO ROMERO CARRANZA;1401;3;7495;9;1;54599;6; $2.711.283,00 ; $-   ; $-   ; $-   ;Contratacion 3 Especialista en  Diseño Electrico para apoyo  Unidad de Infraestructura y Ambientes Educativos (DIAE) Enero a Junio 2026 - CP 801 -JM;Liquidada; $-   
2026;12001;1;29/06/2026;MINEDUCYT-73/2024 BIRF;22978839;ANIBAL AMERICO ROMERO CARRANZA;1401;3;7495;9;1;54599;7; $4.306.738,00 ; $-   ; $-   ; $3.116.288,00 ;Contratacion 3 Especialista en  Diseño Electrico para apoyo  Unidad de Infraestructura y Ambientes Educativos (DIAE) Jul a Dic 2026 - CP 1046 -JM;Aprobado; $-   
2026;12001;2;29/06/2026;MINEDUCYT-73/2024 BIRF;22978839;ANIBAL AMERICO ROMERO CARRANZA;1401;3;7495;9;1;54599;8; $2.594.071,00 ; $-   ; $-   ; $413.696,00 ;Contratacion 3 Especialista en  Diseño Electrico para apoyo  Unidad de Infraestructura y Ambientes Educativos (DIAE) Jul a Dic 2026 - CP 1046 -JM;Aprobado; $-   
2026;12001;3;29/06/2026;MINEDUCYT-73/2024 BIRF;22978839;ANIBAL AMERICO ROMERO CARRANZA;1401;3;7495;9;1;54599;9; $1.122.565,00 ; $-   ; $-   ; $956.169,00 ;Contratacion 3 Especialista en  Diseño Electrico para apoyo  Unidad de Infraestructura y Ambientes Educativos (DIAE) Jul a Dic 2026 - CP 1046 -JM;Aprobado; $-   
2026;12001;6;29/06/2026;MINEDUCYT-73/2024 BIRF;22978839;ANIBAL AMERICO ROMERO CARRANZA;1401;3;7495;9;1;54599;12; $2.820.643,00 ; $-   ; $-   ; $2.635.730,00 ;Contratacion 3 Especialista en  Diseño Electrico para apoyo  Unidad de Infraestructura y Ambientes Educativos (DIAE) Jul a Dic 2026 - CP 1046 -JM;Aprobado; $-   
2026;12001;5;29/06/2026;MINEDUCYT-73/2024 BIRF;22978839;ANIBAL AMERICO ROMERO CARRANZA;1401;3;7495;9;1;54599;11; $4.979.721,00 ; $-   ; $-   ; $4.076.425,00 ;Contratacion 3 Especialista en  Diseño Electrico para apoyo  Unidad de Infraestructura y Ambientes Educativos (DIAE) Jul a Dic 2026 - CP 1046 -JM;Aprobado; $-   
2026;12001;4;29/06/2026;MINEDUCYT-73/2024 BIRF;22978839;ANIBAL AMERICO ROMERO CARRANZA;1401;3;7495;9;1;54599;10; $3.775.422,00 ; $-   ; $-   ; $720.546,00 ;Contratacion 3 Especialista en  Diseño Electrico para apoyo  Unidad de Infraestructura y Ambientes Educativos (DIAE) Jul a Dic 2026 - CP 1046 -JM;Aprobado; $-   
2026;10112;2;21/05/2026;124244;23648411;JOSE RICARDO MORATAYA MAGARIN;1401;3;7495;9;1;54105;5; $3.993.437,00 ; $-   ; $-   ; $-   ;ADQUISICION DE MATERIAL DE OFICINA Y PAPELERIA PARA LA UIP Y LA DEPI (GASTOS OPERATIVOS)- CP 984 -AÑO 2026-JM;Liquidada; $-   
2026;10112;1;21/05/2026;124244;23648411;JOSE RICARDO MORATAYA MAGARIN;1401;3;7495;9;1;54114;5; $4.660.771,00 ; $-   ; $-   ; $-   ;ADQUISICION DE MATERIAL DE OFICINA Y PAPELERIA PARA LA UIP Y LA DEPI (GASTOS OPERATIVOS)- CP 984 -AÑO 2026-JM;Liquidada; $-   
2026;10112;3;21/05/2026;124244;23648411;JOSE RICARDO MORATAYA MAGARIN;1401;3;7495;9;1;54115;5; $16.832,00 ; $-   ; $-   ; $-   ;ADQUISICION DE MATERIAL DE OFICINA Y PAPELERIA PARA LA UIP Y LA DEPI (GASTOS OPERATIVOS)- CP 984 -AÑO 2026-JM;Liquidada; $-   
2026;1979;4;06/02/2026;MINEDUCYT-15/2022-BID;23677232;CAMILA MARIA DE LOS ANGELES AREVALO DE ROQUE;1401;3;7495;9;1;54599;5; $3.455.663,00 ; $2.260,00 ; $-   ; $-   ;CONTRATACION DE TECNICO ESPECIALISTA EN EDUCACION (1) PARA LA DEPI-AÑO 2026-CP 345-JM;Liquidada; $2.947.413,00 
2026;1979;5;06/02/2026;MINEDUCYT-15/2022-BID;23677232;CAMILA MARIA DE LOS ANGELES AREVALO DE ROQUE;1401;3;7495;9;1;54599;6; $2.187.890,00 ; $2.260,00 ; $-   ; $-   ;CONTRATACION DE TECNICO ESPECIALISTA EN EDUCACION (1) PARA LA DEPI-AÑO 2026-CP 345-JM;Liquidada; $1.116.388,00 
2026;1979;6;06/02/2026;MINEDUCYT-15/2022-BID;23677232;CAMILA MARIA DE LOS ANGELES AREVALO DE ROQUE;1401;3;7495;9;1;54599;7; $2.147.567,00 ; $2.260,00 ; $-   ; $-   ;CONTRATACION DE TECNICO ESPECIALISTA EN EDUCACION (1) PARA LA DEPI-AÑO 2026-CP 345-JM;Liquidada; $3.825.406,00 
2026;1979;8;06/02/2026;MINEDUCYT-15/2022-BID;23677232;CAMILA MARIA DE LOS ANGELES AREVALO DE ROQUE;1401;3;7495;9;1;54599;9; $1.549.672,00 ; $2.260,00 ; $-   ; $-   ;CONTRATACION DE TECNICO ESPECIALISTA EN EDUCACION (1) PARA LA DEPI-AÑO 2026-CP 345-JM;Liquidada; $3.412.176,00 
2026;1979;9;06/02/2026;MINEDUCYT-15/2022-BID;23677232;CAMILA MARIA DE LOS ANGELES AREVALO DE ROQUE;1401;3;7495;9;1;54599;10; $163.099,00 ; $2.260,00 ; $-   ; $-   ;CONTRATACION DE TECNICO ESPECIALISTA EN EDUCACION (1) PARA LA DEPI-AÑO 2026-CP 345-JM;Liquidada; $4.977.485,00 
2026;1979;10;06/02/2026;MINEDUCYT-15/2022-BID;23677232;CAMILA MARIA DE LOS ANGELES AREVALO DE ROQUE;1401;3;7495;9;1;54599;11; $3.123.099,00 ; $2.260,00 ; $-   ; $-   ;CONTRATACION DE TECNICO ESPECIALISTA EN EDUCACION (1) PARA LA DEPI-AÑO 2026-CP 345-JM;Liquidada; $2.749.565,00 
2026;1979;11;06/02/2026;MINEDUCYT-15/2022-BID;23677232;CAMILA MARIA DE LOS ANGELES AREVALO DE ROQUE;1401;3;7495;9;1;54599;12; $4.871.269,00 ; $2.260,00 ; $-   ; $-   ;CONTRATACION DE TECNICO ESPECIALISTA EN EDUCACION (1) PARA LA DEPI-AÑO 2026-CP 345-JM;Liquidada; $1.368.648,00 
2026;1979;3;06/02/2026;MINEDUCYT-15/2022-BID;23677232;CAMILA MARIA DE LOS ANGELES AREVALO DE ROQUE;1401;3;7495;9;1;54599;4; $2.423.461,00 ; $2.260,00 ; $-   ; $-   ;CONTRATACION DE TECNICO ESPECIALISTA EN EDUCACION (1) PARA LA DEPI-AÑO 2026-CP 345-JM;Liquidada; $728.944,00 
2026;1979;2;06/02/2026;MINEDUCYT-15/2022-BID;23677232;CAMILA MARIA DE LOS ANGELES AREVALO DE ROQUE;1401;3;7495;9;1;54599;3; $520.852,00 ; $2.260,00 ; $-   ; $-   ;CONTRATACION DE TECNICO ESPECIALISTA EN EDUCACION (1) PARA LA DEPI-AÑO 2026-CP 345-JM;Liquidada; $1.513.945,00 
2026;1979;1;06/02/2026;MINEDUCYT-15/2022-BID;23677232;CAMILA MARIA DE LOS ANGELES AREVALO DE ROQUE;1401;3;7495;9;1;54599;2; $3.564.260,00 ; $4.520,00 ; $-   ; $-   ;CONTRATACION DE TECNICO ESPECIALISTA EN EDUCACION (1) PARA LA DEPI-AÑO 2026-CP 345-JM;Liquidada; $890.602,00 
2026;1979;7;06/02/2026;MINEDUCYT-15/2022-BID;23677232;CAMILA MARIA DE LOS ANGELES AREVALO DE ROQUE;1401;3;7495;9;1;54599;8; $1.349.245,00 ; $2.260,00 ; $-   ; $-   ;CONTRATACION DE TECNICO ESPECIALISTA EN EDUCACION (1) PARA LA DEPI-AÑO 2026-CP 345-JM;Liquidada; $830.044,00 
2026;6437;1;26/03/2026;MINEDUCYT-100/2025-BIRF;24754833;ISABEL CRISTINA MARQUEZ ;1401;3;7495;9;1;54502;4; $2.920.031,00 ; $700,00 ; $-   ; $-   ;CONTRATACION DE 28 PORTADORES CULTURALES PARA DESARROLLAR TALLERES DE IDENTIDAD CULTURAL NÁHUAT, LENCA Y CACAOPERA EN CENTROS EDUCATIVOS-CP 692-AÑO 2026-JM;Liquidada; $3.778.233,00 
2026;11834;1;16/06/2026;MINEDUCYT-100/2025-BIRF.;24754833;ISABEL CRISTINA MARQUEZ ;1401;3;7495;9;1;54599;6; $2.507.996,00 ; $-   ; $-   ; $-   ;CONTRATACION DE 28 PORTADORES CULTURALES PARA DESARROLLAR TALLERES DE IDENTIDAD CULTURAL NÁHUAT, LENCA Y CACAOPERA EN CENTROS EDUCATIVOS-CP 692-AÑO 2026-JM;Liquidada; $-   
2026;1888;4;03/02/2026;MINEDUCYT-62/2024 BIRF;25562360;NANCY PATRICIA ALVARADO DE CALLE;1401;3;7495;9;1;54599;5; $1.180.224,00 ; $-   ; $-   ; $-   ;Contratacion 3 Administradores de Contrato para Unidad de Infraestructura Educativa del MOPT  Enero a Junio 2026 - CP 825 -JM;Liquidada; $-   
2026;1888;3;03/02/2026;MINEDUCYT-62/2024 BIRF;25562360;NANCY PATRICIA ALVARADO DE CALLE;1401;3;7495;9;1;54599;4; $1.970.752,00 ; $-   ; $-   ; $-   ;Contratacion 3 Administradores de Contrato para Unidad de Infraestructura Educativa del MOPT  Enero a Junio 2026 - CP 825 -JM;Liquidada; $-   
2026;1888;2;03/02/2026;MINEDUCYT-62/2024 BIRF;25562360;NANCY PATRICIA ALVARADO DE CALLE;1401;3;7495;9;1;54599;3; $1.147.905,00 ; $-   ; $-   ; $-   ;Contratacion 3 Administradores de Contrato para Unidad de Infraestructura Educativa del MOPT  Enero a Junio 2026 - CP 825 -JM;Liquidada; $-   
2026;1888;1;03/02/2026;MINEDUCYT-62/2024 BIRF;25562360;NANCY PATRICIA ALVARADO DE CALLE;1401;3;7495;9;1;54599;2; $618.846,00 ; $-   ; $-   ; $-   ;Contratacion 3 Administradores de Contrato para Unidad de Infraestructura Educativa del MOPT  Enero a Junio 2026 - CP 825 -JM;Liquidada; $-   
2026;1888;5;03/02/2026;MINEDUCYT-62/2024 BIRF;25562360;NANCY PATRICIA ALVARADO DE CALLE;1401;3;7495;9;1;54599;6; $249.106,00 ; $-   ; $-   ; $-   ;Contratacion 3 Administradores de Contrato para Unidad de Infraestructura Educativa del MOPT  Enero a Junio 2026 - CP 825 -JM;Liquidada; $-   
2026;12040;5;03/07/2026;MINEDUCYT-62/2024 BIRF;25562360;NANCY PATRICIA ALVARADO DE CALLE;1401;3;7495;9;1;54599;11; $2.495.648,00 ; $-   ; $-   ; $2.273.107,00 ;CONTRATACION 3 ADMINISTRADORES DE CONTRATO PARA UNIDAD DE INFRAESTRUCTURA EDUCATIVA DEL MOPT -  1096, JM-krn;Aprobado; $-   
2026;12040;4;03/07/2026;MINEDUCYT-62/2024 BIRF;25562360;NANCY PATRICIA ALVARADO DE CALLE;1401;3;7495;9;1;54599;10; $2.238.760,00 ; $-   ; $-   ; $921.010,00 ;CONTRATACION 3 ADMINISTRADORES DE CONTRATO PARA UNIDAD DE INFRAESTRUCTURA EDUCATIVA DEL MOPT -  1096, JM-krn;Aprobado; $-   
2026;12040;3;03/07/2026;MINEDUCYT-62/2024 BIRF;25562360;NANCY PATRICIA ALVARADO DE CALLE;1401;3;7495;9;1;54599;9; $3.698.503,00 ; $-   ; $-   ; $3.024.350,00 ;CONTRATACION 3 ADMINISTRADORES DE CONTRATO PARA UNIDAD DE INFRAESTRUCTURA EDUCATIVA DEL MOPT -  1096, JM-krn;Aprobado; $-   
2026;12040;2;03/07/2026;MINEDUCYT-62/2024 BIRF;25562360;NANCY PATRICIA ALVARADO DE CALLE;1401;3;7495;9;1;54599;8; $53.777,00 ; $-   ; $-   ; $20.328,00 ;CONTRATACION 3 ADMINISTRADORES DE CONTRATO PARA UNIDAD DE INFRAESTRUCTURA EDUCATIVA DEL MOPT -  1096, JM-krn;Aprobado; $-   
2026;12040;1;03/07/2026;MINEDUCYT-62/2024 BIRF;25562360;NANCY PATRICIA ALVARADO DE CALLE;1401;3;7495;9;1;54599;7; $1.523.091,00 ; $-   ; $-   ; $284.126,00 ;CONTRATACION 3 ADMINISTRADORES DE CONTRATO PARA UNIDAD DE INFRAESTRUCTURA EDUCATIVA DEL MOPT -  1096, JM-krn;Aprobado; $-   
2026;12040;6;03/07/2026;MINEDUCYT-62/2024 BIRF;25562360;NANCY PATRICIA ALVARADO DE CALLE;1401;3;7495;9;1;54599;12; $358.180,00 ; $-   ; $-   ; $205.934,00 ;CONTRATACION 3 ADMINISTRADORES DE CONTRATO PARA UNIDAD DE INFRAESTRUCTURA EDUCATIVA DEL MOPT -  1096, JM-krn;Aprobado; $-   
2026;2224;1;13/02/2026;MINEDUCYT-01/2025-BIRF;26303426;CLAUDIA IVETTE RIVERA DE GUTIERREZ;1401;3;7495;9;1;54599;2; $980.292,00 ; $-   ; $-   ; $-   ;CONTRATACION DE 3 ADMINISTRADORES DE CONTRATO PARA LA UNIDAD DE INFRAESTRUCTURA EDUCATIVA DEL MOPT-CP 826-AÑO 2026;Liquidada; $-   
2026;2224;2;13/02/2026;MINEDUCYT-01/2025-BIRF;26303426;CLAUDIA IVETTE RIVERA DE GUTIERREZ;1401;3;7495;9;1;54599;3; $2.054.382,00 ; $-   ; $-   ; $-   ;CONTRATACION DE 3 ADMINISTRADORES DE CONTRATO PARA LA UNIDAD DE INFRAESTRUCTURA EDUCATIVA DEL MOPT-CP 826-AÑO 2026;Liquidada; $-   
2026;2224;5;13/02/2026;MINEDUCYT-01/2025-BIRF;26303426;CLAUDIA IVETTE RIVERA DE GUTIERREZ;1401;3;7495;9;1;54599;6; $1.147.963,00 ; $-   ; $-   ; $-   ;CONTRATACION DE 3 ADMINISTRADORES DE CONTRATO PARA LA UNIDAD DE INFRAESTRUCTURA EDUCATIVA DEL MOPT-CP 826-AÑO 2026;Liquidada; $-   
2026;2224;4;13/02/2026;MINEDUCYT-01/2025-BIRF;26303426;CLAUDIA IVETTE RIVERA DE GUTIERREZ;1401;3;7495;9;1;54599;5; $2.706.164,00 ; $-   ; $-   ; $-   ;CONTRATACION DE 3 ADMINISTRADORES DE CONTRATO PARA LA UNIDAD DE INFRAESTRUCTURA EDUCATIVA DEL MOPT-CP 826-AÑO 2026;Liquidada; $-   
2026;2224;3;13/02/2026;MINEDUCYT-01/2025-BIRF;26303426;CLAUDIA IVETTE RIVERA DE GUTIERREZ;1401;3;7495;9;1;54599;4; $96.654,00 ; $-   ; $-   ; $-   ;CONTRATACION DE 3 ADMINISTRADORES DE CONTRATO PARA LA UNIDAD DE INFRAESTRUCTURA EDUCATIVA DEL MOPT-CP 826-AÑO 2026;Liquidada; $-   
2026;12051;1;03/07/2026;MINEDUCYT-01/2025 BIRF;26303426;CLAUDIA IVETTE RIVERA DE GUTIERREZ;1401;3;7495;9;1;54599;7; $2.201.659,00 ; $-   ; $-   ; $499.549,00 ;CONTRATACION 3 ADMINISTRADORES DE CONTRATO PARA LA UNIDAD DE INFRAESTRUCTURA EDUCATIVA MOPT  CP 1097, JM-krn;Aprobado; $-   
2026;12051;2;03/07/2026;MINEDUCYT-01/2025 BIRF;26303426;CLAUDIA IVETTE RIVERA DE GUTIERREZ;1401;3;7495;9;1;54599;8; $1.680.267,00 ; $-   ; $-   ; $1.294.311,00 ;CONTRATACION 3 ADMINISTRADORES DE CONTRATO PARA LA UNIDAD DE INFRAESTRUCTURA EDUCATIVA MOPT  CP 1097, JM-krn;Aprobado; $-   
2026;12051;3;03/07/2026;MINEDUCYT-01/2025 BIRF;26303426;CLAUDIA IVETTE RIVERA DE GUTIERREZ;1401;3;7495;9;1;54599;9; $1.248.005,00 ; $-   ; $-   ; $770.637,00 ;CONTRATACION 3 ADMINISTRADORES DE CONTRATO PARA LA UNIDAD DE INFRAESTRUCTURA EDUCATIVA MOPT  CP 1097, JM-krn;Aprobado; $-   
2026;12051;4;03/07/2026;MINEDUCYT-01/2025 BIRF;26303426;CLAUDIA IVETTE RIVERA DE GUTIERREZ;1401;3;7495;9;1;54599;10; $2.841.736,00 ; $-   ; $-   ; $1.233.299,00 ;CONTRATACION 3 ADMINISTRADORES DE CONTRATO PARA LA UNIDAD DE INFRAESTRUCTURA EDUCATIVA MOPT  CP 1097, JM-krn;Aprobado; $-   
2026;12051;5;03/07/2026;MINEDUCYT-01/2025 BIRF;26303426;CLAUDIA IVETTE RIVERA DE GUTIERREZ;1401;3;7495;9;1;54599;11; $3.468.258,00 ; $-   ; $-   ; $209.906,00 ;CONTRATACION 3 ADMINISTRADORES DE CONTRATO PARA LA UNIDAD DE INFRAESTRUCTURA EDUCATIVA MOPT  CP 1097, JM-krn;Aprobado; $-   
2026;12051;6;03/07/2026;MINEDUCYT-01/2025 BIRF;26303426;CLAUDIA IVETTE RIVERA DE GUTIERREZ;1401;3;7495;9;1;54599;12; $2.990.929,00 ; $-   ; $-   ; $2.707.731,00 ;CONTRATACION 3 ADMINISTRADORES DE CONTRATO PARA LA UNIDAD DE INFRAESTRUCTURA EDUCATIVA MOPT  CP 1097, JM-krn;Aprobado; $-   
2026;10115;1;22/05/2026;124229;26810229;CESAR AUGUSTO ESCALANTE HERNANDEZ;1401;3;7495;9;1;54119;5; $2.491.956,00 ; $-   ; $-   ; $-   ;Adquisición de accesorios eléctronicos para la UIP y DEPI (Gastos Operativos)-CP 980 -AÑO 2026-JM;Liquidada; $-   
2026;10125;2;25/05/2026;124245;26810229;CESAR AUGUSTO ESCALANTE HERNANDEZ;1401;3;7495;9;1;54114;5; $2.504.378,00 ; $-   ; $-   ; $-   ;ADQUISICIÓN DE MATERIAL DE OFICINA Y PAPELERIA PARA LA UIP Y DEPI (GASTOS OPERATIVOS)-CP 984-AÑO 2026-JM;Liquidada; $-   
2026;10125;1;25/05/2026;124245;26810229;CESAR AUGUSTO ESCALANTE HERNANDEZ;1401;3;7495;9;1;54105;5; $3.935.419,00 ; $-   ; $-   ; $-   ;ADQUISICIÓN DE MATERIAL DE OFICINA Y PAPELERIA PARA LA UIP Y DEPI (GASTOS OPERATIVOS)-CP 984-AÑO 2026-JM;Liquidada; $-   
2026;1782;5;29/01/2026;MINEDUCYT-20/2024;27020322;ALONDRA DEL RIO UMANZOR VELASQUEZ;1401;3;7495;9;1;54599;6; $691.569,00 ; $-   ; $-   ; $-   ;Contratacion Tecnico Especialista en Curriculo de Especialidad de Lenguaje y Literatura de enero a junio 2026, certf  - krn;Liquidada; $-   
2026;1782;1;29/01/2026;MINEDUCYT-20/2024;27020322;ALONDRA DEL RIO UMANZOR VELASQUEZ;1401;3;7495;9;1;54599;2; $642.468,00 ; $-   ; $-   ; $-   ;Contratacion Tecnico Especialista en Curriculo de Especialidad de Lenguaje y Literatura de enero a junio 2026, certf  - krn;Liquidada; $-   
2026;1782;2;29/01/2026;MINEDUCYT-20/2024;27020322;ALONDRA DEL RIO UMANZOR VELASQUEZ;1401;3;7495;9;1;54599;3; $3.040.593,00 ; $-   ; $-   ; $-   ;Contratacion Tecnico Especialista en Curriculo de Especialidad de Lenguaje y Literatura de enero a junio 2026, certf  - krn;Liquidada; $-   
2026;1782;3;29/01/2026;MINEDUCYT-20/2024;27020322;ALONDRA DEL RIO UMANZOR VELASQUEZ;1401;3;7495;9;1;54599;4; $2.777.119,00 ; $-   ; $-   ; $-   ;Contratacion Tecnico Especialista en Curriculo de Especialidad de Lenguaje y Literatura de enero a junio 2026, certf  - krn;Liquidada; $-   
2026;1782;4;29/01/2026;MINEDUCYT-20/2024;27020322;ALONDRA DEL RIO UMANZOR VELASQUEZ;1401;3;7495;9;1;54599;5; $4.902.722,00 ; $-   ; $-   ; $-   ;Contratacion Tecnico Especialista en Curriculo de Especialidad de Lenguaje y Literatura de enero a junio 2026, certf  - krn;Liquidada; $-   
2026;11918;1;24/06/2026;MINEDUCYT-20/2024-BIRF;27020322;ALONDRA DEL RIO UMANZOR VELASQUEZ;1401;3;7495;9;1;54599;7; $3.458.459,00 ; $-   ; $-   ; $2.637.801,00 ;Contratación de técnico especialista en currículo especialidad de Lenguaje y Literatura (MECT-M-281/2026)-CP 1022-AÑO 2026-JM;Aprobado; $-   
2026;11918;6;24/06/2026;MINEDUCYT-20/2024-BIRF;27020322;ALONDRA DEL RIO UMANZOR VELASQUEZ;1401;3;7495;9;1;54599;12; $183.175,00 ; $-   ; $-   ; $178.754,00 ;Contratación de técnico especialista en currículo especialidad de Lenguaje y Literatura (MECT-M-281/2026)-CP 1022-AÑO 2026-JM;Aprobado; $-   
2026;11918;5;24/06/2026;MINEDUCYT-20/2024-BIRF;27020322;ALONDRA DEL RIO UMANZOR VELASQUEZ;1401;3;7495;9;1;54599;11; $2.508.010,00 ; $-   ; $-   ; $1.082.107,00 ;Contratación de técnico especialista en currículo especialidad de Lenguaje y Literatura (MECT-M-281/2026)-CP 1022-AÑO 2026-JM;Aprobado; $-   
2026;11918;4;24/06/2026;MINEDUCYT-20/2024-BIRF;27020322;ALONDRA DEL RIO UMANZOR VELASQUEZ;1401;3;7495;9;1;54599;10; $1.071.027,00 ; $-   ; $-   ; $548.460,00 ;Contratación de técnico especialista en currículo especialidad de Lenguaje y Literatura (MECT-M-281/2026)-CP 1022-AÑO 2026-JM;Aprobado; $-   
2026;11918;3;24/06/2026;MINEDUCYT-20/2024-BIRF;27020322;ALONDRA DEL RIO UMANZOR VELASQUEZ;1401;3;7495;9;1;54599;9; $1.908.127,00 ; $-   ; $-   ; $1.781.739,00 ;Contratación de técnico especialista en currículo especialidad de Lenguaje y Literatura (MECT-M-281/2026)-CP 1022-AÑO 2026-JM;Aprobado; $-   
2026;11918;2;24/06/2026;MINEDUCYT-20/2024-BIRF;27020322;ALONDRA DEL RIO UMANZOR VELASQUEZ;1401;3;7495;9;1;54599;8; $1.531.154,00 ; $-   ; $-   ; $990.025,00 ;Contratación de técnico especialista en currículo especialidad de Lenguaje y Literatura (MECT-M-281/2026)-CP 1022-AÑO 2026-JM;Aprobado; $-   
2026;1826;4;30/01/2026;MINEDUCYT-50/2024 BIRF;27426366;XENIA CAROLINA HIDALGO DE PEREZ;1401;3;7495;9;1;54599;5; $1.441.779,00 ; $-   ; $-   ; $-   ;Contratacion 2 Especialista en Monitoreo y Seguimiento para el apoyo a la Certificaciones de Estandares Estructurales de Calidad,  Enero a Junio 2026 - CP 747 -JM;Liquidada; $-   
2026;1826;5;30/01/2026;MINEDUCYT-50/2024 BIRF;27426366;XENIA CAROLINA HIDALGO DE PEREZ;1401;3;7495;9;1;54599;6; $2.176.535,00 ; $-   ; $-   ; $-   ;Contratacion 2 Especialista en Monitoreo y Seguimiento para el apoyo a la Certificaciones de Estandares Estructurales de Calidad,  Enero a Junio 2026 - CP 747 -JM;Liquidada; $-   
2026;1826;3;30/01/2026;MINEDUCYT-50/2024 BIRF;27426366;XENIA CAROLINA HIDALGO DE PEREZ;1401;3;7495;9;1;54599;4; $352.815,00 ; $-   ; $-   ; $-   ;Contratacion 2 Especialista en Monitoreo y Seguimiento para el apoyo a la Certificaciones de Estandares Estructurales de Calidad,  Enero a Junio 2026 - CP 747 -JM;Liquidada; $-   
2026;1826;2;30/01/2026;MINEDUCYT-50/2024 BIRF;27426366;XENIA CAROLINA HIDALGO DE PEREZ;1401;3;7495;9;1;54599;3; $4.335.907,00 ; $-   ; $-   ; $-   ;Contratacion 2 Especialista en Monitoreo y Seguimiento para el apoyo a la Certificaciones de Estandares Estructurales de Calidad,  Enero a Junio 2026 - CP 747 -JM;Liquidada; $-   
2026;1826;1;30/01/2026;MINEDUCYT-50/2024 BIRF;27426366;XENIA CAROLINA HIDALGO DE PEREZ;1401;3;7495;9;1;54599;2; $4.468.072,00 ; $-   ; $-   ; $-   ;Contratacion 2 Especialista en Monitoreo y Seguimiento para el apoyo a la Certificaciones de Estandares Estructurales de Calidad,  Enero a Junio 2026 - CP 747 -JM;Liquidada; $-   
2026;11940;3;25/06/2026;MINEDUCYT-50/2024-BIRF;27426366;XENIA CAROLINA HIDALGO DE PEREZ;1401;3;7495;9;1;54599;9; $1.323.786,00 ; $-   ; $-   ; $1.160.596,00 ;Contratación de 2 especialistas en monitoreo y seguimiento para el apoyo a la certificación de estándares estructurales de calidad MECT-M-288/2026-CP1029-AÑO 2026-JM;Aprobado; $-   
2026;11940;2;25/06/2026;MINEDUCYT-50/2024-BIRF;27426366;XENIA CAROLINA HIDALGO DE PEREZ;1401;3;7495;9;1;54599;8; $3.823.270,00 ; $-   ; $-   ; $3.315.753,00 ;Contratación de 2 especialistas en monitoreo y seguimiento para el apoyo a la certificación de estándares estructurales de calidad MECT-M-288/2026-CP1029-AÑO 2026-JM;Aprobado; $-   
2026;11940;1;25/06/2026;MINEDUCYT-50/2024-BIRF;27426366;XENIA CAROLINA HIDALGO DE PEREZ;1401;3;7495;9;1;54599;7; $3.550.988,00 ; $-   ; $-   ; $2.738.288,00 ;Contratación de 2 especialistas en monitoreo y seguimiento para el apoyo a la certificación de estándares estructurales de calidad MECT-M-288/2026-CP1029-AÑO 2026-JM;Aprobado; $-   
2026;11940;4;25/06/2026;MINEDUCYT-50/2024-BIRF;27426366;XENIA CAROLINA HIDALGO DE PEREZ;1401;3;7495;9;1;54599;10; $1.870.602,00 ; $-   ; $-   ; $1.480.817,00 ;Contratación de 2 especialistas en monitoreo y seguimiento para el apoyo a la certificación de estándares estructurales de calidad MECT-M-288/2026-CP1029-AÑO 2026-JM;Aprobado; $-   
2026;11940;5;25/06/2026;MINEDUCYT-50/2024-BIRF;27426366;XENIA CAROLINA HIDALGO DE PEREZ;1401;3;7495;9;1;54599;11; $866.033,00 ; $-   ; $-   ; $158.243,00 ;Contratación de 2 especialistas en monitoreo y seguimiento para el apoyo a la certificación de estándares estructurales de calidad MECT-M-288/2026-CP1029-AÑO 2026-JM;Aprobado; $-   
2026;11940;6;25/06/2026;MINEDUCYT-50/2024-BIRF;27426366;XENIA CAROLINA HIDALGO DE PEREZ;1401;3;7495;9;1;54599;12; $56.878,00 ; $-   ; $-   ; $38.016,00 ;Contratación de 2 especialistas en monitoreo y seguimiento para el apoyo a la certificación de estándares estructurales de calidad MECT-M-288/2026-CP1029-AÑO 2026-JM;Aprobado; $-   
2026;6431;1;26/03/2026;MINEDUCYT-96/2025-BIRF;27719638;MARIA ANGELA PEREZ DE MENDEZ;1401;3;7495;9;1;54502;4; $240.809,00 ; $725,00 ; $-   ; $-   ;CONTRATACION DE 28 PORTADORES CULTURALES PARA DESARROLLAR TALLERES DE IDENTIDAD CULTURAL NÁHUAT, LENCA Y CACAOPERA EN CENTROS EDUCATIVOS-CP 692-AÑO 2026-JM;Liquidada; $378.741,00 
2026;11830;1;16/06/2026;MINEDUCYT-96/2025-BIRF.;27719638;MARIA ANGELA PEREZ DE MENDEZ;1401;3;7495;9;1;54599;6; $237.822,00 ; $-   ; $-   ; $-   ;CONTRATACION DE 28 PORTADORES CULTURALES PARA DESARROLLAR TALLERES DE IDENTIDAD CULTURAL NÁHUAT, LENCA Y CACAOPERA EN CENTROS EDUCATIVOS-CP 692-AÑO 2026-JM;Liquidada; $-   
2026;1678;5;22/01/2026;MINEDUCYT-49/2023-BIRF;28314863;MIGUEL ANGEL VELASQUEZ CASTILLO;1401;3;7495;9;1;54599;6; $934.059,00 ; $-   ; $-   ; $-   ;CONTRATACION DE 2 ESPECIALISTAS PARA LA ELABORACIÓN DE INVENTARIO CULTURAL Y DISEÑO DE MATERIAL SOBRE PUEBLOS INDIGENAS Y POBLACION AFRODECENDIENTES-AÑO 2026-CP 761-JM;Liquidada; $-   
2026;1678;1;22/01/2026;MINEDUCYT-49/2023-BIRF;28314863;MIGUEL ANGEL VELASQUEZ CASTILLO;1401;3;7495;9;1;54599;2; $1.013.013,00 ; $-   ; $-   ; $-   ;CONTRATACION DE 2 ESPECIALISTAS PARA LA ELABORACIÓN DE INVENTARIO CULTURAL Y DISEÑO DE MATERIAL SOBRE PUEBLOS INDIGENAS Y POBLACION AFRODECENDIENTES-AÑO 2026-CP 761-JM;Liquidada; $-   
2026;1678;2;22/01/2026;MINEDUCYT-49/2023-BIRF;28314863;MIGUEL ANGEL VELASQUEZ CASTILLO;1401;3;7495;9;1;54599;3; $3.558.912,00 ; $-   ; $-   ; $-   ;CONTRATACION DE 2 ESPECIALISTAS PARA LA ELABORACIÓN DE INVENTARIO CULTURAL Y DISEÑO DE MATERIAL SOBRE PUEBLOS INDIGENAS Y POBLACION AFRODECENDIENTES-AÑO 2026-CP 761-JM;Liquidada; $-   
2026;1678;3;22/01/2026;MINEDUCYT-49/2023-BIRF;28314863;MIGUEL ANGEL VELASQUEZ CASTILLO;1401;3;7495;9;1;54599;4; $27.355,00 ; $-   ; $-   ; $-   ;CONTRATACION DE 2 ESPECIALISTAS PARA LA ELABORACIÓN DE INVENTARIO CULTURAL Y DISEÑO DE MATERIAL SOBRE PUEBLOS INDIGENAS Y POBLACION AFRODECENDIENTES-AÑO 2026-CP 761-JM;Liquidada; $-   
2026;1678;4;22/01/2026;MINEDUCYT-49/2023-BIRF;28314863;MIGUEL ANGEL VELASQUEZ CASTILLO;1401;3;7495;9;1;54599;5; $914.378,00 ; $-   ; $-   ; $-   ;CONTRATACION DE 2 ESPECIALISTAS PARA LA ELABORACIÓN DE INVENTARIO CULTURAL Y DISEÑO DE MATERIAL SOBRE PUEBLOS INDIGENAS Y POBLACION AFRODECENDIENTES-AÑO 2026-CP 761-JM;Liquidada; $-   
2026;11967;6;26/06/2026;MINEDUCYT-49/2023-BIRF..;28314863;MIGUEL ANGEL VELASQUEZ CASTILLO;1401;3;7495;9;1;54599;12; $3.576.916,00 ; $-   ; $-   ; $55.440,00 ;CONTRATACION DE 2 ESPECIALISTAS PARA LA ELABORACIÓN DE INVENTARIO CULTURAL Y DISEÑO DE MATERIAL SOBRE PUEBLOS INDIGENAS Y POBLACION AFRODECENDIENTES-AÑO 2026-CP 988-JM;Aprobado; $-   
2026;11967;5;26/06/2026;MINEDUCYT-49/2023-BIRF..;28314863;MIGUEL ANGEL VELASQUEZ CASTILLO;1401;3;7495;9;1;54599;11; $1.389.527,00 ; $-   ; $-   ; $1.269.902,00 ;CONTRATACION DE 2 ESPECIALISTAS PARA LA ELABORACIÓN DE INVENTARIO CULTURAL Y DISEÑO DE MATERIAL SOBRE PUEBLOS INDIGENAS Y POBLACION AFRODECENDIENTES-AÑO 2026-CP 988-JM;Aprobado; $-   
2026;11967;3;26/06/2026;MINEDUCYT-49/2023-BIRF..;28314863;MIGUEL ANGEL VELASQUEZ CASTILLO;1401;3;7495;9;1;54599;9; $3.045.952,00 ; $-   ; $-   ; $1.365.195,00 ;CONTRATACION DE 2 ESPECIALISTAS PARA LA ELABORACIÓN DE INVENTARIO CULTURAL Y DISEÑO DE MATERIAL SOBRE PUEBLOS INDIGENAS Y POBLACION AFRODECENDIENTES-AÑO 2026-CP 988-JM;Aprobado; $-   
2026;11967;4;26/06/2026;MINEDUCYT-49/2023-BIRF..;28314863;MIGUEL ANGEL VELASQUEZ CASTILLO;1401;3;7495;9;1;54599;10; $2.499.384,00 ; $-   ; $-   ; $1.205.889,00 ;CONTRATACION DE 2 ESPECIALISTAS PARA LA ELABORACIÓN DE INVENTARIO CULTURAL Y DISEÑO DE MATERIAL SOBRE PUEBLOS INDIGENAS Y POBLACION AFRODECENDIENTES-AÑO 2026-CP 988-JM;Aprobado; $-   
2026;11967;2;26/06/2026;MINEDUCYT-49/2023-BIRF..;28314863;MIGUEL ANGEL VELASQUEZ CASTILLO;1401;3;7495;9;1;54599;8; $3.040.146,00 ; $-   ; $-   ; $783.943,00 ;CONTRATACION DE 2 ESPECIALISTAS PARA LA ELABORACIÓN DE INVENTARIO CULTURAL Y DISEÑO DE MATERIAL SOBRE PUEBLOS INDIGENAS Y POBLACION AFRODECENDIENTES-AÑO 2026-CP 988-JM;Aprobado; $-   
2026;11967;1;26/06/2026;MINEDUCYT-49/2023-BIRF..;28314863;MIGUEL ANGEL VELASQUEZ CASTILLO;1401;3;7495;9;1;54599;7; $4.438.204,00 ; $-   ; $-   ; $4.345.361,00 ;CONTRATACION DE 2 ESPECIALISTAS PARA LA ELABORACIÓN DE INVENTARIO CULTURAL Y DISEÑO DE MATERIAL SOBRE PUEBLOS INDIGENAS Y POBLACION AFRODECENDIENTES-AÑO 2026-CP 988-JM;Aprobado; $-   
2026;6452;1;26/03/2026;MINEDUCYT-106/2025-BIRF;28511960;MARIO SALVADOR HERNANDEZ HERNANDEZ;1401;3;7495;9;1;54502;4; $1.456.581,00 ; $-   ; $-   ; $482.707,00 ;CONTRATACION DE 28 PORTADORES CULTURALES PARA DESARROLLAR TALLERES DE IDENTIDAD CULTURAL NÁHUAT, LENCA Y CACAOPERA EN CENTROS EDUCATIVOS-CP 692-AÑO 2026-JM;Liquidada; $-   
2026;11846;1;18/06/2026;MINEDUCYT-106/2025-BIRF.;28511960;MARIO SALVADOR HERNANDEZ HERNANDEZ;1401;3;7495;9;1;54599;6; $4.778.179,00 ; $-   ; $-   ; $-   ;CONTRATACION DE 28 PORTADORES CULTURALES PARA DESARROLLAR TALLERES DE IDENTIDAD CULTURAL NÁHUAT, LENCA Y CACAOPERA EN CENTROS EDUCATIVOS-CP 692-AÑO 2026-JM;Liquidada; $-   
2026;1727;2;27/01/2026;MINEDUCYT-144/2025-BIRF;28593734;CARLA MARIA RUSCONI SIRI;1401;3;7495;9;1;54599;3; $4.798.347,00 ; $-   ; $-   ; $-   ;CONTRATACIÓN DE COORDINADORA GRAL PARA LA UNIDAD DE UIP-CP 723-AÑO 2026-JM;Liquidada; $-   
2026;1727;3;27/01/2026;MINEDUCYT-144/2025-BIRF;28593734;CARLA MARIA RUSCONI SIRI;1401;3;7495;9;1;54599;4; $469.811,00 ; $-   ; $-   ; $-   ;CONTRATACIÓN DE COORDINADORA GRAL PARA LA UNIDAD DE UIP-CP 723-AÑO 2026-JM;Liquidada; $-   
2026;1727;4;27/01/2026;MINEDUCYT-144/2025-BIRF;28593734;CARLA MARIA RUSCONI SIRI;1401;3;7495;9;1;54599;5; $4.368.763,00 ; $-   ; $-   ; $-   ;CONTRATACIÓN DE COORDINADORA GRAL PARA LA UNIDAD DE UIP-CP 723-AÑO 2026-JM;Liquidada; $-   
2026;1727;1;27/01/2026;MINEDUCYT-144/2025-BIRF;28593734;CARLA MARIA RUSCONI SIRI;1401;3;7495;9;1;54599;2; $346.132,00 ; $-   ; $-   ; $-   ;CONTRATACIÓN DE COORDINADORA GRAL PARA LA UNIDAD DE UIP-CP 723-AÑO 2026-JM;Liquidada; $-   
2026;1727;5;27/01/2026;MINEDUCYT-144/2025-BIRF;28593734;CARLA MARIA RUSCONI SIRI;1401;3;7495;9;1;54599;6; $1.018.983,00 ; $-   ; $-   ; $-   ;CONTRATACIÓN DE COORDINADORA GRAL PARA LA UNIDAD DE UIP-CP 723-AÑO 2026-JM;Liquidada; $-   
2026;8618;1;13/05/2026;123928;28593734;CARLA MARIA RUSCONI SIRI;1401;3;7495;9;1;54404;5; $2.789.467,00 ; $-   ; $-   ; $-   ;REEMBOLSO DE VIATICOS POR LOS GASTOS FACTURADOS EN EL HOTEL THE WESTIN PLAYA BONITA PANAMA, POR PARTICIPAR DE LA JORNADA DE CAPACITACIONES PARA UNIDADES EJECUTORAS DEL BANCO MUNDIAL, LLEVADA A CABO EN LA CIUDAD DE PANAMA DEL 05 AL 08 DE MAYO DE 2026- CP 968-AÑO 2026-JM;Liquidada; $-   
2026;12010;3;30/06/2026;MINEDUCYT-144/2025-BIRF;28593734;CARLA MARIA RUSCONI SIRI;1401;3;7495;9;1;54599;9; $775.189,00 ; $-   ; $-   ; $197.386,00 ;CONTRATACIÓN DE COORDINADORA GRAL PARA LA UNIDAD DE UIP-CP 1011-AÑO 2026-JM;Aprobado; $-   
2026;12010;4;30/06/2026;MINEDUCYT-144/2025-BIRF;28593734;CARLA MARIA RUSCONI SIRI;1401;3;7495;9;1;54599;10; $2.876.535,00 ; $-   ; $-   ; $1.098.129,00 ;CONTRATACIÓN DE COORDINADORA GRAL PARA LA UNIDAD DE UIP-CP 1011-AÑO 2026-JM;Aprobado; $-   
2026;12010;5;30/06/2026;MINEDUCYT-144/2025-BIRF;28593734;CARLA MARIA RUSCONI SIRI;1401;3;7495;9;1;54599;11; $962.319,00 ; $-   ; $-   ; $99.559,00 ;CONTRATACIÓN DE COORDINADORA GRAL PARA LA UNIDAD DE UIP-CP 1011-AÑO 2026-JM;Aprobado; $-   
2026;12010;2;30/06/2026;MINEDUCYT-144/2025-BIRF;28593734;CARLA MARIA RUSCONI SIRI;1401;3;7495;9;1;54599;8; $1.443.596,00 ; $-   ; $-   ; $993.873,00 ;CONTRATACIÓN DE COORDINADORA GRAL PARA LA UNIDAD DE UIP-CP 1011-AÑO 2026-JM;Aprobado; $-   
2026;12010;6;30/06/2026;MINEDUCYT-144/2025-BIRF;28593734;CARLA MARIA RUSCONI SIRI;1401;3;7495;9;1;54599;12; $1.361.868,00 ; $-   ; $-   ; $754.337,00 ;CONTRATACIÓN DE COORDINADORA GRAL PARA LA UNIDAD DE UIP-CP 1011-AÑO 2026-JM;Aprobado; $-   
2026;12010;1;30/06/2026;MINEDUCYT-144/2025-BIRF;28593734;CARLA MARIA RUSCONI SIRI;1401;3;7495;9;1;54599;7; $304.396,00 ; $-   ; $-   ; $163.413,00 ;CONTRATACIÓN DE COORDINADORA GRAL PARA LA UNIDAD DE UIP-CP 1011-AÑO 2026-JM;Aprobado; $-   
2026;10247;5;01/06/2026;MINEDUCYT 30/2026-BIRF;28797249;RENE FERNANDO RECINOS BENITEZ;1401;3;7495;9;1;54599;10; $4.899.481,00 ; $3.000,00 ; $-   ; $-   ;CONTRATACION DE ESPECIALISTA DE MONITOREO EN CAMPO PARA LA UNIDAD DE IMPLEMENTACION DEL PROYECTO-CP 787-AÑO 2026-JM;Liquidada; $2.658.459,00 
2026;10247;4;01/06/2026;MINEDUCYT 30/2026-BIRF;28797249;RENE FERNANDO RECINOS BENITEZ;1401;3;7495;9;1;54599;9; $3.209.691,00 ; $3.000,00 ; $-   ; $-   ;CONTRATACION DE ESPECIALISTA DE MONITOREO EN CAMPO PARA LA UNIDAD DE IMPLEMENTACION DEL PROYECTO-CP 787-AÑO 2026-JM;Liquidada; $3.422,00 
2026;10247;2;01/06/2026;MINEDUCYT 30/2026-BIRF;28797249;RENE FERNANDO RECINOS BENITEZ;1401;3;7495;9;1;54599;7; $665.604,00 ; $3.000,00 ; $-   ; $-   ;CONTRATACION DE ESPECIALISTA DE MONITOREO EN CAMPO PARA LA UNIDAD DE IMPLEMENTACION DEL PROYECTO-CP 787-AÑO 2026-JM;Liquidada; $2.112.784,00 
2026;10247;1;01/06/2026;MINEDUCYT 30/2026-BIRF;28797249;RENE FERNANDO RECINOS BENITEZ;1401;3;7495;9;1;54599;6; $4.750.379,00 ; $6.000,00 ; $-   ; $-   ;CONTRATACION DE ESPECIALISTA DE MONITOREO EN CAMPO PARA LA UNIDAD DE IMPLEMENTACION DEL PROYECTO-CP 787-AÑO 2026-JM;Liquidada; $3.583.363,00 
2026;10247;3;01/06/2026;MINEDUCYT 30/2026-BIRF;28797249;RENE FERNANDO RECINOS BENITEZ;1401;3;7495;9;1;54599;8; $2.790.069,00 ; $3.000,00 ; $-   ; $-   ;CONTRATACION DE ESPECIALISTA DE MONITOREO EN CAMPO PARA LA UNIDAD DE IMPLEMENTACION DEL PROYECTO-CP 787-AÑO 2026-JM;Liquidada; $3.348.651,00 
2026;10312;4;08/06/2026;MINEDUCYT 30/2026-BIRF;28797249;RENE FERNANDO RECINOS BENITEZ;1401;3;7495;9;1;54599;9; $4.780.505,00 ; $-   ; $-   ; $424.376,00 ;CONTRATACION DE ESPECIALISTA DE MONITOREO EN CAMPO PARA LA UNIDAD DE IMPLEMENTACION DEL PROYECTO-CP 787-AÑO 2026-JM.;Parcialmente Liquidada; $-   
2026;10312;2;08/06/2026;MINEDUCYT 30/2026-BIRF;28797249;RENE FERNANDO RECINOS BENITEZ;1401;3;7495;9;1;54599;7; $1.203.057,00 ; $-   ; $-   ; $573.936,00 ;CONTRATACION DE ESPECIALISTA DE MONITOREO EN CAMPO PARA LA UNIDAD DE IMPLEMENTACION DEL PROYECTO-CP 787-AÑO 2026-JM.;Parcialmente Liquidada; $-   
2026;10312;1;08/06/2026;MINEDUCYT 30/2026-BIRF;28797249;RENE FERNANDO RECINOS BENITEZ;1401;3;7495;9;1;54599;6; $2.935.506,00 ; $-   ; $-   ; $-   ;CONTRATACION DE ESPECIALISTA DE MONITOREO EN CAMPO PARA LA UNIDAD DE IMPLEMENTACION DEL PROYECTO-CP 787-AÑO 2026-JM.;Parcialmente Liquidada; $-   
2026;10312;3;08/06/2026;MINEDUCYT 30/2026-BIRF;28797249;RENE FERNANDO RECINOS BENITEZ;1401;3;7495;9;1;54599;8; $1.191.562,00 ; $-   ; $-   ; $983.744,00 ;CONTRATACION DE ESPECIALISTA DE MONITOREO EN CAMPO PARA LA UNIDAD DE IMPLEMENTACION DEL PROYECTO-CP 787-AÑO 2026-JM.;Parcialmente Liquidada; $-   
2026;1811;5;30/01/2026;MINEDUCYT-52/2024 BIRF;28973764;RAUL ENRIQUE RIVERA AYALA;1401;3;7495;9;1;54599;6; $1.505.677,00 ; $-   ; $-   ; $-   ;Consultoria 4 Especialistas en area mejora de la calidad paera apoyo a la certificacion de estandares estructurales de la calidad Enero a Junio 2026 - CP 739  -JM;Liquidada; $-   
2026;1811;4;30/01/2026;MINEDUCYT-52/2024 BIRF;28973764;RAUL ENRIQUE RIVERA AYALA;1401;3;7495;9;1;54599;5; $722.665,00 ; $-   ; $-   ; $-   ;Consultoria 4 Especialistas en area mejora de la calidad paera apoyo a la certificacion de estandares estructurales de la calidad Enero a Junio 2026 - CP 739  -JM;Liquidada; $-   
2026;1811;3;30/01/2026;MINEDUCYT-52/2024 BIRF;28973764;RAUL ENRIQUE RIVERA AYALA;1401;3;7495;9;1;54599;4; $1.892.341,00 ; $-   ; $-   ; $-   ;Consultoria 4 Especialistas en area mejora de la calidad paera apoyo a la certificacion de estandares estructurales de la calidad Enero a Junio 2026 - CP 739  -JM;Liquidada; $-   
2026;1811;2;30/01/2026;MINEDUCYT-52/2024 BIRF;28973764;RAUL ENRIQUE RIVERA AYALA;1401;3;7495;9;1;54599;3; $3.272.083,00 ; $-   ; $-   ; $-   ;Consultoria 4 Especialistas en area mejora de la calidad paera apoyo a la certificacion de estandares estructurales de la calidad Enero a Junio 2026 - CP 739  -JM;Liquidada; $-   
2026;1811;1;30/01/2026;MINEDUCYT-52/2024 BIRF;28973764;RAUL ENRIQUE RIVERA AYALA;1401;3;7495;9;1;54599;2; $3.346.932,00 ; $-   ; $-   ; $-   ;Consultoria 4 Especialistas en area mejora de la calidad paera apoyo a la certificacion de estandares estructurales de la calidad Enero a Junio 2026 - CP 739  -JM;Liquidada; $-   
2026;12073;1;07/07/2026;MINEDUCYT-52/2024-BIRF;28973764;RAUL ENRIQUE RIVERA AYALA;1401;3;7495;9;1;54599;7; $2.014.552,00 ; $-   ; $-   ; $22.076,00 ;CONTRATACIÓN DE 4 ESPECIALISTAS EN EL AREA DE MEJORA DE LA CALIDADA PARA APOYO A LA CERTIFICACIÓN DE ESTANDARES ESTRUCTURALES DE CALIDAD-JUL A DIC- CP 1036-AÑO 2026-JM;Aprobado; $-   
2026;12073;6;07/07/2026;MINEDUCYT-52/2024-BIRF;28973764;RAUL ENRIQUE RIVERA AYALA;1401;3;7495;9;1;54599;12; $3.660.900,00 ; $-   ; $-   ; $2.983.915,00 ;CONTRATACIÓN DE 4 ESPECIALISTAS EN EL AREA DE MEJORA DE LA CALIDADA PARA APOYO A LA CERTIFICACIÓN DE ESTANDARES ESTRUCTURALES DE CALIDAD-JUL A DIC- CP 1036-AÑO 2026-JM;Aprobado; $-   
2026;12073;2;07/07/2026;MINEDUCYT-52/2024-BIRF;28973764;RAUL ENRIQUE RIVERA AYALA;1401;3;7495;9;1;54599;8; $2.282.340,00 ; $-   ; $-   ; $206.852,00 ;CONTRATACIÓN DE 4 ESPECIALISTAS EN EL AREA DE MEJORA DE LA CALIDADA PARA APOYO A LA CERTIFICACIÓN DE ESTANDARES ESTRUCTURALES DE CALIDAD-JUL A DIC- CP 1036-AÑO 2026-JM;Aprobado; $-   
2026;12073;3;07/07/2026;MINEDUCYT-52/2024-BIRF;28973764;RAUL ENRIQUE RIVERA AYALA;1401;3;7495;9;1;54599;9; $4.123.339,00 ; $-   ; $-   ; $3.898.365,00 ;CONTRATACIÓN DE 4 ESPECIALISTAS EN EL AREA DE MEJORA DE LA CALIDADA PARA APOYO A LA CERTIFICACIÓN DE ESTANDARES ESTRUCTURALES DE CALIDAD-JUL A DIC- CP 1036-AÑO 2026-JM;Aprobado; $-   
2026;12073;4;07/07/2026;MINEDUCYT-52/2024-BIRF;28973764;RAUL ENRIQUE RIVERA AYALA;1401;3;7495;9;1;54599;10; $3.206.342,00 ; $-   ; $-   ; $1.773.637,00 ;CONTRATACIÓN DE 4 ESPECIALISTAS EN EL AREA DE MEJORA DE LA CALIDADA PARA APOYO A LA CERTIFICACIÓN DE ESTANDARES ESTRUCTURALES DE CALIDAD-JUL A DIC- CP 1036-AÑO 2026-JM;Aprobado; $-   
2026;12073;5;07/07/2026;MINEDUCYT-52/2024-BIRF;28973764;RAUL ENRIQUE RIVERA AYALA;1401;3;7495;9;1;54599;11; $1.162.992,00 ; $-   ; $-   ; $188.087,00 ;CONTRATACIÓN DE 4 ESPECIALISTAS EN EL AREA DE MEJORA DE LA CALIDADA PARA APOYO A LA CERTIFICACIÓN DE ESTANDARES ESTRUCTURALES DE CALIDAD-JUL A DIC- CP 1036-AÑO 2026-JM;Aprobado; $-   
2026;6435;1;26/03/2026;MINEDUCYT-98/2025-BIRF;29984637;MARIA JOSEFINA MENDOZA ;1401;3;7495;9;1;54502;4; $4.970.597,00 ; $725,00 ; $-   ; $-   ;CONTRATACION DE 28 PORTADORES CULTURALES PARA DESARROLLAR TALLERES DE IDENTIDAD CULTURAL NÁHUAT, LENCA Y CACAOPERA EN CENTROS EDUCATIVOS-CP 692-AÑO 2026-JM;Liquidada; $2.657.056,00 
2026;11832;1;16/06/2026;MINEDUCYT-98/2025-BIRF.;29984637;MARIA JOSEFINA MENDOZA ;1401;3;7495;9;1;54599;6; $753.506,00 ; $-   ; $-   ; $-   ;CONTRATACION DE 28 PORTADORES CULTURALES PARA DESARROLLAR TALLERES DE IDENTIDAD CULTURAL NÁHUAT, LENCA Y CACAOPERA EN CENTROS EDUCATIVOS-CP 692-AÑO 2026-JM;Liquidada; $-   
2026;6445;1;26/03/2026;MINEDUCYT-103/2025-BIRF;30594461;MARTINA  ASCENCIO CUEVA;1401;3;7495;9;1;54502;4; $465.595,00 ; $-   ; $-   ; $284.084,00 ;CONTRATACION DE 28 PORTADORES CULTURALES PARA DESARROLLAR TALLERES DE IDENTIDAD CULTURAL NÁHUAT, LENCA Y CACAOPERA EN CENTROS EDUCATIVOS-CP 692-AÑO 2026-JM;Aprobado; $-   
2026;11837;1;18/06/2026;MINEDUCYT-103/2025-BIRF.;30594461;MARTINA  ASCENCIO CUEVA;1401;3;7495;9;1;54599;6; $945.183,00 ; $-   ; $-   ; $-   ;CONTRATACION DE 28 PORTADORES CULTURALES PARA DESARROLLAR TALLERES DE IDENTIDAD CULTURAL NÁHUAT, LENCA Y CACAOPERA EN CENTROS EDUCATIVOS-CP 692-AÑO 2026-JM;Liquidada; $-   
2026;6463;1;26/03/2026;MINEDUCYT-113/2025-BIRF;31340823;CARLOS ROBERTO CASTANEDA HERNANDEZ;1401;3;7495;9;1;54502;4; $800.485,00 ; $-   ; $-   ; $701.888,00 ;CONTRATACION DE 28 PORTADORES CULTURALES PARA DESARROLLAR TALLERES DE IDENTIDAD CULTURAL NÁHUAT, LENCA Y CACAOPERA EN CENTROS EDUCATIVOS-CP 692-AÑO 2026-JM;Liquidada; $-   
2026;11858;1;18/06/2026;MINEDUCYT-113/2025-BIRF.;31340823;CARLOS ROBERTO CASTANEDA HERNANDEZ;1401;3;7495;9;1;54599;6; $785.893,00 ; $-   ; $-   ; $570.118,00 ;CONTRATACION DE 28 PORTADORES CULTURALES PARA DESARROLLAR TALLERES DE IDENTIDAD CULTURAL NÁHUAT, LENCA Y CACAOPERA EN CENTROS EDUCATIVOS-CP 692-AÑO 2026-JM;Aprobado; $-   
2026;1879;5;03/02/2026;MINEDUCT-19-2023 BIRF;31495335;ANDREA  LOPEZ VDA. DE CORADO;1401;3;7495;9;1;54599;6; $2.731.535,00 ; $-   ; $-   ; $-   ;Contratacion 7 enseñantes de la cultura y lengua indigena para atencion de nidos de inmesion linguistica e identitaria para niños y niñas de 4 a 7 años  Enero a Junio 2026 - CP 748 -JM;Liquidada; $-   
2026;1879;4;03/02/2026;MINEDUCT-19-2023 BIRF;31495335;ANDREA  LOPEZ VDA. DE CORADO;1401;3;7495;9;1;54599;5; $3.026.609,00 ; $-   ; $-   ; $-   ;Contratacion 7 enseñantes de la cultura y lengua indigena para atencion de nidos de inmesion linguistica e identitaria para niños y niñas de 4 a 7 años  Enero a Junio 2026 - CP 748 -JM;Liquidada; $-   
2026;1879;3;03/02/2026;MINEDUCT-19-2023 BIRF;31495335;ANDREA  LOPEZ VDA. DE CORADO;1401;3;7495;9;1;54599;4; $772.981,00 ; $-   ; $-   ; $-   ;Contratacion 7 enseñantes de la cultura y lengua indigena para atencion de nidos de inmesion linguistica e identitaria para niños y niñas de 4 a 7 años  Enero a Junio 2026 - CP 748 -JM;Liquidada; $-   
2026;1879;1;03/02/2026;MINEDUCT-19-2023 BIRF;31495335;ANDREA  LOPEZ VDA. DE CORADO;1401;3;7495;9;1;54599;2; $1.776.084,00 ; $-   ; $-   ; $-   ;Contratacion 7 enseñantes de la cultura y lengua indigena para atencion de nidos de inmesion linguistica e identitaria para niños y niñas de 4 a 7 años  Enero a Junio 2026 - CP 748 -JM;Liquidada; $-   
2026;1879;2;03/02/2026;MINEDUCT-19-2023 BIRF;31495335;ANDREA  LOPEZ VDA. DE CORADO;1401;3;7495;9;1;54599;3; $4.464.680,00 ; $-   ; $-   ; $-   ;Contratacion 7 enseñantes de la cultura y lengua indigena para atencion de nidos de inmesion linguistica e identitaria para niños y niñas de 4 a 7 años  Enero a Junio 2026 - CP 748 -JM;Liquidada; $-   
2026;12072;3;06/07/2026;MINEDUCYT-19/2023-BIRF;31495335;ANDREA  LOPEZ VDA. DE CORADO;1401;3;7495;9;1;54599;9; $2.700.258,00 ; $-   ; $-   ; $1.066.832,00 ;Contratacion 7 enseñantes de la cultura y lengua indigena para atencion de nidos de inmesion linguistica e identitaria para niños y niñas de 4 a 7 años Jul a Dic 2026 - CP1081- Año 2026 -JM;Aprobado; $-   
2026;12072;1;06/07/2026;MINEDUCYT-19/2023-BIRF;31495335;ANDREA  LOPEZ VDA. DE CORADO;1401;3;7495;9;1;54599;7; $2.627.480,00 ; $-   ; $-   ; $2.078.652,00 ;Contratacion 7 enseñantes de la cultura y lengua indigena para atencion de nidos de inmesion linguistica e identitaria para niños y niñas de 4 a 7 años Jul a Dic 2026 - CP1081- Año 2026 -JM;Aprobado; $-   
2026;12072;4;06/07/2026;MINEDUCYT-19/2023-BIRF;31495335;ANDREA  LOPEZ VDA. DE CORADO;1401;3;7495;9;1;54599;10; $648.333,00 ; $-   ; $-   ; $422.969,00 ;Contratacion 7 enseñantes de la cultura y lengua indigena para atencion de nidos de inmesion linguistica e identitaria para niños y niñas de 4 a 7 años Jul a Dic 2026 - CP1081- Año 2026 -JM;Aprobado; $-   
2026;12072;6;06/07/2026;MINEDUCYT-19/2023-BIRF;31495335;ANDREA  LOPEZ VDA. DE CORADO;1401;3;7495;9;1;54599;12; $4.015.107,00 ; $-   ; $-   ; $3.074.550,00 ;Contratacion 7 enseñantes de la cultura y lengua indigena para atencion de nidos de inmesion linguistica e identitaria para niños y niñas de 4 a 7 años Jul a Dic 2026 - CP1081- Año 2026 -JM;Aprobado; $-   
2026;12072;5;06/07/2026;MINEDUCYT-19/2023-BIRF;31495335;ANDREA  LOPEZ VDA. DE CORADO;1401;3;7495;9;1;54599;11; $1.906.383,00 ; $-   ; $-   ; $1.093.962,00 ;Contratacion 7 enseñantes de la cultura y lengua indigena para atencion de nidos de inmesion linguistica e identitaria para niños y niñas de 4 a 7 años Jul a Dic 2026 - CP1081- Año 2026 -JM;Aprobado; $-   
2026;12072;2;06/07/2026;MINEDUCYT-19/2023-BIRF;31495335;ANDREA  LOPEZ VDA. DE CORADO;1401;3;7495;9;1;54599;8; $1.451.760,00 ; $-   ; $-   ; $962.645,00 ;Contratacion 7 enseñantes de la cultura y lengua indigena para atencion de nidos de inmesion linguistica e identitaria para niños y niñas de 4 a 7 años Jul a Dic 2026 - CP1081- Año 2026 -JM;Aprobado; $-   
2026;10121;1;22/05/2026;124248;3180210251021;PJ GROUP, SOCIEDAD POR ACCIONES SIMPLIFICADA DE CAPITAL VARIABLE;1401;3;7495;9;1;54310;5; $1.203.509,00 ; $-   ; $-   ; $-   ;ADQUISICIÓN DE ALMUERZOS PARA PARTICIPANTES EN EVENTO DE ENTREGA TECNICA DE NUEVO CURRICULO DE PRIMERA INFANCIA (GASTOS OPERATIVOS)-CP981 -AÑO 2026-JM;Liquidada; $-   
2026;1944;5;04/02/2026;MINEDUCYT-64/2023-BIRF;31968469;PATRICIA MARIBEL GODINEZ DE VIVAS;1401;3;7495;9;1;54599;6; $4.110.530,00 ; $-   ; $-   ; $-   ;CONTRATACION DE 3 TECNICOS CON ESPECIALIDAD EN GESTION AMBIENTAL PARA LOS PROYECTOS DE INVERSION- AÑO 2026-CP 814-JM;Liquidada; $-   
2026;1944;4;04/02/2026;MINEDUCYT-64/2023-BIRF;31968469;PATRICIA MARIBEL GODINEZ DE VIVAS;1401;3;7495;9;1;54599;5; $1.943.116,00 ; $-   ; $-   ; $-   ;CONTRATACION DE 3 TECNICOS CON ESPECIALIDAD EN GESTION AMBIENTAL PARA LOS PROYECTOS DE INVERSION- AÑO 2026-CP 814-JM;Liquidada; $-   
2026;1944;3;04/02/2026;MINEDUCYT-64/2023-BIRF;31968469;PATRICIA MARIBEL GODINEZ DE VIVAS;1401;3;7495;9;1;54599;4; $3.584.651,00 ; $-   ; $-   ; $-   ;CONTRATACION DE 3 TECNICOS CON ESPECIALIDAD EN GESTION AMBIENTAL PARA LOS PROYECTOS DE INVERSION- AÑO 2026-CP 814-JM;Liquidada; $-   
2026;1944;2;04/02/2026;MINEDUCYT-64/2023-BIRF;31968469;PATRICIA MARIBEL GODINEZ DE VIVAS;1401;3;7495;9;1;54599;3; $3.158.532,00 ; $-   ; $-   ; $-   ;CONTRATACION DE 3 TECNICOS CON ESPECIALIDAD EN GESTION AMBIENTAL PARA LOS PROYECTOS DE INVERSION- AÑO 2026-CP 814-JM;Liquidada; $-   
2026;1944;1;04/02/2026;MINEDUCYT-64/2023-BIRF;31968469;PATRICIA MARIBEL GODINEZ DE VIVAS;1401;3;7495;9;1;54599;2; $3.278.269,00 ; $-   ; $-   ; $-   ;CONTRATACION DE 3 TECNICOS CON ESPECIALIDAD EN GESTION AMBIENTAL PARA LOS PROYECTOS DE INVERSION- AÑO 2026-CP 814-JM;Liquidada; $-   
2026;12086;5;08/07/2026;MINEDUCYT-64/2023-BIRF;31968469;PATRICIA MARIBEL GODINEZ DE VIVAS;1401;3;7495;9;1;54599;11; $4.129.328,00 ; $-   ; $-   ; $1.387.001,00 ;CONTRATACION DE 3 TECNICOS CON ESPECIALIDAD EN GESTION AMBIENTAL PARA LOS PROYECTOS DE INVERSION- AÑO 2026-CP 1070-JM;Aprobado; $-   
2026;12086;4;08/07/2026;MINEDUCYT-64/2023-BIRF;31968469;PATRICIA MARIBEL GODINEZ DE VIVAS;1401;3;7495;9;1;54599;10; $777.628,00 ; $-   ; $-   ; $159.455,00 ;CONTRATACION DE 3 TECNICOS CON ESPECIALIDAD EN GESTION AMBIENTAL PARA LOS PROYECTOS DE INVERSION- AÑO 2026-CP 1070-JM;Aprobado; $-   
2026;12086;3;08/07/2026;MINEDUCYT-64/2023-BIRF;31968469;PATRICIA MARIBEL GODINEZ DE VIVAS;1401;3;7495;9;1;54599;9; $2.636.025,00 ; $-   ; $-   ; $1.264.739,00 ;CONTRATACION DE 3 TECNICOS CON ESPECIALIDAD EN GESTION AMBIENTAL PARA LOS PROYECTOS DE INVERSION- AÑO 2026-CP 1070-JM;Aprobado; $-   
2026;12086;2;08/07/2026;MINEDUCYT-64/2023-BIRF;31968469;PATRICIA MARIBEL GODINEZ DE VIVAS;1401;3;7495;9;1;54599;8; $1.673.980,00 ; $-   ; $-   ; $1.600.339,00 ;CONTRATACION DE 3 TECNICOS CON ESPECIALIDAD EN GESTION AMBIENTAL PARA LOS PROYECTOS DE INVERSION- AÑO 2026-CP 1070-JM;Aprobado; $-   
2026;12086;1;08/07/2026;MINEDUCYT-64/2023-BIRF;31968469;PATRICIA MARIBEL GODINEZ DE VIVAS;1401;3;7495;9;1;54599;7; $19.826,00 ; $-   ; $-   ; $9.847,00 ;CONTRATACION DE 3 TECNICOS CON ESPECIALIDAD EN GESTION AMBIENTAL PARA LOS PROYECTOS DE INVERSION- AÑO 2026-CP 1070-JM;Aprobado; $-   
2026;12086;6;08/07/2026;MINEDUCYT-64/2023-BIRF;31968469;PATRICIA MARIBEL GODINEZ DE VIVAS;1401;3;7495;9;1;54599;12; $2.423.380,00 ; $-   ; $-   ; $2.218.675,00 ;CONTRATACION DE 3 TECNICOS CON ESPECIALIDAD EN GESTION AMBIENTAL PARA LOS PROYECTOS DE INVERSION- AÑO 2026-CP 1070-JM;Aprobado; $-   
2026;6430;1;26/03/2026;MINEDUCYT-95/2025-BIRF;32383125;ARELY DEL CARMEN BAUTISTA DE BAUTISTA;1401;3;7495;9;1;54502;4; $1.498.279,00 ; $725,00 ; $-   ; $-   ;CONTRATACION DE 28 PORTADORES CULTURALES PARA DESARROLLAR TALLERES DE IDENTIDAD CULTURAL NÁHUAT, LENCA Y CACAOPERA EN CENTROS EDUCATIVOS-CP 692-AÑO 2026-JM;Liquidada; $1.988.294,00 
2026;8530;1;06/05/2026;MINEDUCYT-95/2025-BIRF;32383125;ARELY DEL CARMEN BAUTISTA DE BAUTISTA;1401;3;7495;9;1;54502;5; $4.785.999,00 ; $-   ; $-   ; $71.330,00 ;CONTRATACIÓN DE 28 PORTADORES CULTURALES PARA DESARROLLAR TALLERES DE IDENTIDAD CULTURAL NÁHUAT, LENCA Y CACAOPERA EN CENTROS EDUCATIVOS-DEUDA 2025-CP 691-JM;Liquidada; $-   
2026;11829;1;16/06/2026;MINEDUCYT-95/2025-BIRF.;32383125;ARELY DEL CARMEN BAUTISTA DE BAUTISTA;1401;3;7495;9;1;54599;6; $1.312.690,00 ; $-   ; $-   ; $-   ;CONTRATACION DE 28 PORTADORES CULTURALES PARA DESARROLLAR TALLERES DE IDENTIDAD CULTURAL NÁHUAT, LENCA Y CACAOPERA EN CENTROS EDUCATIVOS-CP 692-AÑO 2026-JM.;Liquidada; $-   
2026;11854;1;18/06/2026;MINEDUCYT-95/2025-BIRF;32383125;ARELY DEL CARMEN BAUTISTA DE BAUTISTA;1401;3;7495;9;1;54599;6; $3.582.313,00 ; $-   ; $-   ; $-   ;CONTRATACIÓN DE 28 PORTADORES CULTURALES PARA DESARROLLAR TALLERES DE IDENTIDAD CULTURAL NÁHUAT, LENCA Y CACAOPERA EN CENTROS EDUCATIVOS-DEUDA 2025-CP 691-JM;Liquidada; $-   
2026;1926;5;04/02/2026;MINEDUCYT-18-2024 BIRF;32625810;JOSE EDGARDO ORELLANA GUEVARA;1401;3;7495;9;1;54599;6; $2.950.176,00 ; $-   ; $-   ; $-   ;Contratacion 5 Portadores Culturales para la Atencion de Nidos Inmersion Linguistica e Identidad para niños y niñas de 4-7años, Enero a Junio 2026 - CP 755 -JM;Liquidada; $-   
2026;1926;4;04/02/2026;MINEDUCYT-18-2024 BIRF;32625810;JOSE EDGARDO ORELLANA GUEVARA;1401;3;7495;9;1;54599;5; $1.033.420,00 ; $-   ; $-   ; $-   ;Contratacion 5 Portadores Culturales para la Atencion de Nidos Inmersion Linguistica e Identidad para niños y niñas de 4-7años, Enero a Junio 2026 - CP 755 -JM;Liquidada; $-   
2026;1926;3;04/02/2026;MINEDUCYT-18-2024 BIRF;32625810;JOSE EDGARDO ORELLANA GUEVARA;1401;3;7495;9;1;54599;4; $4.554.607,00 ; $-   ; $-   ; $-   ;Contratacion 5 Portadores Culturales para la Atencion de Nidos Inmersion Linguistica e Identidad para niños y niñas de 4-7años, Enero a Junio 2026 - CP 755 -JM;Liquidada; $-   
2026;1926;2;04/02/2026;MINEDUCYT-18-2024 BIRF;32625810;JOSE EDGARDO ORELLANA GUEVARA;1401;3;7495;9;1;54599;3; $3.244.253,00 ; $-   ; $-   ; $-   ;Contratacion 5 Portadores Culturales para la Atencion de Nidos Inmersion Linguistica e Identidad para niños y niñas de 4-7años, Enero a Junio 2026 - CP 755 -JM;Liquidada; $-   
2026;1926;1;04/02/2026;MINEDUCYT-18-2024 BIRF;32625810;JOSE EDGARDO ORELLANA GUEVARA;1401;3;7495;9;1;54599;2; $3.822.581,00 ; $-   ; $-   ; $-   ;Contratacion 5 Portadores Culturales para la Atencion de Nidos Inmersion Linguistica e Identidad para niños y niñas de 4-7años, Enero a Junio 2026 - CP 755 -JM;Liquidada; $-   
2026;12191;6;09/07/2026;MINEDUCYT-18-2024 BIRF;32625810;JOSE EDGARDO ORELLANA GUEVARA;1401;3;7495;9;1;54599;12; $4.645.333,00 ; $-   ; $-   ; $3.230.266,00 ;Contratacion 5 Portadores Culturales para la Atencion de Nidos Inmersion Linguistica e Identidad para niños y niñas de 4-7años, Jul a Dic 2026 - CP 1078 -JM;Aprobado; $-   
2026;12191;5;09/07/2026;MINEDUCYT-18-2024 BIRF;32625810;JOSE EDGARDO ORELLANA GUEVARA;1401;3;7495;9;1;54599;11; $1.234.376,00 ; $-   ; $-   ; $276.015,00 ;Contratacion 5 Portadores Culturales para la Atencion de Nidos Inmersion Linguistica e Identidad para niños y niñas de 4-7años, Jul a Dic 2026 - CP 1078 -JM;Aprobado; $-   
2026;12191;4;09/07/2026;MINEDUCYT-18-2024 BIRF;32625810;JOSE EDGARDO ORELLANA GUEVARA;1401;3;7495;9;1;54599;10; $3.220.249,00 ; $-   ; $-   ; $1.630.183,00 ;Contratacion 5 Portadores Culturales para la Atencion de Nidos Inmersion Linguistica e Identidad para niños y niñas de 4-7años, Jul a Dic 2026 - CP 1078 -JM;Aprobado; $-   
2026;12191;3;09/07/2026;MINEDUCYT-18-2024 BIRF;32625810;JOSE EDGARDO ORELLANA GUEVARA;1401;3;7495;9;1;54599;9; $4.505.235,00 ; $-   ; $-   ; $4.194.791,00 ;Contratacion 5 Portadores Culturales para la Atencion de Nidos Inmersion Linguistica e Identidad para niños y niñas de 4-7años, Jul a Dic 2026 - CP 1078 -JM;Aprobado; $-   
2026;12191;2;09/07/2026;MINEDUCYT-18-2024 BIRF;32625810;JOSE EDGARDO ORELLANA GUEVARA;1401;3;7495;9;1;54599;8; $2.054.245,00 ; $-   ; $-   ; $1.944.229,00 ;Contratacion 5 Portadores Culturales para la Atencion de Nidos Inmersion Linguistica e Identidad para niños y niñas de 4-7años, Jul a Dic 2026 - CP 1078 -JM;Aprobado; $-   
2026;12191;1;09/07/2026;MINEDUCYT-18-2024 BIRF;32625810;JOSE EDGARDO ORELLANA GUEVARA;1401;3;7495;9;1;54599;7; $4.582.174,00 ; $-   ; $-   ; $906.119,00 ;Contratacion 5 Portadores Culturales para la Atencion de Nidos Inmersion Linguistica e Identidad para niños y niñas de 4-7años, Jul a Dic 2026 - CP 1078 -JM;Aprobado; $-   
2026;1925;1;04/02/2026;MINEDUCYT-19/2024 BIRF;32857378;MILEYDA YANETH SANCHEZ AGUILAR;1401;3;7495;9;1;54599;2; $829.913,00 ; $-   ; $-   ; $-   ;Contratacion 5 Portadores Culturales para la Atencion de Nidos Inmersion Linguistica e Identidad para niños y niñas de 4-7años, Enero a Junio 2026 - CP 754 -JM;Liquidada; $-   
2026;1925;2;04/02/2026;MINEDUCYT-19/2024 BIRF;32857378;MILEYDA YANETH SANCHEZ AGUILAR;1401;3;7495;9;1;54599;3; $480.671,00 ; $-   ; $-   ; $-   ;Contratacion 5 Portadores Culturales para la Atencion de Nidos Inmersion Linguistica e Identidad para niños y niñas de 4-7años, Enero a Junio 2026 - CP 754 -JM;Liquidada; $-   
2026;1925;3;04/02/2026;MINEDUCYT-19/2024 BIRF;32857378;MILEYDA YANETH SANCHEZ AGUILAR;1401;3;7495;9;1;54599;4; $4.085.063,00 ; $-   ; $-   ; $-   ;Contratacion 5 Portadores Culturales para la Atencion de Nidos Inmersion Linguistica e Identidad para niños y niñas de 4-7años, Enero a Junio 2026 - CP 754 -JM;Liquidada; $-   
2026;1925;4;04/02/2026;MINEDUCYT-19/2024 BIRF;32857378;MILEYDA YANETH SANCHEZ AGUILAR;1401;3;7495;9;1;54599;5; $720.044,00 ; $-   ; $-   ; $-   ;Contratacion 5 Portadores Culturales para la Atencion de Nidos Inmersion Linguistica e Identidad para niños y niñas de 4-7años, Enero a Junio 2026 - CP 754 -JM;Liquidada; $-   
2026;1925;5;04/02/2026;MINEDUCYT-19/2024 BIRF;32857378;MILEYDA YANETH SANCHEZ AGUILAR;1401;3;7495;9;1;54599;6; $3.425.395,00 ; $-   ; $-   ; $-   ;Contratacion 5 Portadores Culturales para la Atencion de Nidos Inmersion Linguistica e Identidad para niños y niñas de 4-7años, Enero a Junio 2026 - CP 754 -JM;Liquidada; $-   
2026;12188;1;09/07/2026;MINEDUCYT-19/2024 BIRF;32857378;MILEYDA YANETH SANCHEZ AGUILAR;1401;3;7495;9;1;54599;7; $965.418,00 ; $-   ; $-   ; $149.040,00 ;Contratacion 5 Portadores Culturales para la Atencion de Nidos Inmersion Linguistica e Identidad para niños y niñas de 4-7años, Jul a Dic 2026 - CP 1079 -JM;Aprobado; $-   
2026;12188;2;09/07/2026;MINEDUCYT-19/2024 BIRF;32857378;MILEYDA YANETH SANCHEZ AGUILAR;1401;3;7495;9;1;54599;8; $1.065.599,00 ; $-   ; $-   ; $357.070,00 ;Contratacion 5 Portadores Culturales para la Atencion de Nidos Inmersion Linguistica e Identidad para niños y niñas de 4-7años, Jul a Dic 2026 - CP 1079 -JM;Aprobado; $-   
2026;12188;3;09/07/2026;MINEDUCYT-19/2024 BIRF;32857378;MILEYDA YANETH SANCHEZ AGUILAR;1401;3;7495;9;1;54599;9; $1.945.256,00 ; $-   ; $-   ; $1.305.387,00 ;Contratacion 5 Portadores Culturales para la Atencion de Nidos Inmersion Linguistica e Identidad para niños y niñas de 4-7años, Jul a Dic 2026 - CP 1079 -JM;Aprobado; $-   
2026;12188;4;09/07/2026;MINEDUCYT-19/2024 BIRF;32857378;MILEYDA YANETH SANCHEZ AGUILAR;1401;3;7495;9;1;54599;10; $834.884,00 ; $-   ; $-   ; $295.587,00 ;Contratacion 5 Portadores Culturales para la Atencion de Nidos Inmersion Linguistica e Identidad para niños y niñas de 4-7años, Jul a Dic 2026 - CP 1079 -JM;Aprobado; $-   
2026;12188;5;09/07/2026;MINEDUCYT-19/2024 BIRF;32857378;MILEYDA YANETH SANCHEZ AGUILAR;1401;3;7495;9;1;54599;11; $3.662.225,00 ; $-   ; $-   ; $3.280.376,00 ;Contratacion 5 Portadores Culturales para la Atencion de Nidos Inmersion Linguistica e Identidad para niños y niñas de 4-7años, Jul a Dic 2026 - CP 1079 -JM;Aprobado; $-   
2026;12188;6;09/07/2026;MINEDUCYT-19/2024 BIRF;32857378;MILEYDA YANETH SANCHEZ AGUILAR;1401;3;7495;9;1;54599;12; $3.372.968,00 ; $-   ; $-   ; $1.888.734,00 ;Contratacion 5 Portadores Culturales para la Atencion de Nidos Inmersion Linguistica e Identidad para niños y niñas de 4-7años, Jul a Dic 2026 - CP 1079 -JM;Aprobado; $-   
2026;1764;5;28/01/2026;MINEDUCYT-02/2023 BIRF;32868913;DANIEL JACINTO REYES AGUILAR;1401;3;7495;9;1;54599;6; $964.446,00 ; $-   ; $-   ; $-   ;Contratacion Coordinador Tecnico para Unidad Infraestructura Educativa del MOPT de enero a junio 2026, certf - 817 - krn;Liquidada; $-   
2026;1764;4;28/01/2026;MINEDUCYT-02/2023 BIRF;32868913;DANIEL JACINTO REYES AGUILAR;1401;3;7495;9;1;54599;5; $2.871.193,00 ; $-   ; $-   ; $-   ;Contratacion Coordinador Tecnico para Unidad Infraestructura Educativa del MOPT de enero a junio 2026, certf - 817 - krn;Liquidada; $-   
2026;1764;3;28/01/2026;MINEDUCYT-02/2023 BIRF;32868913;DANIEL JACINTO REYES AGUILAR;1401;3;7495;9;1;54599;4; $3.011.480,00 ; $-   ; $-   ; $-   ;Contratacion Coordinador Tecnico para Unidad Infraestructura Educativa del MOPT de enero a junio 2026, certf - 817 - krn;Liquidada; $-   
2026;1764;2;28/01/2026;MINEDUCYT-02/2023 BIRF;32868913;DANIEL JACINTO REYES AGUILAR;1401;3;7495;9;1;54599;3; $4.742.236,00 ; $-   ; $-   ; $-   ;Contratacion Coordinador Tecnico para Unidad Infraestructura Educativa del MOPT de enero a junio 2026, certf - 817 - krn;Liquidada; $-   
2026;1764;1;28/01/2026;MINEDUCYT-02/2023 BIRF;32868913;DANIEL JACINTO REYES AGUILAR;1401;3;7495;9;1;54599;2; $1.162.494,00 ; $-   ; $-   ; $-   ;Contratacion Coordinador Tecnico para Unidad Infraestructura Educativa del MOPT de enero a junio 2026, certf - 817 - krn;Liquidada; $-   
2026;12052;3;03/07/2026;MINEDUCYT-02/2023 BIRF;32868913;DANIEL JACINTO REYES AGUILAR;1401;3;7495;9;1;54599;9; $3.252.995,00 ; $-   ; $-   ; $537.310,00 ;Contratacion Coordinador Tecnico para Unidad Infraestructura Educativa del MOPT de jul a dic 2026, certf 1065-JM;Aprobado; $-   
2026;12052;2;03/07/2026;MINEDUCYT-02/2023 BIRF;32868913;DANIEL JACINTO REYES AGUILAR;1401;3;7495;9;1;54599;8; $3.937.688,00 ; $-   ; $-   ; $283.530,00 ;Contratacion Coordinador Tecnico para Unidad Infraestructura Educativa del MOPT de jul a dic 2026, certf 1065-JM;Aprobado; $-   
2026;12052;1;03/07/2026;MINEDUCYT-02/2023 BIRF;32868913;DANIEL JACINTO REYES AGUILAR;1401;3;7495;9;1;54599;7; $4.435.093,00 ; $-   ; $-   ; $3.145.168,00 ;Contratacion Coordinador Tecnico para Unidad Infraestructura Educativa del MOPT de jul a dic 2026, certf 1065-JM;Aprobado; $-   
2026;12052;6;03/07/2026;MINEDUCYT-02/2023 BIRF;32868913;DANIEL JACINTO REYES AGUILAR;1401;3;7495;9;1;54599;12; $4.762.542,00 ; $-   ; $-   ; $1.973.896,00 ;Contratacion Coordinador Tecnico para Unidad Infraestructura Educativa del MOPT de jul a dic 2026, certf 1065-JM;Aprobado; $-   
2026;12052;4;03/07/2026;MINEDUCYT-02/2023 BIRF;32868913;DANIEL JACINTO REYES AGUILAR;1401;3;7495;9;1;54599;10; $3.712.405,00 ; $-   ; $-   ; $2.373.356,00 ;Contratacion Coordinador Tecnico para Unidad Infraestructura Educativa del MOPT de jul a dic 2026, certf 1065-JM;Aprobado; $-   
2026;12052;5;03/07/2026;MINEDUCYT-02/2023 BIRF;32868913;DANIEL JACINTO REYES AGUILAR;1401;3;7495;9;1;54599;11; $3.773.819,00 ; $-   ; $-   ; $94.144,00 ;Contratacion Coordinador Tecnico para Unidad Infraestructura Educativa del MOPT de jul a dic 2026, certf 1065-JM;Aprobado; $-   
2026;1976;5;05/02/2026;MINEDUCYT-43/2024-BIRF;34083991;KAREN MERARY MOLINA DE BARAHONA;1401;3;7495;9;1;54599;6; $1.739.799,00 ; $-   ; $-   ; $-   ;CONTRATACION DE TECNICO ESPECIALISTA CURRICULAR PRIMERA INFANCIA-CP 779-AÑO 2026-JM;Liquidada; $-   
2026;1976;4;05/02/2026;MINEDUCYT-43/2024-BIRF;34083991;KAREN MERARY MOLINA DE BARAHONA;1401;3;7495;9;1;54599;5; $3.858.453,00 ; $-   ; $-   ; $-   ;CONTRATACION DE TECNICO ESPECIALISTA CURRICULAR PRIMERA INFANCIA-CP 779-AÑO 2026-JM;Liquidada; $-   
2026;1976;3;05/02/2026;MINEDUCYT-43/2024-BIRF;34083991;KAREN MERARY MOLINA DE BARAHONA;1401;3;7495;9;1;54599;4; $534.441,00 ; $-   ; $-   ; $-   ;CONTRATACION DE TECNICO ESPECIALISTA CURRICULAR PRIMERA INFANCIA-CP 779-AÑO 2026-JM;Liquidada; $-   
2026;1976;2;05/02/2026;MINEDUCYT-43/2024-BIRF;34083991;KAREN MERARY MOLINA DE BARAHONA;1401;3;7495;9;1;54599;3; $4.298.646,00 ; $-   ; $-   ; $-   ;CONTRATACION DE TECNICO ESPECIALISTA CURRICULAR PRIMERA INFANCIA-CP 779-AÑO 2026-JM;Liquidada; $-   
2026;1976;1;05/02/2026;MINEDUCYT-43/2024-BIRF;34083991;KAREN MERARY MOLINA DE BARAHONA;1401;3;7495;9;1;54599;2; $4.070.212,00 ; $-   ; $-   ; $-   ;CONTRATACION DE TECNICO ESPECIALISTA CURRICULAR PRIMERA INFANCIA-CP 779-AÑO 2026-JM;Liquidada; $-   
2026;11981;5;26/06/2026;MINEDUCYT-43/2024 BIRF;34083991;KAREN MERARY MOLINA DE BARAHONA;1401;3;7495;9;1;54599;11; $1.563.769,00 ; $-   ; $-   ; $1.211.024,00 ;Consultoria de Tecnico Especialista en curricullar en Primera Infancia MECT-M-278/2026- CP 1028- año 2026 -JM-krn;Aprobado; $-   
2026;11981;4;26/06/2026;MINEDUCYT-43/2024 BIRF;34083991;KAREN MERARY MOLINA DE BARAHONA;1401;3;7495;9;1;54599;10; $966.944,00 ; $-   ; $-   ; $313.116,00 ;Consultoria de Tecnico Especialista en curricullar en Primera Infancia MECT-M-278/2026- CP 1028- año 2026 -JM-krn;Aprobado; $-   
2026;11981;3;26/06/2026;MINEDUCYT-43/2024 BIRF;34083991;KAREN MERARY MOLINA DE BARAHONA;1401;3;7495;9;1;54599;9; $3.025.415,00 ; $-   ; $-   ; $1.643.619,00 ;Consultoria de Tecnico Especialista en curricullar en Primera Infancia MECT-M-278/2026- CP 1028- año 2026 -JM-krn;Aprobado; $-   
2026;11981;2;26/06/2026;MINEDUCYT-43/2024 BIRF;34083991;KAREN MERARY MOLINA DE BARAHONA;1401;3;7495;9;1;54599;8; $1.604.072,00 ; $-   ; $-   ; $134.768,00 ;Consultoria de Tecnico Especialista en curricullar en Primera Infancia MECT-M-278/2026- CP 1028- año 2026 -JM-krn;Aprobado; $-   
2026;11981;1;26/06/2026;MINEDUCYT-43/2024 BIRF;34083991;KAREN MERARY MOLINA DE BARAHONA;1401;3;7495;9;1;54599;7; $2.496.787,00 ; $-   ; $-   ; $296.317,00 ;Consultoria de Tecnico Especialista en curricullar en Primera Infancia MECT-M-278/2026- CP 1028- año 2026 -JM-krn;Aprobado; $-   
2026;11981;6;26/06/2026;MINEDUCYT-43/2024 BIRF;34083991;KAREN MERARY MOLINA DE BARAHONA;1401;3;7495;9;1;54599;12; $4.626.914,00 ; $-   ; $-   ; $3.433.026,00 ;Consultoria de Tecnico Especialista en curricullar en Primera Infancia MECT-M-278/2026- CP 1028- año 2026 -JM-krn;Aprobado; $-   
2026;6464;1;26/03/2026;MINEDUCYT-114/2025-BIRF;34109276;GUILLERMA  PEREZ DE RAMOS;1401;3;7495;9;1;54502;4; $3.347.240,00 ; $-   ; $-   ; $1.230.128,00 ;CONTRATACION DE 28 PORTADORES CULTURALES PARA DESARROLLAR TALLERES DE IDENTIDAD CULTURAL NÁHUAT, LENCA Y CACAOPERA EN CENTROS EDUCATIVOS-CP 692-AÑO 2026-JM;Liquidada; $-   
2026;11841;1;18/06/2026;MINEDUCYT-114/2025-BIRF;34109276;GUILLERMA  PEREZ DE RAMOS;1401;3;7495;9;1;54599;6; $920.244,00 ; $-   ; $-   ; $-   ;CONTRATACION DE 28 PORTADORES CULTURALES PARA DESARROLLAR TALLERES DE IDENTIDAD CULTURAL NÁHUAT, LENCA Y CACAOPERA EN CENTROS EDUCATIVOS-CP 692-AÑO 2026-JM;Liquidada; $-   
2026;10129;1;25/05/2026;124290;34116265;LUIS ALBERTO SALINAS SANTACRUZ;1401;3;7495;9;1;61199;5; $1.706.438,00 ; $-   ; $-   ; $-   ;ADQUISICIÓN DE INSTRUMENTOS MUSICALES (GUITARRA ACUSTICA,  FLAUTA Y MARACAS) (GASTO OPEREATIVO)-CP 983-AÑO 2026-JM;Liquidada; $-   
2026;4595;3;10/03/2026;MINEDUCYT-12/2026-BIRF;34392146;ROBERTO ALEXIS LOPEZ Y LOPEZ;1401;3;7495;9;1;54599;5; $3.046.863,00 ; $-   ; $-   ; $-   ;CONTRATACIÓN DE ESPECIALISTA TECNICOS DE MONITOREO PARA LA UNIDAD DE IMPLEMENTACIÓN DEL PROYECTO-CP 732-AÑO 2026-JM;Parcialmente Liquidada; $-   
2026;4595;2;10/03/2026;MINEDUCYT-12/2026-BIRF;34392146;ROBERTO ALEXIS LOPEZ Y LOPEZ;1401;3;7495;9;1;54599;4; $4.298.016,00 ; $-   ; $-   ; $-   ;CONTRATACIÓN DE ESPECIALISTA TECNICOS DE MONITOREO PARA LA UNIDAD DE IMPLEMENTACIÓN DEL PROYECTO-CP 732-AÑO 2026-JM;Parcialmente Liquidada; $-   
2026;4595;4;10/03/2026;MINEDUCYT-12/2026-BIRF;34392146;ROBERTO ALEXIS LOPEZ Y LOPEZ;1401;3;7495;9;1;54599;6; $1.860.799,00 ; $-   ; $-   ; $-   ;CONTRATACIÓN DE ESPECIALISTA TECNICOS DE MONITOREO PARA LA UNIDAD DE IMPLEMENTACIÓN DEL PROYECTO-CP 732-AÑO 2026-JM;Parcialmente Liquidada; $-   
2026;4595;5;10/03/2026;MINEDUCYT-12/2026-BIRF;34392146;ROBERTO ALEXIS LOPEZ Y LOPEZ;1401;3;7495;9;1;54599;7; $809.057,00 ; $-   ; $-   ; $782.731,00 ;CONTRATACIÓN DE ESPECIALISTA TECNICOS DE MONITOREO PARA LA UNIDAD DE IMPLEMENTACIÓN DEL PROYECTO-CP 732-AÑO 2026-JM;Parcialmente Liquidada; $-   
2026;4595;6;10/03/2026;MINEDUCYT-12/2026-BIRF;34392146;ROBERTO ALEXIS LOPEZ Y LOPEZ;1401;3;7495;9;1;54599;8; $3.641.950,00 ; $-   ; $-   ; $3.326.712,00 ;CONTRATACIÓN DE ESPECIALISTA TECNICOS DE MONITOREO PARA LA UNIDAD DE IMPLEMENTACIÓN DEL PROYECTO-CP 732-AÑO 2026-JM;Parcialmente Liquidada; $-   
2026;4595;1;10/03/2026;MINEDUCYT-12/2026-BIRF;34392146;ROBERTO ALEXIS LOPEZ Y LOPEZ;1401;3;7495;9;1;54599;3; $3.576.282,00 ; $-   ; $-   ; $-   ;CONTRATACIÓN DE ESPECIALISTA TECNICOS DE MONITOREO PARA LA UNIDAD DE IMPLEMENTACIÓN DEL PROYECTO-CP 732-AÑO 2026-JM;Parcialmente Liquidada; $-   
2026;8616;1;13/05/2026;123927;34392146;ROBERTO ALEXIS LOPEZ Y LOPEZ;1401;3;7495;9;1;54404;5; $323.643,00 ; $-   ; $-   ; $-   ;REEMBOLSO DE VIATICOS POR LOS GASTOS FACTURADOS EN EL HOTEL THE WESTIN PLAYA BONITA PANAMA, POR PARTICIPAR DE LA JORNADA DE CAPACITACIONES PARA UNIDADES EJECUTORAS DEL BANCO MUNDIAL, LLEVADA A CABO EN LA CIUDAD DE PANAMA DEL 05 AL 08 DE MAYO DE 2026- CP 968-AÑO 2026-JM;Liquidada; $-   
2026;1852;5;02/02/2026; MINEDUCYT-78/2024 BIRF;36027991;DELMI ANGELICA PUJOL DE GARCIA;1401;3;7495;9;1;54599;6; $3.520.671,00 ; $-   ; $-   ; $-   ;Contratacion 4 Coordinadores Regionales para la certificacion de estandares estructurales de calidad, Enero a Junio 2026 - CP 736 -JM;Liquidada; $-   
2026;1852;4;02/02/2026; MINEDUCYT-78/2024 BIRF;36027991;DELMI ANGELICA PUJOL DE GARCIA;1401;3;7495;9;1;54599;5; $3.549.786,00 ; $-   ; $-   ; $-   ;Contratacion 4 Coordinadores Regionales para la certificacion de estandares estructurales de calidad, Enero a Junio 2026 - CP 736 -JM;Liquidada; $-   
2026;1852;3;02/02/2026; MINEDUCYT-78/2024 BIRF;36027991;DELMI ANGELICA PUJOL DE GARCIA;1401;3;7495;9;1;54599;4; $4.606.691,00 ; $-   ; $-   ; $-   ;Contratacion 4 Coordinadores Regionales para la certificacion de estandares estructurales de calidad, Enero a Junio 2026 - CP 736 -JM;Liquidada; $-   
2026;1852;2;02/02/2026; MINEDUCYT-78/2024 BIRF;36027991;DELMI ANGELICA PUJOL DE GARCIA;1401;3;7495;9;1;54599;3; $4.135.753,00 ; $-   ; $-   ; $-   ;Contratacion 4 Coordinadores Regionales para la certificacion de estandares estructurales de calidad, Enero a Junio 2026 - CP 736 -JM;Liquidada; $-   
2026;1852;1;02/02/2026; MINEDUCYT-78/2024 BIRF;36027991;DELMI ANGELICA PUJOL DE GARCIA;1401;3;7495;9;1;54599;2; $1.274.469,00 ; $-   ; $-   ; $-   ;Contratacion 4 Coordinadores Regionales para la certificacion de estandares estructurales de calidad, Enero a Junio 2026 - CP 736 -JM;Liquidada; $-   
2026;12075;1;07/07/2026;MINEDUCYT-78/2024-BIRF;36027991;DELMI ANGELICA PUJOL DE GARCIA;1401;3;7495;9;1;54599;7; $4.967.251,00 ; $-   ; $-   ; $2.774.474,00 ;CONTRATACIÓN DE 4 ESPECIALISTAS EN EL AREA DE MEJORA DE LA CALIDADA PARA APOYO A LA CERTIFICACIÓN DE ESTANDARES ESTRUCTURALES DE CALIDAD-JUL A DIC- CP 1058-AÑO 2026-JM;Aprobado; $-   
2026;12075;2;07/07/2026;MINEDUCYT-78/2024-BIRF;36027991;DELMI ANGELICA PUJOL DE GARCIA;1401;3;7495;9;1;54599;8; $904.224,00 ; $-   ; $-   ; $107.234,00 ;CONTRATACIÓN DE 4 ESPECIALISTAS EN EL AREA DE MEJORA DE LA CALIDADA PARA APOYO A LA CERTIFICACIÓN DE ESTANDARES ESTRUCTURALES DE CALIDAD-JUL A DIC- CP 1058-AÑO 2026-JM;Aprobado; $-   
2026;12075;3;07/07/2026;MINEDUCYT-78/2024-BIRF;36027991;DELMI ANGELICA PUJOL DE GARCIA;1401;3;7495;9;1;54599;9; $3.736.082,00 ; $-   ; $-   ; $3.317.971,00 ;CONTRATACIÓN DE 4 ESPECIALISTAS EN EL AREA DE MEJORA DE LA CALIDADA PARA APOYO A LA CERTIFICACIÓN DE ESTANDARES ESTRUCTURALES DE CALIDAD-JUL A DIC- CP 1058-AÑO 2026-JM;Aprobado; $-   
2026;12075;4;07/07/2026;MINEDUCYT-78/2024-BIRF;36027991;DELMI ANGELICA PUJOL DE GARCIA;1401;3;7495;9;1;54599;10; $2.510.986,00 ; $-   ; $-   ; $1.527.838,00 ;CONTRATACIÓN DE 4 ESPECIALISTAS EN EL AREA DE MEJORA DE LA CALIDADA PARA APOYO A LA CERTIFICACIÓN DE ESTANDARES ESTRUCTURALES DE CALIDAD-JUL A DIC- CP 1058-AÑO 2026-JM;Aprobado; $-   
2026;12075;5;07/07/2026;MINEDUCYT-78/2024-BIRF;36027991;DELMI ANGELICA PUJOL DE GARCIA;1401;3;7495;9;1;54599;11; $3.304.538,00 ; $-   ; $-   ; $1.409.444,00 ;CONTRATACIÓN DE 4 ESPECIALISTAS EN EL AREA DE MEJORA DE LA CALIDADA PARA APOYO A LA CERTIFICACIÓN DE ESTANDARES ESTRUCTURALES DE CALIDAD-JUL A DIC- CP 1058-AÑO 2026-JM;Aprobado; $-   
2026;12075;6;07/07/2026;MINEDUCYT-78/2024-BIRF;36027991;DELMI ANGELICA PUJOL DE GARCIA;1401;3;7495;9;1;54599;12; $246.957,00 ; $-   ; $-   ; $151.937,00 ;CONTRATACIÓN DE 4 ESPECIALISTAS EN EL AREA DE MEJORA DE LA CALIDADA PARA APOYO A LA CERTIFICACIÓN DE ESTANDARES ESTRUCTURALES DE CALIDAD-JUL A DIC- CP 1058-AÑO 2026-JM;Aprobado; $-   
2026;1885;5;03/02/2026;MINEDUCY-23/2023 BIRF;36047496;MARITHZA JANNETH ALFARO DE ALVAREZ;1401;3;7495;9;1;54599;6; $568.048,00 ; $-   ; $-   ; $-   ;Contratacion 7 enseñantes de la cultura y lengua indigena para atencion de nidos de inmesion linguistica e identitaria para niños y niñas de 4 a 7 años  Enero a Junio 2026 - CP 757 -JM;Liquidada; $-   
2026;1885;1;03/02/2026;MINEDUCY-23/2023 BIRF;36047496;MARITHZA JANNETH ALFARO DE ALVAREZ;1401;3;7495;9;1;54599;2; $4.361.029,00 ; $-   ; $-   ; $-   ;Contratacion 7 enseñantes de la cultura y lengua indigena para atencion de nidos de inmesion linguistica e identitaria para niños y niñas de 4 a 7 años  Enero a Junio 2026 - CP 757 -JM;Liquidada; $-   
2026;1885;4;03/02/2026;MINEDUCY-23/2023 BIRF;36047496;MARITHZA JANNETH ALFARO DE ALVAREZ;1401;3;7495;9;1;54599;5; $557.206,00 ; $-   ; $-   ; $-   ;Contratacion 7 enseñantes de la cultura y lengua indigena para atencion de nidos de inmesion linguistica e identitaria para niños y niñas de 4 a 7 años  Enero a Junio 2026 - CP 757 -JM;Liquidada; $-   
2026;1885;3;03/02/2026;MINEDUCY-23/2023 BIRF;36047496;MARITHZA JANNETH ALFARO DE ALVAREZ;1401;3;7495;9;1;54599;4; $569.428,00 ; $-   ; $-   ; $-   ;Contratacion 7 enseñantes de la cultura y lengua indigena para atencion de nidos de inmesion linguistica e identitaria para niños y niñas de 4 a 7 años  Enero a Junio 2026 - CP 757 -JM;Liquidada; $-   
2026;1885;2;03/02/2026;MINEDUCY-23/2023 BIRF;36047496;MARITHZA JANNETH ALFARO DE ALVAREZ;1401;3;7495;9;1;54599;3; $3.928.513,00 ; $-   ; $-   ; $-   ;Contratacion 7 enseñantes de la cultura y lengua indigena para atencion de nidos de inmesion linguistica e identitaria para niños y niñas de 4 a 7 años  Enero a Junio 2026 - CP 757 -JM;Liquidada; $-   
2026;12067;1;06/07/2026;CONTRATO-23/2023-BIRF;36047496;MARITHZA JANNETH ALFARO DE ALVAREZ;1401;3;7495;9;1;54599;7; $2.694.016,00 ; $-   ; $-   ; $2.570.848,00 ;Contratacion 7 enseñantes de la cultura y lengua indigena para atencion de nidos de inmesion linguistica e identitaria para niños y niñas de 4 a 7 años Jul a Dic 2026 - CP1084- Año 2026 -JM;Aprobado; $-   
2026;12067;3;06/07/2026;CONTRATO-23/2023-BIRF;36047496;MARITHZA JANNETH ALFARO DE ALVAREZ;1401;3;7495;9;1;54599;9; $4.448.867,00 ; $-   ; $-   ; $3.131.929,00 ;Contratacion 7 enseñantes de la cultura y lengua indigena para atencion de nidos de inmesion linguistica e identitaria para niños y niñas de 4 a 7 años Jul a Dic 2026 - CP1084- Año 2026 -JM;Aprobado; $-   
2026;12067;4;06/07/2026;CONTRATO-23/2023-BIRF;36047496;MARITHZA JANNETH ALFARO DE ALVAREZ;1401;3;7495;9;1;54599;10; $230.019,00 ; $-   ; $-   ; $71.345,00 ;Contratacion 7 enseñantes de la cultura y lengua indigena para atencion de nidos de inmesion linguistica e identitaria para niños y niñas de 4 a 7 años Jul a Dic 2026 - CP1084- Año 2026 -JM;Aprobado; $-   
2026;12067;2;06/07/2026;CONTRATO-23/2023-BIRF;36047496;MARITHZA JANNETH ALFARO DE ALVAREZ;1401;3;7495;9;1;54599;8; $1.498.620,00 ; $-   ; $-   ; $670.169,00 ;Contratacion 7 enseñantes de la cultura y lengua indigena para atencion de nidos de inmesion linguistica e identitaria para niños y niñas de 4 a 7 años Jul a Dic 2026 - CP1084- Año 2026 -JM;Aprobado; $-   
2026;12067;6;06/07/2026;CONTRATO-23/2023-BIRF;36047496;MARITHZA JANNETH ALFARO DE ALVAREZ;1401;3;7495;9;1;54599;12; $1.835.759,00 ; $-   ; $-   ; $1.433.426,00 ;Contratacion 7 enseñantes de la cultura y lengua indigena para atencion de nidos de inmesion linguistica e identitaria para niños y niñas de 4 a 7 años Jul a Dic 2026 - CP1084- Año 2026 -JM;Aprobado; $-   
2026;12067;5;06/07/2026;CONTRATO-23/2023-BIRF;36047496;MARITHZA JANNETH ALFARO DE ALVAREZ;1401;3;7495;9;1;54599;11; $2.457.737,00 ; $-   ; $-   ; $1.721.747,00 ;Contratacion 7 enseñantes de la cultura y lengua indigena para atencion de nidos de inmesion linguistica e identitaria para niños y niñas de 4 a 7 años Jul a Dic 2026 - CP1084- Año 2026 -JM;Aprobado; $-   
2026;1781;4;29/01/2026;MINEDUCYT-56/2024;36473508;DELMY MARICELA PALMA VENTURA;1401;3;7495;9;1;54599;5; $4.676.540,00 ; $-   ; $-   ; $-   ;Contratacion Tecnico Especialista en area de Estandares Sociales para UIP de enero a junio 2026, certf  - krn;Liquidada; $-   
2026;1781;3;29/01/2026;MINEDUCYT-56/2024;36473508;DELMY MARICELA PALMA VENTURA;1401;3;7495;9;1;54599;4; $4.967.463,00 ; $-   ; $-   ; $-   ;Contratacion Tecnico Especialista en area de Estandares Sociales para UIP de enero a junio 2026, certf  - krn;Liquidada; $-   
2026;1781;2;29/01/2026;MINEDUCYT-56/2024;36473508;DELMY MARICELA PALMA VENTURA;1401;3;7495;9;1;54599;3; $3.555.085,00 ; $-   ; $-   ; $-   ;Contratacion Tecnico Especialista en area de Estandares Sociales para UIP de enero a junio 2026, certf  - krn;Liquidada; $-   
2026;1781;1;29/01/2026;MINEDUCYT-56/2024;36473508;DELMY MARICELA PALMA VENTURA;1401;3;7495;9;1;54599;2; $2.699.360,00 ; $-   ; $-   ; $-   ;Contratacion Tecnico Especialista en area de Estandares Sociales para UIP de enero a junio 2026, certf  - krn;Liquidada; $-   
2026;1781;5;29/01/2026;MINEDUCYT-56/2024;36473508;DELMY MARICELA PALMA VENTURA;1401;3;7495;9;1;54599;6; $1.842.596,00 ; $-   ; $-   ; $-   ;Contratacion Tecnico Especialista en area de Estandares Sociales para UIP de enero a junio 2026, certf  - krn;Liquidada; $-   
2026;12013;1;30/06/2026;MINEDUCYT-56/2024-BIRF;36473508;DELMY MARICELA PALMA VENTURA;1401;3;7495;9;1;54599;7; $1.203.100,00 ; $-   ; $-   ; $217.924,00 ;Contratacion Tecnico Especialista en area de Estandares Sociales para UIP de jul a dic 2026, certf 1014- JM;Aprobado; $-   
2026;12013;6;30/06/2026;MINEDUCYT-56/2024-BIRF;36473508;DELMY MARICELA PALMA VENTURA;1401;3;7495;9;1;54599;12; $421.262,00 ; $-   ; $-   ; $255.632,00 ;Contratacion Tecnico Especialista en area de Estandares Sociales para UIP de jul a dic 2026, certf 1014- JM;Aprobado; $-   
2026;12013;5;30/06/2026;MINEDUCYT-56/2024-BIRF;36473508;DELMY MARICELA PALMA VENTURA;1401;3;7495;9;1;54599;11; $274.369,00 ; $-   ; $-   ; $179.667,00 ;Contratacion Tecnico Especialista en area de Estandares Sociales para UIP de jul a dic 2026, certf 1014- JM;Aprobado; $-   
2026;12013;4;30/06/2026;MINEDUCYT-56/2024-BIRF;36473508;DELMY MARICELA PALMA VENTURA;1401;3;7495;9;1;54599;10; $3.251.748,00 ; $-   ; $-   ; $1.277.062,00 ;Contratacion Tecnico Especialista en area de Estandares Sociales para UIP de jul a dic 2026, certf 1014- JM;Aprobado; $-   
2026;12013;3;30/06/2026;MINEDUCYT-56/2024-BIRF;36473508;DELMY MARICELA PALMA VENTURA;1401;3;7495;9;1;54599;9; $1.133.748,00 ; $-   ; $-   ; $200.968,00 ;Contratacion Tecnico Especialista en area de Estandares Sociales para UIP de jul a dic 2026, certf 1014- JM;Aprobado; $-   
2026;12013;2;30/06/2026;MINEDUCYT-56/2024-BIRF;36473508;DELMY MARICELA PALMA VENTURA;1401;3;7495;9;1;54599;8; $2.989.261,00 ; $-   ; $-   ; $378.347,00 ;Contratacion Tecnico Especialista en area de Estandares Sociales para UIP de jul a dic 2026, certf 1014- JM;Aprobado; $-   
2026;1766;1;28/01/2026;MINEDUCYT-59/2024 BIRF;36904850;JOHANA MARGARITA MEJIA MARROQUIN;1401;3;7495;9;1;54599;2; $2.590.111,00 ; $-   ; $-   ; $-   ;Consultoria  Especialista Tecnico en Curriculo para Unidad Gestora para UIP de enero a junio 2026, certf - 808 - krn;Liquidada; $-   
2026;1766;2;28/01/2026;MINEDUCYT-59/2024 BIRF;36904850;JOHANA MARGARITA MEJIA MARROQUIN;1401;3;7495;9;1;54599;3; $2.421.218,00 ; $-   ; $-   ; $-   ;Consultoria  Especialista Tecnico en Curriculo para Unidad Gestora para UIP de enero a junio 2026, certf - 808 - krn;Liquidada; $-   
2026;1766;3;28/01/2026;MINEDUCYT-59/2024 BIRF;36904850;JOHANA MARGARITA MEJIA MARROQUIN;1401;3;7495;9;1;54599;4; $1.701.503,00 ; $-   ; $-   ; $-   ;Consultoria  Especialista Tecnico en Curriculo para Unidad Gestora para UIP de enero a junio 2026, certf - 808 - krn;Liquidada; $-   
2026;1766;4;28/01/2026;MINEDUCYT-59/2024 BIRF;36904850;JOHANA MARGARITA MEJIA MARROQUIN;1401;3;7495;9;1;54599;5; $2.832.397,00 ; $-   ; $-   ; $-   ;Consultoria  Especialista Tecnico en Curriculo para Unidad Gestora para UIP de enero a junio 2026, certf - 808 - krn;Liquidada; $-   
2026;1766;5;28/01/2026;MINEDUCYT-59/2024 BIRF;36904850;JOHANA MARGARITA MEJIA MARROQUIN;1401;3;7495;9;1;54599;6; $727.911,00 ; $-   ; $-   ; $-   ;Consultoria  Especialista Tecnico en Curriculo para Unidad Gestora para UIP de enero a junio 2026, certf - 808 - krn;Liquidada; $-   
2026;8617;1;13/05/2026;123917;36904850;JOHANA MARGARITA MEJIA MARROQUIN;1401;3;7495;9;1;54404;5; $2.139.286,00 ; $-   ; $-   ; $-   ;REEMBOLSO DE VIATICOS POR LOS GASTOS FACTURADOS EN EL HOTEL THE WESTIN PLAYA BONITA PANAMA, POR PARTICIPAR DE LA JORNADA DE CAPACITACIONES PARA UNIDADES EJECUTORAS DEL BANCO MUNDIAL, LLEVADA A CABO EN LA CIUDAD DE PANAMA DEL 05 AL 08 DE MAYO DE 2026- CP 968-AÑO 2026-JM;Liquidada; $-   
2026;1780;5;29/01/2026;MINEDUCYT-07/2022;37942128;IVANIA ANTONIETA COREAS GIRON;1401;3;7495;9;1;54599;6; $3.704.063,00 ; $-   ; $-   ; $-   ;Contratacion Tecnico Especialista en Curriculo de Educacion Parvularia de enero a junio 2026, certf  - krn;Liquidada; $-   
2026;1780;4;29/01/2026;MINEDUCYT-07/2022;37942128;IVANIA ANTONIETA COREAS GIRON;1401;3;7495;9;1;54599;5; $4.323.792,00 ; $-   ; $-   ; $-   ;Contratacion Tecnico Especialista en Curriculo de Educacion Parvularia de enero a junio 2026, certf  - krn;Liquidada; $-   
2026;1780;3;29/01/2026;MINEDUCYT-07/2022;37942128;IVANIA ANTONIETA COREAS GIRON;1401;3;7495;9;1;54599;4; $4.615.194,00 ; $-   ; $-   ; $-   ;Contratacion Tecnico Especialista en Curriculo de Educacion Parvularia de enero a junio 2026, certf  - krn;Liquidada; $-   
2026;1780;2;29/01/2026;MINEDUCYT-07/2022;37942128;IVANIA ANTONIETA COREAS GIRON;1401;3;7495;9;1;54599;3; $43.836,00 ; $-   ; $-   ; $-   ;Contratacion Tecnico Especialista en Curriculo de Educacion Parvularia de enero a junio 2026, certf  - krn;Liquidada; $-   
2026;1780;1;29/01/2026;MINEDUCYT-07/2022;37942128;IVANIA ANTONIETA COREAS GIRON;1401;3;7495;9;1;54599;2; $4.707.815,00 ; $-   ; $-   ; $-   ;Contratacion Tecnico Especialista en Curriculo de Educacion Parvularia de enero a junio 2026, certf  - krn;Liquidada; $-   
2026;11980;5;26/06/2026;MINEDUCYT-07/2022 BIRF;37942128;IVANIA ANTONIETA COREAS GIRON;1401;3;7495;9;1;54599;11; $1.089.881,00 ; $-   ; $-   ; $747.194,00 ;Consultoria de Tecnico Especialista en curriculo de Educacion Parvularia MECT-M-280/2026- CP 1025- año 2026 -JM-krn;Aprobado; $-   
2026;11980;4;26/06/2026;MINEDUCYT-07/2022 BIRF;37942128;IVANIA ANTONIETA COREAS GIRON;1401;3;7495;9;1;54599;10; $3.595.782,00 ; $-   ; $-   ; $515.342,00 ;Consultoria de Tecnico Especialista en curriculo de Educacion Parvularia MECT-M-280/2026- CP 1025- año 2026 -JM-krn;Aprobado; $-   
2026;11980;3;26/06/2026;MINEDUCYT-07/2022 BIRF;37942128;IVANIA ANTONIETA COREAS GIRON;1401;3;7495;9;1;54599;9; $3.583.778,00 ; $-   ; $-   ; $2.247.274,00 ;Consultoria de Tecnico Especialista en curriculo de Educacion Parvularia MECT-M-280/2026- CP 1025- año 2026 -JM-krn;Aprobado; $-   
2026;11980;2;26/06/2026;MINEDUCYT-07/2022 BIRF;37942128;IVANIA ANTONIETA COREAS GIRON;1401;3;7495;9;1;54599;8; $998.161,00 ; $-   ; $-   ; $656.695,00 ;Consultoria de Tecnico Especialista en curriculo de Educacion Parvularia MECT-M-280/2026- CP 1025- año 2026 -JM-krn;Aprobado; $-   
2026;11980;6;26/06/2026;MINEDUCYT-07/2022 BIRF;37942128;IVANIA ANTONIETA COREAS GIRON;1401;3;7495;9;1;54599;12; $4.093.456,00 ; $-   ; $-   ; $3.902.871,00 ;Consultoria de Tecnico Especialista en curriculo de Educacion Parvularia MECT-M-280/2026- CP 1025- año 2026 -JM-krn;Aprobado; $-   
2026;11980;1;26/06/2026;MINEDUCYT-07/2022 BIRF;37942128;IVANIA ANTONIETA COREAS GIRON;1401;3;7495;9;1;54599;7; $2.806.012,00 ; $-   ; $-   ; $2.697.027,00 ;Consultoria de Tecnico Especialista en curriculo de Educacion Parvularia MECT-M-280/2026- CP 1025- año 2026 -JM-krn;Aprobado; $-   
2026;1962;10;05/02/2026;MINEDUCYT-01/2024-BID;38436641;SANDRA BEATRIZ MENDEZ DE MEJIA;1401;3;7495;9;1;54599;11; $4.650.621,00 ; $1.200,00 ; $-   ; $-   ;CONTRATACION DE 2 TECNICOS DE REGISTRO EDUCATIVO INFORMATICO PARA LA DEJA- CP 351-AÑO 2026-JM;Liquidada; $3.690.699,00 
2026;1962;11;05/02/2026;MINEDUCYT-01/2024-BID;38436641;SANDRA BEATRIZ MENDEZ DE MEJIA;1401;3;7495;9;1;54599;12; $1.505.676,00 ; $1.200,00 ; $-   ; $-   ;CONTRATACION DE 2 TECNICOS DE REGISTRO EDUCATIVO INFORMATICO PARA LA DEJA- CP 351-AÑO 2026-JM;Liquidada; $3.454.089,00 
2026;1962;1;05/02/2026;MINEDUCYT-01/2024-BID;38436641;SANDRA BEATRIZ MENDEZ DE MEJIA;1401;3;7495;9;1;54599;2; $3.144.883,00 ; $2.400,00 ; $-   ; $-   ;CONTRATACION DE 2 TECNICOS DE REGISTRO EDUCATIVO INFORMATICO PARA LA DEJA- CP 351-AÑO 2026-JM;Liquidada; $3.013.565,00 
2026;1962;2;05/02/2026;MINEDUCYT-01/2024-BID;38436641;SANDRA BEATRIZ MENDEZ DE MEJIA;1401;3;7495;9;1;54599;3; $4.484.755,00 ; $1.200,00 ; $-   ; $-   ;CONTRATACION DE 2 TECNICOS DE REGISTRO EDUCATIVO INFORMATICO PARA LA DEJA- CP 351-AÑO 2026-JM;Liquidada; $4.022.399,00 
2026;1962;3;05/02/2026;MINEDUCYT-01/2024-BID;38436641;SANDRA BEATRIZ MENDEZ DE MEJIA;1401;3;7495;9;1;54599;4; $2.169.234,00 ; $1.200,00 ; $-   ; $-   ;CONTRATACION DE 2 TECNICOS DE REGISTRO EDUCATIVO INFORMATICO PARA LA DEJA- CP 351-AÑO 2026-JM;Liquidada; $4.966.932,00 
2026;1962;4;05/02/2026;MINEDUCYT-01/2024-BID;38436641;SANDRA BEATRIZ MENDEZ DE MEJIA;1401;3;7495;9;1;54599;5; $618.794,00 ; $1.200,00 ; $-   ; $-   ;CONTRATACION DE 2 TECNICOS DE REGISTRO EDUCATIVO INFORMATICO PARA LA DEJA- CP 351-AÑO 2026-JM;Liquidada; $3.035.720,00 
2026;1962;5;05/02/2026;MINEDUCYT-01/2024-BID;38436641;SANDRA BEATRIZ MENDEZ DE MEJIA;1401;3;7495;9;1;54599;6; $3.201.476,00 ; $1.200,00 ; $-   ; $-   ;CONTRATACION DE 2 TECNICOS DE REGISTRO EDUCATIVO INFORMATICO PARA LA DEJA- CP 351-AÑO 2026-JM;Liquidada; $3.517.350,00 
2026;1962;6;05/02/2026;MINEDUCYT-01/2024-BID;38436641;SANDRA BEATRIZ MENDEZ DE MEJIA;1401;3;7495;9;1;54599;7; $3.117.226,00 ; $1.200,00 ; $-   ; $-   ;CONTRATACION DE 2 TECNICOS DE REGISTRO EDUCATIVO INFORMATICO PARA LA DEJA- CP 351-AÑO 2026-JM;Liquidada; $2.891.647,00 
2026;1962;7;05/02/2026;MINEDUCYT-01/2024-BID;38436641;SANDRA BEATRIZ MENDEZ DE MEJIA;1401;3;7495;9;1;54599;8; $908.804,00 ; $1.200,00 ; $-   ; $-   ;CONTRATACION DE 2 TECNICOS DE REGISTRO EDUCATIVO INFORMATICO PARA LA DEJA- CP 351-AÑO 2026-JM;Liquidada; $69.639,00 
2026;1962;8;05/02/2026;MINEDUCYT-01/2024-BID;38436641;SANDRA BEATRIZ MENDEZ DE MEJIA;1401;3;7495;9;1;54599;9; $4.155.779,00 ; $1.200,00 ; $-   ; $-   ;CONTRATACION DE 2 TECNICOS DE REGISTRO EDUCATIVO INFORMATICO PARA LA DEJA- CP 351-AÑO 2026-JM;Liquidada; $3.285.660,00 
2026;1962;9;05/02/2026;MINEDUCYT-01/2024-BID;38436641;SANDRA BEATRIZ MENDEZ DE MEJIA;1401;3;7495;9;1;54599;10; $3.876.257,00 ; $1.200,00 ; $-   ; $-   ;CONTRATACION DE 2 TECNICOS DE REGISTRO EDUCATIVO INFORMATICO PARA LA DEJA- CP 351-AÑO 2026-JM;Liquidada; $1.154.354,00 
2026;6626;1;10/04/2026;MINEDUCYT-91/2025-BIRF;39853236;GARY STEVE QUINTANILLA ORDOÑEZ;1401;3;7495;9;1;54502;4; $510.683,00 ; $9.000,00 ; $-   ; $-   ;CONTRATACIÓN DE 1 ESPECIALISTA CURRICULAR EN LENGUAS INDIGENAS PARA EL DISEÑO DE 3 PROGRAMAS DE APRENDIZAJE DE LAS LENGUAS NÁHUAT, LENCA Y CACAOPERA, PARA ESTUDIANTES DE EDUCACIÓN BÁSICA-DEUDA-JM;Liquidada; $705.760,00 
2026;8135;1;16/04/2026;MINEDUCYT-91/2025-BIRF;39853236;GARY STEVE QUINTANILLA ORDOÑEZ;1401;3;7495;9;1;54599;4; $370.139,00 ; $-   ; $-   ; $-   ;CONTRATACIÓN DE 1 ESPECIALISTA CURRICULAR EN LENGUAS INDIGENAS PARA EL DISEÑO DE 3 PROGRAMAS DE APRENDIZAJE DE LAS LENGUAS NÁHUAT, LENCA Y CACAOPERA, PARA ESTUDIANTES DE EDUCACIÓN BÁSICA-DEUDA-JM;Liquidada; $-   
2026;1784;5;29/01/2026;MINEDUCYT-37/2023-BIRF;39978832;EVELYN LISSETTE RODRIGUEZ UMAÑA;1401;3;7495;9;1;54599;6; $1.243.855,00 ; $-   ; $-   ; $-   ;CONTRATACIÓN DE 6 ESPECIALISTAS SENIOR EN DISEÑO ARQUITECTÓNICO PARA APOYO A LA DIRECCIÓN DE INFRAESTRUCTURA Y AMBIENTES EDUCATIVO-MECT-M-469/2025-AÑO 2026-CP 796-JM;Liquidada; $-   
2026;1784;4;29/01/2026;MINEDUCYT-37/2023-BIRF;39978832;EVELYN LISSETTE RODRIGUEZ UMAÑA;1401;3;7495;9;1;54599;5; $4.259.603,00 ; $-   ; $-   ; $-   ;CONTRATACIÓN DE 6 ESPECIALISTAS SENIOR EN DISEÑO ARQUITECTÓNICO PARA APOYO A LA DIRECCIÓN DE INFRAESTRUCTURA Y AMBIENTES EDUCATIVO-MECT-M-469/2025-AÑO 2026-CP 796-JM;Liquidada; $-   
2026;1784;3;29/01/2026;MINEDUCYT-37/2023-BIRF;39978832;EVELYN LISSETTE RODRIGUEZ UMAÑA;1401;3;7495;9;1;54599;4; $1.318.608,00 ; $-   ; $-   ; $-   ;CONTRATACIÓN DE 6 ESPECIALISTAS SENIOR EN DISEÑO ARQUITECTÓNICO PARA APOYO A LA DIRECCIÓN DE INFRAESTRUCTURA Y AMBIENTES EDUCATIVO-MECT-M-469/2025-AÑO 2026-CP 796-JM;Liquidada; $-   
2026;1784;2;29/01/2026;MINEDUCYT-37/2023-BIRF;39978832;EVELYN LISSETTE RODRIGUEZ UMAÑA;1401;3;7495;9;1;54599;3; $970.901,00 ; $-   ; $-   ; $-   ;CONTRATACIÓN DE 6 ESPECIALISTAS SENIOR EN DISEÑO ARQUITECTÓNICO PARA APOYO A LA DIRECCIÓN DE INFRAESTRUCTURA Y AMBIENTES EDUCATIVO-MECT-M-469/2025-AÑO 2026-CP 796-JM;Liquidada; $-   
2026;1784;1;29/01/2026;MINEDUCYT-37/2023-BIRF;39978832;EVELYN LISSETTE RODRIGUEZ UMAÑA;1401;3;7495;9;1;54599;2; $1.466.608,00 ; $-   ; $-   ; $-   ;CONTRATACIÓN DE 6 ESPECIALISTAS SENIOR EN DISEÑO ARQUITECTÓNICO PARA APOYO A LA DIRECCIÓN DE INFRAESTRUCTURA Y AMBIENTES EDUCATIVO-MECT-M-469/2025-AÑO 2026-CP 796-JM;Liquidada; $-   
2026;12002;6;29/06/2026;MINEDUCYT-37/2023-BIRF;39978832;EVELYN LISSETTE RODRIGUEZ UMAÑA;1401;3;7495;9;1;54599;12; $3.694.938,00 ; $-   ; $-   ; $1.027.834,00 ;CONTRATACIÓN DE 6 ESPECIALISTAS SENIOR EN DISEÑO ARQUITECTÓNICO PARA APOYO A LA DIRECCIÓN DE INFRAESTRUCTURA Y AMBIENTES EDUCATIVO-MECT-M-260/2026-AÑO 2026-CP 1050-JM;Aprobado; $-   
2026;12002;5;29/06/2026;MINEDUCYT-37/2023-BIRF;39978832;EVELYN LISSETTE RODRIGUEZ UMAÑA;1401;3;7495;9;1;54599;11; $1.082.446,00 ; $-   ; $-   ; $49.255,00 ;CONTRATACIÓN DE 6 ESPECIALISTAS SENIOR EN DISEÑO ARQUITECTÓNICO PARA APOYO A LA DIRECCIÓN DE INFRAESTRUCTURA Y AMBIENTES EDUCATIVO-MECT-M-260/2026-AÑO 2026-CP 1050-JM;Aprobado; $-   
2026;12002;4;29/06/2026;MINEDUCYT-37/2023-BIRF;39978832;EVELYN LISSETTE RODRIGUEZ UMAÑA;1401;3;7495;9;1;54599;10; $3.922.537,00 ; $-   ; $-   ; $3.670.250,00 ;CONTRATACIÓN DE 6 ESPECIALISTAS SENIOR EN DISEÑO ARQUITECTÓNICO PARA APOYO A LA DIRECCIÓN DE INFRAESTRUCTURA Y AMBIENTES EDUCATIVO-MECT-M-260/2026-AÑO 2026-CP 1050-JM;Aprobado; $-   
2026;12002;3;29/06/2026;MINEDUCYT-37/2023-BIRF;39978832;EVELYN LISSETTE RODRIGUEZ UMAÑA;1401;3;7495;9;1;54599;9; $1.116.833,00 ; $-   ; $-   ; $747.395,00 ;CONTRATACIÓN DE 6 ESPECIALISTAS SENIOR EN DISEÑO ARQUITECTÓNICO PARA APOYO A LA DIRECCIÓN DE INFRAESTRUCTURA Y AMBIENTES EDUCATIVO-MECT-M-260/2026-AÑO 2026-CP 1050-JM;Aprobado; $-   
2026;12002;1;29/06/2026;MINEDUCYT-37/2023-BIRF;39978832;EVELYN LISSETTE RODRIGUEZ UMAÑA;1401;3;7495;9;1;54599;7; $3.834.980,00 ; $-   ; $-   ; $123.386,00 ;CONTRATACIÓN DE 6 ESPECIALISTAS SENIOR EN DISEÑO ARQUITECTÓNICO PARA APOYO A LA DIRECCIÓN DE INFRAESTRUCTURA Y AMBIENTES EDUCATIVO-MECT-M-260/2026-AÑO 2026-CP 1050-JM;Aprobado; $-   
2026;12002;2;29/06/2026;MINEDUCYT-37/2023-BIRF;39978832;EVELYN LISSETTE RODRIGUEZ UMAÑA;1401;3;7495;9;1;54599;8; $1.914.221,00 ; $-   ; $-   ; $1.572.846,00 ;CONTRATACIÓN DE 6 ESPECIALISTAS SENIOR EN DISEÑO ARQUITECTÓNICO PARA APOYO A LA DIRECCIÓN DE INFRAESTRUCTURA Y AMBIENTES EDUCATIVO-MECT-M-260/2026-AÑO 2026-CP 1050-JM;Aprobado; $-   
2026;2192;1;12/02/2026;MINEDUCYT-79/2025-BIRF;40223664;JESSICA ZULEIMA OLMEDO DE CASTRO;1401;3;7495;9;1;61101;2; $3.843.035,00 ; $-   ; $-   ; $3.409.474,00 ;SUMINISTRO Y DISTRIBUCION DE MOBILIARIO ESCOLAR PARA 51 CENTROS EDUCATIVOS PUBLICOS QUE ATIENDEN PRIMERA INFANCIA A NIVEL NACIONAL-CP 391-DEUDA 2025-JM;Parcialmente Liquidada; $-   
2026;4308;1;03/03/2026;MINEDUCYT-130/2025-BIRF;40223664;JESSICA ZULEIMA OLMEDO DE CASTRO;1401;3;7495;9;1;61101;6; $4.967.032,00 ; $-   ; $-   ; $-   ;ADQUISICION DE EXHIBIDOR DE MADERA PARA LIBROS QUE SE UTILIZARAN EN BIBLIOTECAS DE C.E. PÚBLICOS DE PRIMERA INFANCIA-CDP 697/677-AÑO 2026-JM;Liquidada; $-   
2026;6369;5;24/03/2026;MINEDUCYT-141/2025-BIRF;40223664;JESSICA ZULEIMA OLMEDO DE CASTRO;1401;3;7495;9;1;61199;6; $146.480,00 ; $-   ; $-   ; $127.698,00 ;ADQUISICIÓN DE EQUIPO, SUMINISTRO Y ACCESORIOS PARA EL EQUIPAMIENTO DE COCINA DE CENTROS EDUCATIVOS-CP 634/886-AÑO 2026-JM;Parcialmente Liquidada; $-   
2026;6369;4;24/03/2026;MINEDUCYT-141/2025-BIRF;40223664;JESSICA ZULEIMA OLMEDO DE CASTRO;1401;3;7495;9;1;61102;6; $4.572.736,00 ; $-   ; $-   ; $693.393,00 ;ADQUISICIÓN DE EQUIPO, SUMINISTRO Y ACCESORIOS PARA EL EQUIPAMIENTO DE COCINA DE CENTROS EDUCATIVOS-CP 634/886-AÑO 2026-JM;Parcialmente Liquidada; $-   
2026;6369;3;24/03/2026;MINEDUCYT-141/2025-BIRF;40223664;JESSICA ZULEIMA OLMEDO DE CASTRO;1401;3;7495;9;1;54199;6; $4.296.677,00 ; $-   ; $-   ; $3.965.677,00 ;ADQUISICIÓN DE EQUIPO, SUMINISTRO Y ACCESORIOS PARA EL EQUIPAMIENTO DE COCINA DE CENTROS EDUCATIVOS-CP 634/886-AÑO 2026-JM;Parcialmente Liquidada; $-   
2026;6369;1;24/03/2026;MINEDUCYT-141/2025-BIRF;40223664;JESSICA ZULEIMA OLMEDO DE CASTRO;1401;3;7495;9;1;54107;6; $1.212.584,00 ; $-   ; $-   ; $1.197.013,00 ;ADQUISICIÓN DE EQUIPO, SUMINISTRO Y ACCESORIOS PARA EL EQUIPAMIENTO DE COCINA DE CENTROS EDUCATIVOS-CP 634/886-AÑO 2026-JM;Parcialmente Liquidada; $-   
2026;6369;2;24/03/2026;MINEDUCYT-141/2025-BIRF;40223664;JESSICA ZULEIMA OLMEDO DE CASTRO;1401;3;7495;9;1;54119;6; $574.823,00 ; $-   ; $-   ; $249.939,00 ;ADQUISICIÓN DE EQUIPO, SUMINISTRO Y ACCESORIOS PARA EL EQUIPAMIENTO DE COCINA DE CENTROS EDUCATIVOS-CP 634/886-AÑO 2026-JM;Parcialmente Liquidada; $-   
2026;1783;3;29/01/2026;MINEDUCYT-32/2023-BIRF;40422721;XENIA VANESSA RIVERA RODRIGUEZ;1401;3;7495;9;1;54599;4; $1.842.147,00 ; $-   ; $-   ; $-   ;CONTRATACIÓN DE 6 ESPECIALISTAS SENIOR EN DISEÑO ARQUITECTÓNICO PARA APOYO A LA DIRECCIÓN DE INFRAESTRUCTURA Y AMBIENTES EDUCATIVO-MECT-M-457/2025-AÑO 2026-CP800-JM;Liquidada; $-   
2026;1783;2;29/01/2026;MINEDUCYT-32/2023-BIRF;40422721;XENIA VANESSA RIVERA RODRIGUEZ;1401;3;7495;9;1;54599;3; $2.938.622,00 ; $-   ; $-   ; $-   ;CONTRATACIÓN DE 6 ESPECIALISTAS SENIOR EN DISEÑO ARQUITECTÓNICO PARA APOYO A LA DIRECCIÓN DE INFRAESTRUCTURA Y AMBIENTES EDUCATIVO-MECT-M-457/2025-AÑO 2026-CP800-JM;Liquidada; $-   
2026;1783;1;29/01/2026;MINEDUCYT-32/2023-BIRF;40422721;XENIA VANESSA RIVERA RODRIGUEZ;1401;3;7495;9;1;54599;2; $3.414.349,00 ; $-   ; $-   ; $-   ;CONTRATACIÓN DE 6 ESPECIALISTAS SENIOR EN DISEÑO ARQUITECTÓNICO PARA APOYO A LA DIRECCIÓN DE INFRAESTRUCTURA Y AMBIENTES EDUCATIVO-MECT-M-457/2025-AÑO 2026-CP800-JM;Liquidada; $-   
2026;1783;4;29/01/2026;MINEDUCYT-32/2023-BIRF;40422721;XENIA VANESSA RIVERA RODRIGUEZ;1401;3;7495;9;1;54599;5; $2.247.606,00 ; $-   ; $-   ; $-   ;CONTRATACIÓN DE 6 ESPECIALISTAS SENIOR EN DISEÑO ARQUITECTÓNICO PARA APOYO A LA DIRECCIÓN DE INFRAESTRUCTURA Y AMBIENTES EDUCATIVO-MECT-M-457/2025-AÑO 2026-CP800-JM;Liquidada; $-   
2026;1783;5;29/01/2026;MINEDUCYT-32/2023-BIRF;40422721;XENIA VANESSA RIVERA RODRIGUEZ;1401;3;7495;9;1;54599;6; $670.296,00 ; $-   ; $-   ; $-   ;CONTRATACIÓN DE 6 ESPECIALISTAS SENIOR EN DISEÑO ARQUITECTÓNICO PARA APOYO A LA DIRECCIÓN DE INFRAESTRUCTURA Y AMBIENTES EDUCATIVO-MECT-M-457/2025-AÑO 2026-CP800-JM;Liquidada; $-   
2026;11919;1;24/06/2026;MINEDUCYT-32/2023-BIRF..;40422721;XENIA VANESSA RIVERA RODRIGUEZ;1401;3;7495;9;1;54599;7; $2.282.090,00 ; $-   ; $-   ; $1.008.760,00 ;Contratación de seis (6) especialistas senior en diseño arquitectónico para apoyo a la Dirección de Infraestructura y Ambientes educativos (DIAE) MECT-M-268/2026-CP 1045-AÑO 2026-JM;Aprobado; $-   
2026;11919;2;24/06/2026;MINEDUCYT-32/2023-BIRF..;40422721;XENIA VANESSA RIVERA RODRIGUEZ;1401;3;7495;9;1;54599;8; $1.338.379,00 ; $-   ; $-   ; $235.435,00 ;Contratación de seis (6) especialistas senior en diseño arquitectónico para apoyo a la Dirección de Infraestructura y Ambientes educativos (DIAE) MECT-M-268/2026-CP 1045-AÑO 2026-JM;Aprobado; $-   
2026;11919;3;24/06/2026;MINEDUCYT-32/2023-BIRF..;40422721;XENIA VANESSA RIVERA RODRIGUEZ;1401;3;7495;9;1;54599;9; $3.473.892,00 ; $-   ; $-   ; $2.545.303,00 ;Contratación de seis (6) especialistas senior en diseño arquitectónico para apoyo a la Dirección de Infraestructura y Ambientes educativos (DIAE) MECT-M-268/2026-CP 1045-AÑO 2026-JM;Aprobado; $-   
2026;11919;4;24/06/2026;MINEDUCYT-32/2023-BIRF..;40422721;XENIA VANESSA RIVERA RODRIGUEZ;1401;3;7495;9;1;54599;10; $669.394,00 ; $-   ; $-   ; $77.653,00 ;Contratación de seis (6) especialistas senior en diseño arquitectónico para apoyo a la Dirección de Infraestructura y Ambientes educativos (DIAE) MECT-M-268/2026-CP 1045-AÑO 2026-JM;Aprobado; $-   
2026;11919;5;24/06/2026;MINEDUCYT-32/2023-BIRF..;40422721;XENIA VANESSA RIVERA RODRIGUEZ;1401;3;7495;9;1;54599;11; $4.979.335,00 ; $-   ; $-   ; $127.913,00 ;Contratación de seis (6) especialistas senior en diseño arquitectónico para apoyo a la Dirección de Infraestructura y Ambientes educativos (DIAE) MECT-M-268/2026-CP 1045-AÑO 2026-JM;Aprobado; $-   
2026;11919;6;24/06/2026;MINEDUCYT-32/2023-BIRF..;40422721;XENIA VANESSA RIVERA RODRIGUEZ;1401;3;7495;9;1;54599;12; $192.852,00 ; $-   ; $-   ; $84.558,00 ;Contratación de seis (6) especialistas senior en diseño arquitectónico para apoyo a la Dirección de Infraestructura y Ambientes educativos (DIAE) MECT-M-268/2026-CP 1045-AÑO 2026-JM;Aprobado; $-   
2026;11902;1;23/06/2026;MINEDUCYT-26/2024-AME;40588860;ANGELA ETELVINA RAMOS MACHUCA;1401;5;7495;217;1;54322;6; $3.302.165,00 ; $-   ; $-   ; $3.291.526,00 ;CONTRATACION DE TECNICO ESPECIALISTA EN CURRICULO DE EDUCACION ESPECIAL-CP 1057-AÑO 2026-JM;Parcialmente Liquidada; $-   
2026;12066;1;06/07/2026;MINEDUCYT-26/2024-AME;40588860;ANGELA ETELVINA RAMOS MACHUCA;1401;5;7495;217;1;54322;6; $3.984.305,00 ; $-   ; $-   ; $2.910.493,00 ;CONTRATACION DE TECNICO ESPECIALISTA EN CURRICULO DE EDUCACION ESPECIAL-DEUDA-JM;Aprobado; $-   
2026;1793;5;29/01/2026;MINEDUCYT-16/2024 BIRF;42033544;BRISSETH AZUCENA ORTIZ DE CAMPOS;1401;3;7495;9;1;54599;6; $56.418,00 ; $-   ; $-   ; $-   ;Contratación Tecnico Especialista en Cirruculo de Educacion Inicial de Enero a Junio 2026 - CP 777 -JM;Liquidada; $-   
2026;1793;4;29/01/2026;MINEDUCYT-16/2024 BIRF;42033544;BRISSETH AZUCENA ORTIZ DE CAMPOS;1401;3;7495;9;1;54599;5; $3.275.355,00 ; $-   ; $-   ; $-   ;Contratación Tecnico Especialista en Cirruculo de Educacion Inicial de Enero a Junio 2026 - CP 777 -JM;Liquidada; $-   
2026;1793;3;29/01/2026;MINEDUCYT-16/2024 BIRF;42033544;BRISSETH AZUCENA ORTIZ DE CAMPOS;1401;3;7495;9;1;54599;4; $432.230,00 ; $-   ; $-   ; $-   ;Contratación Tecnico Especialista en Cirruculo de Educacion Inicial de Enero a Junio 2026 - CP 777 -JM;Liquidada; $-   
2026;1793;2;29/01/2026;MINEDUCYT-16/2024 BIRF;42033544;BRISSETH AZUCENA ORTIZ DE CAMPOS;1401;3;7495;9;1;54599;3; $4.470.523,00 ; $-   ; $-   ; $-   ;Contratación Tecnico Especialista en Cirruculo de Educacion Inicial de Enero a Junio 2026 - CP 777 -JM;Liquidada; $-   
2026;1793;1;29/01/2026;MINEDUCYT-16/2024 BIRF;42033544;BRISSETH AZUCENA ORTIZ DE CAMPOS;1401;3;7495;9;1;54599;2; $2.416.590,00 ; $-   ; $-   ; $-   ;Contratación Tecnico Especialista en Cirruculo de Educacion Inicial de Enero a Junio 2026 - CP 777 -JM;Liquidada; $-   
2026;11986;2;26/06/2026;MINEDUCYT-16/2024 BIRF;42033544;BRISSETH AZUCENA ORTIZ DE CAMPOS;1401;3;7495;9;1;54599;8; $89.443,00 ; $-   ; $-   ; $84.536,00 ;Consultoria de Tecnico Especialista en curricullar de Educación Inicial MECT-M-277/2026- CP 1026- año 2026 -JM-krn;Aprobado; $-   
2026;11986;3;26/06/2026;MINEDUCYT-16/2024 BIRF;42033544;BRISSETH AZUCENA ORTIZ DE CAMPOS;1401;3;7495;9;1;54599;9; $978.321,00 ; $-   ; $-   ; $420.425,00 ;Consultoria de Tecnico Especialista en curricullar de Educación Inicial MECT-M-277/2026- CP 1026- año 2026 -JM-krn;Aprobado; $-   
2026;11986;4;26/06/2026;MINEDUCYT-16/2024 BIRF;42033544;BRISSETH AZUCENA ORTIZ DE CAMPOS;1401;3;7495;9;1;54599;10; $4.369.637,00 ; $-   ; $-   ; $2.268.922,00 ;Consultoria de Tecnico Especialista en curricullar de Educación Inicial MECT-M-277/2026- CP 1026- año 2026 -JM-krn;Aprobado; $-   
2026;11986;5;26/06/2026;MINEDUCYT-16/2024 BIRF;42033544;BRISSETH AZUCENA ORTIZ DE CAMPOS;1401;3;7495;9;1;54599;11; $2.284.381,00 ; $-   ; $-   ; $1.585.356,00 ;Consultoria de Tecnico Especialista en curricullar de Educación Inicial MECT-M-277/2026- CP 1026- año 2026 -JM-krn;Aprobado; $-   
2026;11986;1;26/06/2026;MINEDUCYT-16/2024 BIRF;42033544;BRISSETH AZUCENA ORTIZ DE CAMPOS;1401;3;7495;9;1;54599;7; $4.068.957,00 ; $-   ; $-   ; $1.088.707,00 ;Consultoria de Tecnico Especialista en curricullar de Educación Inicial MECT-M-277/2026- CP 1026- año 2026 -JM-krn;Aprobado; $-   
2026;11986;6;26/06/2026;MINEDUCYT-16/2024 BIRF;42033544;BRISSETH AZUCENA ORTIZ DE CAMPOS;1401;3;7495;9;1;54599;12; $1.520.830,00 ; $-   ; $-   ; $176.951,00 ;Consultoria de Tecnico Especialista en curricullar de Educación Inicial MECT-M-277/2026- CP 1026- año 2026 -JM-krn;Aprobado; $-   
2026;1779;5;29/01/2026;MINEDUCYT-07/2022;42038374;JOSE MAURICIO PINEDA RODRIGUEZ;1401;3;7495;9;1;54599;6; $2.993.455,00 ; $2.260,00 ; $-   ; $-   ;Contratacion Tecnico Especialista en Curriculo de Educacion Parvularia de enero a junio 2026, certf  - krn;Liquidada; $3.760.728,00 
2026;1779;4;29/01/2026;MINEDUCYT-07/2022;42038374;JOSE MAURICIO PINEDA RODRIGUEZ;1401;3;7495;9;1;54599;5; $351.475,00 ; $2.260,00 ; $-   ; $-   ;Contratacion Tecnico Especialista en Curriculo de Educacion Parvularia de enero a junio 2026, certf  - krn;Liquidada; $3.085.034,00 
2026;1779;3;29/01/2026;MINEDUCYT-07/2022;42038374;JOSE MAURICIO PINEDA RODRIGUEZ;1401;3;7495;9;1;54599;4; $403.301,00 ; $2.260,00 ; $-   ; $-   ;Contratacion Tecnico Especialista en Curriculo de Educacion Parvularia de enero a junio 2026, certf  - krn;Liquidada; $4.956.711,00 
2026;1779;2;29/01/2026;MINEDUCYT-07/2022;42038374;JOSE MAURICIO PINEDA RODRIGUEZ;1401;3;7495;9;1;54599;3; $4.366.459,00 ; $2.260,00 ; $-   ; $-   ;Contratacion Tecnico Especialista en Curriculo de Educacion Parvularia de enero a junio 2026, certf  - krn;Liquidada; $3.993.551,00 
2026;1779;1;29/01/2026;MINEDUCYT-07/2022;42038374;JOSE MAURICIO PINEDA RODRIGUEZ;1401;3;7495;9;1;54599;2; $2.896.304,00 ; $4.520,00 ; $-   ; $-   ;Contratacion Tecnico Especialista en Curriculo de Educacion Parvularia de enero a junio 2026, certf  - krn;Liquidada; $3.420.239,00 
2026;1922;1;04/02/2026;MINEDUCYT-67/2024-BIRF;42178491;FATIMA STEPHANIE CUBIAS DE GALVEZ;1401;3;7495;9;1;54599;2; $619,00 ; $-   ; $-   ; $-   ;CONTRATACION DE 10 ESPECIALISTAS DE EDUCACION D ELA 1RA INFANCIA PARA APOYO A LA CERTIFICACIÓN DE ESTANDARES ESTRUCTURALES DE CALIDAD- MECT M 491/2025-AÑO 2026-CP 744-JM;Liquidada; $-   
2026;1922;5;04/02/2026;MINEDUCYT-67/2024-BIRF;42178491;FATIMA STEPHANIE CUBIAS DE GALVEZ;1401;3;7495;9;1;54599;6; $1.237.771,00 ; $-   ; $-   ; $-   ;CONTRATACION DE 10 ESPECIALISTAS DE EDUCACION D ELA 1RA INFANCIA PARA APOYO A LA CERTIFICACIÓN DE ESTANDARES ESTRUCTURALES DE CALIDAD- MECT M 491/2025-AÑO 2026-CP 744-JM;Liquidada; $-   
2026;1922;4;04/02/2026;MINEDUCYT-67/2024-BIRF;42178491;FATIMA STEPHANIE CUBIAS DE GALVEZ;1401;3;7495;9;1;54599;5; $2.765.715,00 ; $-   ; $-   ; $-   ;CONTRATACION DE 10 ESPECIALISTAS DE EDUCACION D ELA 1RA INFANCIA PARA APOYO A LA CERTIFICACIÓN DE ESTANDARES ESTRUCTURALES DE CALIDAD- MECT M 491/2025-AÑO 2026-CP 744-JM;Liquidada; $-   
2026;1922;3;04/02/2026;MINEDUCYT-67/2024-BIRF;42178491;FATIMA STEPHANIE CUBIAS DE GALVEZ;1401;3;7495;9;1;54599;4; $1.498.168,00 ; $-   ; $-   ; $-   ;CONTRATACION DE 10 ESPECIALISTAS DE EDUCACION D ELA 1RA INFANCIA PARA APOYO A LA CERTIFICACIÓN DE ESTANDARES ESTRUCTURALES DE CALIDAD- MECT M 491/2025-AÑO 2026-CP 744-JM;Liquidada; $-   
2026;1922;2;04/02/2026;MINEDUCYT-67/2024-BIRF;42178491;FATIMA STEPHANIE CUBIAS DE GALVEZ;1401;3;7495;9;1;54599;3; $4.890.116,00 ; $-   ; $-   ; $-   ;CONTRATACION DE 10 ESPECIALISTAS DE EDUCACION D ELA 1RA INFANCIA PARA APOYO A LA CERTIFICACIÓN DE ESTANDARES ESTRUCTURALES DE CALIDAD- MECT M 491/2025-AÑO 2026-CP 744-JM;Liquidada; $-   
2026;12016;5;30/06/2026;MINEDUCYT-65/2024-BIRF;42178491;FATIMA STEPHANIE CUBIAS DE GALVEZ;1401;3;7495;9;1;54599;11; $2.777.391,00 ; $-   ; $-   ; $1.525.030,00 ;CONTRATACION DE 10 ESPECIALISTAS DE EDUCACION D ELA 1RA INFANCIA PARA APOYO A LA CERTIFICACIÓN DE ESTANDARES ESTRUCTURALES DE CALIDAD- AÑO 2026-CP 1032-JM.;Aprobado; $-   
2026;12016;4;30/06/2026;MINEDUCYT-65/2024-BIRF;42178491;FATIMA STEPHANIE CUBIAS DE GALVEZ;1401;3;7495;9;1;54599;10; $935.080,00 ; $-   ; $-   ; $270.748,00 ;CONTRATACION DE 10 ESPECIALISTAS DE EDUCACION D ELA 1RA INFANCIA PARA APOYO A LA CERTIFICACIÓN DE ESTANDARES ESTRUCTURALES DE CALIDAD- AÑO 2026-CP 1032-JM.;Aprobado; $-   
2026;12016;3;30/06/2026;MINEDUCYT-65/2024-BIRF;42178491;FATIMA STEPHANIE CUBIAS DE GALVEZ;1401;3;7495;9;1;54599;9; $2.219.908,00 ; $-   ; $-   ; $229.467,00 ;CONTRATACION DE 10 ESPECIALISTAS DE EDUCACION D ELA 1RA INFANCIA PARA APOYO A LA CERTIFICACIÓN DE ESTANDARES ESTRUCTURALES DE CALIDAD- AÑO 2026-CP 1032-JM.;Aprobado; $-   
2026;12016;2;30/06/2026;MINEDUCYT-65/2024-BIRF;42178491;FATIMA STEPHANIE CUBIAS DE GALVEZ;1401;3;7495;9;1;54599;8; $2.324.994,00 ; $-   ; $-   ; $1.580.263,00 ;CONTRATACION DE 10 ESPECIALISTAS DE EDUCACION D ELA 1RA INFANCIA PARA APOYO A LA CERTIFICACIÓN DE ESTANDARES ESTRUCTURALES DE CALIDAD- AÑO 2026-CP 1032-JM.;Aprobado; $-   
2026;12016;1;30/06/2026;MINEDUCYT-65/2024-BIRF;42178491;FATIMA STEPHANIE CUBIAS DE GALVEZ;1401;3;7495;9;1;54599;7; $2.460.136,00 ; $-   ; $-   ; $1.279.265,00 ;CONTRATACION DE 10 ESPECIALISTAS DE EDUCACION D ELA 1RA INFANCIA PARA APOYO A LA CERTIFICACIÓN DE ESTANDARES ESTRUCTURALES DE CALIDAD- AÑO 2026-CP 1032-JM.;Aprobado; $-   
2026;12016;6;30/06/2026;MINEDUCYT-65/2024-BIRF;42178491;FATIMA STEPHANIE CUBIAS DE GALVEZ;1401;3;7495;9;1;54599;12; $2.838.985,00 ; $-   ; $-   ; $2.667.190,00 ;CONTRATACION DE 10 ESPECIALISTAS DE EDUCACION D ELA 1RA INFANCIA PARA APOYO A LA CERTIFICACIÓN DE ESTANDARES ESTRUCTURALES DE CALIDAD- AÑO 2026-CP 1032-JM.;Aprobado; $-   
2026;1942;5;04/02/2026;MINEDUCYT-12/2024-BIRF;42789577;CRECIA BRENDA LEE LARA DE MORALES;1401;3;7495;9;1;54599;6; $2.464.601,00 ; $-   ; $-   ; $-   ;CONTRATACION DE 2 TECNICOS PARA EL AREA DE PAGADURIA AUXILIAR DE PROYECTOS-CP 772-AÑO 2026-JM;Liquidada; $-   
2026;1942;4;04/02/2026;MINEDUCYT-12/2024-BIRF;42789577;CRECIA BRENDA LEE LARA DE MORALES;1401;3;7495;9;1;54599;5; $4.926.894,00 ; $-   ; $-   ; $-   ;CONTRATACION DE 2 TECNICOS PARA EL AREA DE PAGADURIA AUXILIAR DE PROYECTOS-CP 772-AÑO 2026-JM;Liquidada; $-   
2026;1942;3;04/02/2026;MINEDUCYT-12/2024-BIRF;42789577;CRECIA BRENDA LEE LARA DE MORALES;1401;3;7495;9;1;54599;4; $2.355.033,00 ; $-   ; $-   ; $-   ;CONTRATACION DE 2 TECNICOS PARA EL AREA DE PAGADURIA AUXILIAR DE PROYECTOS-CP 772-AÑO 2026-JM;Liquidada; $-   
2026;1942;2;04/02/2026;MINEDUCYT-12/2024-BIRF;42789577;CRECIA BRENDA LEE LARA DE MORALES;1401;3;7495;9;1;54599;3; $3.447.853,00 ; $-   ; $-   ; $-   ;CONTRATACION DE 2 TECNICOS PARA EL AREA DE PAGADURIA AUXILIAR DE PROYECTOS-CP 772-AÑO 2026-JM;Liquidada; $-   
2026;1942;1;04/02/2026;MINEDUCYT-12/2024-BIRF;42789577;CRECIA BRENDA LEE LARA DE MORALES;1401;3;7495;9;1;54599;2; $448.163,00 ; $-   ; $-   ; $-   ;CONTRATACION DE 2 TECNICOS PARA EL AREA DE PAGADURIA AUXILIAR DE PROYECTOS-CP 772-AÑO 2026-JM;Liquidada; $-   
2026;14144;6;29/07/2026;MINEDUCYT-12/2024-BIRF;42789577;CRECIA BRENDA LEE LARA DE MORALES;1401;3;7495;9;1;54599;12; $1.499.037,00 ; $-   ; $-   ; $191.430,00 ;CONTRATACION DE 2 TECNICOS PARA EL AREA DE PAGADURIA AUXILIAR DE PROYECTOS-CP 1091-AÑO 2026-JM;Aprobado; $-   
2026;14144;5;29/07/2026;MINEDUCYT-12/2024-BIRF;42789577;CRECIA BRENDA LEE LARA DE MORALES;1401;3;7495;9;1;54599;11; $3.017.937,00 ; $-   ; $-   ; $1.785.653,00 ;CONTRATACION DE 2 TECNICOS PARA EL AREA DE PAGADURIA AUXILIAR DE PROYECTOS-CP 1091-AÑO 2026-JM;Aprobado; $-   
2026;14144;4;29/07/2026;MINEDUCYT-12/2024-BIRF;42789577;CRECIA BRENDA LEE LARA DE MORALES;1401;3;7495;9;1;54599;10; $1.892.586,00 ; $-   ; $-   ; $1.720.931,00 ;CONTRATACION DE 2 TECNICOS PARA EL AREA DE PAGADURIA AUXILIAR DE PROYECTOS-CP 1091-AÑO 2026-JM;Aprobado; $-   
2026;14144;3;29/07/2026;MINEDUCYT-12/2024-BIRF;42789577;CRECIA BRENDA LEE LARA DE MORALES;1401;3;7495;9;1;54599;9; $458.598,00 ; $-   ; $-   ; $104.776,00 ;CONTRATACION DE 2 TECNICOS PARA EL AREA DE PAGADURIA AUXILIAR DE PROYECTOS-CP 1091-AÑO 2026-JM;Aprobado; $-   
2026;14144;2;29/07/2026;MINEDUCYT-12/2024-BIRF;42789577;CRECIA BRENDA LEE LARA DE MORALES;1401;3;7495;9;1;54599;8; $1.536.666,00 ; $-   ; $-   ; $76.595,00 ;CONTRATACION DE 2 TECNICOS PARA EL AREA DE PAGADURIA AUXILIAR DE PROYECTOS-CP 1091-AÑO 2026-JM;Aprobado; $-   
2026;14144;1;29/07/2026;MINEDUCYT-12/2024-BIRF;42789577;CRECIA BRENDA LEE LARA DE MORALES;1401;3;7495;9;1;54599;7; $4.882.069,00 ; $-   ; $-   ; $3.303.409,00 ;CONTRATACION DE 2 TECNICOS PARA EL AREA DE PAGADURIA AUXILIAR DE PROYECTOS-CP 1091-AÑO 2026-JM;Aprobado; $-   
2026;1796;4;29/01/2026;MINEDUCYT-58/2023;43288427;DORIS CECIBEL OCHOA DE GONZALEZ;1401;3;7495;9;1;54599;5; $2.575.980,00 ; $-   ; $-   ; $-   ;Contratación de 2 Especialista en Cirruculo para la Definicion de Estandares de Aprendizaje Especialidad Matematica de Enero a Junio 2026 - CP 784 -JM;Liquidada; $-   
2026;1796;3;29/01/2026;MINEDUCYT-58/2023;43288427;DORIS CECIBEL OCHOA DE GONZALEZ;1401;3;7495;9;1;54599;4; $2.759.549,00 ; $-   ; $-   ; $-   ;Contratación de 2 Especialista en Cirruculo para la Definicion de Estandares de Aprendizaje Especialidad Matematica de Enero a Junio 2026 - CP 784 -JM;Liquidada; $-   
2026;1796;2;29/01/2026;MINEDUCYT-58/2023;43288427;DORIS CECIBEL OCHOA DE GONZALEZ;1401;3;7495;9;1;54599;3; $4.850.425,00 ; $-   ; $-   ; $-   ;Contratación de 2 Especialista en Cirruculo para la Definicion de Estandares de Aprendizaje Especialidad Matematica de Enero a Junio 2026 - CP 784 -JM;Liquidada; $-   
2026;1796;1;29/01/2026;MINEDUCYT-58/2023;43288427;DORIS CECIBEL OCHOA DE GONZALEZ;1401;3;7495;9;1;54599;2; $1.071.741,00 ; $-   ; $-   ; $-   ;Contratación de 2 Especialista en Cirruculo para la Definicion de Estandares de Aprendizaje Especialidad Matematica de Enero a Junio 2026 - CP 784 -JM;Liquidada; $-   
2026;1796;5;29/01/2026;MINEDUCYT-58/2023;43288427;DORIS CECIBEL OCHOA DE GONZALEZ;1401;3;7495;9;1;54599;6; $2.560.806,00 ; $-   ; $-   ; $-   ;Contratación de 2 Especialista en Cirruculo para la Definicion de Estandares de Aprendizaje Especialidad Matematica de Enero a Junio 2026 - CP 784 -JM;Liquidada; $-   
2026;1648;5;21/01/2026;MINEDUCYT-42/2024-BIRF;43437686;EDWIN JOSE GERMAN CASTILLO;1401;3;7495;9;1;54599;6; $359.619,00 ; $-   ; $-   ; $-   ;CONTRATACIÓN DE TÉCNICO No. 2 PARA EL ÁREA DE PAGADURÍA AUXILIAR DE PROYECTOS-AÑO 2026-CP 773-JM;Liquidada; $-   
2026;1648;4;21/01/2026;MINEDUCYT-42/2024-BIRF;43437686;EDWIN JOSE GERMAN CASTILLO;1401;3;7495;9;1;54599;5; $3.401.873,00 ; $-   ; $-   ; $-   ;CONTRATACIÓN DE TÉCNICO No. 2 PARA EL ÁREA DE PAGADURÍA AUXILIAR DE PROYECTOS-AÑO 2026-CP 773-JM;Liquidada; $-   
2026;1648;3;21/01/2026;MINEDUCYT-42/2024-BIRF;43437686;EDWIN JOSE GERMAN CASTILLO;1401;3;7495;9;1;54599;4; $3.167.371,00 ; $-   ; $-   ; $-   ;CONTRATACIÓN DE TÉCNICO No. 2 PARA EL ÁREA DE PAGADURÍA AUXILIAR DE PROYECTOS-AÑO 2026-CP 773-JM;Liquidada; $-   
2026;1648;1;21/01/2026;MINEDUCYT-42/2024-BIRF;43437686;EDWIN JOSE GERMAN CASTILLO;1401;3;7495;9;1;54599;2; $3.430.522,00 ; $-   ; $-   ; $-   ;CONTRATACIÓN DE TÉCNICO No. 2 PARA EL ÁREA DE PAGADURÍA AUXILIAR DE PROYECTOS-AÑO 2026-CP 773-JM;Liquidada; $-   
2026;1648;2;21/01/2026;MINEDUCYT-42/2024-BIRF;43437686;EDWIN JOSE GERMAN CASTILLO;1401;3;7495;9;1;54599;3; $732.098,00 ; $-   ; $-   ; $-   ;CONTRATACIÓN DE TÉCNICO No. 2 PARA EL ÁREA DE PAGADURÍA AUXILIAR DE PROYECTOS-AÑO 2026-CP 773-JM;Liquidada; $-   
2026;14145;1;29/07/2026;MINEDUCYT-42/2024-BIRF..;43437686;EDWIN JOSE GERMAN CASTILLO;1401;3;7495;9;1;54599;7; $4.789.400,00 ; $-   ; $-   ; $4.778.156,00 ;CONTRATACIÓN DE TÉCNICO No. 2 PARA EL ÁREA DE PAGADURÍA AUXILIAR DE PROYECTOS-AÑO 2026-CP 1093-JM;Aprobado; $-   
2026;14145;2;29/07/2026;MINEDUCYT-42/2024-BIRF..;43437686;EDWIN JOSE GERMAN CASTILLO;1401;3;7495;9;1;54599;8; $4.426.724,00 ; $-   ; $-   ; $1.673.672,00 ;CONTRATACIÓN DE TÉCNICO No. 2 PARA EL ÁREA DE PAGADURÍA AUXILIAR DE PROYECTOS-AÑO 2026-CP 1093-JM;Aprobado; $-   
2026;14145;3;29/07/2026;MINEDUCYT-42/2024-BIRF..;43437686;EDWIN JOSE GERMAN CASTILLO;1401;3;7495;9;1;54599;9; $650.977,00 ; $-   ; $-   ; $263.941,00 ;CONTRATACIÓN DE TÉCNICO No. 2 PARA EL ÁREA DE PAGADURÍA AUXILIAR DE PROYECTOS-AÑO 2026-CP 1093-JM;Aprobado; $-   
2026;14145;4;29/07/2026;MINEDUCYT-42/2024-BIRF..;43437686;EDWIN JOSE GERMAN CASTILLO;1401;3;7495;9;1;54599;10; $646.698,00 ; $-   ; $-   ; $575.195,00 ;CONTRATACIÓN DE TÉCNICO No. 2 PARA EL ÁREA DE PAGADURÍA AUXILIAR DE PROYECTOS-AÑO 2026-CP 1093-JM;Aprobado; $-   
2026;14145;5;29/07/2026;MINEDUCYT-42/2024-BIRF..;43437686;EDWIN JOSE GERMAN CASTILLO;1401;3;7495;9;1;54599;11; $4.219.980,00 ; $-   ; $-   ; $873.406,00 ;CONTRATACIÓN DE TÉCNICO No. 2 PARA EL ÁREA DE PAGADURÍA AUXILIAR DE PROYECTOS-AÑO 2026-CP 1093-JM;Aprobado; $-   
2026;14145;6;29/07/2026;MINEDUCYT-42/2024-BIRF..;43437686;EDWIN JOSE GERMAN CASTILLO;1401;3;7495;9;1;54599;12; $4.511.569,00 ; $-   ; $-   ; $3.399.704,00 ;CONTRATACIÓN DE TÉCNICO No. 2 PARA EL ÁREA DE PAGADURÍA AUXILIAR DE PROYECTOS-AÑO 2026-CP 1093-JM;Aprobado; $-   
2026;6454;1;26/03/2026;MINEDUCYT-108/2025-BIRF;44113277;MARIA DEL TRANSITO REALEGEÑO RIVAS;1401;3;7495;9;1;54502;4; $3.465.651,00 ; $-   ; $-   ; $1.867.724,00 ;CONTRATACION DE 28 PORTADORES CULTURALES PARA DESARROLLAR TALLERES DE IDENTIDAD CULTURAL NÁHUAT, LENCA Y CACAOPERA EN CENTROS EDUCATIVOS-CP 692-AÑO 2026-JM;Liquidada; $-   
2026;11848;1;18/06/2026;MINEDUCYT-108/2025-BIRF.;44113277;MARIA DEL TRANSITO REALEGEÑO RIVAS;1401;3;7495;9;1;54599;6; $3.625.438,00 ; $-   ; $-   ; $-   ;CONTRATACION DE 28 PORTADORES CULTURALES PARA DESARROLLAR TALLERES DE IDENTIDAD CULTURAL NÁHUAT, LENCA Y CACAOPERA EN CENTROS EDUCATIVOS-CP 692-AÑO 2026-JM;Liquidada; $-   
2026;2219;1;12/02/2026;MINEDUCYT-07/2026-BIRF;45072458;MAYRA GUADALUPE AMAYA ALVARENGA;1401;3;7495;9;1;54599;2; $284.542,00 ; $-   ; $-   ; $-   ;CONTRATACION DE UN ESPECIALISTA EN FORMACION DOCENTE PARA LAS ACTIVIDADES DE LA DIRECCION DE FORMACION DOCENTE Y ASESORAMIENTO EDUCATIVO-CP 888-AÑO 2026-JM;Liquidada; $-   
2026;2219;2;12/02/2026;MINEDUCYT-07/2026-BIRF;45072458;MAYRA GUADALUPE AMAYA ALVARENGA;1401;3;7495;9;1;54599;3; $4.332.330,00 ; $-   ; $-   ; $-   ;CONTRATACION DE UN ESPECIALISTA EN FORMACION DOCENTE PARA LAS ACTIVIDADES DE LA DIRECCION DE FORMACION DOCENTE Y ASESORAMIENTO EDUCATIVO-CP 888-AÑO 2026-JM;Liquidada; $-   
2026;6168;5;17/03/2026;MINEDUCYT-07/2026-BIRF..;45072458;MAYRA GUADALUPE AMAYA ALVARENGA;1401;3;7495;9;1;54599;7; $4.968.722,00 ; $-   ; $-   ; $2.801.587,00 ;CONTRATACIÓN DE UN ESPECIALISTA EN FORMACIÓN DOCENTE PARA LAS ACTIVIDADES DE LA DIRECCIÓN DE FORMACIÓN DOCENTE Y ASESORAMIENTO EDUCATIVO-CP 897-AÑO 2026-JM;Parcialmente Liquidada; $-   
2026;6168;4;17/03/2026;MINEDUCYT-07/2026-BIRF..;45072458;MAYRA GUADALUPE AMAYA ALVARENGA;1401;3;7495;9;1;54599;6; $2.753.595,00 ; $-   ; $-   ; $-   ;CONTRATACIÓN DE UN ESPECIALISTA EN FORMACIÓN DOCENTE PARA LAS ACTIVIDADES DE LA DIRECCIÓN DE FORMACIÓN DOCENTE Y ASESORAMIENTO EDUCATIVO-CP 897-AÑO 2026-JM;Parcialmente Liquidada; $-   
2026;6168;6;17/03/2026;MINEDUCYT-07/2026-BIRF..;45072458;MAYRA GUADALUPE AMAYA ALVARENGA;1401;3;7495;9;1;54599;8; $2.134.136,00 ; $-   ; $-   ; $448.916,00 ;CONTRATACIÓN DE UN ESPECIALISTA EN FORMACIÓN DOCENTE PARA LAS ACTIVIDADES DE LA DIRECCIÓN DE FORMACIÓN DOCENTE Y ASESORAMIENTO EDUCATIVO-CP 897-AÑO 2026-JM;Parcialmente Liquidada; $-   
2026;6168;1;17/03/2026;MINEDUCYT-07/2026-BIRF..;45072458;MAYRA GUADALUPE AMAYA ALVARENGA;1401;3;7495;9;1;54599;3; $2.592.055,00 ; $-   ; $-   ; $-   ;CONTRATACIÓN DE UN ESPECIALISTA EN FORMACIÓN DOCENTE PARA LAS ACTIVIDADES DE LA DIRECCIÓN DE FORMACIÓN DOCENTE Y ASESORAMIENTO EDUCATIVO-CP 897-AÑO 2026-JM;Parcialmente Liquidada; $-   
2026;6168;3;17/03/2026;MINEDUCYT-07/2026-BIRF..;45072458;MAYRA GUADALUPE AMAYA ALVARENGA;1401;3;7495;9;1;54599;5; $811.507,00 ; $-   ; $-   ; $-   ;CONTRATACIÓN DE UN ESPECIALISTA EN FORMACIÓN DOCENTE PARA LAS ACTIVIDADES DE LA DIRECCIÓN DE FORMACIÓN DOCENTE Y ASESORAMIENTO EDUCATIVO-CP 897-AÑO 2026-JM;Parcialmente Liquidada; $-   
2026;6168;2;17/03/2026;MINEDUCYT-07/2026-BIRF..;45072458;MAYRA GUADALUPE AMAYA ALVARENGA;1401;3;7495;9;1;54599;4; $1.747.176,00 ; $-   ; $-   ; $-   ;CONTRATACIÓN DE UN ESPECIALISTA EN FORMACIÓN DOCENTE PARA LAS ACTIVIDADES DE LA DIRECCIÓN DE FORMACIÓN DOCENTE Y ASESORAMIENTO EDUCATIVO-CP 897-AÑO 2026-JM;Parcialmente Liquidada; $-   
2026;6451;1;26/03/2026;MINEDUCYT-105/2025-BIRF;45604213;RONALD ALEXANDER CARRILLO VEGA;1401;3;7495;9;1;54502;4; $979.207,00 ; $-   ; $-   ; $744.211,00 ;CONTRATACION DE 28 PORTADORES CULTURALES PARA DESARROLLAR TALLERES DE IDENTIDAD CULTURAL NÁHUAT, LENCA Y CACAOPERA EN CENTROS EDUCATIVOS-CP 692-AÑO 2026-JM;Liquidada; $-   
2026;8563;1;07/05/2026;MINEDUCYT-105/2025-BIRF;45604213;RONALD ALEXANDER CARRILLO VEGA;1401;3;7495;9;1;54502;5; $4.798.704,00 ; $-   ; $-   ; $4.647.536,00 ;"Contratación de (28) Portadores culturales para desarrollar talleres de indentidad cultural Náhuat, Lenca y Cacaopera en Centros Educativos"", DEUDA- CDP 691  JM.";Liquidada; $-   
2026;11842;1;18/06/2026;MINEDUCYT-105/2025-BIRF;45604213;RONALD ALEXANDER CARRILLO VEGA;1401;3;7495;9;1;54599;6; $3.579.671,00 ; $-   ; $-   ; $-   ;CONTRATACION DE 28 PORTADORES CULTURALES PARA DESARROLLAR TALLERES DE IDENTIDAD CULTURAL NÁHUAT, LENCA Y CACAOPERA EN CENTROS EDUCATIVOS-CP 692-AÑO 2026-JM;Liquidada; $-   
2026;11859;1;18/06/2026;MINEDUCYT-105/2025-BIRF;45604213;RONALD ALEXANDER CARRILLO VEGA;1401;3;7495;9;1;54599;6; $4.053.708,00 ; $-   ; $-   ; $-   ;CONTRATACION DE 28 PORTADORES CULTURALES PARA DESARROLLAR TALLERES DE IDENTIDAD  CULTURAL NÁHUAT, LENCA Y CACAOPERA EN C.E. -DEUDA -CP 691-JM;Liquidada; $-   
2026;1827;4;30/01/2026;MINEDUCYT-58/2024 BIRF;45687295;YESSICA MARIELOS MONTES BONILLA;1401;3;7495;9;1;54599;5; $4.290.001,00 ; $-   ; $-   ; $-   ;Contratacion 2  Especialista en Monitoreo y Seguimiento para area de Salud, Nutricion y Seguridad/ Proyeccion para el apoyo a la Certificaciones de Estandares Estructurales de Calidad ,  Enero a Junio 2026 - CP 738 -JM;Liquidada; $-   
2026;1827;3;30/01/2026;MINEDUCYT-58/2024 BIRF;45687295;YESSICA MARIELOS MONTES BONILLA;1401;3;7495;9;1;54599;4; $3.095.670,00 ; $-   ; $-   ; $-   ;Contratacion 2  Especialista en Monitoreo y Seguimiento para area de Salud, Nutricion y Seguridad/ Proyeccion para el apoyo a la Certificaciones de Estandares Estructurales de Calidad ,  Enero a Junio 2026 - CP 738 -JM;Liquidada; $-   
2026;1827;2;30/01/2026;MINEDUCYT-58/2024 BIRF;45687295;YESSICA MARIELOS MONTES BONILLA;1401;3;7495;9;1;54599;3; $4.168.752,00 ; $-   ; $-   ; $-   ;Contratacion 2  Especialista en Monitoreo y Seguimiento para area de Salud, Nutricion y Seguridad/ Proyeccion para el apoyo a la Certificaciones de Estandares Estructurales de Calidad ,  Enero a Junio 2026 - CP 738 -JM;Liquidada; $-   
2026;1827;1;30/01/2026;MINEDUCYT-58/2024 BIRF;45687295;YESSICA MARIELOS MONTES BONILLA;1401;3;7495;9;1;54599;2; $2.607.160,00 ; $-   ; $-   ; $-   ;Contratacion 2  Especialista en Monitoreo y Seguimiento para area de Salud, Nutricion y Seguridad/ Proyeccion para el apoyo a la Certificaciones de Estandares Estructurales de Calidad ,  Enero a Junio 2026 - CP 738 -JM;Liquidada; $-   
2026;1827;5;30/01/2026;MINEDUCYT-58/2024 BIRF;45687295;YESSICA MARIELOS MONTES BONILLA;1401;3;7495;9;1;54599;6; $2.044.475,00 ; $-   ; $-   ; $-   ;Contratacion 2  Especialista en Monitoreo y Seguimiento para area de Salud, Nutricion y Seguridad/ Proyeccion para el apoyo a la Certificaciones de Estandares Estructurales de Calidad ,  Enero a Junio 2026 - CP 738 -JM;Liquidada; $-   
2026;12049;4;03/07/2026;MINEDUCYT-58/2024 BIRF;45687295;YESSICA MARIELOS MONTES BONILLA;1401;3;7495;9;1;54599;10; $4.848.397,00 ; $-   ; $-   ; $4.601.007,00 ;Contratacion 2  Especialista en Monitoreo y Seguimiento para area de Salud, Nutricion y Seguridad/ Proyeccion para el apoyo a la Certificaciones de Estandares Estructurales de Calidad, jul a dic 2026-CP 1037-JM;Aprobado; $-   
2026;12049;5;03/07/2026;MINEDUCYT-58/2024 BIRF;45687295;YESSICA MARIELOS MONTES BONILLA;1401;3;7495;9;1;54599;11; $3.538.043,00 ; $-   ; $-   ; $145.503,00 ;Contratacion 2  Especialista en Monitoreo y Seguimiento para area de Salud, Nutricion y Seguridad/ Proyeccion para el apoyo a la Certificaciones de Estandares Estructurales de Calidad, jul a dic 2026-CP 1037-JM;Aprobado; $-   
2026;12049;3;03/07/2026;MINEDUCYT-58/2024 BIRF;45687295;YESSICA MARIELOS MONTES BONILLA;1401;3;7495;9;1;54599;9; $1.046.149,00 ; $-   ; $-   ; $110.071,00 ;Contratacion 2  Especialista en Monitoreo y Seguimiento para area de Salud, Nutricion y Seguridad/ Proyeccion para el apoyo a la Certificaciones de Estandares Estructurales de Calidad, jul a dic 2026-CP 1037-JM;Aprobado; $-   
2026;12049;2;03/07/2026;MINEDUCYT-58/2024 BIRF;45687295;YESSICA MARIELOS MONTES BONILLA;1401;3;7495;9;1;54599;8; $2.891.995,00 ; $-   ; $-   ; $2.277.091,00 ;Contratacion 2  Especialista en Monitoreo y Seguimiento para area de Salud, Nutricion y Seguridad/ Proyeccion para el apoyo a la Certificaciones de Estandares Estructurales de Calidad, jul a dic 2026-CP 1037-JM;Aprobado; $-   
2026;12049;1;03/07/2026;MINEDUCYT-58/2024 BIRF;45687295;YESSICA MARIELOS MONTES BONILLA;1401;3;7495;9;1;54599;7; $2.427.521,00 ; $-   ; $-   ; $2.296.778,00 ;Contratacion 2  Especialista en Monitoreo y Seguimiento para area de Salud, Nutricion y Seguridad/ Proyeccion para el apoyo a la Certificaciones de Estandares Estructurales de Calidad, jul a dic 2026-CP 1037-JM;Aprobado; $-   
2026;12049;6;03/07/2026;MINEDUCYT-58/2024 BIRF;45687295;YESSICA MARIELOS MONTES BONILLA;1401;3;7495;9;1;54599;12; $2.900.987,00 ; $-   ; $-   ; $2.716.987,00 ;Contratacion 2  Especialista en Monitoreo y Seguimiento para area de Salud, Nutricion y Seguridad/ Proyeccion para el apoyo a la Certificaciones de Estandares Estructurales de Calidad, jul a dic 2026-CP 1037-JM;Aprobado; $-   
2026;1795;2;29/01/2026;MINEDUCYT-59/2023 BIRF;45751183;RUTH ABIGAIL MELARA VIERA;1401;3;7495;9;1;54599;3; $1.009.114,00 ; $-   ; $-   ; $-   ;Contratación de 2 Especialista en Cirruculo para la Definicion de Estandares de Aprendizaje Especialidad Matematica de Enero a Junio 2026 - CP 782 -JM;Liquidada; $-   
2026;1795;1;29/01/2026;MINEDUCYT-59/2023 BIRF;45751183;RUTH ABIGAIL MELARA VIERA;1401;3;7495;9;1;54599;2; $498.210,00 ; $-   ; $-   ; $-   ;Contratación de 2 Especialista en Cirruculo para la Definicion de Estandares de Aprendizaje Especialidad Matematica de Enero a Junio 2026 - CP 782 -JM;Liquidada; $-   
2026;1795;3;29/01/2026;MINEDUCYT-59/2023 BIRF;45751183;RUTH ABIGAIL MELARA VIERA;1401;3;7495;9;1;54599;4; $1.914.128,00 ; $-   ; $-   ; $-   ;Contratación de 2 Especialista en Cirruculo para la Definicion de Estandares de Aprendizaje Especialidad Matematica de Enero a Junio 2026 - CP 782 -JM;Liquidada; $-   
2026;1795;4;29/01/2026;MINEDUCYT-59/2023 BIRF;45751183;RUTH ABIGAIL MELARA VIERA;1401;3;7495;9;1;54599;5; $4.006.326,00 ; $-   ; $-   ; $-   ;Contratación de 2 Especialista en Cirruculo para la Definicion de Estandares de Aprendizaje Especialidad Matematica de Enero a Junio 2026 - CP 782 -JM;Liquidada; $-   
2026;1795;5;29/01/2026;MINEDUCYT-59/2023 BIRF;45751183;RUTH ABIGAIL MELARA VIERA;1401;3;7495;9;1;54599;6; $4.699.230,00 ; $-   ; $-   ; $-   ;Contratación de 2 Especialista en Cirruculo para la Definicion de Estandares de Aprendizaje Especialidad Matematica de Enero a Junio 2026 - CP 782 -JM;Liquidada; $-   
2026;14189;1;31/07/2026;MINEDUCYT-59/2023 BIRF;45751183;RUTH ABIGAIL MELARA VIERA;1401;3;7495;9;1;54599;8; $2.796.219,00 ; $-   ; $-   ; $1.302.434,00 ;Contratación de 2 Especialista en Cirruculo para la Definicion de Estandares de Aprendizaje Especialidad Matematica de Jul a Dic 2026 - CP993 -JM;Aprobado; $-   
2026;14189;2;31/07/2026;MINEDUCYT-59/2023 BIRF;45751183;RUTH ABIGAIL MELARA VIERA;1401;3;7495;9;1;54599;9; $4.555.278,00 ; $-   ; $-   ; $758.381,00 ;Contratación de 2 Especialista en Cirruculo para la Definicion de Estandares de Aprendizaje Especialidad Matematica de Jul a Dic 2026 - CP993 -JM;Aprobado; $-   
2026;14189;3;31/07/2026;MINEDUCYT-59/2023 BIRF;45751183;RUTH ABIGAIL MELARA VIERA;1401;3;7495;9;1;54599;10; $1.036.714,00 ; $-   ; $-   ; $155.460,00 ;Contratación de 2 Especialista en Cirruculo para la Definicion de Estandares de Aprendizaje Especialidad Matematica de Jul a Dic 2026 - CP993 -JM;Aprobado; $-   
2026;14189;4;31/07/2026;MINEDUCYT-59/2023 BIRF;45751183;RUTH ABIGAIL MELARA VIERA;1401;3;7495;9;1;54599;11; $4.308.014,00 ; $-   ; $-   ; $56.194,00 ;Contratación de 2 Especialista en Cirruculo para la Definicion de Estandares de Aprendizaje Especialidad Matematica de Jul a Dic 2026 - CP993 -JM;Aprobado; $-   
2026;14189;5;31/07/2026;MINEDUCYT-59/2023 BIRF;45751183;RUTH ABIGAIL MELARA VIERA;1401;3;7495;9;1;54599;12; $3.184.375,00 ; $-   ; $-   ; $533.868,00 ;Contratación de 2 Especialista en Cirruculo para la Definicion de Estandares de Aprendizaje Especialidad Matematica de Jul a Dic 2026 - CP993 -JM;Aprobado; $-   
2026;1770;5;28/01/2026;MINEDUCYT-16/2023 BIRF;45774880;NESTOR IVAN MORENO VELASQUEZ;1401;3;7495;9;1;54599;6; $2.031.758,00 ; $-   ; $-   ; $-   ;Consultoria  Especialista Tecnico Formacion Docente para Unidad Implementacion de proyecto UIP de enero a junio 2026, certf - 809 - krn;Liquidada; $-   
2026;1770;4;28/01/2026;MINEDUCYT-16/2023 BIRF;45774880;NESTOR IVAN MORENO VELASQUEZ;1401;3;7495;9;1;54599;5; $2.586.175,00 ; $-   ; $-   ; $-   ;Consultoria  Especialista Tecnico Formacion Docente para Unidad Implementacion de proyecto UIP de enero a junio 2026, certf - 809 - krn;Liquidada; $-   
2026;1770;3;28/01/2026;MINEDUCYT-16/2023 BIRF;45774880;NESTOR IVAN MORENO VELASQUEZ;1401;3;7495;9;1;54599;4; $1.507.841,00 ; $-   ; $-   ; $-   ;Consultoria  Especialista Tecnico Formacion Docente para Unidad Implementacion de proyecto UIP de enero a junio 2026, certf - 809 - krn;Liquidada; $-   
2026;1770;2;28/01/2026;MINEDUCYT-16/2023 BIRF;45774880;NESTOR IVAN MORENO VELASQUEZ;1401;3;7495;9;1;54599;3; $4.128.498,00 ; $-   ; $-   ; $-   ;Consultoria  Especialista Tecnico Formacion Docente para Unidad Implementacion de proyecto UIP de enero a junio 2026, certf - 809 - krn;Liquidada; $-   
2026;1770;1;28/01/2026;MINEDUCYT-16/2023 BIRF;45774880;NESTOR IVAN MORENO VELASQUEZ;1401;3;7495;9;1;54599;2; $735.384,00 ; $-   ; $-   ; $-   ;Consultoria  Especialista Tecnico Formacion Docente para Unidad Implementacion de proyecto UIP de enero a junio 2026, certf - 809 - krn;Liquidada; $-   
2026;12014;5;30/06/2026;MINEDUCYT-16/2023 BIRF;45774880;NESTOR IVAN MORENO VELASQUEZ;1401;3;7495;9;1;54599;11; $4.995.113,00 ; $-   ; $-   ; $4.740.784,00 ;Consultoria  Especialista Tecnico Formacion Docente para Unidad Implementacion de proyecto UIP de jul a dic 2026, certf 1018- JM;Aprobado; $-   
2026;12014;4;30/06/2026;MINEDUCYT-16/2023 BIRF;45774880;NESTOR IVAN MORENO VELASQUEZ;1401;3;7495;9;1;54599;10; $4.087.853,00 ; $-   ; $-   ; $3.220.084,00 ;Consultoria  Especialista Tecnico Formacion Docente para Unidad Implementacion de proyecto UIP de jul a dic 2026, certf 1018- JM;Aprobado; $-   
2026;12014;3;30/06/2026;MINEDUCYT-16/2023 BIRF;45774880;NESTOR IVAN MORENO VELASQUEZ;1401;3;7495;9;1;54599;9; $3.807.560,00 ; $-   ; $-   ; $1.326.187,00 ;Consultoria  Especialista Tecnico Formacion Docente para Unidad Implementacion de proyecto UIP de jul a dic 2026, certf 1018- JM;Aprobado; $-   
2026;12014;2;30/06/2026;MINEDUCYT-16/2023 BIRF;45774880;NESTOR IVAN MORENO VELASQUEZ;1401;3;7495;9;1;54599;8; $2.906.775,00 ; $-   ; $-   ; $1.991.797,00 ;Consultoria  Especialista Tecnico Formacion Docente para Unidad Implementacion de proyecto UIP de jul a dic 2026, certf 1018- JM;Aprobado; $-   
2026;12014;6;30/06/2026;MINEDUCYT-16/2023 BIRF;45774880;NESTOR IVAN MORENO VELASQUEZ;1401;3;7495;9;1;54599;12; $3.575.015,00 ; $-   ; $-   ; $3.475.663,00 ;Consultoria  Especialista Tecnico Formacion Docente para Unidad Implementacion de proyecto UIP de jul a dic 2026, certf 1018- JM;Aprobado; $-   
2026;12014;1;30/06/2026;MINEDUCYT-16/2023 BIRF;45774880;NESTOR IVAN MORENO VELASQUEZ;1401;3;7495;9;1;54599;7; $4.956.040,00 ; $-   ; $-   ; $2.919.207,00 ;Consultoria  Especialista Tecnico Formacion Docente para Unidad Implementacion de proyecto UIP de jul a dic 2026, certf 1018- JM;Aprobado; $-   
2026;1947;5;05/02/2026;MINEDUCYT-46/2023-BIRF;46468212;ESMERALDA CRISTABEL RAMOS CALERO;1401;3;7495;9;1;54599;6; $2.280.722,00 ; $-   ; $-   ; $-   ;CONTRATACIÓN DE 2 ESPECIALISTA EN CURRICULO PARA LA DEFINICIÓN DE ESTANDARES DE APRENDIZAJE ESPECIALIDAD DE LENGUAJE Y LITERATURA-AÑO 2026-CP 785-JM;Liquidada; $-   
2026;1947;4;05/02/2026;MINEDUCYT-46/2023-BIRF;46468212;ESMERALDA CRISTABEL RAMOS CALERO;1401;3;7495;9;1;54599;5; $775.103,00 ; $-   ; $-   ; $-   ;CONTRATACIÓN DE 2 ESPECIALISTA EN CURRICULO PARA LA DEFINICIÓN DE ESTANDARES DE APRENDIZAJE ESPECIALIDAD DE LENGUAJE Y LITERATURA-AÑO 2026-CP 785-JM;Liquidada; $-   
2026;1947;3;05/02/2026;MINEDUCYT-46/2023-BIRF;46468212;ESMERALDA CRISTABEL RAMOS CALERO;1401;3;7495;9;1;54599;4; $2.413.764,00 ; $-   ; $-   ; $-   ;CONTRATACIÓN DE 2 ESPECIALISTA EN CURRICULO PARA LA DEFINICIÓN DE ESTANDARES DE APRENDIZAJE ESPECIALIDAD DE LENGUAJE Y LITERATURA-AÑO 2026-CP 785-JM;Liquidada; $-   
2026;1947;2;05/02/2026;MINEDUCYT-46/2023-BIRF;46468212;ESMERALDA CRISTABEL RAMOS CALERO;1401;3;7495;9;1;54599;3; $4.800.611,00 ; $-   ; $-   ; $-   ;CONTRATACIÓN DE 2 ESPECIALISTA EN CURRICULO PARA LA DEFINICIÓN DE ESTANDARES DE APRENDIZAJE ESPECIALIDAD DE LENGUAJE Y LITERATURA-AÑO 2026-CP 785-JM;Liquidada; $-   
2026;1947;1;05/02/2026;MINEDUCYT-46/2023-BIRF;46468212;ESMERALDA CRISTABEL RAMOS CALERO;1401;3;7495;9;1;54599;2; $1.817.766,00 ; $-   ; $-   ; $-   ;CONTRATACIÓN DE 2 ESPECIALISTA EN CURRICULO PARA LA DEFINICIÓN DE ESTANDARES DE APRENDIZAJE ESPECIALIDAD DE LENGUAJE Y LITERATURA-AÑO 2026-CP 785-JM;Liquidada; $-   
2026;11876;5;19/06/2026;MINEDUCYT-46/2023-BIRF;46468212;ESMERALDA CRISTABEL RAMOS CALERO;1401;3;7495;9;1;54599;11; $3.224.821,00 ; $-   ; $-   ; $1.941.853,00 ;CONTRATACION DE 2 ESPECIALISTAS EN CIRCULOS PARA LA DEFINICION DE ESTANDARES DE APRENDIZAJE ESPECIALIDAD DE LENGUAJE Y LITERATURA-CP 998-AÑO 2026-JM;Aprobado; $-   
2026;11876;4;19/06/2026;MINEDUCYT-46/2023-BIRF;46468212;ESMERALDA CRISTABEL RAMOS CALERO;1401;3;7495;9;1;54599;10; $3.998.383,00 ; $-   ; $-   ; $893.589,00 ;CONTRATACION DE 2 ESPECIALISTAS EN CIRCULOS PARA LA DEFINICION DE ESTANDARES DE APRENDIZAJE ESPECIALIDAD DE LENGUAJE Y LITERATURA-CP 998-AÑO 2026-JM;Aprobado; $-   
2026;11876;3;19/06/2026;MINEDUCYT-46/2023-BIRF;46468212;ESMERALDA CRISTABEL RAMOS CALERO;1401;3;7495;9;1;54599;9; $1.419.921,00 ; $-   ; $-   ; $769.728,00 ;CONTRATACION DE 2 ESPECIALISTAS EN CIRCULOS PARA LA DEFINICION DE ESTANDARES DE APRENDIZAJE ESPECIALIDAD DE LENGUAJE Y LITERATURA-CP 998-AÑO 2026-JM;Aprobado; $-   
2026;11876;2;19/06/2026;MINEDUCYT-46/2023-BIRF;46468212;ESMERALDA CRISTABEL RAMOS CALERO;1401;3;7495;9;1;54599;8; $3.365.041,00 ; $-   ; $-   ; $405.311,00 ;CONTRATACION DE 2 ESPECIALISTAS EN CIRCULOS PARA LA DEFINICION DE ESTANDARES DE APRENDIZAJE ESPECIALIDAD DE LENGUAJE Y LITERATURA-CP 998-AÑO 2026-JM;Aprobado; $-   
2026;11876;6;19/06/2026;MINEDUCYT-46/2023-BIRF;46468212;ESMERALDA CRISTABEL RAMOS CALERO;1401;3;7495;9;1;54599;12; $1.163.043,00 ; $-   ; $-   ; $649.782,00 ;CONTRATACION DE 2 ESPECIALISTAS EN CIRCULOS PARA LA DEFINICION DE ESTANDARES DE APRENDIZAJE ESPECIALIDAD DE LENGUAJE Y LITERATURA-CP 998-AÑO 2026-JM;Aprobado; $-   
2026;11876;1;19/06/2026;MINEDUCYT-46/2023-BIRF;46468212;ESMERALDA CRISTABEL RAMOS CALERO;1401;3;7495;9;1;54599;7; $4.460.761,00 ; $-   ; $-   ; $9.420,00 ;CONTRATACION DE 2 ESPECIALISTAS EN CIRCULOS PARA LA DEFINICION DE ESTANDARES DE APRENDIZAJE ESPECIALIDAD DE LENGUAJE Y LITERATURA-CP 998-AÑO 2026-JM;Aprobado; $-   
2026;1851;1;02/02/2026;MINEDUCYT-03/2022 BIRF;47273830;MAYRA EVELIN MALDONADO FLORES;1401;3;7495;9;1;54599;2; $20.145,00 ; $-   ; $-   ; $-   ;Contratacion Tecnico Especialista Curriculo de Educacion Basica de Ciencias Enero a Junio 2026 - CP 780 -JM;Liquidada; $-   
2026;1851;2;02/02/2026;MINEDUCYT-03/2022 BIRF;47273830;MAYRA EVELIN MALDONADO FLORES;1401;3;7495;9;1;54599;3; $3.575.378,00 ; $-   ; $-   ; $-   ;Contratacion Tecnico Especialista Curriculo de Educacion Basica de Ciencias Enero a Junio 2026 - CP 780 -JM;Liquidada; $-   
2026;1851;3;02/02/2026;MINEDUCYT-03/2022 BIRF;47273830;MAYRA EVELIN MALDONADO FLORES;1401;3;7495;9;1;54599;4; $17.542,00 ; $-   ; $-   ; $-   ;Contratacion Tecnico Especialista Curriculo de Educacion Basica de Ciencias Enero a Junio 2026 - CP 780 -JM;Liquidada; $-   
2026;1851;4;02/02/2026;MINEDUCYT-03/2022 BIRF;47273830;MAYRA EVELIN MALDONADO FLORES;1401;3;7495;9;1;54599;5; $2.836.989,00 ; $-   ; $-   ; $-   ;Contratacion Tecnico Especialista Curriculo de Educacion Basica de Ciencias Enero a Junio 2026 - CP 780 -JM;Liquidada; $-   
2026;1851;5;02/02/2026;MINEDUCYT-03/2022 BIRF;47273830;MAYRA EVELIN MALDONADO FLORES;1401;3;7495;9;1;54599;6; $3.569.549,00 ; $-   ; $-   ; $-   ;Contratacion Tecnico Especialista Curriculo de Educacion Basica de Ciencias Enero a Junio 2026 - CP 780 -JM;Liquidada; $-   
2026;11984;3;26/06/2026;MINEDUCYT-03/2022 BIRF;47273830;MAYRA EVELIN MALDONADO FLORES;1401;3;7495;9;1;54599;9; $4.506.583,00 ; $-   ; $-   ; $3.989.311,00 ;Consultoria de Tecnico Especialista en curricullar de Educación Basica de Ciencias MECT-M-275/2026- CP 1027- año 2026 -JM-krn;Aprobado; $-   
2026;11984;4;26/06/2026;MINEDUCYT-03/2022 BIRF;47273830;MAYRA EVELIN MALDONADO FLORES;1401;3;7495;9;1;54599;10; $686.805,00 ; $-   ; $-   ; $576.737,00 ;Consultoria de Tecnico Especialista en curricullar de Educación Basica de Ciencias MECT-M-275/2026- CP 1027- año 2026 -JM-krn;Aprobado; $-   
2026;11984;2;26/06/2026;MINEDUCYT-03/2022 BIRF;47273830;MAYRA EVELIN MALDONADO FLORES;1401;3;7495;9;1;54599;8; $1.993.819,00 ; $-   ; $-   ; $1.357.796,00 ;Consultoria de Tecnico Especialista en curricullar de Educación Basica de Ciencias MECT-M-275/2026- CP 1027- año 2026 -JM-krn;Aprobado; $-   
2026;11984;1;26/06/2026;MINEDUCYT-03/2022 BIRF;47273830;MAYRA EVELIN MALDONADO FLORES;1401;3;7495;9;1;54599;7; $3.733.655,00 ; $-   ; $-   ; $1.825.360,00 ;Consultoria de Tecnico Especialista en curricullar de Educación Basica de Ciencias MECT-M-275/2026- CP 1027- año 2026 -JM-krn;Aprobado; $-   
2026;11984;6;26/06/2026;MINEDUCYT-03/2022 BIRF;47273830;MAYRA EVELIN MALDONADO FLORES;1401;3;7495;9;1;54599;12; $2.932.942,00 ; $-   ; $-   ; $331.552,00 ;Consultoria de Tecnico Especialista en curricullar de Educación Basica de Ciencias MECT-M-275/2026- CP 1027- año 2026 -JM-krn;Aprobado; $-   
2026;11984;5;26/06/2026;MINEDUCYT-03/2022 BIRF;47273830;MAYRA EVELIN MALDONADO FLORES;1401;3;7495;9;1;54599;11; $2.098.630,00 ; $-   ; $-   ; $1.606.257,00 ;Consultoria de Tecnico Especialista en curricullar de Educación Basica de Ciencias MECT-M-275/2026- CP 1027- año 2026 -JM-krn;Aprobado; $-   
2026;1828;4;30/01/2026;MINEDUCYT-59/2024 BIRF;47538785;KAREN STEPHANIE ESCOBAR HERNANDEZ;1401;3;7495;9;1;54599;5; $4.205.546,00 ; $-   ; $-   ; $-   ;Contratacion 2  Especialista en Monitoreo y Seguimiento para area de Salud, Nutricion y Seguridad/ Proyeccion para el apoyo a la Certificaciones de Estandares Estructurales de Calidad ,  Enero a Junio 2026 - CP 737 -JM;Liquidada; $-   
2026;1828;3;30/01/2026;MINEDUCYT-59/2024 BIRF;47538785;KAREN STEPHANIE ESCOBAR HERNANDEZ;1401;3;7495;9;1;54599;4; $3.703.228,00 ; $-   ; $-   ; $-   ;Contratacion 2  Especialista en Monitoreo y Seguimiento para area de Salud, Nutricion y Seguridad/ Proyeccion para el apoyo a la Certificaciones de Estandares Estructurales de Calidad ,  Enero a Junio 2026 - CP 737 -JM;Liquidada; $-   
2026;1828;2;30/01/2026;MINEDUCYT-59/2024 BIRF;47538785;KAREN STEPHANIE ESCOBAR HERNANDEZ;1401;3;7495;9;1;54599;3; $1.240.449,00 ; $-   ; $-   ; $-   ;Contratacion 2  Especialista en Monitoreo y Seguimiento para area de Salud, Nutricion y Seguridad/ Proyeccion para el apoyo a la Certificaciones de Estandares Estructurales de Calidad ,  Enero a Junio 2026 - CP 737 -JM;Liquidada; $-   
2026;1828;1;30/01/2026;MINEDUCYT-59/2024 BIRF;47538785;KAREN STEPHANIE ESCOBAR HERNANDEZ;1401;3;7495;9;1;54599;2; $1.596.349,00 ; $-   ; $-   ; $-   ;Contratacion 2  Especialista en Monitoreo y Seguimiento para area de Salud, Nutricion y Seguridad/ Proyeccion para el apoyo a la Certificaciones de Estandares Estructurales de Calidad ,  Enero a Junio 2026 - CP 737 -JM;Liquidada; $-   
2026;1828;5;30/01/2026;MINEDUCYT-59/2024 BIRF;47538785;KAREN STEPHANIE ESCOBAR HERNANDEZ;1401;3;7495;9;1;54599;6; $1.152.886,00 ; $-   ; $-   ; $-   ;Contratacion 2  Especialista en Monitoreo y Seguimiento para area de Salud, Nutricion y Seguridad/ Proyeccion para el apoyo a la Certificaciones de Estandares Estructurales de Calidad ,  Enero a Junio 2026 - CP 737 -JM;Liquidada; $-   
2026;12062;5;03/07/2026;MINEDUCYT-59/2024 BIRF;47538785;KAREN STEPHANIE ESCOBAR HERNANDEZ;1401;3;7495;9;1;54599;11; $3.179.645,00 ; $-   ; $-   ; $2.072.376,00 ;Contratacion 2  Especialista en Monitoreo y Seguimiento para area de Salud, Nutricion y Seguridad/ Proyeccion para el apoyo a la Certificaciones de Estandares Estructurales de Calidad ,jul a dic  2026 - CP1038-JM;Aprobado; $-   
2026;12062;6;03/07/2026;MINEDUCYT-59/2024 BIRF;47538785;KAREN STEPHANIE ESCOBAR HERNANDEZ;1401;3;7495;9;1;54599;12; $1.862.049,00 ; $-   ; $-   ; $1.429.471,00 ;Contratacion 2  Especialista en Monitoreo y Seguimiento para area de Salud, Nutricion y Seguridad/ Proyeccion para el apoyo a la Certificaciones de Estandares Estructurales de Calidad ,jul a dic  2026 - CP1038-JM;Aprobado; $-   
2026;12062;3;03/07/2026;MINEDUCYT-59/2024 BIRF;47538785;KAREN STEPHANIE ESCOBAR HERNANDEZ;1401;3;7495;9;1;54599;9; $1.420.924,00 ; $-   ; $-   ; $1.055.257,00 ;Contratacion 2  Especialista en Monitoreo y Seguimiento para area de Salud, Nutricion y Seguridad/ Proyeccion para el apoyo a la Certificaciones de Estandares Estructurales de Calidad ,jul a dic  2026 - CP1038-JM;Aprobado; $-   
2026;12062;4;03/07/2026;MINEDUCYT-59/2024 BIRF;47538785;KAREN STEPHANIE ESCOBAR HERNANDEZ;1401;3;7495;9;1;54599;10; $681.673,00 ; $-   ; $-   ; $242.330,00 ;Contratacion 2  Especialista en Monitoreo y Seguimiento para area de Salud, Nutricion y Seguridad/ Proyeccion para el apoyo a la Certificaciones de Estandares Estructurales de Calidad ,jul a dic  2026 - CP1038-JM;Aprobado; $-   
2026;12062;2;03/07/2026;MINEDUCYT-59/2024 BIRF;47538785;KAREN STEPHANIE ESCOBAR HERNANDEZ;1401;3;7495;9;1;54599;8; $3.207.103,00 ; $-   ; $-   ; $1.188.285,00 ;Contratacion 2  Especialista en Monitoreo y Seguimiento para area de Salud, Nutricion y Seguridad/ Proyeccion para el apoyo a la Certificaciones de Estandares Estructurales de Calidad ,jul a dic  2026 - CP1038-JM;Aprobado; $-   
2026;12062;1;03/07/2026;MINEDUCYT-59/2024 BIRF;47538785;KAREN STEPHANIE ESCOBAR HERNANDEZ;1401;3;7495;9;1;54599;7; $4.489.261,00 ; $-   ; $-   ; $3.399.880,00 ;Contratacion 2  Especialista en Monitoreo y Seguimiento para area de Salud, Nutricion y Seguridad/ Proyeccion para el apoyo a la Certificaciones de Estandares Estructurales de Calidad ,jul a dic  2026 - CP1038-JM;Aprobado; $-   
2026;1771;3;28/01/2026;MINEDUCYT-08/2025 BIRF;47599692;JOSE NOEL MURILLO TRIGUEROS;1401;3;7495;9;1;54599;4; $1.780.894,00 ; $-   ; $-   ; $-   ;Consultoria  Especialista en Hidraulica para  apoyo a Direccion Infraestructura y Ambientes Educativos de enero a junio 2026, certf - 804 - krn;Liquidada; $-   
2026;1771;2;28/01/2026;MINEDUCYT-08/2025 BIRF;47599692;JOSE NOEL MURILLO TRIGUEROS;1401;3;7495;9;1;54599;3; $121.500,00 ; $-   ; $-   ; $-   ;Consultoria  Especialista en Hidraulica para  apoyo a Direccion Infraestructura y Ambientes Educativos de enero a junio 2026, certf - 804 - krn;Liquidada; $-   
2026;1771;4;28/01/2026;MINEDUCYT-08/2025 BIRF;47599692;JOSE NOEL MURILLO TRIGUEROS;1401;3;7495;9;1;54599;5; $3.856.742,00 ; $-   ; $-   ; $-   ;Consultoria  Especialista en Hidraulica para  apoyo a Direccion Infraestructura y Ambientes Educativos de enero a junio 2026, certf - 804 - krn;Liquidada; $-   
2026;1771;1;28/01/2026;MINEDUCYT-08/2025 BIRF;47599692;JOSE NOEL MURILLO TRIGUEROS;1401;3;7495;9;1;54599;2; $838.593,00 ; $-   ; $-   ; $-   ;Consultoria  Especialista en Hidraulica para  apoyo a Direccion Infraestructura y Ambientes Educativos de enero a junio 2026, certf - 804 - krn;Liquidada; $-   
2026;1771;5;28/01/2026;MINEDUCYT-08/2025 BIRF;47599692;JOSE NOEL MURILLO TRIGUEROS;1401;3;7495;9;1;54599;6; $218.023,00 ; $-   ; $-   ; $-   ;Consultoria  Especialista en Hidraulica para  apoyo a Direccion Infraestructura y Ambientes Educativos de enero a junio 2026, certf - 804 - krn;Liquidada; $-   
2026;11922;6;24/06/2026;MINEDUCYT-08/2025-BIRF;47599692;JOSE NOEL MURILLO TRIGUEROS;1401;3;7495;9;1;54599;12; $4.535.751,00 ; $-   ; $-   ; $4.255.616,00 ;Contratación de 1 especialista hidráulico para apoyo a la DIAE (MECT-M-269/2026)-CP 1043-AÑO 2026-JM;Aprobado; $-   
2026;11922;5;24/06/2026;MINEDUCYT-08/2025-BIRF;47599692;JOSE NOEL MURILLO TRIGUEROS;1401;3;7495;9;1;54599;11; $366.688,00 ; $-   ; $-   ; $95.613,00 ;Contratación de 1 especialista hidráulico para apoyo a la DIAE (MECT-M-269/2026)-CP 1043-AÑO 2026-JM;Aprobado; $-   
2026;11922;3;24/06/2026;MINEDUCYT-08/2025-BIRF;47599692;JOSE NOEL MURILLO TRIGUEROS;1401;3;7495;9;1;54599;9; $1.015.315,00 ; $-   ; $-   ; $583.626,00 ;Contratación de 1 especialista hidráulico para apoyo a la DIAE (MECT-M-269/2026)-CP 1043-AÑO 2026-JM;Aprobado; $-   
2026;11922;4;24/06/2026;MINEDUCYT-08/2025-BIRF;47599692;JOSE NOEL MURILLO TRIGUEROS;1401;3;7495;9;1;54599;10; $3.016.370,00 ; $-   ; $-   ; $1.849.696,00 ;Contratación de 1 especialista hidráulico para apoyo a la DIAE (MECT-M-269/2026)-CP 1043-AÑO 2026-JM;Aprobado; $-   
2026;11922;2;24/06/2026;MINEDUCYT-08/2025-BIRF;47599692;JOSE NOEL MURILLO TRIGUEROS;1401;3;7495;9;1;54599;8; $2.245.296,00 ; $-   ; $-   ; $1.223.033,00 ;Contratación de 1 especialista hidráulico para apoyo a la DIAE (MECT-M-269/2026)-CP 1043-AÑO 2026-JM;Aprobado; $-   
2026;11922;1;24/06/2026;MINEDUCYT-08/2025-BIRF;47599692;JOSE NOEL MURILLO TRIGUEROS;1401;3;7495;9;1;54599;7; $2.923.493,00 ; $-   ; $-   ; $2.890.271,00 ;Contratación de 1 especialista hidráulico para apoyo a la DIAE (MECT-M-269/2026)-CP 1043-AÑO 2026-JM;Aprobado; $-   
2026;8534;1;06/05/2026;MINEDUCYT-07/2025-BIRF;47635927;SABRINA JUDITH LARIN VEGA;1401;3;7495;9;1;54502;5; $6.827,00 ; $2.800,00 ; $-   ; $-   ;CONTRATACION DE DISEÑADOR GRAFICO PARA EL PROGRAMA DE EDUCACION INTERCULTURAL -DUEDA 2025-JM;Liquidada; $548.336,00 
2026;8535;1;06/05/2026;MINEDUCYT-07/2025-BIRF;47635927;SABRINA JUDITH LARIN VEGA;1401;3;7495;9;1;54599;5; $3.756.488,00 ; $-   ; $-   ; $-   ;CONTRATACION DE DISEÑADOR GRAFICO PARA EL PROGRAMA DE EDUCACION INTERCULTURAL (PRORROGA MECT-M-475/2025)-CP 725-AÑO 2026-JM;Liquidada; $-   
2026;8654;1;15/05/2026;MINEDUCYT-07/2025-BIRF;47635927;SABRINA JUDITH LARIN VEGA;1401;3;7495;9;1;54599;5; $2.303.250,00 ; $-   ; $-   ; $-   ;CONTRATACION DE DISEÑADOR GRAFICO PARA EL PROGRAMA DE EDUCACION INTERCULTURAL -DUEDA 2025-JM;Liquidada; $-   
2026;1785;5;29/01/2026;MINEDUCYT-36/2023-BIRF;47709815;REYNA MARINA TORRES RIVAS;1401;3;7495;9;1;54599;6; $1.080.842,00 ; $-   ; $-   ; $-   ;CONTRATACIÓN DE 6 ESPECIALISTAS SENIOR EN DISEÑO ARQUITECTÓNICO PARA APOYO A LA DIRECCIÓN DE INFRAESTRUCTURA Y AMBIENTES EDUCATIVO-MECT-M-468/2025-AÑO 2026-CP 798-JM;Liquidada; $-   
2026;1785;4;29/01/2026;MINEDUCYT-36/2023-BIRF;47709815;REYNA MARINA TORRES RIVAS;1401;3;7495;9;1;54599;5; $2.220.316,00 ; $-   ; $-   ; $-   ;CONTRATACIÓN DE 6 ESPECIALISTAS SENIOR EN DISEÑO ARQUITECTÓNICO PARA APOYO A LA DIRECCIÓN DE INFRAESTRUCTURA Y AMBIENTES EDUCATIVO-MECT-M-468/2025-AÑO 2026-CP 798-JM;Liquidada; $-   
2026;1785;3;29/01/2026;MINEDUCYT-36/2023-BIRF;47709815;REYNA MARINA TORRES RIVAS;1401;3;7495;9;1;54599;4; $4.201.184,00 ; $-   ; $-   ; $-   ;CONTRATACIÓN DE 6 ESPECIALISTAS SENIOR EN DISEÑO ARQUITECTÓNICO PARA APOYO A LA DIRECCIÓN DE INFRAESTRUCTURA Y AMBIENTES EDUCATIVO-MECT-M-468/2025-AÑO 2026-CP 798-JM;Liquidada; $-   
2026;1785;2;29/01/2026;MINEDUCYT-36/2023-BIRF;47709815;REYNA MARINA TORRES RIVAS;1401;3;7495;9;1;54599;3; $3.423.382,00 ; $-   ; $-   ; $-   ;CONTRATACIÓN DE 6 ESPECIALISTAS SENIOR EN DISEÑO ARQUITECTÓNICO PARA APOYO A LA DIRECCIÓN DE INFRAESTRUCTURA Y AMBIENTES EDUCATIVO-MECT-M-468/2025-AÑO 2026-CP 798-JM;Liquidada; $-   
2026;1785;1;29/01/2026;MINEDUCYT-36/2023-BIRF;47709815;REYNA MARINA TORRES RIVAS;1401;3;7495;9;1;54599;2; $1.927.260,00 ; $-   ; $-   ; $-   ;CONTRATACIÓN DE 6 ESPECIALISTAS SENIOR EN DISEÑO ARQUITECTÓNICO PARA APOYO A LA DIRECCIÓN DE INFRAESTRUCTURA Y AMBIENTES EDUCATIVO-MECT-M-468/2025-AÑO 2026-CP 798-JM;Liquidada; $-   
2026;12006;1;29/06/2026;MINEDUCYT-36/2023-BIRF;47709815;REYNA MARINA TORRES RIVAS;1401;3;7495;9;1;54599;7; $2.413.423,00 ; $-   ; $-   ; $559.163,00 ;CONTRATACIÓN DE 6 ESPECIALISTAS SENIOR EN DISEÑO ARQUITECTÓNICO PARA APOYO A LA DIRECCIÓN DE INFRAESTRUCTURA Y AMBIENTES EDUCATIVO-MECT-M-468/2025-AÑO 2026-CP 1048-JM;Aprobado; $-   
2026;12006;5;29/06/2026;MINEDUCYT-36/2023-BIRF;47709815;REYNA MARINA TORRES RIVAS;1401;3;7495;9;1;54599;11; $37.210,00 ; $-   ; $-   ; $12.560,00 ;CONTRATACIÓN DE 6 ESPECIALISTAS SENIOR EN DISEÑO ARQUITECTÓNICO PARA APOYO A LA DIRECCIÓN DE INFRAESTRUCTURA Y AMBIENTES EDUCATIVO-MECT-M-468/2025-AÑO 2026-CP 1048-JM;Aprobado; $-   
2026;12006;6;29/06/2026;MINEDUCYT-36/2023-BIRF;47709815;REYNA MARINA TORRES RIVAS;1401;3;7495;9;1;54599;12; $723.166,00 ; $-   ; $-   ; $647.868,00 ;CONTRATACIÓN DE 6 ESPECIALISTAS SENIOR EN DISEÑO ARQUITECTÓNICO PARA APOYO A LA DIRECCIÓN DE INFRAESTRUCTURA Y AMBIENTES EDUCATIVO-MECT-M-468/2025-AÑO 2026-CP 1048-JM;Aprobado; $-   
2026;12006;4;29/06/2026;MINEDUCYT-36/2023-BIRF;47709815;REYNA MARINA TORRES RIVAS;1401;3;7495;9;1;54599;10; $2.038.771,00 ; $-   ; $-   ; $1.035.903,00 ;CONTRATACIÓN DE 6 ESPECIALISTAS SENIOR EN DISEÑO ARQUITECTÓNICO PARA APOYO A LA DIRECCIÓN DE INFRAESTRUCTURA Y AMBIENTES EDUCATIVO-MECT-M-468/2025-AÑO 2026-CP 1048-JM;Aprobado; $-   
2026;12006;3;29/06/2026;MINEDUCYT-36/2023-BIRF;47709815;REYNA MARINA TORRES RIVAS;1401;3;7495;9;1;54599;9; $3.410.078,00 ; $-   ; $-   ; $176.241,00 ;CONTRATACIÓN DE 6 ESPECIALISTAS SENIOR EN DISEÑO ARQUITECTÓNICO PARA APOYO A LA DIRECCIÓN DE INFRAESTRUCTURA Y AMBIENTES EDUCATIVO-MECT-M-468/2025-AÑO 2026-CP 1048-JM;Aprobado; $-   
2026;12006;2;29/06/2026;MINEDUCYT-36/2023-BIRF;47709815;REYNA MARINA TORRES RIVAS;1401;3;7495;9;1;54599;8; $2.394.945,00 ; $-   ; $-   ; $1.812.699,00 ;CONTRATACIÓN DE 6 ESPECIALISTAS SENIOR EN DISEÑO ARQUITECTÓNICO PARA APOYO A LA DIRECCIÓN DE INFRAESTRUCTURA Y AMBIENTES EDUCATIVO-MECT-M-468/2025-AÑO 2026-CP 1048-JM;Aprobado; $-   
2026;1881;4;03/02/2026;MINEDUCYT-20/2023 BIRF  ;47914923;ELVIRA ESTELA PATRIZ DE RAMIREZ;1401;3;7495;9;1;54599;5; $3.730.451,00 ; $-   ; $-   ; $-   ;Contratacion 7 enseñantes de la cultura y lengua indigena para atencion de nidos de inmesion linguistica e identitaria para niños y niñas de 4 a 7 años  Enero a Junio 2026 - CP 750 -JM;Liquidada; $-   
2026;1881;3;03/02/2026;MINEDUCYT-20/2023 BIRF  ;47914923;ELVIRA ESTELA PATRIZ DE RAMIREZ;1401;3;7495;9;1;54599;4; $1.393.480,00 ; $-   ; $-   ; $-   ;Contratacion 7 enseñantes de la cultura y lengua indigena para atencion de nidos de inmesion linguistica e identitaria para niños y niñas de 4 a 7 años  Enero a Junio 2026 - CP 750 -JM;Liquidada; $-   
2026;1881;2;03/02/2026;MINEDUCYT-20/2023 BIRF  ;47914923;ELVIRA ESTELA PATRIZ DE RAMIREZ;1401;3;7495;9;1;54599;3; $448.866,00 ; $-   ; $-   ; $-   ;Contratacion 7 enseñantes de la cultura y lengua indigena para atencion de nidos de inmesion linguistica e identitaria para niños y niñas de 4 a 7 años  Enero a Junio 2026 - CP 750 -JM;Liquidada; $-   
2026;1881;1;03/02/2026;MINEDUCYT-20/2023 BIRF  ;47914923;ELVIRA ESTELA PATRIZ DE RAMIREZ;1401;3;7495;9;1;54599;2; $3.339.730,00 ; $-   ; $-   ; $-   ;Contratacion 7 enseñantes de la cultura y lengua indigena para atencion de nidos de inmesion linguistica e identitaria para niños y niñas de 4 a 7 años  Enero a Junio 2026 - CP 750 -JM;Liquidada; $-   
2026;1881;5;03/02/2026;MINEDUCYT-20/2023 BIRF  ;47914923;ELVIRA ESTELA PATRIZ DE RAMIREZ;1401;3;7495;9;1;54599;6; $2.746.664,00 ; $-   ; $-   ; $-   ;Contratacion 7 enseñantes de la cultura y lengua indigena para atencion de nidos de inmesion linguistica e identitaria para niños y niñas de 4 a 7 años  Enero a Junio 2026 - CP 750 -JM;Liquidada; $-   
2026;12070;5;06/07/2026;MINEDUCYT-20/2023-BIRF;47914923;ELVIRA ESTELA PATRIZ DE RAMIREZ;1401;3;7495;9;1;54599;11; $1.868.557,00 ; $-   ; $-   ; $220.222,00 ;Contratacion 7 enseñantes de la cultura y lengua indigena para atencion de nidos de inmesion linguistica e identitaria para niños y niñas de 4 a 7 años Jul a Dic 2026 - CP1082- Año 2026 -JM;Aprobado; $-   
2026;12070;4;06/07/2026;MINEDUCYT-20/2023-BIRF;47914923;ELVIRA ESTELA PATRIZ DE RAMIREZ;1401;3;7495;9;1;54599;10; $529.918,00 ; $-   ; $-   ; $184.655,00 ;Contratacion 7 enseñantes de la cultura y lengua indigena para atencion de nidos de inmesion linguistica e identitaria para niños y niñas de 4 a 7 años Jul a Dic 2026 - CP1082- Año 2026 -JM;Aprobado; $-   
2026;12070;3;06/07/2026;MINEDUCYT-20/2023-BIRF;47914923;ELVIRA ESTELA PATRIZ DE RAMIREZ;1401;3;7495;9;1;54599;9; $197.517,00 ; $-   ; $-   ; $92.012,00 ;Contratacion 7 enseñantes de la cultura y lengua indigena para atencion de nidos de inmesion linguistica e identitaria para niños y niñas de 4 a 7 años Jul a Dic 2026 - CP1082- Año 2026 -JM;Aprobado; $-   
2026;12070;2;06/07/2026;MINEDUCYT-20/2023-BIRF;47914923;ELVIRA ESTELA PATRIZ DE RAMIREZ;1401;3;7495;9;1;54599;8; $4.438.403,00 ; $-   ; $-   ; $274.843,00 ;Contratacion 7 enseñantes de la cultura y lengua indigena para atencion de nidos de inmesion linguistica e identitaria para niños y niñas de 4 a 7 años Jul a Dic 2026 - CP1082- Año 2026 -JM;Aprobado; $-   
2026;12070;1;06/07/2026;MINEDUCYT-20/2023-BIRF;47914923;ELVIRA ESTELA PATRIZ DE RAMIREZ;1401;3;7495;9;1;54599;7; $803.372,00 ; $-   ; $-   ; $219.960,00 ;Contratacion 7 enseñantes de la cultura y lengua indigena para atencion de nidos de inmesion linguistica e identitaria para niños y niñas de 4 a 7 años Jul a Dic 2026 - CP1082- Año 2026 -JM;Aprobado; $-   
2026;12070;6;06/07/2026;MINEDUCYT-20/2023-BIRF;47914923;ELVIRA ESTELA PATRIZ DE RAMIREZ;1401;3;7495;9;1;54599;12; $3.288.241,00 ; $-   ; $-   ; $1.101.313,00 ;Contratacion 7 enseñantes de la cultura y lengua indigena para atencion de nidos de inmesion linguistica e identitaria para niños y niñas de 4 a 7 años Jul a Dic 2026 - CP1082- Año 2026 -JM;Aprobado; $-   
2026;1801;1;29/01/2026;MINEDUCYT-04/2024 BIRF;48387632;HEBER MOISES ROSALES JUAREZ;1401;3;7495;9;1;54599;2; $1.292.861,00 ; $-   ; $-   ; $-   ;Contratación  Especialista en juegos para la primera infancia de Enero a Junio 2026 - CP 791 -JM;Liquidada; $-   
2026;1801;2;29/01/2026;MINEDUCYT-04/2024 BIRF;48387632;HEBER MOISES ROSALES JUAREZ;1401;3;7495;9;1;54599;3; $2.116.071,00 ; $-   ; $-   ; $-   ;Contratación  Especialista en juegos para la primera infancia de Enero a Junio 2026 - CP 791 -JM;Liquidada; $-   
2026;1801;3;29/01/2026;MINEDUCYT-04/2024 BIRF;48387632;HEBER MOISES ROSALES JUAREZ;1401;3;7495;9;1;54599;4; $3.769.312,00 ; $-   ; $-   ; $-   ;Contratación  Especialista en juegos para la primera infancia de Enero a Junio 2026 - CP 791 -JM;Liquidada; $-   
2026;1801;4;29/01/2026;MINEDUCYT-04/2024 BIRF;48387632;HEBER MOISES ROSALES JUAREZ;1401;3;7495;9;1;54599;5; $2.458.771,00 ; $-   ; $-   ; $-   ;Contratación  Especialista en juegos para la primera infancia de Enero a Junio 2026 - CP 791 -JM;Liquidada; $-   
2026;1801;5;29/01/2026;MINEDUCYT-04/2024 BIRF;48387632;HEBER MOISES ROSALES JUAREZ;1401;3;7495;9;1;54599;6; $1.659.964,00 ; $-   ; $-   ; $-   ;Contratación  Especialista en juegos para la primera infancia de Enero a Junio 2026 - CP 791 -JM;Liquidada; $-   
2026;11900;1;23/06/2026;MINEDUCYT-04/2024-BIRF.;48387632;HEBER MOISES ROSALES JUAREZ;1401;3;7495;9;1;54599;7; $2.336.970,00 ; $-   ; $-   ; $394.464,00 ;CONTRATACION DE UN TECNICO ESPECIALISTA EN JUEGO PARA LA PRIMERA INFANCIA-CP 999-AÑO 2026-JM;Aprobado; $-   
2026;11900;6;23/06/2026;MINEDUCYT-04/2024-BIRF.;48387632;HEBER MOISES ROSALES JUAREZ;1401;3;7495;9;1;54599;12; $4.857.007,00 ; $-   ; $-   ; $2.503.049,00 ;CONTRATACION DE UN TECNICO ESPECIALISTA EN JUEGO PARA LA PRIMERA INFANCIA-CP 999-AÑO 2026-JM;Aprobado; $-   
2026;11900;5;23/06/2026;MINEDUCYT-04/2024-BIRF.;48387632;HEBER MOISES ROSALES JUAREZ;1401;3;7495;9;1;54599;11; $1.362.764,00 ; $-   ; $-   ; $752.208,00 ;CONTRATACION DE UN TECNICO ESPECIALISTA EN JUEGO PARA LA PRIMERA INFANCIA-CP 999-AÑO 2026-JM;Aprobado; $-   
2026;11900;4;23/06/2026;MINEDUCYT-04/2024-BIRF.;48387632;HEBER MOISES ROSALES JUAREZ;1401;3;7495;9;1;54599;10; $2.477.273,00 ; $-   ; $-   ; $2.195.367,00 ;CONTRATACION DE UN TECNICO ESPECIALISTA EN JUEGO PARA LA PRIMERA INFANCIA-CP 999-AÑO 2026-JM;Aprobado; $-   
2026;11900;3;23/06/2026;MINEDUCYT-04/2024-BIRF.;48387632;HEBER MOISES ROSALES JUAREZ;1401;3;7495;9;1;54599;9; $3.766.604,00 ; $-   ; $-   ; $3.063.760,00 ;CONTRATACION DE UN TECNICO ESPECIALISTA EN JUEGO PARA LA PRIMERA INFANCIA-CP 999-AÑO 2026-JM;Aprobado; $-   
2026;11900;2;23/06/2026;MINEDUCYT-04/2024-BIRF.;48387632;HEBER MOISES ROSALES JUAREZ;1401;3;7495;9;1;54599;8; $2.101.177,00 ; $-   ; $-   ; $639.448,00 ;CONTRATACION DE UN TECNICO ESPECIALISTA EN JUEGO PARA LA PRIMERA INFANCIA-CP 999-AÑO 2026-JM;Aprobado; $-   
2026;1803;2;29/01/2026;MINEDUCYT-08/2024;48762939;MARCELA GUADALUPE GUEVARA DE SERRANO;1401;3;7495;9;1;54599;3; $795.861,00 ; $-   ; $-   ; $-   ;Contratación  Tecnico Especialista en Curriculo Matematicas de Enero a Junio 2026 - CP 776 -JM;Liquidada; $-   
2026;1803;3;29/01/2026;MINEDUCYT-08/2024;48762939;MARCELA GUADALUPE GUEVARA DE SERRANO;1401;3;7495;9;1;54599;4; $4.310.235,00 ; $-   ; $-   ; $-   ;Contratación  Tecnico Especialista en Curriculo Matematicas de Enero a Junio 2026 - CP 776 -JM;Liquidada; $-   
2026;1803;4;29/01/2026;MINEDUCYT-08/2024;48762939;MARCELA GUADALUPE GUEVARA DE SERRANO;1401;3;7495;9;1;54599;5; $2.036.611,00 ; $-   ; $-   ; $-   ;Contratación  Tecnico Especialista en Curriculo Matematicas de Enero a Junio 2026 - CP 776 -JM;Liquidada; $-   
2026;1803;5;29/01/2026;MINEDUCYT-08/2024;48762939;MARCELA GUADALUPE GUEVARA DE SERRANO;1401;3;7495;9;1;54599;6; $317.999,00 ; $-   ; $-   ; $-   ;Contratación  Tecnico Especialista en Curriculo Matematicas de Enero a Junio 2026 - CP 776 -JM;Liquidada; $-   
2026;1803;1;29/01/2026;MINEDUCYT-08/2024;48762939;MARCELA GUADALUPE GUEVARA DE SERRANO;1401;3;7495;9;1;54599;2; $501.610,00 ; $-   ; $-   ; $-   ;Contratación  Tecnico Especialista en Curriculo Matematicas de Enero a Junio 2026 - CP 776 -JM;Liquidada; $-   
2026;12043;5;03/07/2026;MINEDUCYT-08/2024;48762939;MARCELA GUADALUPE GUEVARA DE SERRANO;1401;3;7495;9;1;54599;11; $4.885.118,00 ; $-   ; $-   ; $756.536,00 ;CONTRATACION TECNICO ESPECIALISTA EN CURRICULO DE MATEMATICAS PROYECTO CRECER Y APRENDER JUNTOS DESARROLLO INTEGRAL DE LA PRIMERA INFANCIA  1076, JM-krn;Aprobado; $-   
2026;12043;4;03/07/2026;MINEDUCYT-08/2024;48762939;MARCELA GUADALUPE GUEVARA DE SERRANO;1401;3;7495;9;1;54599;10; $536.889,00 ; $-   ; $-   ; $348.890,00 ;CONTRATACION TECNICO ESPECIALISTA EN CURRICULO DE MATEMATICAS PROYECTO CRECER Y APRENDER JUNTOS DESARROLLO INTEGRAL DE LA PRIMERA INFANCIA  1076, JM-krn;Aprobado; $-   
2026;12043;3;03/07/2026;MINEDUCYT-08/2024;48762939;MARCELA GUADALUPE GUEVARA DE SERRANO;1401;3;7495;9;1;54599;9; $4.553.202,00 ; $-   ; $-   ; $2.987.133,00 ;CONTRATACION TECNICO ESPECIALISTA EN CURRICULO DE MATEMATICAS PROYECTO CRECER Y APRENDER JUNTOS DESARROLLO INTEGRAL DE LA PRIMERA INFANCIA  1076, JM-krn;Aprobado; $-   
2026;12043;2;03/07/2026;MINEDUCYT-08/2024;48762939;MARCELA GUADALUPE GUEVARA DE SERRANO;1401;3;7495;9;1;54599;8; $2.872.988,00 ; $-   ; $-   ; $987.616,00 ;CONTRATACION TECNICO ESPECIALISTA EN CURRICULO DE MATEMATICAS PROYECTO CRECER Y APRENDER JUNTOS DESARROLLO INTEGRAL DE LA PRIMERA INFANCIA  1076, JM-krn;Aprobado; $-   
2026;12043;1;03/07/2026;MINEDUCYT-08/2024;48762939;MARCELA GUADALUPE GUEVARA DE SERRANO;1401;3;7495;9;1;54599;7; $508.738,00 ; $-   ; $-   ; $199.790,00 ;CONTRATACION TECNICO ESPECIALISTA EN CURRICULO DE MATEMATICAS PROYECTO CRECER Y APRENDER JUNTOS DESARROLLO INTEGRAL DE LA PRIMERA INFANCIA  1076, JM-krn;Aprobado; $-   
2026;12043;6;03/07/2026;MINEDUCYT-08/2024;48762939;MARCELA GUADALUPE GUEVARA DE SERRANO;1401;3;7495;9;1;54599;12; $3.727.009,00 ; $-   ; $-   ; $2.875.010,00 ;CONTRATACION TECNICO ESPECIALISTA EN CURRICULO DE MATEMATICAS PROYECTO CRECER Y APRENDER JUNTOS DESARROLLO INTEGRAL DE LA PRIMERA INFANCIA  1076, JM-krn;Aprobado; $-   
2026;1921;1;04/02/2026;MINEDUCYT-53/2024-BIRF;49122873;DEBORA ABIGAIL CARDONA LOPEZ;1401;3;7495;9;1;54599;2; $4.509.051,00 ; $-   ; $-   ; $-   ;COTRATACION DE 4 ESPECIALISTAS EN EL AREA DE MEJORA DE CALIDAD PARA  APOYO A LA CERTIFICACION DE ESTANDARES ESTRUCTURALES DE LA CALIDAD- CP 740-AÑO 2026-JM  ;Liquidada; $-   
2026;1921;4;04/02/2026;MINEDUCYT-53/2024-BIRF;49122873;DEBORA ABIGAIL CARDONA LOPEZ;1401;3;7495;9;1;54599;5; $2.345.777,00 ; $-   ; $-   ; $-   ;COTRATACION DE 4 ESPECIALISTAS EN EL AREA DE MEJORA DE CALIDAD PARA  APOYO A LA CERTIFICACION DE ESTANDARES ESTRUCTURALES DE LA CALIDAD- CP 740-AÑO 2026-JM  ;Liquidada; $-   
2026;1921;3;04/02/2026;MINEDUCYT-53/2024-BIRF;49122873;DEBORA ABIGAIL CARDONA LOPEZ;1401;3;7495;9;1;54599;4; $2.114.018,00 ; $-   ; $-   ; $-   ;COTRATACION DE 4 ESPECIALISTAS EN EL AREA DE MEJORA DE CALIDAD PARA  APOYO A LA CERTIFICACION DE ESTANDARES ESTRUCTURALES DE LA CALIDAD- CP 740-AÑO 2026-JM  ;Liquidada; $-   
2026;1921;2;04/02/2026;MINEDUCYT-53/2024-BIRF;49122873;DEBORA ABIGAIL CARDONA LOPEZ;1401;3;7495;9;1;54599;3; $3.786.065,00 ; $-   ; $-   ; $-   ;COTRATACION DE 4 ESPECIALISTAS EN EL AREA DE MEJORA DE CALIDAD PARA  APOYO A LA CERTIFICACION DE ESTANDARES ESTRUCTURALES DE LA CALIDAD- CP 740-AÑO 2026-JM  ;Liquidada; $-   
2026;1921;5;04/02/2026;MINEDUCYT-53/2024-BIRF;49122873;DEBORA ABIGAIL CARDONA LOPEZ;1401;3;7495;9;1;54599;6; $2.274.735,00 ; $-   ; $-   ; $-   ;COTRATACION DE 4 ESPECIALISTAS EN EL AREA DE MEJORA DE CALIDAD PARA  APOYO A LA CERTIFICACION DE ESTANDARES ESTRUCTURALES DE LA CALIDAD- CP 740-AÑO 2026-JM  ;Liquidada; $-   
2026;12048;1;03/07/2026;MINEDUCYT-53/2024 BIRF;49122873;DEBORA ABIGAIL CARDONA LOPEZ;1401;3;7495;9;1;54599;7; $1.713.628,00 ; $-   ; $-   ; $395.379,00 ;CONTRATACION 4 ESPECIALISTA  EN AREA DE MEJORA  A LA CALIDAD PARA APOYO A LA CERTIFICACION DE ESTANDARES STRUCTURALES DE LA CALIDAD CP 1035, JM-krn;Aprobado; $-   
2026;12048;2;03/07/2026;MINEDUCYT-53/2024 BIRF;49122873;DEBORA ABIGAIL CARDONA LOPEZ;1401;3;7495;9;1;54599;8; $4.542.324,00 ; $-   ; $-   ; $2.410.184,00 ;CONTRATACION 4 ESPECIALISTA  EN AREA DE MEJORA  A LA CALIDAD PARA APOYO A LA CERTIFICACION DE ESTANDARES STRUCTURALES DE LA CALIDAD CP 1035, JM-krn;Aprobado; $-   
2026;12048;3;03/07/2026;MINEDUCYT-53/2024 BIRF;49122873;DEBORA ABIGAIL CARDONA LOPEZ;1401;3;7495;9;1;54599;9; $255.879,00 ; $-   ; $-   ; $9.154,00 ;CONTRATACION 4 ESPECIALISTA  EN AREA DE MEJORA  A LA CALIDAD PARA APOYO A LA CERTIFICACION DE ESTANDARES STRUCTURALES DE LA CALIDAD CP 1035, JM-krn;Aprobado; $-   
2026;12048;4;03/07/2026;MINEDUCYT-53/2024 BIRF;49122873;DEBORA ABIGAIL CARDONA LOPEZ;1401;3;7495;9;1;54599;10; $463.727,00 ; $-   ; $-   ; $233.497,00 ;CONTRATACION 4 ESPECIALISTA  EN AREA DE MEJORA  A LA CALIDAD PARA APOYO A LA CERTIFICACION DE ESTANDARES STRUCTURALES DE LA CALIDAD CP 1035, JM-krn;Aprobado; $-   
2026;12048;6;03/07/2026;MINEDUCYT-53/2024 BIRF;49122873;DEBORA ABIGAIL CARDONA LOPEZ;1401;3;7495;9;1;54599;12; $2.746.464,00 ; $-   ; $-   ; $1.071.325,00 ;CONTRATACION 4 ESPECIALISTA  EN AREA DE MEJORA  A LA CALIDAD PARA APOYO A LA CERTIFICACION DE ESTANDARES STRUCTURALES DE LA CALIDAD CP 1035, JM-krn;Aprobado; $-   
2026;12048;5;03/07/2026;MINEDUCYT-53/2024 BIRF;49122873;DEBORA ABIGAIL CARDONA LOPEZ;1401;3;7495;9;1;54599;11; $4.427.528,00 ; $-   ; $-   ; $3.544.194,00 ;CONTRATACION 4 ESPECIALISTA  EN AREA DE MEJORA  A LA CALIDAD PARA APOYO A LA CERTIFICACION DE ESTANDARES STRUCTURALES DE LA CALIDAD CP 1035, JM-krn;Aprobado; $-   
2026;1854;5;02/02/2026;MINEDUCYT-92/2025 BIRF;49279044;ELIZABETH MONSERRATH COTO HERNANDEZ;1401;3;7495;9;1;54599;6; $4.475.872,00 ; $-   ; $-   ; $-   ;Contratacion Tecnico Especialista Gestion Ambiental para implementacionde los instrumentos y herramientas en el marco del proyecto Enero a Junio 2026 - CP 813 -JM;Liquidada; $-   
2026;1854;4;02/02/2026;MINEDUCYT-92/2025 BIRF;49279044;ELIZABETH MONSERRATH COTO HERNANDEZ;1401;3;7495;9;1;54599;5; $3.342.757,00 ; $-   ; $-   ; $-   ;Contratacion Tecnico Especialista Gestion Ambiental para implementacionde los instrumentos y herramientas en el marco del proyecto Enero a Junio 2026 - CP 813 -JM;Liquidada; $-   
2026;1854;3;02/02/2026;MINEDUCYT-92/2025 BIRF;49279044;ELIZABETH MONSERRATH COTO HERNANDEZ;1401;3;7495;9;1;54599;4; $3.337.295,00 ; $-   ; $-   ; $-   ;Contratacion Tecnico Especialista Gestion Ambiental para implementacionde los instrumentos y herramientas en el marco del proyecto Enero a Junio 2026 - CP 813 -JM;Liquidada; $-   
2026;1854;1;02/02/2026;MINEDUCYT-92/2025 BIRF;49279044;ELIZABETH MONSERRATH COTO HERNANDEZ;1401;3;7495;9;1;54599;2; $207.926,00 ; $-   ; $-   ; $-   ;Contratacion Tecnico Especialista Gestion Ambiental para implementacionde los instrumentos y herramientas en el marco del proyecto Enero a Junio 2026 - CP 813 -JM;Liquidada; $-   
2026;1854;2;02/02/2026;MINEDUCYT-92/2025 BIRF;49279044;ELIZABETH MONSERRATH COTO HERNANDEZ;1401;3;7495;9;1;54599;3; $1.736.638,00 ; $-   ; $-   ; $-   ;Contratacion Tecnico Especialista Gestion Ambiental para implementacionde los instrumentos y herramientas en el marco del proyecto Enero a Junio 2026 - CP 813 -JM;Liquidada; $-   
2026;11978;6;26/06/2026;MINEDUCYT-92/2025 BIRF;49279044;ELIZABETH MONSERRATH COTO HERNANDEZ;1401;3;7495;9;1;54599;12; $3.009.445,00 ; $-   ; $-   ; $170.001,00 ;Consultoria de Tecnico Gestion Ambiental  para Implementacion de los instrumentos y herramientas en el marco del proyecto MECT-M-323/2026- CP 1071- año 2026 -JM-krn;Aprobado; $-   
2026;11978;2;26/06/2026;MINEDUCYT-92/2025 BIRF;49279044;ELIZABETH MONSERRATH COTO HERNANDEZ;1401;3;7495;9;1;54599;8; $1.248.613,00 ; $-   ; $-   ; $583.771,00 ;Consultoria de Tecnico Gestion Ambiental  para Implementacion de los instrumentos y herramientas en el marco del proyecto MECT-M-323/2026- CP 1071- año 2026 -JM-krn;Aprobado; $-   
2026;11978;3;26/06/2026;MINEDUCYT-92/2025 BIRF;49279044;ELIZABETH MONSERRATH COTO HERNANDEZ;1401;3;7495;9;1;54599;9; $4.118.367,00 ; $-   ; $-   ; $1.255.220,00 ;Consultoria de Tecnico Gestion Ambiental  para Implementacion de los instrumentos y herramientas en el marco del proyecto MECT-M-323/2026- CP 1071- año 2026 -JM-krn;Aprobado; $-   
2026;11978;4;26/06/2026;MINEDUCYT-92/2025 BIRF;49279044;ELIZABETH MONSERRATH COTO HERNANDEZ;1401;3;7495;9;1;54599;10; $2.896.613,00 ; $-   ; $-   ; $668.430,00 ;Consultoria de Tecnico Gestion Ambiental  para Implementacion de los instrumentos y herramientas en el marco del proyecto MECT-M-323/2026- CP 1071- año 2026 -JM-krn;Aprobado; $-   
2026;11978;5;26/06/2026;MINEDUCYT-92/2025 BIRF;49279044;ELIZABETH MONSERRATH COTO HERNANDEZ;1401;3;7495;9;1;54599;11; $4.549.405,00 ; $-   ; $-   ; $3.072.313,00 ;Consultoria de Tecnico Gestion Ambiental  para Implementacion de los instrumentos y herramientas en el marco del proyecto MECT-M-323/2026- CP 1071- año 2026 -JM-krn;Aprobado; $-   
2026;11978;1;26/06/2026;MINEDUCYT-92/2025 BIRF;49279044;ELIZABETH MONSERRATH COTO HERNANDEZ;1401;3;7495;9;1;54599;7; $4.386.136,00 ; $-   ; $-   ; $1.166.233,00 ;Consultoria de Tecnico Gestion Ambiental  para Implementacion de los instrumentos y herramientas en el marco del proyecto MECT-M-323/2026- CP 1071- año 2026 -JM-krn;Aprobado; $-   
2026;1769;1;28/01/2026;MINEDUCYT-5/2024-BIRF;49288247;SONIA ADELAIDA GUEVARA VASQUEZ;1401;3;7495;9;1;54599;2; $1.420.300,00 ; $-   ; $-   ; $-   ;CONTRATACION DE TECNICO ESPECIALISTA EN CURRICULO DE PRIMERA INFANCIA, ESPECIALIDAD EN EDUCACIÓN FISICA-MECT-M-364/2025-AÑO 2026-CP 786-JM;Liquidada; $-   
2026;1769;2;28/01/2026;MINEDUCYT-5/2024-BIRF;49288247;SONIA ADELAIDA GUEVARA VASQUEZ;1401;3;7495;9;1;54599;3; $2.405.376,00 ; $-   ; $-   ; $-   ;CONTRATACION DE TECNICO ESPECIALISTA EN CURRICULO DE PRIMERA INFANCIA, ESPECIALIDAD EN EDUCACIÓN FISICA-MECT-M-364/2025-AÑO 2026-CP 786-JM;Liquidada; $-   
2026;1769;3;28/01/2026;MINEDUCYT-5/2024-BIRF;49288247;SONIA ADELAIDA GUEVARA VASQUEZ;1401;3;7495;9;1;54599;4; $658.948,00 ; $-   ; $-   ; $-   ;CONTRATACION DE TECNICO ESPECIALISTA EN CURRICULO DE PRIMERA INFANCIA, ESPECIALIDAD EN EDUCACIÓN FISICA-MECT-M-364/2025-AÑO 2026-CP 786-JM;Liquidada; $-   
2026;1769;5;28/01/2026;MINEDUCYT-5/2024-BIRF;49288247;SONIA ADELAIDA GUEVARA VASQUEZ;1401;3;7495;9;1;54599;6; $3.517.727,00 ; $-   ; $-   ; $-   ;CONTRATACION DE TECNICO ESPECIALISTA EN CURRICULO DE PRIMERA INFANCIA, ESPECIALIDAD EN EDUCACIÓN FISICA-MECT-M-364/2025-AÑO 2026-CP 786-JM;Liquidada; $-   
2026;1769;4;28/01/2026;MINEDUCYT-5/2024-BIRF;49288247;SONIA ADELAIDA GUEVARA VASQUEZ;1401;3;7495;9;1;54599;5; $2.402.581,00 ; $-   ; $-   ; $-   ;CONTRATACION DE TECNICO ESPECIALISTA EN CURRICULO DE PRIMERA INFANCIA, ESPECIALIDAD EN EDUCACIÓN FISICA-MECT-M-364/2025-AÑO 2026-CP 786-JM;Liquidada; $-   
2026;11901;5;23/06/2026;MINEDUCYT-05/2024-BIRF;49288247;SONIA ADELAIDA GUEVARA VASQUEZ;1401;3;7495;9;1;54599;11; $2.071.616,00 ; $-   ; $-   ; $1.182.774,00 ;CONTRATACION DE UN TECNICO ESPECIALISTA EN CURRICULO DE PRIMERA INFANCIA, ESPECIALIDAD EN EDUC FISICA DEPORTE-CP 1001-AÑO 2026-JM;Aprobado; $-   
2026;11901;1;23/06/2026;MINEDUCYT-05/2024-BIRF;49288247;SONIA ADELAIDA GUEVARA VASQUEZ;1401;3;7495;9;1;54599;7; $2.539.960,00 ; $-   ; $-   ; $460.425,00 ;CONTRATACION DE UN TECNICO ESPECIALISTA EN CURRICULO DE PRIMERA INFANCIA, ESPECIALIDAD EN EDUC FISICA DEPORTE-CP 1001-AÑO 2026-JM;Aprobado; $-   
2026;11901;2;23/06/2026;MINEDUCYT-05/2024-BIRF;49288247;SONIA ADELAIDA GUEVARA VASQUEZ;1401;3;7495;9;1;54599;8; $2.812.796,00 ; $-   ; $-   ; $134.008,00 ;CONTRATACION DE UN TECNICO ESPECIALISTA EN CURRICULO DE PRIMERA INFANCIA, ESPECIALIDAD EN EDUC FISICA DEPORTE-CP 1001-AÑO 2026-JM;Aprobado; $-   
2026;11901;4;23/06/2026;MINEDUCYT-05/2024-BIRF;49288247;SONIA ADELAIDA GUEVARA VASQUEZ;1401;3;7495;9;1;54599;10; $3.569.259,00 ; $-   ; $-   ; $1.352.138,00 ;CONTRATACION DE UN TECNICO ESPECIALISTA EN CURRICULO DE PRIMERA INFANCIA, ESPECIALIDAD EN EDUC FISICA DEPORTE-CP 1001-AÑO 2026-JM;Aprobado; $-   
2026;11901;3;23/06/2026;MINEDUCYT-05/2024-BIRF;49288247;SONIA ADELAIDA GUEVARA VASQUEZ;1401;3;7495;9;1;54599;9; $1.388.266,00 ; $-   ; $-   ; $360.299,00 ;CONTRATACION DE UN TECNICO ESPECIALISTA EN CURRICULO DE PRIMERA INFANCIA, ESPECIALIDAD EN EDUC FISICA DEPORTE-CP 1001-AÑO 2026-JM;Aprobado; $-   
2026;11901;6;23/06/2026;MINEDUCYT-05/2024-BIRF;49288247;SONIA ADELAIDA GUEVARA VASQUEZ;1401;3;7495;9;1;54599;12; $2.201.327,00 ; $-   ; $-   ; $1.761.281,00 ;CONTRATACION DE UN TECNICO ESPECIALISTA EN CURRICULO DE PRIMERA INFANCIA, ESPECIALIDAD EN EDUC FISICA DEPORTE-CP 1001-AÑO 2026-JM;Aprobado; $-   
2026;1940;3;04/02/2026;MINEDUCYT-40/2023-BIRF;49353165;KEYRI ANDERSON RODRIGUEZ ASCENCIO;1401;3;7495;9;1;54599;4; $3.807.106,00 ; $-   ; $-   ; $-   ;CONTRATACION DE 2 ESPECIALISTAS EN FORMULACION Y GESTION DE PROYECTOS DE INFRAESTRUCTURA EDUCATIVA PARA APOYAR LA LABOR DE LA DIAE-AÑO 2026-CP 794-JM;Liquidada; $-   
2026;1940;2;04/02/2026;MINEDUCYT-40/2023-BIRF;49353165;KEYRI ANDERSON RODRIGUEZ ASCENCIO;1401;3;7495;9;1;54599;3; $1.844.909,00 ; $-   ; $-   ; $-   ;CONTRATACION DE 2 ESPECIALISTAS EN FORMULACION Y GESTION DE PROYECTOS DE INFRAESTRUCTURA EDUCATIVA PARA APOYAR LA LABOR DE LA DIAE-AÑO 2026-CP 794-JM;Liquidada; $-   
2026;1940;1;04/02/2026;MINEDUCYT-40/2023-BIRF;49353165;KEYRI ANDERSON RODRIGUEZ ASCENCIO;1401;3;7495;9;1;54599;2; $4.909.782,00 ; $-   ; $-   ; $-   ;CONTRATACION DE 2 ESPECIALISTAS EN FORMULACION Y GESTION DE PROYECTOS DE INFRAESTRUCTURA EDUCATIVA PARA APOYAR LA LABOR DE LA DIAE-AÑO 2026-CP 794-JM;Liquidada; $-   
2026;1940;4;04/02/2026;MINEDUCYT-40/2023-BIRF;49353165;KEYRI ANDERSON RODRIGUEZ ASCENCIO;1401;3;7495;9;1;54599;5; $550.048,00 ; $-   ; $-   ; $-   ;CONTRATACION DE 2 ESPECIALISTAS EN FORMULACION Y GESTION DE PROYECTOS DE INFRAESTRUCTURA EDUCATIVA PARA APOYAR LA LABOR DE LA DIAE-AÑO 2026-CP 794-JM;Liquidada; $-   
2026;1940;5;04/02/2026;MINEDUCYT-40/2023-BIRF;49353165;KEYRI ANDERSON RODRIGUEZ ASCENCIO;1401;3;7495;9;1;54599;6; $4.417.085,00 ; $-   ; $-   ; $-   ;CONTRATACION DE 2 ESPECIALISTAS EN FORMULACION Y GESTION DE PROYECTOS DE INFRAESTRUCTURA EDUCATIVA PARA APOYAR LA LABOR DE LA DIAE-AÑO 2026-CP 794-JM;Liquidada; $-   
2026;12005;6;29/06/2026;MINEDUCYT-40/2023-BIRF;49353165;KEYRI ANDERSON RODRIGUEZ ASCENCIO;1401;3;7495;9;1;54599;12; $3.848.362,00 ; $-   ; $-   ; $360.140,00 ;CONTRATACION DE 2 ESPECIALISTAS EN FORMULACION Y GESTION DE PROYECTOS DE INFRAESTRUCTURA EDUCATIVA PARA APOYAR LA LABOR DE LA DIAE-AÑO 2026-CP 1052-JM;Aprobado; $-   
2026;12005;4;29/06/2026;MINEDUCYT-40/2023-BIRF;49353165;KEYRI ANDERSON RODRIGUEZ ASCENCIO;1401;3;7495;9;1;54599;10; $2.134.475,00 ; $-   ; $-   ; $2.100.807,00 ;CONTRATACION DE 2 ESPECIALISTAS EN FORMULACION Y GESTION DE PROYECTOS DE INFRAESTRUCTURA EDUCATIVA PARA APOYAR LA LABOR DE LA DIAE-AÑO 2026-CP 1052-JM;Aprobado; $-   
2026;12005;3;29/06/2026;MINEDUCYT-40/2023-BIRF;49353165;KEYRI ANDERSON RODRIGUEZ ASCENCIO;1401;3;7495;9;1;54599;9; $1.347.934,00 ; $-   ; $-   ; $1.133.882,00 ;CONTRATACION DE 2 ESPECIALISTAS EN FORMULACION Y GESTION DE PROYECTOS DE INFRAESTRUCTURA EDUCATIVA PARA APOYAR LA LABOR DE LA DIAE-AÑO 2026-CP 1052-JM;Aprobado; $-   
2026;12005;2;29/06/2026;MINEDUCYT-40/2023-BIRF;49353165;KEYRI ANDERSON RODRIGUEZ ASCENCIO;1401;3;7495;9;1;54599;8; $4.929.338,00 ; $-   ; $-   ; $1.882.687,00 ;CONTRATACION DE 2 ESPECIALISTAS EN FORMULACION Y GESTION DE PROYECTOS DE INFRAESTRUCTURA EDUCATIVA PARA APOYAR LA LABOR DE LA DIAE-AÑO 2026-CP 1052-JM;Aprobado; $-   
2026;12005;1;29/06/2026;MINEDUCYT-40/2023-BIRF;49353165;KEYRI ANDERSON RODRIGUEZ ASCENCIO;1401;3;7495;9;1;54599;7; $103.722,00 ; $-   ; $-   ; $20.706,00 ;CONTRATACION DE 2 ESPECIALISTAS EN FORMULACION Y GESTION DE PROYECTOS DE INFRAESTRUCTURA EDUCATIVA PARA APOYAR LA LABOR DE LA DIAE-AÑO 2026-CP 1052-JM;Aprobado; $-   
2026;12005;5;29/06/2026;MINEDUCYT-40/2023-BIRF;49353165;KEYRI ANDERSON RODRIGUEZ ASCENCIO;1401;3;7495;9;1;54599;11; $2.965.512,00 ; $-   ; $-   ; $1.975.733,00 ;CONTRATACION DE 2 ESPECIALISTAS EN FORMULACION Y GESTION DE PROYECTOS DE INFRAESTRUCTURA EDUCATIVA PARA APOYAR LA LABOR DE LA DIAE-AÑO 2026-CP 1052-JM;Aprobado; $-   
2026;6436;1;26/03/2026;MINEDUCYT-99/2025-BIRF;49479660;MARLON YOBANI PEÑATE CONTRERAS;1401;3;7495;9;1;54502;4; $1.978.092,00 ; $750,00 ; $-   ; $-   ;CONTRATACION DE 28 PORTADORES CULTURALES PARA DESARROLLAR TALLERES DE IDENTIDAD CULTURAL NÁHUAT, LENCA Y CACAOPERA EN CENTROS EDUCATIVOS-CP 692-AÑO 2026-JM;Liquidada; $785.775,00 
2026;11833;1;16/06/2026;MINEDUCYT-99/2025-BIRF.;49479660;MARLON YOBANI PEÑATE CONTRERAS;1401;3;7495;9;1;54599;6; $209.204,00 ; $-   ; $-   ; $-   ;CONTRATACION DE 28 PORTADORES CULTURALES PARA DESARROLLAR TALLERES DE IDENTIDAD CULTURAL NÁHUAT, LENCA Y CACAOPERA EN CENTROS EDUCATIVOS-CP 692-AÑO 2026-JM;Liquidada; $-   
2026;1891;4;03/02/2026;MINEDUCYT-74/2024 BIRF;49899250;JOSE RODRIGO GUARDADO REYES;1401;3;7495;9;1;54599;5; $1.118.421,00 ; $-   ; $-   ; $-   ;Contratacion 3 Especialista en  Diseño Electrico para apoyo  Unidad de Infraestructura y Ambientes Educativos (DIAE) Enero a Junio 2026 - CP 802 -JM;Liquidada; $-   
2026;1891;3;03/02/2026;MINEDUCYT-74/2024 BIRF;49899250;JOSE RODRIGO GUARDADO REYES;1401;3;7495;9;1;54599;4; $1.065.749,00 ; $-   ; $-   ; $-   ;Contratacion 3 Especialista en  Diseño Electrico para apoyo  Unidad de Infraestructura y Ambientes Educativos (DIAE) Enero a Junio 2026 - CP 802 -JM;Liquidada; $-   
2026;1891;2;03/02/2026;MINEDUCYT-74/2024 BIRF;49899250;JOSE RODRIGO GUARDADO REYES;1401;3;7495;9;1;54599;3; $3.905.850,00 ; $-   ; $-   ; $-   ;Contratacion 3 Especialista en  Diseño Electrico para apoyo  Unidad de Infraestructura y Ambientes Educativos (DIAE) Enero a Junio 2026 - CP 802 -JM;Liquidada; $-   
2026;1891;1;03/02/2026;MINEDUCYT-74/2024 BIRF;49899250;JOSE RODRIGO GUARDADO REYES;1401;3;7495;9;1;54599;2; $2.794.781,00 ; $-   ; $-   ; $-   ;Contratacion 3 Especialista en  Diseño Electrico para apoyo  Unidad de Infraestructura y Ambientes Educativos (DIAE) Enero a Junio 2026 - CP 802 -JM;Liquidada; $-   
2026;1891;5;03/02/2026;MINEDUCYT-74/2024 BIRF;49899250;JOSE RODRIGO GUARDADO REYES;1401;3;7495;9;1;54599;6; $4.556.568,00 ; $-   ; $-   ; $-   ;Contratacion 3 Especialista en  Diseño Electrico para apoyo  Unidad de Infraestructura y Ambientes Educativos (DIAE) Enero a Junio 2026 - CP 802 -JM;Liquidada; $-   
2026;11921;5;24/06/2026;MINEDUCYT-74/2024-BIRF;49899250;JOSE RODRIGO GUARDADO REYES;1401;3;7495;9;1;54599;11; $871.766,00 ; $-   ; $-   ; $65.845,00 ;" ""Contratación de tres (3) especialistas en diseño eléctrico para apoyo a la  (DIAE)- MECT-M-265/2026-CP 1047-AÑO 2026-JM";Aprobado; $-   
2026;11921;4;24/06/2026;MINEDUCYT-74/2024-BIRF;49899250;JOSE RODRIGO GUARDADO REYES;1401;3;7495;9;1;54599;10; $888.597,00 ; $-   ; $-   ; $181.218,00 ;" ""Contratación de tres (3) especialistas en diseño eléctrico para apoyo a la  (DIAE)- MECT-M-265/2026-CP 1047-AÑO 2026-JM";Aprobado; $-   
2026;11921;3;24/06/2026;MINEDUCYT-74/2024-BIRF;49899250;JOSE RODRIGO GUARDADO REYES;1401;3;7495;9;1;54599;9; $1.064.983,00 ; $-   ; $-   ; $931.547,00 ;" ""Contratación de tres (3) especialistas en diseño eléctrico para apoyo a la  (DIAE)- MECT-M-265/2026-CP 1047-AÑO 2026-JM";Aprobado; $-   
2026;11921;2;24/06/2026;MINEDUCYT-74/2024-BIRF;49899250;JOSE RODRIGO GUARDADO REYES;1401;3;7495;9;1;54599;8; $4.507.679,00 ; $-   ; $-   ; $258.275,00 ;" ""Contratación de tres (3) especialistas en diseño eléctrico para apoyo a la  (DIAE)- MECT-M-265/2026-CP 1047-AÑO 2026-JM";Aprobado; $-   
2026;11921;1;24/06/2026;MINEDUCYT-74/2024-BIRF;49899250;JOSE RODRIGO GUARDADO REYES;1401;3;7495;9;1;54599;7; $4.300.279,00 ; $-   ; $-   ; $4.113.377,00 ;" ""Contratación de tres (3) especialistas en diseño eléctrico para apoyo a la  (DIAE)- MECT-M-265/2026-CP 1047-AÑO 2026-JM";Aprobado; $-   
2026;11921;6;24/06/2026;MINEDUCYT-74/2024-BIRF;49899250;JOSE RODRIGO GUARDADO REYES;1401;3;7495;9;1;54599;12; $2.653.741,00 ; $-   ; $-   ; $789.658,00 ;" ""Contratación de tres (3) especialistas en diseño eléctrico para apoyo a la  (DIAE)- MECT-M-265/2026-CP 1047-AÑO 2026-JM";Aprobado; $-   
2026;1990;1;06/02/2026;MINEDUCYT-81/2025-BIRF;50324925;OSCAR DAVID DIAZ BELTRAN;1401;3;7495;9;1;54599;2; $3.297.122,00 ; $-   ; $-   ; $-   ;CONTRATACION DE 2 ARQUITECTOS JUNIOR PARA  APOYO A LA DIAE-AÑO 2026-CP 890-JM;Liquidada; $-   
2026;1990;2;06/02/2026;MINEDUCYT-81/2025-BIRF;50324925;OSCAR DAVID DIAZ BELTRAN;1401;3;7495;9;1;54599;3; $1.891.177,00 ; $-   ; $-   ; $-   ;CONTRATACION DE 2 ARQUITECTOS JUNIOR PARA  APOYO A LA DIAE-AÑO 2026-CP 890-JM;Liquidada; $-   
2026;1990;5;06/02/2026;MINEDUCYT-81/2025-BIRF;50324925;OSCAR DAVID DIAZ BELTRAN;1401;3;7495;9;1;54599;6; $1.779.367,00 ; $-   ; $-   ; $-   ;CONTRATACION DE 2 ARQUITECTOS JUNIOR PARA  APOYO A LA DIAE-AÑO 2026-CP 890-JM;Liquidada; $-   
2026;1990;4;06/02/2026;MINEDUCYT-81/2025-BIRF;50324925;OSCAR DAVID DIAZ BELTRAN;1401;3;7495;9;1;54599;5; $2.855.877,00 ; $-   ; $-   ; $-   ;CONTRATACION DE 2 ARQUITECTOS JUNIOR PARA  APOYO A LA DIAE-AÑO 2026-CP 890-JM;Liquidada; $-   
2026;1990;3;06/02/2026;MINEDUCYT-81/2025-BIRF;50324925;OSCAR DAVID DIAZ BELTRAN;1401;3;7495;9;1;54599;4; $1.446.282,00 ; $-   ; $-   ; $-   ;CONTRATACION DE 2 ARQUITECTOS JUNIOR PARA  APOYO A LA DIAE-AÑO 2026-CP 890-JM;Liquidada; $-   
2026;12056;1;03/07/2026;MINEDUCYT-81/2025-BIRF;50324925;OSCAR DAVID DIAZ BELTRAN;1401;3;7495;9;1;54599;7; $4.768.617,00 ; $-   ; $-   ; $1.136.244,00 ;CONTRATACION DE 2 ARQUITECTOS JUNIOR PARA  APOYO A LA DIAE-AÑO 2026-CP1040-JM;Aprobado; $-   
2026;12056;2;03/07/2026;MINEDUCYT-81/2025-BIRF;50324925;OSCAR DAVID DIAZ BELTRAN;1401;3;7495;9;1;54599;8; $1.778.728,00 ; $-   ; $-   ; $337.772,00 ;CONTRATACION DE 2 ARQUITECTOS JUNIOR PARA  APOYO A LA DIAE-AÑO 2026-CP1040-JM;Aprobado; $-   
2026;12056;3;03/07/2026;MINEDUCYT-81/2025-BIRF;50324925;OSCAR DAVID DIAZ BELTRAN;1401;3;7495;9;1;54599;9; $1.552.093,00 ; $-   ; $-   ; $639.460,00 ;CONTRATACION DE 2 ARQUITECTOS JUNIOR PARA  APOYO A LA DIAE-AÑO 2026-CP1040-JM;Aprobado; $-   
2026;12056;4;03/07/2026;MINEDUCYT-81/2025-BIRF;50324925;OSCAR DAVID DIAZ BELTRAN;1401;3;7495;9;1;54599;10; $1.787.206,00 ; $-   ; $-   ; $601.331,00 ;CONTRATACION DE 2 ARQUITECTOS JUNIOR PARA  APOYO A LA DIAE-AÑO 2026-CP1040-JM;Aprobado; $-   
2026;12056;5;03/07/2026;MINEDUCYT-81/2025-BIRF;50324925;OSCAR DAVID DIAZ BELTRAN;1401;3;7495;9;1;54599;11; $931.737,00 ; $-   ; $-   ; $430.242,00 ;CONTRATACION DE 2 ARQUITECTOS JUNIOR PARA  APOYO A LA DIAE-AÑO 2026-CP1040-JM;Aprobado; $-   
2026;12056;6;03/07/2026;MINEDUCYT-81/2025-BIRF;50324925;OSCAR DAVID DIAZ BELTRAN;1401;3;7495;9;1;54599;12; $2.971.994,00 ; $-   ; $-   ; $245.431,00 ;CONTRATACION DE 2 ARQUITECTOS JUNIOR PARA  APOYO A LA DIAE-AÑO 2026-CP1040-JM;Aprobado; $-   
2026;1900;1;03/02/2026;MINEDUCYT-133/2025 BIRF;50421052;ELSA GUADALUPE CASTRO SALINAS;1401;3;7495;9;1;54599;2; $1.020.856,00 ; $-   ; $-   ; $-   ;Contratacion Especialistas Junior para seguimiento de adquisciones en el marco del proyecto crecer y Aprender Juntos Desarrollo Integral de la Primera Infancia en El Salavdor, Enero a Junio 2026 - CP 702 -JM;Liquidada; $-   
2026;1900;2;03/02/2026;MINEDUCYT-133/2025 BIRF;50421052;ELSA GUADALUPE CASTRO SALINAS;1401;3;7495;9;1;54599;3; $108.390,00 ; $-   ; $-   ; $-   ;Contratacion Especialistas Junior para seguimiento de adquisciones en el marco del proyecto crecer y Aprender Juntos Desarrollo Integral de la Primera Infancia en El Salavdor, Enero a Junio 2026 - CP 702 -JM;Liquidada; $-   
2026;1900;3;03/02/2026;MINEDUCYT-133/2025 BIRF;50421052;ELSA GUADALUPE CASTRO SALINAS;1401;3;7495;9;1;54599;4; $2.369.312,00 ; $-   ; $-   ; $-   ;Contratacion Especialistas Junior para seguimiento de adquisciones en el marco del proyecto crecer y Aprender Juntos Desarrollo Integral de la Primera Infancia en El Salavdor, Enero a Junio 2026 - CP 702 -JM;Liquidada; $-   
2026;1900;4;03/02/2026;MINEDUCYT-133/2025 BIRF;50421052;ELSA GUADALUPE CASTRO SALINAS;1401;3;7495;9;1;54599;5; $121.588,00 ; $-   ; $-   ; $-   ;Contratacion Especialistas Junior para seguimiento de adquisciones en el marco del proyecto crecer y Aprender Juntos Desarrollo Integral de la Primera Infancia en El Salavdor, Enero a Junio 2026 - CP 702 -JM;Liquidada; $-   
2026;1900;5;03/02/2026;MINEDUCYT-133/2025 BIRF;50421052;ELSA GUADALUPE CASTRO SALINAS;1401;3;7495;9;1;54599;6; $3.569.212,00 ; $-   ; $-   ; $-   ;Contratacion Especialistas Junior para seguimiento de adquisciones en el marco del proyecto crecer y Aprender Juntos Desarrollo Integral de la Primera Infancia en El Salavdor, Enero a Junio 2026 - CP 702 -JM;Liquidada; $-   
2026;12078;2;07/07/2026;MINEDUCYT-133/2025-BIRF;50421052;ELSA GUADALUPE CASTRO SALINAS;1401;3;7495;9;1;54599;8; $3.012.751,00 ; $-   ; $-   ; $1.122.631,00 ;CONTRATACIÓN DE 4 ESPECIALISTAS EN EL AREA DE MEJORA DE LA CALIDADA PARA APOYO A LA CERTIFICACIÓN DE ESTANDARES ESTRUCTURALES DE CALIDAD-JUL A DIC- CP 1034-AÑO 2026-JM;Aprobado; $-   
2026;12078;6;07/07/2026;MINEDUCYT-133/2025-BIRF;50421052;ELSA GUADALUPE CASTRO SALINAS;1401;3;7495;9;1;54599;12; $3.053.318,00 ; $-   ; $-   ; $3.022.293,00 ;CONTRATACIÓN DE 4 ESPECIALISTAS EN EL AREA DE MEJORA DE LA CALIDADA PARA APOYO A LA CERTIFICACIÓN DE ESTANDARES ESTRUCTURALES DE CALIDAD-JUL A DIC- CP 1034-AÑO 2026-JM;Aprobado; $-   
2026;12078;5;07/07/2026;MINEDUCYT-133/2025-BIRF;50421052;ELSA GUADALUPE CASTRO SALINAS;1401;3;7495;9;1;54599;11; $2.596.165,00 ; $-   ; $-   ; $2.072.147,00 ;CONTRATACIÓN DE 4 ESPECIALISTAS EN EL AREA DE MEJORA DE LA CALIDADA PARA APOYO A LA CERTIFICACIÓN DE ESTANDARES ESTRUCTURALES DE CALIDAD-JUL A DIC- CP 1034-AÑO 2026-JM;Aprobado; $-   
2026;12078;4;07/07/2026;MINEDUCYT-133/2025-BIRF;50421052;ELSA GUADALUPE CASTRO SALINAS;1401;3;7495;9;1;54599;10; $829.713,00 ; $-   ; $-   ; $461.304,00 ;CONTRATACIÓN DE 4 ESPECIALISTAS EN EL AREA DE MEJORA DE LA CALIDADA PARA APOYO A LA CERTIFICACIÓN DE ESTANDARES ESTRUCTURALES DE CALIDAD-JUL A DIC- CP 1034-AÑO 2026-JM;Aprobado; $-   
2026;12078;3;07/07/2026;MINEDUCYT-133/2025-BIRF;50421052;ELSA GUADALUPE CASTRO SALINAS;1401;3;7495;9;1;54599;9; $913.562,00 ; $-   ; $-   ; $423.237,00 ;CONTRATACIÓN DE 4 ESPECIALISTAS EN EL AREA DE MEJORA DE LA CALIDADA PARA APOYO A LA CERTIFICACIÓN DE ESTANDARES ESTRUCTURALES DE CALIDAD-JUL A DIC- CP 1034-AÑO 2026-JM;Aprobado; $-   
2026;12078;1;07/07/2026;MINEDUCYT-133/2025-BIRF;50421052;ELSA GUADALUPE CASTRO SALINAS;1401;3;7495;9;1;54599;7; $147.512,00 ; $-   ; $-   ; $90.406,00 ;CONTRATACIÓN DE 4 ESPECIALISTAS EN EL AREA DE MEJORA DE LA CALIDADA PARA APOYO A LA CERTIFICACIÓN DE ESTANDARES ESTRUCTURALES DE CALIDAD-JUL A DIC- CP 1034-AÑO 2026-JM;Aprobado; $-   
2026;1809;1;30/01/2026;MINEDUCYT-15/2024 BIRF;50582159;JOCELYN MELISSA CARCAMO CALDERON;1401;3;7495;9;1;54599;2; $1.402.824,00 ; $-   ; $-   ; $-   ;Consultoria de Tecnico para area de Presupuesto Enero a Junio 2026 - CP  -JM;Liquidada; $-   
2026;1809;2;30/01/2026;MINEDUCYT-15/2024 BIRF;50582159;JOCELYN MELISSA CARCAMO CALDERON;1401;3;7495;9;1;54599;3; $2.893.909,00 ; $-   ; $-   ; $-   ;Consultoria de Tecnico para area de Presupuesto Enero a Junio 2026 - CP  -JM;Liquidada; $-   
2026;1809;5;30/01/2026;MINEDUCYT-15/2024 BIRF;50582159;JOCELYN MELISSA CARCAMO CALDERON;1401;3;7495;9;1;54599;6; $4.515.697,00 ; $-   ; $-   ; $-   ;Consultoria de Tecnico para area de Presupuesto Enero a Junio 2026 - CP  -JM;Liquidada; $-   
2026;1809;4;30/01/2026;MINEDUCYT-15/2024 BIRF;50582159;JOCELYN MELISSA CARCAMO CALDERON;1401;3;7495;9;1;54599;5; $3.073.778,00 ; $-   ; $-   ; $-   ;Consultoria de Tecnico para area de Presupuesto Enero a Junio 2026 - CP  -JM;Liquidada; $-   
2026;1809;3;30/01/2026;MINEDUCYT-15/2024 BIRF;50582159;JOCELYN MELISSA CARCAMO CALDERON;1401;3;7495;9;1;54599;4; $3.107.514,00 ; $-   ; $-   ; $-   ;Consultoria de Tecnico para area de Presupuesto Enero a Junio 2026 - CP  -JM;Liquidada; $-   
2026;11976;6;26/06/2026;MINEDUCYT-15/2024-BIRF;50582159;JOCELYN MELISSA CARCAMO CALDERON;1401;3;7495;9;1;54599;12; $1.930.507,00 ; $-   ; $-   ; $109.573,00 ;Consultoria de Tecnico para area de Presupuesto Julio a Diciembre 2026 MECT-M-333/2026- CP 1089- año 2026 -JM.;Aprobado; $-   
2026;11976;1;26/06/2026;MINEDUCYT-15/2024-BIRF;50582159;JOCELYN MELISSA CARCAMO CALDERON;1401;3;7495;9;1;54599;7; $3.815.204,00 ; $-   ; $-   ; $510.037,00 ;Consultoria de Tecnico para area de Presupuesto Julio a Diciembre 2026 MECT-M-333/2026- CP 1089- año 2026 -JM.;Aprobado; $-   
2026;11976;2;26/06/2026;MINEDUCYT-15/2024-BIRF;50582159;JOCELYN MELISSA CARCAMO CALDERON;1401;3;7495;9;1;54599;8; $2.790.602,00 ; $-   ; $-   ; $306.504,00 ;Consultoria de Tecnico para area de Presupuesto Julio a Diciembre 2026 MECT-M-333/2026- CP 1089- año 2026 -JM.;Aprobado; $-   
2026;11976;3;26/06/2026;MINEDUCYT-15/2024-BIRF;50582159;JOCELYN MELISSA CARCAMO CALDERON;1401;3;7495;9;1;54599;9; $333.062,00 ; $-   ; $-   ; $296.725,00 ;Consultoria de Tecnico para area de Presupuesto Julio a Diciembre 2026 MECT-M-333/2026- CP 1089- año 2026 -JM.;Aprobado; $-   
2026;11976;4;26/06/2026;MINEDUCYT-15/2024-BIRF;50582159;JOCELYN MELISSA CARCAMO CALDERON;1401;3;7495;9;1;54599;10; $1.304.787,00 ; $-   ; $-   ; $641.021,00 ;Consultoria de Tecnico para area de Presupuesto Julio a Diciembre 2026 MECT-M-333/2026- CP 1089- año 2026 -JM.;Aprobado; $-   
2026;11976;5;26/06/2026;MINEDUCYT-15/2024-BIRF;50582159;JOCELYN MELISSA CARCAMO CALDERON;1401;3;7495;9;1;54599;11; $2.944.204,00 ; $-   ; $-   ; $10.398,00 ;Consultoria de Tecnico para area de Presupuesto Julio a Diciembre 2026 MECT-M-333/2026- CP 1089- año 2026 -JM.;Aprobado; $-   
2026;12212;1;13/07/2026;MINEDUCYT-11/2026 BCIE;50974306;ALEJANDRA MARIA ESTRADA VANEGAS;1401;3;7495;9;1;54599;7; $1.563.776,00 ; $3.000,00 ; $-   ; $-   ;BCIE - Contratacion 6 Administradores de contrato para UGP para la Atencion de Proyectos de Infraestructura Educativa a Nivel nacional. certf 223 - krn;Liquidada; $3.258.615,00 
2026;12212;3;13/07/2026;MINEDUCYT-11/2026 BCIE;50974306;ALEJANDRA MARIA ESTRADA VANEGAS;1401;3;7495;9;1;54599;9; $3.652.329,00 ; $3.000,00 ; $-   ; $-   ;BCIE - Contratacion 6 Administradores de contrato para UGP para la Atencion de Proyectos de Infraestructura Educativa a Nivel nacional. certf 223 - krn;Liquidada; $615.442,00 
2026;12212;4;13/07/2026;MINEDUCYT-11/2026 BCIE;50974306;ALEJANDRA MARIA ESTRADA VANEGAS;1401;3;7495;9;1;54599;10; $3.705.047,00 ; $3.000,00 ; $-   ; $-   ;BCIE - Contratacion 6 Administradores de contrato para UGP para la Atencion de Proyectos de Infraestructura Educativa a Nivel nacional. certf 223 - krn;Liquidada; $4.749.863,00 
2026;12212;2;13/07/2026;MINEDUCYT-11/2026 BCIE;50974306;ALEJANDRA MARIA ESTRADA VANEGAS;1401;3;7495;9;1;54599;8; $3.402.604,00 ; $3.000,00 ; $-   ; $-   ;BCIE - Contratacion 6 Administradores de contrato para UGP para la Atencion de Proyectos de Infraestructura Educativa a Nivel nacional. certf 223 - krn;Liquidada; $3.431.746,00 
2026;12212;6;13/07/2026;MINEDUCYT-11/2026 BCIE;50974306;ALEJANDRA MARIA ESTRADA VANEGAS;1401;3;7495;9;1;54599;12; $326.337,00 ; $3.000,00 ; $-   ; $-   ;BCIE - Contratacion 6 Administradores de contrato para UGP para la Atencion de Proyectos de Infraestructura Educativa a Nivel nacional. certf 223 - krn;Liquidada; $3.464.381,00 
2026;12212;5;13/07/2026;MINEDUCYT-11/2026 BCIE;50974306;ALEJANDRA MARIA ESTRADA VANEGAS;1401;3;7495;9;1;54599;11; $1.757.209,00 ; $3.000,00 ; $-   ; $-   ;BCIE - Contratacion 6 Administradores de contrato para UGP para la Atencion de Proyectos de Infraestructura Educativa a Nivel nacional. certf 223 - krn;Liquidada; $4.001.348,00 
2026;1920;2;04/02/2026;MINEDUCYT-66/2024-BIRF;50974940;CLARA DELIA GONZALEZ MELARA;1401;3;7495;9;1;54599;3; $503.344,00 ; $2.000,00 ; $-   ; $-   ;CONTRATACION DE 10 ESPECIALISTAS DE EDUCACION D ELA 1RA INFANCIA PARA APOYO A LA CERTIFICACIÓN DE ESTANDARES ESTRUCTURALES DE CALIDAD- MECT M 490/2025-AÑO 2026-CP 742-JM;Liquidada; $1.396.048,00 
2026;1920;1;04/02/2026;MINEDUCYT-66/2024-BIRF;50974940;CLARA DELIA GONZALEZ MELARA;1401;3;7495;9;1;54599;2; $554.291,00 ; $4.000,00 ; $-   ; $-   ;CONTRATACION DE 10 ESPECIALISTAS DE EDUCACION D ELA 1RA INFANCIA PARA APOYO A LA CERTIFICACIÓN DE ESTANDARES ESTRUCTURALES DE CALIDAD- MECT M 490/2025-AÑO 2026-CP 742-JM;Liquidada; $3.310.760,00 
2026;1920;3;04/02/2026;MINEDUCYT-66/2024-BIRF;50974940;CLARA DELIA GONZALEZ MELARA;1401;3;7495;9;1;54599;4; $546.506,00 ; $2.000,00 ; $-   ; $-   ;CONTRATACION DE 10 ESPECIALISTAS DE EDUCACION D ELA 1RA INFANCIA PARA APOYO A LA CERTIFICACIÓN DE ESTANDARES ESTRUCTURALES DE CALIDAD- MECT M 490/2025-AÑO 2026-CP 742-JM;Liquidada; $3.760.813,00 
2026;1920;4;04/02/2026;MINEDUCYT-66/2024-BIRF;50974940;CLARA DELIA GONZALEZ MELARA;1401;3;7495;9;1;54599;5; $531.966,00 ; $2.000,00 ; $-   ; $-   ;CONTRATACION DE 10 ESPECIALISTAS DE EDUCACION D ELA 1RA INFANCIA PARA APOYO A LA CERTIFICACIÓN DE ESTANDARES ESTRUCTURALES DE CALIDAD- MECT M 490/2025-AÑO 2026-CP 742-JM;Liquidada; $3.872.685,00 
2026;1920;5;04/02/2026;MINEDUCYT-66/2024-BIRF;50974940;CLARA DELIA GONZALEZ MELARA;1401;3;7495;9;1;54599;6; $4.288.026,00 ; $2.000,00 ; $-   ; $-   ;CONTRATACION DE 10 ESPECIALISTAS DE EDUCACION D ELA 1RA INFANCIA PARA APOYO A LA CERTIFICACIÓN DE ESTANDARES ESTRUCTURALES DE CALIDAD- MECT M 490/2025-AÑO 2026-CP 742-JM;Liquidada; $2.169.808,00 
2026;1924;1;04/02/2026;MINEDUCYT-69/2024-BIRF;50974940;CLARA DELIA GONZALEZ MELARA;1401;3;7495;9;1;54599;2; $4.811.552,00 ; $-   ; $-   ; $-   ;CONTRATACION DE 10 ESPECIALISTAS DE EDUCACION D ELA 1RA INFANCIA PARA APOYO A LA CERTIFICACIÓN DE ESTANDARES ESTRUCTURALES DE CALIDAD- MECT M 447/2025-AÑO 2026-CP 745-JM;Liquidada; $-   
2026;1924;4;04/02/2026;MINEDUCYT-69/2024-BIRF;50974940;CLARA DELIA GONZALEZ MELARA;1401;3;7495;9;1;54599;5; $3.895.334,00 ; $-   ; $-   ; $-   ;CONTRATACION DE 10 ESPECIALISTAS DE EDUCACION D ELA 1RA INFANCIA PARA APOYO A LA CERTIFICACIÓN DE ESTANDARES ESTRUCTURALES DE CALIDAD- MECT M 447/2025-AÑO 2026-CP 745-JM;Liquidada; $-   
2026;1924;3;04/02/2026;MINEDUCYT-69/2024-BIRF;50974940;CLARA DELIA GONZALEZ MELARA;1401;3;7495;9;1;54599;4; $2.460.353,00 ; $-   ; $-   ; $-   ;CONTRATACION DE 10 ESPECIALISTAS DE EDUCACION D ELA 1RA INFANCIA PARA APOYO A LA CERTIFICACIÓN DE ESTANDARES ESTRUCTURALES DE CALIDAD- MECT M 447/2025-AÑO 2026-CP 745-JM;Liquidada; $-   
2026;1924;2;04/02/2026;MINEDUCYT-69/2024-BIRF;50974940;CLARA DELIA GONZALEZ MELARA;1401;3;7495;9;1;54599;3; $1.743.804,00 ; $-   ; $-   ; $-   ;CONTRATACION DE 10 ESPECIALISTAS DE EDUCACION D ELA 1RA INFANCIA PARA APOYO A LA CERTIFICACIÓN DE ESTANDARES ESTRUCTURALES DE CALIDAD- MECT M 447/2025-AÑO 2026-CP 745-JM;Liquidada; $-   
2026;1924;5;04/02/2026;MINEDUCYT-69/2024-BIRF;50974940;CLARA DELIA GONZALEZ MELARA;1401;3;7495;9;1;54599;6; $2.325.457,00 ; $-   ; $-   ; $-   ;CONTRATACION DE 10 ESPECIALISTAS DE EDUCACION D ELA 1RA INFANCIA PARA APOYO A LA CERTIFICACIÓN DE ESTANDARES ESTRUCTURALES DE CALIDAD- MECT M 447/2025-AÑO 2026-CP 745-JM;Liquidada; $-   
2026;12019;1;30/06/2026;MINEDUCYT-69/2024-BIRF;50974940;CLARA DELIA GONZALEZ MELARA;1401;3;7495;9;1;54599;7; $3.657.251,00 ; $-   ; $-   ; $3.274.669,00 ;CONTRATACION DE 10 ESPECIALISTAS DE EDUCACION D ELA 1RA INFANCIA PARA APOYO A LA CERTIFICACIÓN DE ESTANDARES ESTRUCTURALES DE CALIDAD- MECT M 305/2026-AÑO 2026-CP 1031-JM;Aprobado; $-   
2026;12019;6;30/06/2026;MINEDUCYT-69/2024-BIRF;50974940;CLARA DELIA GONZALEZ MELARA;1401;3;7495;9;1;54599;12; $1.647.658,00 ; $-   ; $-   ; $385.991,00 ;CONTRATACION DE 10 ESPECIALISTAS DE EDUCACION D ELA 1RA INFANCIA PARA APOYO A LA CERTIFICACIÓN DE ESTANDARES ESTRUCTURALES DE CALIDAD- MECT M 305/2026-AÑO 2026-CP 1031-JM;Aprobado; $-   
2026;12019;5;30/06/2026;MINEDUCYT-69/2024-BIRF;50974940;CLARA DELIA GONZALEZ MELARA;1401;3;7495;9;1;54599;11; $757.195,00 ; $-   ; $-   ; $674.746,00 ;CONTRATACION DE 10 ESPECIALISTAS DE EDUCACION D ELA 1RA INFANCIA PARA APOYO A LA CERTIFICACIÓN DE ESTANDARES ESTRUCTURALES DE CALIDAD- MECT M 305/2026-AÑO 2026-CP 1031-JM;Aprobado; $-   
2026;12019;4;30/06/2026;MINEDUCYT-69/2024-BIRF;50974940;CLARA DELIA GONZALEZ MELARA;1401;3;7495;9;1;54599;10; $1.030.894,00 ; $-   ; $-   ; $103.705,00 ;CONTRATACION DE 10 ESPECIALISTAS DE EDUCACION D ELA 1RA INFANCIA PARA APOYO A LA CERTIFICACIÓN DE ESTANDARES ESTRUCTURALES DE CALIDAD- MECT M 305/2026-AÑO 2026-CP 1031-JM;Aprobado; $-   
2026;12019;3;30/06/2026;MINEDUCYT-69/2024-BIRF;50974940;CLARA DELIA GONZALEZ MELARA;1401;3;7495;9;1;54599;9; $2.055.657,00 ; $-   ; $-   ; $2.054.941,00 ;CONTRATACION DE 10 ESPECIALISTAS DE EDUCACION D ELA 1RA INFANCIA PARA APOYO A LA CERTIFICACIÓN DE ESTANDARES ESTRUCTURALES DE CALIDAD- MECT M 305/2026-AÑO 2026-CP 1031-JM;Aprobado; $-   
2026;12019;2;30/06/2026;MINEDUCYT-69/2024-BIRF;50974940;CLARA DELIA GONZALEZ MELARA;1401;3;7495;9;1;54599;8; $167.611,00 ; $-   ; $-   ; $154.351,00 ;CONTRATACION DE 10 ESPECIALISTAS DE EDUCACION D ELA 1RA INFANCIA PARA APOYO A LA CERTIFICACIÓN DE ESTANDARES ESTRUCTURALES DE CALIDAD- MECT M 305/2026-AÑO 2026-CP 1031-JM;Aprobado; $-   
2026;1696;5;23/01/2026;MINEDUCYT-29/2023-BIRF;52049903;JACQUELINE MARISOL SANCHEZ AGUIRRE;1401;3;7495;9;1;54599;6; $22.200,00 ; $-   ; $-   ; $-   ;CONTRATACION DE 1 ESPECIALISTA EN EDUCACION CON EXPERIENCIA EN FORMACIÓN DOCENTE Y MANEJO DE PLATAFORMAS VIRTUALES PARA APOYO Y SEGUIMIENTO DE LA FORMACION CONTRATACION DE 1 ESPECIALISTA EN EDUCACION CON EXPERIENCIA EN FORMACIÓN DOCENTE Y MANEJO DE PLATAFORMA-MECT-M-374/20258-AÑO 2026-CP 763-JM;Liquidada; $-   
2026;1696;4;23/01/2026;MINEDUCYT-29/2023-BIRF;52049903;JACQUELINE MARISOL SANCHEZ AGUIRRE;1401;3;7495;9;1;54599;5; $4.468.969,00 ; $-   ; $-   ; $-   ;CONTRATACION DE 1 ESPECIALISTA EN EDUCACION CON EXPERIENCIA EN FORMACIÓN DOCENTE Y MANEJO DE PLATAFORMAS VIRTUALES PARA APOYO Y SEGUIMIENTO DE LA FORMACION CONTRATACION DE 1 ESPECIALISTA EN EDUCACION CON EXPERIENCIA EN FORMACIÓN DOCENTE Y MANEJO DE PLATAFORMA-MECT-M-374/20258-AÑO 2026-CP 763-JM;Liquidada; $-   
2026;1696;3;23/01/2026;MINEDUCYT-29/2023-BIRF;52049903;JACQUELINE MARISOL SANCHEZ AGUIRRE;1401;3;7495;9;1;54599;4; $2.478.466,00 ; $-   ; $-   ; $-   ;CONTRATACION DE 1 ESPECIALISTA EN EDUCACION CON EXPERIENCIA EN FORMACIÓN DOCENTE Y MANEJO DE PLATAFORMAS VIRTUALES PARA APOYO Y SEGUIMIENTO DE LA FORMACION CONTRATACION DE 1 ESPECIALISTA EN EDUCACION CON EXPERIENCIA EN FORMACIÓN DOCENTE Y MANEJO DE PLATAFORMA-MECT-M-374/20258-AÑO 2026-CP 763-JM;Liquidada; $-   
2026;1696;2;23/01/2026;MINEDUCYT-29/2023-BIRF;52049903;JACQUELINE MARISOL SANCHEZ AGUIRRE;1401;3;7495;9;1;54599;3; $2.278.835,00 ; $-   ; $-   ; $-   ;CONTRATACION DE 1 ESPECIALISTA EN EDUCACION CON EXPERIENCIA EN FORMACIÓN DOCENTE Y MANEJO DE PLATAFORMAS VIRTUALES PARA APOYO Y SEGUIMIENTO DE LA FORMACION CONTRATACION DE 1 ESPECIALISTA EN EDUCACION CON EXPERIENCIA EN FORMACIÓN DOCENTE Y MANEJO DE PLATAFORMA-MECT-M-374/20258-AÑO 2026-CP 763-JM;Liquidada; $-   
2026;1696;1;23/01/2026;MINEDUCYT-29/2023-BIRF;52049903;JACQUELINE MARISOL SANCHEZ AGUIRRE;1401;3;7495;9;1;54599;2; $3.952.774,00 ; $-   ; $-   ; $-   ;CONTRATACION DE 1 ESPECIALISTA EN EDUCACION CON EXPERIENCIA EN FORMACIÓN DOCENTE Y MANEJO DE PLATAFORMAS VIRTUALES PARA APOYO Y SEGUIMIENTO DE LA FORMACION CONTRATACION DE 1 ESPECIALISTA EN EDUCACION CON EXPERIENCIA EN FORMACIÓN DOCENTE Y MANEJO DE PLATAFORMA-MECT-M-374/20258-AÑO 2026-CP 763-JM;Liquidada; $-   
2026;12047;4;03/07/2026;MINEDUCYT-29/2023-BIRF.;52049903;JACQUELINE MARISOL SANCHEZ AGUIRRE;1401;3;7495;9;1;54599;10; $1.621.055,00 ; $-   ; $-   ; $875.679,00 ;CONTRATACION DE 1 ESPECIALISTA EN EDUCACION CON EXPERIENCIA EN FORMACIÓN DOCENTE Y MANEJO DE PLATAFORMAS VIRTUALES PARA APOYO Y SEGUIMIENTO DE LA FORMACION CONTRATACION DE 1 ESPECIALISTA EN EDUCACION CON EXPERIENCIA EN FORMACIÓN DOCENTE Y MANEJO DE PLATAFORMA-MECT-M-251/2026-AÑO 2026-CP1000-JM;Aprobado; $-   
2026;12047;3;03/07/2026;MINEDUCYT-29/2023-BIRF.;52049903;JACQUELINE MARISOL SANCHEZ AGUIRRE;1401;3;7495;9;1;54599;9; $1.434.373,00 ; $-   ; $-   ; $145.044,00 ;CONTRATACION DE 1 ESPECIALISTA EN EDUCACION CON EXPERIENCIA EN FORMACIÓN DOCENTE Y MANEJO DE PLATAFORMAS VIRTUALES PARA APOYO Y SEGUIMIENTO DE LA FORMACION CONTRATACION DE 1 ESPECIALISTA EN EDUCACION CON EXPERIENCIA EN FORMACIÓN DOCENTE Y MANEJO DE PLATAFORMA-MECT-M-251/2026-AÑO 2026-CP1000-JM;Aprobado; $-   
2026;12047;2;03/07/2026;MINEDUCYT-29/2023-BIRF.;52049903;JACQUELINE MARISOL SANCHEZ AGUIRRE;1401;3;7495;9;1;54599;8; $4.282.825,00 ; $-   ; $-   ; $3.257.166,00 ;CONTRATACION DE 1 ESPECIALISTA EN EDUCACION CON EXPERIENCIA EN FORMACIÓN DOCENTE Y MANEJO DE PLATAFORMAS VIRTUALES PARA APOYO Y SEGUIMIENTO DE LA FORMACION CONTRATACION DE 1 ESPECIALISTA EN EDUCACION CON EXPERIENCIA EN FORMACIÓN DOCENTE Y MANEJO DE PLATAFORMA-MECT-M-251/2026-AÑO 2026-CP1000-JM;Aprobado; $-   
2026;12047;1;03/07/2026;MINEDUCYT-29/2023-BIRF.;52049903;JACQUELINE MARISOL SANCHEZ AGUIRRE;1401;3;7495;9;1;54599;7; $2.415.409,00 ; $-   ; $-   ; $364.848,00 ;CONTRATACION DE 1 ESPECIALISTA EN EDUCACION CON EXPERIENCIA EN FORMACIÓN DOCENTE Y MANEJO DE PLATAFORMAS VIRTUALES PARA APOYO Y SEGUIMIENTO DE LA FORMACION CONTRATACION DE 1 ESPECIALISTA EN EDUCACION CON EXPERIENCIA EN FORMACIÓN DOCENTE Y MANEJO DE PLATAFORMA-MECT-M-251/2026-AÑO 2026-CP1000-JM;Aprobado; $-   
2026;12047;5;03/07/2026;MINEDUCYT-29/2023-BIRF.;52049903;JACQUELINE MARISOL SANCHEZ AGUIRRE;1401;3;7495;9;1;54599;11; $3.851.467,00 ; $-   ; $-   ; $3.820.326,00 ;CONTRATACION DE 1 ESPECIALISTA EN EDUCACION CON EXPERIENCIA EN FORMACIÓN DOCENTE Y MANEJO DE PLATAFORMAS VIRTUALES PARA APOYO Y SEGUIMIENTO DE LA FORMACION CONTRATACION DE 1 ESPECIALISTA EN EDUCACION CON EXPERIENCIA EN FORMACIÓN DOCENTE Y MANEJO DE PLATAFORMA-MECT-M-251/2026-AÑO 2026-CP1000-JM;Aprobado; $-   
2026;12047;6;03/07/2026;MINEDUCYT-29/2023-BIRF.;52049903;JACQUELINE MARISOL SANCHEZ AGUIRRE;1401;3;7495;9;1;54599;12; $3.698.602,00 ; $-   ; $-   ; $957.327,00 ;CONTRATACION DE 1 ESPECIALISTA EN EDUCACION CON EXPERIENCIA EN FORMACIÓN DOCENTE Y MANEJO DE PLATAFORMAS VIRTUALES PARA APOYO Y SEGUIMIENTO DE LA FORMACION CONTRATACION DE 1 ESPECIALISTA EN EDUCACION CON EXPERIENCIA EN FORMACIÓN DOCENTE Y MANEJO DE PLATAFORMA-MECT-M-251/2026-AÑO 2026-CP1000-JM;Aprobado; $-   
2026;14170;1;30/07/2026;MINEDUCYT-31/2026-BIRF;5262005261018;UNION DE PERSONAS PROLIBROS - ENLACE EDITORIAL;1401;3;7495;9;1;54116;10; $2.005.001,00 ; $-   ; $-   ; $711.106,00 ;ADQUISICION DE KIT DE LIBROS PARA NIÑEZ DE PRIMERA INFANCIA DEL SISTEMA EDUCATIVO PUBLICO-CP882/957-AÑO 2026-JM;Aprobado; $-   
2026;1824;5;30/01/2026;MINEDUCYT-49/2024 BIRF;54044373;INGRID ELIZABETH CORNEJO MEJIA;1401;3;7495;9;1;54599;6; $2.365.792,00 ; $-   ; $-   ; $-   ;Contratacion de Especialista en Monitoreo y Seguimiento para el apoyo a la Certificaciones de Estandares Estructurales de Calidad,  Enero a Junio 2026 - CP 746 -JM;Liquidada; $-   
2026;1824;4;30/01/2026;MINEDUCYT-49/2024 BIRF;54044373;INGRID ELIZABETH CORNEJO MEJIA;1401;3;7495;9;1;54599;5; $473.149,00 ; $-   ; $-   ; $-   ;Contratacion de Especialista en Monitoreo y Seguimiento para el apoyo a la Certificaciones de Estandares Estructurales de Calidad,  Enero a Junio 2026 - CP 746 -JM;Liquidada; $-   
2026;1824;3;30/01/2026;MINEDUCYT-49/2024 BIRF;54044373;INGRID ELIZABETH CORNEJO MEJIA;1401;3;7495;9;1;54599;4; $3.833.864,00 ; $-   ; $-   ; $-   ;Contratacion de Especialista en Monitoreo y Seguimiento para el apoyo a la Certificaciones de Estandares Estructurales de Calidad,  Enero a Junio 2026 - CP 746 -JM;Liquidada; $-   
2026;1824;2;30/01/2026;MINEDUCYT-49/2024 BIRF;54044373;INGRID ELIZABETH CORNEJO MEJIA;1401;3;7495;9;1;54599;3; $342.863,00 ; $-   ; $-   ; $-   ;Contratacion de Especialista en Monitoreo y Seguimiento para el apoyo a la Certificaciones de Estandares Estructurales de Calidad,  Enero a Junio 2026 - CP 746 -JM;Liquidada; $-   
2026;1824;1;30/01/2026;MINEDUCYT-49/2024 BIRF;54044373;INGRID ELIZABETH CORNEJO MEJIA;1401;3;7495;9;1;54599;2; $1.639.782,00 ; $-   ; $-   ; $-   ;Contratacion de Especialista en Monitoreo y Seguimiento para el apoyo a la Certificaciones de Estandares Estructurales de Calidad,  Enero a Junio 2026 - CP 746 -JM;Liquidada; $-   
2026;11939;5;25/06/2026;MINEDUCYT-49/2024-BIRF;54044373;INGRID ELIZABETH CORNEJO MEJIA;1401;3;7495;9;1;54599;11; $1.774.532,00 ; $-   ; $-   ; $773.509,00 ;Contratación de 2 especialistas en monitoreo y seguimiento para el apoyo a la certificación de estándares estructurales de calidad MECT-M-288/2026-CP1030-AÑO 2026-JM;Aprobado; $-   
2026;11939;4;25/06/2026;MINEDUCYT-49/2024-BIRF;54044373;INGRID ELIZABETH CORNEJO MEJIA;1401;3;7495;9;1;54599;10; $2.606.313,00 ; $-   ; $-   ; $1.087.081,00 ;Contratación de 2 especialistas en monitoreo y seguimiento para el apoyo a la certificación de estándares estructurales de calidad MECT-M-288/2026-CP1030-AÑO 2026-JM;Aprobado; $-   
2026;11939;3;25/06/2026;MINEDUCYT-49/2024-BIRF;54044373;INGRID ELIZABETH CORNEJO MEJIA;1401;3;7495;9;1;54599;9; $2.606.450,00 ; $-   ; $-   ; $1.804.535,00 ;Contratación de 2 especialistas en monitoreo y seguimiento para el apoyo a la certificación de estándares estructurales de calidad MECT-M-288/2026-CP1030-AÑO 2026-JM;Aprobado; $-   
2026;11939;2;25/06/2026;MINEDUCYT-49/2024-BIRF;54044373;INGRID ELIZABETH CORNEJO MEJIA;1401;3;7495;9;1;54599;8; $4.224.418,00 ; $-   ; $-   ; $3.401.525,00 ;Contratación de 2 especialistas en monitoreo y seguimiento para el apoyo a la certificación de estándares estructurales de calidad MECT-M-288/2026-CP1030-AÑO 2026-JM;Aprobado; $-   
2026;11939;6;25/06/2026;MINEDUCYT-49/2024-BIRF;54044373;INGRID ELIZABETH CORNEJO MEJIA;1401;3;7495;9;1;54599;12; $1.464.268,00 ; $-   ; $-   ; $1.127.311,00 ;Contratación de 2 especialistas en monitoreo y seguimiento para el apoyo a la certificación de estándares estructurales de calidad MECT-M-288/2026-CP1030-AÑO 2026-JM;Aprobado; $-   
2026;11939;1;25/06/2026;MINEDUCYT-49/2024-BIRF;54044373;INGRID ELIZABETH CORNEJO MEJIA;1401;3;7495;9;1;54599;7; $3.465.268,00 ; $-   ; $-   ; $1.437.125,00 ;Contratación de 2 especialistas en monitoreo y seguimiento para el apoyo a la certificación de estándares estructurales de calidad MECT-M-288/2026-CP1030-AÑO 2026-JM;Aprobado; $-   
2026;1715;4;26/01/2026;MINEDUCYT-51/2023-BIRF;54775322;ARIANA CELESTE AQUINO MARTINEZ;1401;3;7495;9;1;54599;5; $4.116.280,00 ; $-   ; $-   ; $-   ;Contratación de consultor individual para la coordinación del programa de educación intercultural para el fortalecimiento de capacidades docentes en la enseñanza de la cultura e idioma náhuat-MECT-M 419/2025- AÑO 2026-CP 768-JM;Liquidada; $-   
2026;1715;5;26/01/2026;MINEDUCYT-51/2023-BIRF;54775322;ARIANA CELESTE AQUINO MARTINEZ;1401;3;7495;9;1;54599;6; $3.571.263,00 ; $-   ; $-   ; $-   ;Contratación de consultor individual para la coordinación del programa de educación intercultural para el fortalecimiento de capacidades docentes en la enseñanza de la cultura e idioma náhuat-MECT-M 419/2025- AÑO 2026-CP 768-JM;Liquidada; $-   
2026;1715;1;26/01/2026;MINEDUCYT-51/2023-BIRF;54775322;ARIANA CELESTE AQUINO MARTINEZ;1401;3;7495;9;1;54599;2; $938.749,00 ; $-   ; $-   ; $-   ;Contratación de consultor individual para la coordinación del programa de educación intercultural para el fortalecimiento de capacidades docentes en la enseñanza de la cultura e idioma náhuat-MECT-M 419/2025- AÑO 2026-CP 768-JM;Liquidada; $-   
2026;1715;2;26/01/2026;MINEDUCYT-51/2023-BIRF;54775322;ARIANA CELESTE AQUINO MARTINEZ;1401;3;7495;9;1;54599;3; $484.283,00 ; $-   ; $-   ; $-   ;Contratación de consultor individual para la coordinación del programa de educación intercultural para el fortalecimiento de capacidades docentes en la enseñanza de la cultura e idioma náhuat-MECT-M 419/2025- AÑO 2026-CP 768-JM;Liquidada; $-   
2026;1715;3;26/01/2026;MINEDUCYT-51/2023-BIRF;54775322;ARIANA CELESTE AQUINO MARTINEZ;1401;3;7495;9;1;54599;4; $814.156,00 ; $-   ; $-   ; $-   ;Contratación de consultor individual para la coordinación del programa de educación intercultural para el fortalecimiento de capacidades docentes en la enseñanza de la cultura e idioma náhuat-MECT-M 419/2025- AÑO 2026-CP 768-JM;Liquidada; $-   
2026;11928;1;24/06/2026;MINEDUCYT-51/2023 BIRF;54775322;ARIANA CELESTE AQUINO MARTINEZ;1401;3;7495;9;1;54599;7; $2.024.964,00 ; $-   ; $-   ; $940.460,00 ;Contratacion consultor individual para ccordinacion del programa de educacion intercultura para el fortalecimiento de capacidades docentes en ela enseñanza de la cultura e idioma nahuat CP 986 -AÑO 2026- JM-krn;Aprobado; $-   
2026;11928;6;24/06/2026;MINEDUCYT-51/2023 BIRF;54775322;ARIANA CELESTE AQUINO MARTINEZ;1401;3;7495;9;1;54599;12; $282.579,00 ; $-   ; $-   ; $101.520,00 ;Contratacion consultor individual para ccordinacion del programa de educacion intercultura para el fortalecimiento de capacidades docentes en ela enseñanza de la cultura e idioma nahuat CP 986 -AÑO 2026- JM-krn;Aprobado; $-   
2026;11928;2;24/06/2026;MINEDUCYT-51/2023 BIRF;54775322;ARIANA CELESTE AQUINO MARTINEZ;1401;3;7495;9;1;54599;8; $701.067,00 ; $-   ; $-   ; $37.845,00 ;Contratacion consultor individual para ccordinacion del programa de educacion intercultura para el fortalecimiento de capacidades docentes en ela enseñanza de la cultura e idioma nahuat CP 986 -AÑO 2026- JM-krn;Aprobado; $-   
2026;11928;4;24/06/2026;MINEDUCYT-51/2023 BIRF;54775322;ARIANA CELESTE AQUINO MARTINEZ;1401;3;7495;9;1;54599;10; $4.006.272,00 ; $-   ; $-   ; $1.837.783,00 ;Contratacion consultor individual para ccordinacion del programa de educacion intercultura para el fortalecimiento de capacidades docentes en ela enseñanza de la cultura e idioma nahuat CP 986 -AÑO 2026- JM-krn;Aprobado; $-   
2026;11928;5;24/06/2026;MINEDUCYT-51/2023 BIRF;54775322;ARIANA CELESTE AQUINO MARTINEZ;1401;3;7495;9;1;54599;11; $2.601.876,00 ; $-   ; $-   ; $2.441.222,00 ;Contratacion consultor individual para ccordinacion del programa de educacion intercultura para el fortalecimiento de capacidades docentes en ela enseñanza de la cultura e idioma nahuat CP 986 -AÑO 2026- JM-krn;Aprobado; $-   
2026;11928;3;24/06/2026;MINEDUCYT-51/2023 BIRF;54775322;ARIANA CELESTE AQUINO MARTINEZ;1401;3;7495;9;1;54599;9; $3.507.023,00 ; $-   ; $-   ; $581.606,00 ;Contratacion consultor individual para ccordinacion del programa de educacion intercultura para el fortalecimiento de capacidades docentes en ela enseñanza de la cultura e idioma nahuat CP 986 -AÑO 2026- JM-krn;Aprobado; $-   
2026;1857;3;02/02/2026;MINEDUCYT-11/2023 BIRF;55822203;ROSA MARIA RODRIGUEZ ZELAYA;1401;3;7495;9;1;54599;4; $334.228,00 ; $-   ; $-   ; $-   ;Contratacion 5 Arquitectos para Unidad de Inaestructura Educativa MOPT Enero a Junio 2026 - CP 805 -JM;Liquidada; $-   
2026;1857;4;02/02/2026;MINEDUCYT-11/2023 BIRF;55822203;ROSA MARIA RODRIGUEZ ZELAYA;1401;3;7495;9;1;54599;5; $2.169.356,00 ; $-   ; $-   ; $-   ;Contratacion 5 Arquitectos para Unidad de Inaestructura Educativa MOPT Enero a Junio 2026 - CP 805 -JM;Liquidada; $-   
2026;1857;5;02/02/2026;MINEDUCYT-11/2023 BIRF;55822203;ROSA MARIA RODRIGUEZ ZELAYA;1401;3;7495;9;1;54599;6; $1.040.067,00 ; $-   ; $-   ; $-   ;Contratacion 5 Arquitectos para Unidad de Inaestructura Educativa MOPT Enero a Junio 2026 - CP 805 -JM;Liquidada; $-   
2026;1857;1;02/02/2026;MINEDUCYT-11/2023 BIRF;55822203;ROSA MARIA RODRIGUEZ ZELAYA;1401;3;7495;9;1;54599;2; $645.658,00 ; $-   ; $-   ; $-   ;Contratacion 5 Arquitectos para Unidad de Inaestructura Educativa MOPT Enero a Junio 2026 - CP 805 -JM;Liquidada; $-   
2026;1857;2;02/02/2026;MINEDUCYT-11/2023 BIRF;55822203;ROSA MARIA RODRIGUEZ ZELAYA;1401;3;7495;9;1;54599;3; $1.071.626,00 ; $-   ; $-   ; $-   ;Contratacion 5 Arquitectos para Unidad de Inaestructura Educativa MOPT Enero a Junio 2026 - CP 805 -JM;Liquidada; $-   
2026;12007;1;29/06/2026;MINEDUCYT-11/2023-BIRF;55822203;ROSA MARIA RODRIGUEZ ZELAYA;1401;3;7495;9;1;54599;7; $2.601.596,00 ; $-   ; $-   ; $193.402,00 ;Contratacion 5 Arquitectos para Unidad de Inaestructura Educativa MOPT Jul a Dic 2026 - CP 1042 -JM.;Aprobado; $-   
2026;12007;3;29/06/2026;MINEDUCYT-11/2023-BIRF;55822203;ROSA MARIA RODRIGUEZ ZELAYA;1401;3;7495;9;1;54599;9; $1.288.721,00 ; $-   ; $-   ; $973.579,00 ;Contratacion 5 Arquitectos para Unidad de Inaestructura Educativa MOPT Jul a Dic 2026 - CP 1042 -JM.;Aprobado; $-   
2026;12007;5;29/06/2026;MINEDUCYT-11/2023-BIRF;55822203;ROSA MARIA RODRIGUEZ ZELAYA;1401;3;7495;9;1;54599;11; $3.517.713,00 ; $-   ; $-   ; $3.169.798,00 ;Contratacion 5 Arquitectos para Unidad de Inaestructura Educativa MOPT Jul a Dic 2026 - CP 1042 -JM.;Aprobado; $-   
2026;12007;2;29/06/2026;MINEDUCYT-11/2023-BIRF;55822203;ROSA MARIA RODRIGUEZ ZELAYA;1401;3;7495;9;1;54599;8; $3.677.908,00 ; $-   ; $-   ; $1.311.972,00 ;Contratacion 5 Arquitectos para Unidad de Inaestructura Educativa MOPT Jul a Dic 2026 - CP 1042 -JM.;Aprobado; $-   
2026;12007;6;29/06/2026;MINEDUCYT-11/2023-BIRF;55822203;ROSA MARIA RODRIGUEZ ZELAYA;1401;3;7495;9;1;54599;12; $3.307.482,00 ; $-   ; $-   ; $529.112,00 ;Contratacion 5 Arquitectos para Unidad de Inaestructura Educativa MOPT Jul a Dic 2026 - CP 1042 -JM.;Aprobado; $-   
2026;12007;4;29/06/2026;MINEDUCYT-11/2023-BIRF;55822203;ROSA MARIA RODRIGUEZ ZELAYA;1401;3;7495;9;1;54599;10; $4.598.732,00 ; $-   ; $-   ; $3.954.224,00 ;Contratacion 5 Arquitectos para Unidad de Inaestructura Educativa MOPT Jul a Dic 2026 - CP 1042 -JM.;Aprobado; $-   
2026;3874;1;19/02/2026;MINEDUCYT-48/2024-BIRF;55918240;DILMA RAQUEL SUAREZ ORELLANA;1401;3;7495;9;1;54599;2; $1.355.623,00 ; $-   ; $-   ; $-   ;CONTRATACION DE PORTADOR CULTURAL No. 4 y 5 PARA LA ATENCIÓN DE NIDOS DE INMERSIÓN LINGÜISTICA PARA NIÑOS Y NIÑAS (MECT-M-286/2024) - DEUDA 2025-CP 463-JM;Liquidada; $-   
2026;1989;5;06/02/2026;MINEDUCYT-80/2025-BIRF;56571520;ALEJANDRA MARIA PEREZ CASTILLO;1401;3;7495;9;1;54599;6; $4.827.677,00 ; $-   ; $-   ; $-   ;CONTRATACION DE 2 ARQUITECTOS JUNIOR PARA  APOYO A LA DIAE-AÑO 2026-CP 890-JM;Liquidada; $-   
2026;1989;4;06/02/2026;MINEDUCYT-80/2025-BIRF;56571520;ALEJANDRA MARIA PEREZ CASTILLO;1401;3;7495;9;1;54599;5; $4.287.563,00 ; $-   ; $-   ; $-   ;CONTRATACION DE 2 ARQUITECTOS JUNIOR PARA  APOYO A LA DIAE-AÑO 2026-CP 890-JM;Liquidada; $-   
2026;1989;3;06/02/2026;MINEDUCYT-80/2025-BIRF;56571520;ALEJANDRA MARIA PEREZ CASTILLO;1401;3;7495;9;1;54599;4; $4.229.670,00 ; $-   ; $-   ; $-   ;CONTRATACION DE 2 ARQUITECTOS JUNIOR PARA  APOYO A LA DIAE-AÑO 2026-CP 890-JM;Liquidada; $-   
2026;1989;2;06/02/2026;MINEDUCYT-80/2025-BIRF;56571520;ALEJANDRA MARIA PEREZ CASTILLO;1401;3;7495;9;1;54599;3; $606.634,00 ; $-   ; $-   ; $-   ;CONTRATACION DE 2 ARQUITECTOS JUNIOR PARA  APOYO A LA DIAE-AÑO 2026-CP 890-JM;Liquidada; $-   
2026;1989;1;06/02/2026;MINEDUCYT-80/2025-BIRF;56571520;ALEJANDRA MARIA PEREZ CASTILLO;1401;3;7495;9;1;54599;2; $4.126.528,00 ; $-   ; $-   ; $-   ;CONTRATACION DE 2 ARQUITECTOS JUNIOR PARA  APOYO A LA DIAE-AÑO 2026-CP 890-JM;Liquidada; $-   
2026;12060;1;03/07/2026;MINEDUCYT-80/2025-BIRF.;56571520;ALEJANDRA MARIA PEREZ CASTILLO;1401;3;7495;9;1;54599;7; $692.441,00 ; $-   ; $-   ; $626.818,00 ;CONTRATACION DE 2 ARQUITECTOS JUNIOR PARA  APOYO A LA DIAE-AÑO 2026-CP 1041-JM;Aprobado; $-   
2026;12060;2;03/07/2026;MINEDUCYT-80/2025-BIRF.;56571520;ALEJANDRA MARIA PEREZ CASTILLO;1401;3;7495;9;1;54599;8; $1.054.113,00 ; $-   ; $-   ; $78.554,00 ;CONTRATACION DE 2 ARQUITECTOS JUNIOR PARA  APOYO A LA DIAE-AÑO 2026-CP 1041-JM;Aprobado; $-   
2026;12060;4;03/07/2026;MINEDUCYT-80/2025-BIRF.;56571520;ALEJANDRA MARIA PEREZ CASTILLO;1401;3;7495;9;1;54599;10; $3.371.671,00 ; $-   ; $-   ; $3.201.689,00 ;CONTRATACION DE 2 ARQUITECTOS JUNIOR PARA  APOYO A LA DIAE-AÑO 2026-CP 1041-JM;Aprobado; $-   
2026;12060;5;03/07/2026;MINEDUCYT-80/2025-BIRF.;56571520;ALEJANDRA MARIA PEREZ CASTILLO;1401;3;7495;9;1;54599;11; $79.085,00 ; $-   ; $-   ; $28.336,00 ;CONTRATACION DE 2 ARQUITECTOS JUNIOR PARA  APOYO A LA DIAE-AÑO 2026-CP 1041-JM;Aprobado; $-   
2026;12060;6;03/07/2026;MINEDUCYT-80/2025-BIRF.;56571520;ALEJANDRA MARIA PEREZ CASTILLO;1401;3;7495;9;1;54599;12; $1.324.777,00 ; $-   ; $-   ; $393.734,00 ;CONTRATACION DE 2 ARQUITECTOS JUNIOR PARA  APOYO A LA DIAE-AÑO 2026-CP 1041-JM;Aprobado; $-   
2026;12060;3;03/07/2026;MINEDUCYT-80/2025-BIRF.;56571520;ALEJANDRA MARIA PEREZ CASTILLO;1401;3;7495;9;1;54599;9; $1.057.094,00 ; $-   ; $-   ; $385.735,00 ;CONTRATACION DE 2 ARQUITECTOS JUNIOR PARA  APOYO A LA DIAE-AÑO 2026-CP 1041-JM;Aprobado; $-   
2026;1728;1;27/01/2026;MINEDUCYT-44/2023-BIRF;56948191;JOSE ORION CASTELLON FRECH;1401;3;7495;9;1;54599;2; $4.491.195,00 ; $-   ; $-   ; $-   ;CONTRATACIÓN DE 2 ESPECIALISTAS EN GESTION CULTURAL PARA APOYAR EL CUMPLIMIENTO DE LOS ESTANDARES AMBIENTALES Y SOCIALES-CP 769-AÑO 2026-JM;Liquidada; $-   
2026;1728;5;27/01/2026;MINEDUCYT-44/2023-BIRF;56948191;JOSE ORION CASTELLON FRECH;1401;3;7495;9;1;54599;6; $595.170,00 ; $-   ; $-   ; $-   ;CONTRATACIÓN DE 2 ESPECIALISTAS EN GESTION CULTURAL PARA APOYAR EL CUMPLIMIENTO DE LOS ESTANDARES AMBIENTALES Y SOCIALES-CP 769-AÑO 2026-JM;Liquidada; $-   
2026;1728;4;27/01/2026;MINEDUCYT-44/2023-BIRF;56948191;JOSE ORION CASTELLON FRECH;1401;3;7495;9;1;54599;5; $1.674.088,00 ; $-   ; $-   ; $-   ;CONTRATACIÓN DE 2 ESPECIALISTAS EN GESTION CULTURAL PARA APOYAR EL CUMPLIMIENTO DE LOS ESTANDARES AMBIENTALES Y SOCIALES-CP 769-AÑO 2026-JM;Liquidada; $-   
2026;1728;3;27/01/2026;MINEDUCYT-44/2023-BIRF;56948191;JOSE ORION CASTELLON FRECH;1401;3;7495;9;1;54599;4; $4.890.143,00 ; $-   ; $-   ; $-   ;CONTRATACIÓN DE 2 ESPECIALISTAS EN GESTION CULTURAL PARA APOYAR EL CUMPLIMIENTO DE LOS ESTANDARES AMBIENTALES Y SOCIALES-CP 769-AÑO 2026-JM;Liquidada; $-   
2026;1728;2;27/01/2026;MINEDUCYT-44/2023-BIRF;56948191;JOSE ORION CASTELLON FRECH;1401;3;7495;9;1;54599;3; $1.083.575,00 ; $-   ; $-   ; $-   ;CONTRATACIÓN DE 2 ESPECIALISTAS EN GESTION CULTURAL PARA APOYAR EL CUMPLIMIENTO DE LOS ESTANDARES AMBIENTALES Y SOCIALES-CP 769-AÑO 2026-JM;Liquidada; $-   
2026;6453;1;26/03/2026;MINEDUCYT-107/2025-BIRF;57410921;JAIME RODRIGO MIRANDA ORTIZ;1401;3;7495;9;1;54502;4; $1.909.137,00 ; $-   ; $-   ; $1.846.880,00 ;CONTRATACION DE 28 PORTADORES CULTURALES PARA DESARROLLAR TALLERES DE IDENTIDAD CULTURAL NÁHUAT, LENCA Y CACAOPERA EN CENTROS EDUCATIVOS-CP 692-AÑO 2026-JM;Liquidada; $-   
2026;8529;1;06/05/2026;MINEDUCYT-107/2025-BIRF;57410921;JAIME RODRIGO MIRANDA ORTIZ;1401;3;7495;9;1;54502;5; $1.082.429,00 ; $-   ; $-   ; $260.800,00 ;CONTRATACIÓN DE 28 PORTADORES CULTURALES PARA DESARROLLAR TALLERES DE IDENTIDAD CULTURAL NÁHUAT, LENCA Y CACAOPERA EN CENTROS EDUCATIVOS-DUEDA 2025-CP 691-JM;Liquidada; $-   
2026;11847;1;18/06/2026;MINEDUCYT-107/2025-BIRF.;57410921;JAIME RODRIGO MIRANDA ORTIZ;1401;3;7495;9;1;54599;6; $4.008.959,00 ; $-   ; $-   ; $-   ;CONTRATACION DE 28 PORTADORES CULTURALES PARA DESARROLLAR TALLERES DE IDENTIDAD CULTURAL NÁHUAT, LENCA Y CACAOPERA EN CENTROS EDUCATIVOS-CP 692-AÑO 2026-JM.;Liquidada; $-   
2026;11852;1;18/06/2026;MINEDUCYT-107/2025-BIRF;57410921;JAIME RODRIGO MIRANDA ORTIZ;1401;3;7495;9;1;54599;6; $3.182.122,00 ; $-   ; $-   ; $-   ;CONTRATACIÓN DE 28 PORTADORES CULTURALES PARA DESARROLLAR TALLERES DE IDENTIDAD CULTURAL NÁHUAT, LENCA Y CACAOPERA EN CENTROS EDUCATIVOS-DUEDA 2025-CP 691-JM;Liquidada; $-   
2026;1895;1;03/02/2026;MINEDUCYT-131/2025;57445104;PAOLA JEANETTE CARDOZA HERNANDEZ;1401;3;7495;9;1;54599;2; $43.244,00 ; $-   ; $-   ; $-   ;Adquisicion de recursos didacticos para la vida practica de para la niñez de promera infancia CP 789 - JM;Liquidada; $-   
2026;1895;2;03/02/2026;MINEDUCYT-131/2025;57445104;PAOLA JEANETTE CARDOZA HERNANDEZ;1401;3;7495;9;1;54599;3; $4.748.363,00 ; $-   ; $-   ; $-   ;Adquisicion de recursos didacticos para la vida practica de para la niñez de promera infancia CP 789 - JM;Liquidada; $-   
2026;1895;5;03/02/2026;MINEDUCYT-131/2025;57445104;PAOLA JEANETTE CARDOZA HERNANDEZ;1401;3;7495;9;1;54599;6; $4.718.762,00 ; $-   ; $-   ; $-   ;Adquisicion de recursos didacticos para la vida practica de para la niñez de promera infancia CP 789 - JM;Liquidada; $-   
2026;1895;4;03/02/2026;MINEDUCYT-131/2025;57445104;PAOLA JEANETTE CARDOZA HERNANDEZ;1401;3;7495;9;1;54599;5; $4.843.629,00 ; $-   ; $-   ; $-   ;Adquisicion de recursos didacticos para la vida practica de para la niñez de promera infancia CP 789 - JM;Liquidada; $-   
2026;1895;3;03/02/2026;MINEDUCYT-131/2025;57445104;PAOLA JEANETTE CARDOZA HERNANDEZ;1401;3;7495;9;1;54599;4; $1.876.097,00 ; $-   ; $-   ; $-   ;Adquisicion de recursos didacticos para la vida practica de para la niñez de promera infancia CP 789 - JM;Liquidada; $-   
2026;12076;2;07/07/2026;MINEDUCYT-131/2025-BIRF;57445104;PAOLA JEANETTE CARDOZA HERNANDEZ;1401;3;7495;9;1;54599;8; $3.006.252,00 ; $-   ; $-   ; $1.041.136,00 ;CONTRATACIÓN DE 4 ESPECIALISTAS EN EL AREA DE MEJORA DE LA CALIDADA PARA APOYO A LA CERTIFICACIÓN DE ESTANDARES ESTRUCTURALES DE CALIDAD-JUL A DIC- CP 1054-AÑO 2026-JM;Aprobado; $-   
2026;12076;3;07/07/2026;MINEDUCYT-131/2025-BIRF;57445104;PAOLA JEANETTE CARDOZA HERNANDEZ;1401;3;7495;9;1;54599;9; $4.767.592,00 ; $-   ; $-   ; $4.754.854,00 ;CONTRATACIÓN DE 4 ESPECIALISTAS EN EL AREA DE MEJORA DE LA CALIDADA PARA APOYO A LA CERTIFICACIÓN DE ESTANDARES ESTRUCTURALES DE CALIDAD-JUL A DIC- CP 1054-AÑO 2026-JM;Aprobado; $-   
2026;12076;4;07/07/2026;MINEDUCYT-131/2025-BIRF;57445104;PAOLA JEANETTE CARDOZA HERNANDEZ;1401;3;7495;9;1;54599;10; $2.815.706,00 ; $-   ; $-   ; $46.748,00 ;CONTRATACIÓN DE 4 ESPECIALISTAS EN EL AREA DE MEJORA DE LA CALIDADA PARA APOYO A LA CERTIFICACIÓN DE ESTANDARES ESTRUCTURALES DE CALIDAD-JUL A DIC- CP 1054-AÑO 2026-JM;Aprobado; $-   
2026;12076;5;07/07/2026;MINEDUCYT-131/2025-BIRF;57445104;PAOLA JEANETTE CARDOZA HERNANDEZ;1401;3;7495;9;1;54599;11; $4.997.371,00 ; $-   ; $-   ; $326.731,00 ;CONTRATACIÓN DE 4 ESPECIALISTAS EN EL AREA DE MEJORA DE LA CALIDADA PARA APOYO A LA CERTIFICACIÓN DE ESTANDARES ESTRUCTURALES DE CALIDAD-JUL A DIC- CP 1054-AÑO 2026-JM;Aprobado; $-   
2026;12076;6;07/07/2026;MINEDUCYT-131/2025-BIRF;57445104;PAOLA JEANETTE CARDOZA HERNANDEZ;1401;3;7495;9;1;54599;12; $3.094.713,00 ; $-   ; $-   ; $1.836.828,00 ;CONTRATACIÓN DE 4 ESPECIALISTAS EN EL AREA DE MEJORA DE LA CALIDADA PARA APOYO A LA CERTIFICACIÓN DE ESTANDARES ESTRUCTURALES DE CALIDAD-JUL A DIC- CP 1054-AÑO 2026-JM;Aprobado; $-   
2026;12076;1;07/07/2026;MINEDUCYT-131/2025-BIRF;57445104;PAOLA JEANETTE CARDOZA HERNANDEZ;1401;3;7495;9;1;54599;7; $487.034,00 ; $-   ; $-   ; $15.642,00 ;CONTRATACIÓN DE 4 ESPECIALISTAS EN EL AREA DE MEJORA DE LA CALIDADA PARA APOYO A LA CERTIFICACIÓN DE ESTANDARES ESTRUCTURALES DE CALIDAD-JUL A DIC- CP 1054-AÑO 2026-JM;Aprobado; $-   
2026;11781;3;12/06/2026;MINEDUCYT-23/2026-BIRF;57628184;LEDIS ANAGIL VASQUEZ PEREZ;1401;3;7495;9;1;54599;12; $1.664.633,00 ; $-   ; $-   ; $1.362.787,00 ;CONTRATACION DE 2 PORTADORES CULTURALES PARA DESARROLLAR TALLERES DE IDENTIDAD CULTURAL LENCA Y CACAOPERA EN CENTROS EDUCATIVOS-CP 704-AÑO 2026-JM;Parcialmente Liquidada; $-   
2026;11781;1;12/06/2026;MINEDUCYT-23/2026-BIRF;57628184;LEDIS ANAGIL VASQUEZ PEREZ;1401;3;7495;9;1;54599;6; $1.050.705,00 ; $-   ; $-   ; $-   ;CONTRATACION DE 2 PORTADORES CULTURALES PARA DESARROLLAR TALLERES DE IDENTIDAD CULTURAL LENCA Y CACAOPERA EN CENTROS EDUCATIVOS-CP 704-AÑO 2026-JM;Parcialmente Liquidada; $-   
2026;11781;2;12/06/2026;MINEDUCYT-23/2026-BIRF;57628184;LEDIS ANAGIL VASQUEZ PEREZ;1401;3;7495;9;1;54599;8; $2.560.462,00 ; $-   ; $-   ; $729.119,00 ;CONTRATACION DE 2 PORTADORES CULTURALES PARA DESARROLLAR TALLERES DE IDENTIDAD CULTURAL LENCA Y CACAOPERA EN CENTROS EDUCATIVOS-CP 704-AÑO 2026-JM;Parcialmente Liquidada; $-   
2026;1662;4;22/01/2026;MINEDUCYT-50/2023-BIRF;59430820;JOSUE WILFREDO RAMOS ALBERTO;1401;3;7495;9;1;54599;5; $3.428.099,00 ; $-   ; $-   ; $-   ;CONTRATACION DE 2 ESPECIALISTAS PARA LA ELABORACIÓN DE INVENTARIO CULTURAL Y DISEÑO DE MATERIAL SOBRE PUEBLOS INDIGENAS Y POBLACION AFRODECENDIENTES-AÑO 2026-CP 761-JM;Liquidada; $-   
2026;1662;2;22/01/2026;MINEDUCYT-50/2023-BIRF;59430820;JOSUE WILFREDO RAMOS ALBERTO;1401;3;7495;9;1;54599;3; $3.887.602,00 ; $-   ; $-   ; $-   ;CONTRATACION DE 2 ESPECIALISTAS PARA LA ELABORACIÓN DE INVENTARIO CULTURAL Y DISEÑO DE MATERIAL SOBRE PUEBLOS INDIGENAS Y POBLACION AFRODECENDIENTES-AÑO 2026-CP 761-JM;Liquidada; $-   
2026;1662;3;22/01/2026;MINEDUCYT-50/2023-BIRF;59430820;JOSUE WILFREDO RAMOS ALBERTO;1401;3;7495;9;1;54599;4; $3.102.087,00 ; $-   ; $-   ; $-   ;CONTRATACION DE 2 ESPECIALISTAS PARA LA ELABORACIÓN DE INVENTARIO CULTURAL Y DISEÑO DE MATERIAL SOBRE PUEBLOS INDIGENAS Y POBLACION AFRODECENDIENTES-AÑO 2026-CP 761-JM;Liquidada; $-   
2026;1662;1;22/01/2026;MINEDUCYT-50/2023-BIRF;59430820;JOSUE WILFREDO RAMOS ALBERTO;1401;3;7495;9;1;54599;2; $2.744.868,00 ; $-   ; $-   ; $-   ;CONTRATACION DE 2 ESPECIALISTAS PARA LA ELABORACIÓN DE INVENTARIO CULTURAL Y DISEÑO DE MATERIAL SOBRE PUEBLOS INDIGENAS Y POBLACION AFRODECENDIENTES-AÑO 2026-CP 761-JM;Liquidada; $-   
2026;1662;5;22/01/2026;MINEDUCYT-50/2023-BIRF;59430820;JOSUE WILFREDO RAMOS ALBERTO;1401;3;7495;9;1;54599;6; $3.820.946,00 ; $-   ; $-   ; $-   ;CONTRATACION DE 2 ESPECIALISTAS PARA LA ELABORACIÓN DE INVENTARIO CULTURAL Y DISEÑO DE MATERIAL SOBRE PUEBLOS INDIGENAS Y POBLACION AFRODECENDIENTES-AÑO 2026-CP 761-JM;Liquidada; $-   
2026;11968;6;26/06/2026;MINEDUCYT-50/2023-BIRF;59430820;JOSUE WILFREDO RAMOS ALBERTO;1401;3;7495;9;1;54599;12; $1.362.970,00 ; $-   ; $-   ; $931.017,00 ;CONTRATACION DE 2 ESPECIALISTAS PARA LA ELABORACIÓN DE INVENTARIO CULTURAL Y DISEÑO DE MATERIAL SOBRE PUEBLOS INDIGENAS Y POBLACION AFRODECENDIENTES-AÑO 2026-CP 987-JM.;Aprobado; $-   
2026;11968;5;26/06/2026;MINEDUCYT-50/2023-BIRF;59430820;JOSUE WILFREDO RAMOS ALBERTO;1401;3;7495;9;1;54599;11; $2.744.701,00 ; $-   ; $-   ; $31.209,00 ;CONTRATACION DE 2 ESPECIALISTAS PARA LA ELABORACIÓN DE INVENTARIO CULTURAL Y DISEÑO DE MATERIAL SOBRE PUEBLOS INDIGENAS Y POBLACION AFRODECENDIENTES-AÑO 2026-CP 987-JM.;Aprobado; $-   
2026;11968;4;26/06/2026;MINEDUCYT-50/2023-BIRF;59430820;JOSUE WILFREDO RAMOS ALBERTO;1401;3;7495;9;1;54599;10; $2.782.932,00 ; $-   ; $-   ; $1.805.397,00 ;CONTRATACION DE 2 ESPECIALISTAS PARA LA ELABORACIÓN DE INVENTARIO CULTURAL Y DISEÑO DE MATERIAL SOBRE PUEBLOS INDIGENAS Y POBLACION AFRODECENDIENTES-AÑO 2026-CP 987-JM.;Aprobado; $-   
2026;11968;2;26/06/2026;MINEDUCYT-50/2023-BIRF;59430820;JOSUE WILFREDO RAMOS ALBERTO;1401;3;7495;9;1;54599;8; $4.644.299,00 ; $-   ; $-   ; $4.184.864,00 ;CONTRATACION DE 2 ESPECIALISTAS PARA LA ELABORACIÓN DE INVENTARIO CULTURAL Y DISEÑO DE MATERIAL SOBRE PUEBLOS INDIGENAS Y POBLACION AFRODECENDIENTES-AÑO 2026-CP 987-JM.;Aprobado; $-   
2026;11968;1;26/06/2026;MINEDUCYT-50/2023-BIRF;59430820;JOSUE WILFREDO RAMOS ALBERTO;1401;3;7495;9;1;54599;7; $2.549.901,00 ; $-   ; $-   ; $31.002,00 ;CONTRATACION DE 2 ESPECIALISTAS PARA LA ELABORACIÓN DE INVENTARIO CULTURAL Y DISEÑO DE MATERIAL SOBRE PUEBLOS INDIGENAS Y POBLACION AFRODECENDIENTES-AÑO 2026-CP 987-JM.;Aprobado; $-   
2026;11968;3;26/06/2026;MINEDUCYT-50/2023-BIRF;59430820;JOSUE WILFREDO RAMOS ALBERTO;1401;3;7495;9;1;54599;9; $295.536,00 ; $-   ; $-   ; $102.307,00 ;CONTRATACION DE 2 ESPECIALISTAS PARA LA ELABORACIÓN DE INVENTARIO CULTURAL Y DISEÑO DE MATERIAL SOBRE PUEBLOS INDIGENAS Y POBLACION AFRODECENDIENTES-AÑO 2026-CP 987-JM.;Aprobado; $-   
2026;10041;1;15/05/2026;MINEDCUYT-22/2026-BIRF;6140202620015;R.R. DONNELLEY DE EL SALVADOR, S.A. DE C.V.;1401;3;7495;9;1;54313;9; $223.906,00 ; $-   ; $-   ; $93.708,00 ;SERVICIOS DE IMPRESION Y DISTRIBUCION DE MATERIALES Y RECURSOS PARA DOCENTES, FAMILIAS Y NIÑEZ DE PRIMERA INFANCIA-CP 662-AÑO 2026-JM;Aprobado; $-   
2026;12020;1;30/06/2026;MINEDUCYT-01/2026-AME ;6140202620015;R.R. DONNELLEY DE EL SALVADOR, S.A. DE C.V.;1401;5;7495;217;1;54313;7; $1.913.831,00 ; $230.500,00 ; $-   ; $-   ;SERVICIO DE IMPRESION Y DISTRIBUCION DE GUIAS METODOLOGICAS Y CUADERNILLOS DE LECTORSCRITURA PARA DOCENTES Y ESTUDIANTES DE PARVULARIA Y PRIMER GRADO DE LA PRIMERA INFANCIA A NIVEL NACIONAL-CP 01-AÑO 2026-JM;Liquidada; $3.430.032,00 
2026;4029;1;24/02/2026;.MINEDUCYT-01/2026-BIRF;6140306091059;ACM, SOCIEDAD ANONIMA DE CAPITAL VARIABLE;1401;3;7495;9;1;61603;2; $2.180.559,00 ; $270.917,49 ; $-   ; $-   ;ANTICIPO DE MEJORAMIENTO DE INFRAESTRUCTURA DE 16 C.E. PÚBLICOS QUE ATIENDEN PRIMERA INFANCIA A NIVEL NACIONAL-CP 883-AÑO 2026-JM;Liquidada; $906.771,00 
2026;4030;4;24/02/2026;MINEDUCYT-01/2026-BIRF...;6140306091059;ACM, SOCIEDAD ANONIMA DE CAPITAL VARIABLE;1401;3;7495;9;1;61603;6; $2.291.681,00 ; $70.237,86 ; $-   ; $-   ;COMPLEMENTO DE MEJORAMIENTO DE INFRAESTRUCTURA DE 16 C.E. PÚBLICOS QUE ATIENDEN PRIMERA INFANCIA A NIVEL NACIONAL-CP 883-AÑO 2026-JM;Liquidada; $2.769.747,00 
2026;4030;5;24/02/2026;MINEDUCYT-01/2026-BIRF...;6140306091059;ACM, SOCIEDAD ANONIMA DE CAPITAL VARIABLE;1401;3;7495;9;1;61603;7; $660.475,00 ; $70.237,86 ; $-   ; $-   ;COMPLEMENTO DE MEJORAMIENTO DE INFRAESTRUCTURA DE 16 C.E. PÚBLICOS QUE ATIENDEN PRIMERA INFANCIA A NIVEL NACIONAL-CP 883-AÑO 2026-JM;Liquidada; $4.159.245,00 
2026;4030;6;24/02/2026;MINEDUCYT-01/2026-BIRF...;6140306091059;ACM, SOCIEDAD ANONIMA DE CAPITAL VARIABLE;1401;3;7495;9;1;61603;8; $4.504.398,00 ; $70.237,86 ; $-   ; $-   ;COMPLEMENTO DE MEJORAMIENTO DE INFRAESTRUCTURA DE 16 C.E. PÚBLICOS QUE ATIENDEN PRIMERA INFANCIA A NIVEL NACIONAL-CP 883-AÑO 2026-JM;Liquidada; $1.637.085,00 
2026;4030;7;24/02/2026;MINEDUCYT-01/2026-BIRF...;6140306091059;ACM, SOCIEDAD ANONIMA DE CAPITAL VARIABLE;1401;3;7495;9;1;61603;9; $2.906.607,00 ; $70.237,86 ; $-   ; $-   ;COMPLEMENTO DE MEJORAMIENTO DE INFRAESTRUCTURA DE 16 C.E. PÚBLICOS QUE ATIENDEN PRIMERA INFANCIA A NIVEL NACIONAL-CP 883-AÑO 2026-JM;Liquidada; $575.968,00 
2026;4030;3;24/02/2026;MINEDUCYT-01/2026-BIRF...;6140306091059;ACM, SOCIEDAD ANONIMA DE CAPITAL VARIABLE;1401;3;7495;9;1;61603;5; $3.184.456,00 ; $70.237,86 ; $-   ; $-   ;COMPLEMENTO DE MEJORAMIENTO DE INFRAESTRUCTURA DE 16 C.E. PÚBLICOS QUE ATIENDEN PRIMERA INFANCIA A NIVEL NACIONAL-CP 883-AÑO 2026-JM;Liquidada; $394.299,00 
2026;4030;2;24/02/2026;MINEDUCYT-01/2026-BIRF...;6140306091059;ACM, SOCIEDAD ANONIMA DE CAPITAL VARIABLE;1401;3;7495;9;1;61603;4; $4.320.088,00 ; $70.237,86 ; $-   ; $-   ;COMPLEMENTO DE MEJORAMIENTO DE INFRAESTRUCTURA DE 16 C.E. PÚBLICOS QUE ATIENDEN PRIMERA INFANCIA A NIVEL NACIONAL-CP 883-AÑO 2026-JM;Liquidada; $4.402.512,00 
2026;4030;8;24/02/2026;MINEDUCYT-01/2026-BIRF...;6140306091059;ACM, SOCIEDAD ANONIMA DE CAPITAL VARIABLE;1401;3;7495;9;1;61603;10; $2.524.151,00 ; $70.237,86 ; $-   ; $-   ;COMPLEMENTO DE MEJORAMIENTO DE INFRAESTRUCTURA DE 16 C.E. PÚBLICOS QUE ATIENDEN PRIMERA INFANCIA A NIVEL NACIONAL-CP 883-AÑO 2026-JM;Liquidada; $1.680.143,00 
2026;4030;1;24/02/2026;MINEDUCYT-01/2026-BIRF...;6140306091059;ACM, SOCIEDAD ANONIMA DE CAPITAL VARIABLE;1401;3;7495;9;1;61603;3; $85.291,00 ; $70.237,86 ; $-   ; $-   ;COMPLEMENTO DE MEJORAMIENTO DE INFRAESTRUCTURA DE 16 C.E. PÚBLICOS QUE ATIENDEN PRIMERA INFANCIA A NIVEL NACIONAL-CP 883-AÑO 2026-JM;Liquidada; $372.482,00 
2026;4030;9;24/02/2026;MINEDUCYT-01/2026-BIRF...;6140306091059;ACM, SOCIEDAD ANONIMA DE CAPITAL VARIABLE;1401;3;7495;9;1;61603;11; $4.684.078,00 ; $70.237,92 ; $-   ; $-   ;COMPLEMENTO DE MEJORAMIENTO DE INFRAESTRUCTURA DE 16 C.E. PÚBLICOS QUE ATIENDEN PRIMERA INFANCIA A NIVEL NACIONAL-CP 883-AÑO 2026-JM;Liquidada; $247.675,00 
2026;11915;1;24/06/2026;MINEDUCYT-01/2026-BIRF...;6140306091059;ACM, SOCIEDAD ANONIMA DE CAPITAL VARIABLE;1401;3;7495;9;1;61603;6; $4.105.254,00 ; $-   ; $-   ; $120.000,00 ;ANTICIPO DE MEJORAMIENTO DE INFRAESTRUCTURA DE 16 C.E. PÚBLICOS QUE ATIENDEN PRIMERA INFANCIA A NIVEL NACIONAL-CP 883-AÑO 2026-JM;Aprobado; $-   
2026;11916;2;24/06/2026;MINEDUCYT-01/2026-BIRF.....;6140306091059;ACM, SOCIEDAD ANONIMA DE CAPITAL VARIABLE;1401;3;7495;9;1;61603;11; $1.917.942,00 ; $-   ; $-   ; $391.529,14 ;COMPLEMENTO DE MEJORAMIENTO DE INFRAESTRUCTURA DE 16 C.E. PÚBLICOS QUE ATIENDEN PRIMERA INFANCIA A NIVEL NACIONAL-CP 883-AÑO 2026-JM;Aprobado; $-   
2026;11916;1;24/06/2026;MINEDUCYT-01/2026-BIRF.....;6140306091059;ACM, SOCIEDAD ANONIMA DE CAPITAL VARIABLE;1401;3;7495;9;1;61603;9; $3.223.749,00 ; $-   ; $-   ; $391.529,15 ;COMPLEMENTO DE MEJORAMIENTO DE INFRAESTRUCTURA DE 16 C.E. PÚBLICOS QUE ATIENDEN PRIMERA INFANCIA A NIVEL NACIONAL-CP 883-AÑO 2026-JM;Aprobado; $-   
2026;2147;1;11/02/2026;MINEDUCYT-23/2025-BIRF;6140507001058;Z. Z. INGENIEROS, S. A. DE C. V.;1401;3;7495;9;1;61603;3; $2.620.903,00 ; $-   ; $-   ; $-   ;MEJORAMIENTO DE INFRAESTRUCTURA EN 17  C.E. PUBLICOS QUE ATIENDEN PRIMERA INFANCIA A NIVEL NACIONAL-CP 713-AÑO 2026-JM;Liquidada; $-   
2026;3919;1;23/02/2026;MINEDUCYT-23/2025-BIRF;6140507001058;Z. Z. INGENIEROS, S. A. DE C. V.;1401;3;7495;9;1;61603;3; $911.552,00 ; $-   ; $-   ; $-   ;CONTRATACION PARA EL MEJORAMIENTO DE INFRAESTRUCTURA DE 17 C.E. PUBLICOS QUE ATIENDEN PRIMERA INFANCIA A NIVEL NACIONAL-CP 631-DEUDA 2025-JM;Liquidada; $-   
2026;8653;1;14/05/2026;MINEDUCYT-23/2025-BIRF;6140507001058;Z. Z. INGENIEROS, S. A. DE C. V.;1401;3;7495;9;1;61603;5; $1.879.008,00 ; $-   ; $-   ; $-   ;MEJORAMIENTO DE INFRAESTRUCTURA EN 17 C.E. PÚBLICOS QUE ATIENDEN PRIMERA INFANCIA A NIVEL NACIONAL-CP 910-AÑO 2026-JM;Liquidada; $-   
2026;8586;1;11/05/2026;S/N;6140607211041;FONDO DE ACTIVIDADES ESPECIALES DEL MINISTERIO DE VIVIENDA;1401;3;7495;9;1;54399;5; $1.379.118,00 ; $-   ; $-   ; $-   ;CONVENIO INTERINSTITUCIONAL CELEBRADO ENTRE EL MINEDUCYT Y EL INSTITUTO DE LEGALIZACIÓN DE LA PRIOPIEDAD, PARA LA PRESTACIÓN DE SERVICIOS TÉCNICOS, LEGALES Y ADMINISTRATIVOS PARA LA LEGALIZACIÓN DE INMUEBLES EN LOS QUE FUNCIONAN C.E OFICIALES- CP 387- DEUDA- JM ;Liquidada; $-   
2026;8587;1;11/05/2026;S/N;6140607211041;FONDO DE ACTIVIDADES ESPECIALES DEL MINISTERIO DE VIVIENDA;1401;3;7495;9;1;54399;5; $2.458.003,00 ; $-   ; $-   ; $759.871,00 ;CONVENIO INTERINSTITUCIONAL CELEBRADO ENTRE EL MINEDUCYT Y EL INSTITUTO DE LEGALIZACIÓN DE LA PRIOPIEDAD, PARA LA PRESTACIÓN DE SERVICIOS TÉCNICOS, LEGALES Y ADMINISTRATIVOS PARA LA LEGALIZACIÓN DE INMUEBLES EN LOS QUE FUNCIONAN C.E OFICIALES- CP 962-AÑO 2026- JM ;Parcialmente Liquidada; $-   
2026;1855;1;02/02/2026;  MINEDUCYT-142/2026 BIRF;6140706021033;SOLUCIONES Y SISTEMAS INGENIEROS, S.A. DE C.V.;1401;3;7495;9;1;61499;6; $2.576.892,00 ; $-   ; $-   ; $-   ;Desarrollo de Solucion Informatica para el sistema de Certificacion de Centros Educativos y cuidados de la Primera Infancia - CP 717 -JM;Parcialmente Liquidada; $-   
2026;1855;2;02/02/2026;  MINEDUCYT-142/2026 BIRF;6140706021033;SOLUCIONES Y SISTEMAS INGENIEROS, S.A. DE C.V.;1401;3;7495;9;1;61499;3; $1.142.249,00 ; $-   ; $-   ; $-   ;Desarrollo de Solucion Informatica para el sistema de Certificacion de Centros Educativos y cuidados de la Primera Infancia - CP 717 -JM;Parcialmente Liquidada; $-   
2026;1855;3;02/02/2026;  MINEDUCYT-142/2026 BIRF;6140706021033;SOLUCIONES Y SISTEMAS INGENIEROS, S.A. DE C.V.;1401;3;7495;9;1;61499;9; $86.123,00 ; $-   ; $-   ; $79.179,10 ;Desarrollo de Solucion Informatica para el sistema de Certificacion de Centros Educativos y cuidados de la Primera Infancia - CP 717 -JM;Parcialmente Liquidada; $-   
2026;1855;4;02/02/2026;  MINEDUCYT-142/2026 BIRF;6140706021033;SOLUCIONES Y SISTEMAS INGENIEROS, S.A. DE C.V.;1401;3;7495;9;1;61499;12; $4.325.285,00 ; $-   ; $-   ; $29.692,16 ;Desarrollo de Solucion Informatica para el sistema de Certificacion de Centros Educativos y cuidados de la Primera Infancia - CP 717 -JM;Parcialmente Liquidada; $-   
2026;10264;1;03/06/2026;MINEDUCYT-26/2026-BIRF;6140803841010;UNIVERSIDAD DON BOSCO;1401;3;7495;9;1;54322;12; $3.154.555,00 ; $-   ; $-   ; $315.882,46 ;DISEÑO DE PLAN DE ESTUDIO PARA TÉCNICO DE INTÉRPRETE DE LESSA Y DISEÑO DE LA PROPUESTA DE CERTIFICACIÓN DE LA LENGUA DE SEÑAS SALVADOREÑAS-CP 945/606/607-AÑO 2026-JM;Aprobado; $-   
2026;1731;9;27/01/2026;MINEDUCYT-143/2025-BIRF;6140804021033;MONFLO INGENIEROS, S.A. DE C.V.;1401;3;7495;9;1;61608;2; $690.576,00 ; $-   ; $-   ; $13.145,19 ;SUPERVISIÓN DE OBRAS DE MEJORAMIENTO DE INFRAESTRUCTURA DE 1 CE PÚBLICO QUE ATIENDEN PRIMERA INFANCIA, UBICADO EN EL DPTO DE SAN VICENTE, LOTE 4-CP 869-AÑO 2026-JM;Aprobado; $-   
2026;1731;8;27/01/2026;MINEDUCYT-143/2025-BIRF;6140804021033;MONFLO INGENIEROS, S.A. DE C.V.;1401;3;7495;9;1;61608;10; $3.112.174,00 ; $-   ; $-   ; $13.145,19 ;SUPERVISIÓN DE OBRAS DE MEJORAMIENTO DE INFRAESTRUCTURA DE 1 CE PÚBLICO QUE ATIENDEN PRIMERA INFANCIA, UBICADO EN EL DPTO DE SAN VICENTE, LOTE 4-CP 869-AÑO 2026-JM;Aprobado; $-   
2026;1731;7;27/01/2026;MINEDUCYT-143/2025-BIRF;6140804021033;MONFLO INGENIEROS, S.A. DE C.V.;1401;3;7495;9;1;61608;9; $2.938.393,00 ; $-   ; $-   ; $13.145,19 ;SUPERVISIÓN DE OBRAS DE MEJORAMIENTO DE INFRAESTRUCTURA DE 1 CE PÚBLICO QUE ATIENDEN PRIMERA INFANCIA, UBICADO EN EL DPTO DE SAN VICENTE, LOTE 4-CP 869-AÑO 2026-JM;Aprobado; $-   
2026;1731;6;27/01/2026;MINEDUCYT-143/2025-BIRF;6140804021033;MONFLO INGENIEROS, S.A. DE C.V.;1401;3;7495;9;1;61608;8; $3.833.665,00 ; $-   ; $-   ; $13.145,19 ;SUPERVISIÓN DE OBRAS DE MEJORAMIENTO DE INFRAESTRUCTURA DE 1 CE PÚBLICO QUE ATIENDEN PRIMERA INFANCIA, UBICADO EN EL DPTO DE SAN VICENTE, LOTE 4-CP 869-AÑO 2026-JM;Aprobado; $-   
2026;1731;5;27/01/2026;MINEDUCYT-143/2025-BIRF;6140804021033;MONFLO INGENIEROS, S.A. DE C.V.;1401;3;7495;9;1;61608;7; $336.227,00 ; $-   ; $-   ; $13.145,19 ;SUPERVISIÓN DE OBRAS DE MEJORAMIENTO DE INFRAESTRUCTURA DE 1 CE PÚBLICO QUE ATIENDEN PRIMERA INFANCIA, UBICADO EN EL DPTO DE SAN VICENTE, LOTE 4-CP 869-AÑO 2026-JM;Aprobado; $-   
2026;1731;4;27/01/2026;MINEDUCYT-143/2025-BIRF;6140804021033;MONFLO INGENIEROS, S.A. DE C.V.;1401;3;7495;9;1;61608;6; $3.860.637,00 ; $-   ; $-   ; $13.145,19 ;SUPERVISIÓN DE OBRAS DE MEJORAMIENTO DE INFRAESTRUCTURA DE 1 CE PÚBLICO QUE ATIENDEN PRIMERA INFANCIA, UBICADO EN EL DPTO DE SAN VICENTE, LOTE 4-CP 869-AÑO 2026-JM;Aprobado; $-   
2026;1731;3;27/01/2026;MINEDUCYT-143/2025-BIRF;6140804021033;MONFLO INGENIEROS, S.A. DE C.V.;1401;3;7495;9;1;61608;5; $4.656.997,00 ; $-   ; $-   ; $13.145,19 ;SUPERVISIÓN DE OBRAS DE MEJORAMIENTO DE INFRAESTRUCTURA DE 1 CE PÚBLICO QUE ATIENDEN PRIMERA INFANCIA, UBICADO EN EL DPTO DE SAN VICENTE, LOTE 4-CP 869-AÑO 2026-JM;Aprobado; $-   
2026;1731;1;27/01/2026;MINEDUCYT-143/2025-BIRF;6140804021033;MONFLO INGENIEROS, S.A. DE C.V.;1401;3;7495;9;1;61608;3; $4.891.499,00 ; $-   ; $-   ; $13.145,19 ;SUPERVISIÓN DE OBRAS DE MEJORAMIENTO DE INFRAESTRUCTURA DE 1 CE PÚBLICO QUE ATIENDEN PRIMERA INFANCIA, UBICADO EN EL DPTO DE SAN VICENTE, LOTE 4-CP 869-AÑO 2026-JM;Aprobado; $-   
2026;1731;2;27/01/2026;MINEDUCYT-143/2025-BIRF;6140804021033;MONFLO INGENIEROS, S.A. DE C.V.;1401;3;7495;9;1;61608;4; $3.132.954,00 ; $-   ; $-   ; $13.145,19 ;SUPERVISIÓN DE OBRAS DE MEJORAMIENTO DE INFRAESTRUCTURA DE 1 CE PÚBLICO QUE ATIENDEN PRIMERA INFANCIA, UBICADO EN EL DPTO DE SAN VICENTE, LOTE 4-CP 869-AÑO 2026-JM;Aprobado; $-   
2026;1733;6;27/01/2026;MINEDUCYT-05/2026-BIRF;6140804021033;MONFLO INGENIEROS, S.A. DE C.V.;1401;3;7495;9;1;61608;8; $2.969.119,00 ; $-   ; $-   ; $22.001,48 ;SUPERVISIÓN DE OBRAS DE MEJORAMIENTO DE INFRAESTRUCTURA DE 1 CE PÚBLICO UBICADO EN EL DPTO DE SANTA ANA T 1 CE PÚBLICO UBICADO EN EL DPTO DE SAN SALVADOR, QUE ATIENDEN PRIMERA INFANCIA, LOTE 5-CP 870-AÑO 2026-JM;Parcialmente Liquidada; $-   
2026;1733;7;27/01/2026;MINEDUCYT-05/2026-BIRF;6140804021033;MONFLO INGENIEROS, S.A. DE C.V.;1401;3;7495;9;1;61608;9; $4.993.151,00 ; $-   ; $-   ; $22.001,48 ;SUPERVISIÓN DE OBRAS DE MEJORAMIENTO DE INFRAESTRUCTURA DE 1 CE PÚBLICO UBICADO EN EL DPTO DE SANTA ANA T 1 CE PÚBLICO UBICADO EN EL DPTO DE SAN SALVADOR, QUE ATIENDEN PRIMERA INFANCIA, LOTE 5-CP 870-AÑO 2026-JM;Parcialmente Liquidada; $-   
2026;1733;8;27/01/2026;MINEDUCYT-05/2026-BIRF;6140804021033;MONFLO INGENIEROS, S.A. DE C.V.;1401;3;7495;9;1;61608;10; $1.689.339,00 ; $-   ; $-   ; $22.001,48 ;SUPERVISIÓN DE OBRAS DE MEJORAMIENTO DE INFRAESTRUCTURA DE 1 CE PÚBLICO UBICADO EN EL DPTO DE SANTA ANA T 1 CE PÚBLICO UBICADO EN EL DPTO DE SAN SALVADOR, QUE ATIENDEN PRIMERA INFANCIA, LOTE 5-CP 870-AÑO 2026-JM;Parcialmente Liquidada; $-   
2026;1733;9;27/01/2026;MINEDUCYT-05/2026-BIRF;6140804021033;MONFLO INGENIEROS, S.A. DE C.V.;1401;3;7495;9;1;61608;2; $4.885.645,00 ; $-   ; $-   ; $-   ;SUPERVISIÓN DE OBRAS DE MEJORAMIENTO DE INFRAESTRUCTURA DE 1 CE PÚBLICO UBICADO EN EL DPTO DE SANTA ANA T 1 CE PÚBLICO UBICADO EN EL DPTO DE SAN SALVADOR, QUE ATIENDEN PRIMERA INFANCIA, LOTE 5-CP 870-AÑO 2026-JM;Parcialmente Liquidada; $-   
2026;1733;1;27/01/2026;MINEDUCYT-05/2026-BIRF;6140804021033;MONFLO INGENIEROS, S.A. DE C.V.;1401;3;7495;9;1;61608;3; $937.674,00 ; $-   ; $-   ; $8.826,59 ;SUPERVISIÓN DE OBRAS DE MEJORAMIENTO DE INFRAESTRUCTURA DE 1 CE PÚBLICO UBICADO EN EL DPTO DE SANTA ANA T 1 CE PÚBLICO UBICADO EN EL DPTO DE SAN SALVADOR, QUE ATIENDEN PRIMERA INFANCIA, LOTE 5-CP 870-AÑO 2026-JM;Parcialmente Liquidada; $-   
2026;1733;5;27/01/2026;MINEDUCYT-05/2026-BIRF;6140804021033;MONFLO INGENIEROS, S.A. DE C.V.;1401;3;7495;9;1;61608;7; $4.966.644,00 ; $-   ; $-   ; $22.001,48 ;SUPERVISIÓN DE OBRAS DE MEJORAMIENTO DE INFRAESTRUCTURA DE 1 CE PÚBLICO UBICADO EN EL DPTO DE SANTA ANA T 1 CE PÚBLICO UBICADO EN EL DPTO DE SAN SALVADOR, QUE ATIENDEN PRIMERA INFANCIA, LOTE 5-CP 870-AÑO 2026-JM;Parcialmente Liquidada; $-   
2026;1733;3;27/01/2026;MINEDUCYT-05/2026-BIRF;6140804021033;MONFLO INGENIEROS, S.A. DE C.V.;1401;3;7495;9;1;61608;5; $215.107,00 ; $-   ; $-   ; $22.001,48 ;SUPERVISIÓN DE OBRAS DE MEJORAMIENTO DE INFRAESTRUCTURA DE 1 CE PÚBLICO UBICADO EN EL DPTO DE SANTA ANA T 1 CE PÚBLICO UBICADO EN EL DPTO DE SAN SALVADOR, QUE ATIENDEN PRIMERA INFANCIA, LOTE 5-CP 870-AÑO 2026-JM;Parcialmente Liquidada; $-   
2026;1733;2;27/01/2026;MINEDUCYT-05/2026-BIRF;6140804021033;MONFLO INGENIEROS, S.A. DE C.V.;1401;3;7495;9;1;61608;4; $1.085.027,00 ; $-   ; $-   ; $13.207,39 ;SUPERVISIÓN DE OBRAS DE MEJORAMIENTO DE INFRAESTRUCTURA DE 1 CE PÚBLICO UBICADO EN EL DPTO DE SANTA ANA T 1 CE PÚBLICO UBICADO EN EL DPTO DE SAN SALVADOR, QUE ATIENDEN PRIMERA INFANCIA, LOTE 5-CP 870-AÑO 2026-JM;Parcialmente Liquidada; $-   
2026;1733;4;27/01/2026;MINEDUCYT-05/2026-BIRF;6140804021033;MONFLO INGENIEROS, S.A. DE C.V.;1401;3;7495;9;1;61608;6; $3.378.080,00 ; $-   ; $-   ; $22.001,48 ;SUPERVISIÓN DE OBRAS DE MEJORAMIENTO DE INFRAESTRUCTURA DE 1 CE PÚBLICO UBICADO EN EL DPTO DE SANTA ANA T 1 CE PÚBLICO UBICADO EN EL DPTO DE SAN SALVADOR, QUE ATIENDEN PRIMERA INFANCIA, LOTE 5-CP 870-AÑO 2026-JM;Parcialmente Liquidada; $-   
2026;1738;1;27/01/2026;MINEDUCYT-139/2025-BIRF;6140804021033;MONFLO INGENIEROS, S.A. DE C.V.;1401;3;7495;9;1;61608;2; $1.659.940,00 ; $-   ; $-   ; $1.735,93 ;SUPERVISIÓN DE OBRAS DE MEJORAMIENTO DE INFRAESTRUCTURA EN 2 CE PÚBLICO QUE ATIENDEN PRIMERA INFANCIA, UBICADO EN EL DPTO DE LA LIBERTAD, LOTE 2-AÑO 2026-CP 727-JM;Parcialmente Liquidada; $-   
2026;1738;3;27/01/2026;MINEDUCYT-139/2025-BIRF;6140804021033;MONFLO INGENIEROS, S.A. DE C.V.;1401;3;7495;9;1;61608;4; $3.348.325,00 ; $-   ; $-   ; $4.174,91 ;SUPERVISIÓN DE OBRAS DE MEJORAMIENTO DE INFRAESTRUCTURA EN 2 CE PÚBLICO QUE ATIENDEN PRIMERA INFANCIA, UBICADO EN EL DPTO DE LA LIBERTAD, LOTE 2-AÑO 2026-CP 727-JM;Parcialmente Liquidada; $-   
2026;1738;4;27/01/2026;MINEDUCYT-139/2025-BIRF;6140804021033;MONFLO INGENIEROS, S.A. DE C.V.;1401;3;7495;9;1;61608;5; $4.268.476,00 ; $-   ; $-   ; $17.859,00 ;SUPERVISIÓN DE OBRAS DE MEJORAMIENTO DE INFRAESTRUCTURA EN 2 CE PÚBLICO QUE ATIENDEN PRIMERA INFANCIA, UBICADO EN EL DPTO DE LA LIBERTAD, LOTE 2-AÑO 2026-CP 727-JM;Parcialmente Liquidada; $-   
2026;1738;5;27/01/2026;MINEDUCYT-139/2025-BIRF;6140804021033;MONFLO INGENIEROS, S.A. DE C.V.;1401;3;7495;9;1;61608;6; $3.052.239,00 ; $-   ; $-   ; $17.859,00 ;SUPERVISIÓN DE OBRAS DE MEJORAMIENTO DE INFRAESTRUCTURA EN 2 CE PÚBLICO QUE ATIENDEN PRIMERA INFANCIA, UBICADO EN EL DPTO DE LA LIBERTAD, LOTE 2-AÑO 2026-CP 727-JM;Parcialmente Liquidada; $-   
2026;1738;6;27/01/2026;MINEDUCYT-139/2025-BIRF;6140804021033;MONFLO INGENIEROS, S.A. DE C.V.;1401;3;7495;9;1;61608;7; $2.282.806,00 ; $-   ; $-   ; $17.859,00 ;SUPERVISIÓN DE OBRAS DE MEJORAMIENTO DE INFRAESTRUCTURA EN 2 CE PÚBLICO QUE ATIENDEN PRIMERA INFANCIA, UBICADO EN EL DPTO DE LA LIBERTAD, LOTE 2-AÑO 2026-CP 727-JM;Parcialmente Liquidada; $-   
2026;1738;7;27/01/2026;MINEDUCYT-139/2025-BIRF;6140804021033;MONFLO INGENIEROS, S.A. DE C.V.;1401;3;7495;9;1;61608;8; $1.937.608,00 ; $-   ; $-   ; $17.859,00 ;SUPERVISIÓN DE OBRAS DE MEJORAMIENTO DE INFRAESTRUCTURA EN 2 CE PÚBLICO QUE ATIENDEN PRIMERA INFANCIA, UBICADO EN EL DPTO DE LA LIBERTAD, LOTE 2-AÑO 2026-CP 727-JM;Parcialmente Liquidada; $-   
2026;1738;8;27/01/2026;MINEDUCYT-139/2025-BIRF;6140804021033;MONFLO INGENIEROS, S.A. DE C.V.;1401;3;7495;9;1;61608;9; $642.200,00 ; $-   ; $-   ; $17.859,00 ;SUPERVISIÓN DE OBRAS DE MEJORAMIENTO DE INFRAESTRUCTURA EN 2 CE PÚBLICO QUE ATIENDEN PRIMERA INFANCIA, UBICADO EN EL DPTO DE LA LIBERTAD, LOTE 2-AÑO 2026-CP 727-JM;Parcialmente Liquidada; $-   
2026;1738;9;27/01/2026;MINEDUCYT-139/2025-BIRF;6140804021033;MONFLO INGENIEROS, S.A. DE C.V.;1401;3;7495;9;1;61608;10; $3.682.515,00 ; $-   ; $-   ; $17.859,00 ;SUPERVISIÓN DE OBRAS DE MEJORAMIENTO DE INFRAESTRUCTURA EN 2 CE PÚBLICO QUE ATIENDEN PRIMERA INFANCIA, UBICADO EN EL DPTO DE LA LIBERTAD, LOTE 2-AÑO 2026-CP 727-JM;Parcialmente Liquidada; $-   
2026;1738;2;27/01/2026;MINEDUCYT-139/2025-BIRF;6140804021033;MONFLO INGENIEROS, S.A. DE C.V.;1401;3;7495;9;1;61608;3; $4.138.771,00 ; $-   ; $-   ; $-   ;SUPERVISIÓN DE OBRAS DE MEJORAMIENTO DE INFRAESTRUCTURA EN 2 CE PÚBLICO QUE ATIENDEN PRIMERA INFANCIA, UBICADO EN EL DPTO DE LA LIBERTAD, LOTE 2-AÑO 2026-CP 727-JM;Parcialmente Liquidada; $-   
2026;1742;1;28/01/2026;MINEDUCYT-138/2025-BIRF;6140804021033;MONFLO INGENIEROS, S.A. DE C.V.;1401;3;7495;9;1;61608;2; $2.367.036,00 ; $1.500,00 ; $-   ; $-   ;SUPERVISIÓN DE OBRAS DE MEJORAMIENTO DE INFRAESTRUCTURA EN E CE PUBLICOS QUE ATIENDEN PRIMERA INFANCIA, UBICADOS EN EL DPTO DE SAN SALVADOR, LOTE 1-AÑO 2026-CP 726-JM;Liquidada; $4.030.532,00 
2026;1742;2;28/01/2026;MINEDUCYT-138/2025-BIRF;6140804021033;MONFLO INGENIEROS, S.A. DE C.V.;1401;3;7495;9;1;61608;3; $2.783.467,00 ; $750,00 ; $-   ; $-   ;SUPERVISIÓN DE OBRAS DE MEJORAMIENTO DE INFRAESTRUCTURA EN E CE PUBLICOS QUE ATIENDEN PRIMERA INFANCIA, UBICADOS EN EL DPTO DE SAN SALVADOR, LOTE 1-AÑO 2026-CP 726-JM;Liquidada; $3.242.295,00 
2026;1742;3;28/01/2026;MINEDUCYT-138/2025-BIRF;6140804021033;MONFLO INGENIEROS, S.A. DE C.V.;1401;3;7495;9;1;61608;4; $214.088,00 ; $750,00 ; $-   ; $-   ;SUPERVISIÓN DE OBRAS DE MEJORAMIENTO DE INFRAESTRUCTURA EN E CE PUBLICOS QUE ATIENDEN PRIMERA INFANCIA, UBICADOS EN EL DPTO DE SAN SALVADOR, LOTE 1-AÑO 2026-CP 726-JM;Liquidada; $638.770,00 
2026;1742;4;28/01/2026;MINEDUCYT-138/2025-BIRF;6140804021033;MONFLO INGENIEROS, S.A. DE C.V.;1401;3;7495;9;1;61608;5; $1.900.564,00 ; $750,00 ; $-   ; $-   ;SUPERVISIÓN DE OBRAS DE MEJORAMIENTO DE INFRAESTRUCTURA EN E CE PUBLICOS QUE ATIENDEN PRIMERA INFANCIA, UBICADOS EN EL DPTO DE SAN SALVADOR, LOTE 1-AÑO 2026-CP 726-JM;Liquidada; $1.387.369,00 
2026;1742;5;28/01/2026;MINEDUCYT-138/2025-BIRF;6140804021033;MONFLO INGENIEROS, S.A. DE C.V.;1401;3;7495;9;1;61608;6; $3.654.333,00 ; $750,00 ; $-   ; $-   ;SUPERVISIÓN DE OBRAS DE MEJORAMIENTO DE INFRAESTRUCTURA EN E CE PUBLICOS QUE ATIENDEN PRIMERA INFANCIA, UBICADOS EN EL DPTO DE SAN SALVADOR, LOTE 1-AÑO 2026-CP 726-JM;Liquidada; $3.844.390,00 
2026;1758;7;28/01/2026;MINEDUCYT-138/2025-BIRF;6140804021033;MONFLO INGENIEROS, S.A. DE C.V.;1401;3;7495;9;1;61608;8; $2.601.132,00 ; $-   ; $-   ; $17.859,00 ;SUPERVISIÓN DE OBRAS DE MEJORAMIENTO DE INFRAESTRUCTURA EN E CE PUBLICOS QUE ATIENDEN PRIMERA INFANCIA, UBICADOS EN EL DPTO DE SAN SALVADOR, LOTE 1-AÑO 2026-CP 726-JM;Parcialmente Liquidada; $-   
2026;1758;8;28/01/2026;MINEDUCYT-138/2025-BIRF;6140804021033;MONFLO INGENIEROS, S.A. DE C.V.;1401;3;7495;9;1;61608;9; $3.684.497,00 ; $-   ; $-   ; $17.859,00 ;SUPERVISIÓN DE OBRAS DE MEJORAMIENTO DE INFRAESTRUCTURA EN E CE PUBLICOS QUE ATIENDEN PRIMERA INFANCIA, UBICADOS EN EL DPTO DE SAN SALVADOR, LOTE 1-AÑO 2026-CP 726-JM;Parcialmente Liquidada; $-   
2026;1758;9;28/01/2026;MINEDUCYT-138/2025-BIRF;6140804021033;MONFLO INGENIEROS, S.A. DE C.V.;1401;3;7495;9;1;61608;10; $816.900,00 ; $-   ; $-   ; $17.859,00 ;SUPERVISIÓN DE OBRAS DE MEJORAMIENTO DE INFRAESTRUCTURA EN E CE PUBLICOS QUE ATIENDEN PRIMERA INFANCIA, UBICADOS EN EL DPTO DE SAN SALVADOR, LOTE 1-AÑO 2026-CP 726-JM;Parcialmente Liquidada; $-   
2026;1758;1;28/01/2026;MINEDUCYT-138/2025-BIRF;6140804021033;MONFLO INGENIEROS, S.A. DE C.V.;1401;3;7495;9;1;61608;2; $4.302.067,00 ; $-   ; $-   ; $-   ;SUPERVISIÓN DE OBRAS DE MEJORAMIENTO DE INFRAESTRUCTURA EN E CE PUBLICOS QUE ATIENDEN PRIMERA INFANCIA, UBICADOS EN EL DPTO DE SAN SALVADOR, LOTE 1-AÑO 2026-CP 726-JM;Parcialmente Liquidada; $-   
2026;1758;2;28/01/2026;MINEDUCYT-138/2025-BIRF;6140804021033;MONFLO INGENIEROS, S.A. DE C.V.;1401;3;7495;9;1;61608;3; $3.666.434,00 ; $-   ; $-   ; $-   ;SUPERVISIÓN DE OBRAS DE MEJORAMIENTO DE INFRAESTRUCTURA EN E CE PUBLICOS QUE ATIENDEN PRIMERA INFANCIA, UBICADOS EN EL DPTO DE SAN SALVADOR, LOTE 1-AÑO 2026-CP 726-JM;Parcialmente Liquidada; $-   
2026;1758;3;28/01/2026;MINEDUCYT-138/2025-BIRF;6140804021033;MONFLO INGENIEROS, S.A. DE C.V.;1401;3;7495;9;1;61608;4; $4.459.917,00 ; $-   ; $-   ; $5.910,84 ;SUPERVISIÓN DE OBRAS DE MEJORAMIENTO DE INFRAESTRUCTURA EN E CE PUBLICOS QUE ATIENDEN PRIMERA INFANCIA, UBICADOS EN EL DPTO DE SAN SALVADOR, LOTE 1-AÑO 2026-CP 726-JM;Parcialmente Liquidada; $-   
2026;1758;4;28/01/2026;MINEDUCYT-138/2025-BIRF;6140804021033;MONFLO INGENIEROS, S.A. DE C.V.;1401;3;7495;9;1;61608;5; $1.802.168,00 ; $-   ; $-   ; $17.859,00 ;SUPERVISIÓN DE OBRAS DE MEJORAMIENTO DE INFRAESTRUCTURA EN E CE PUBLICOS QUE ATIENDEN PRIMERA INFANCIA, UBICADOS EN EL DPTO DE SAN SALVADOR, LOTE 1-AÑO 2026-CP 726-JM;Parcialmente Liquidada; $-   
2026;1758;5;28/01/2026;MINEDUCYT-138/2025-BIRF;6140804021033;MONFLO INGENIEROS, S.A. DE C.V.;1401;3;7495;9;1;61608;6; $1.062.299,00 ; $-   ; $-   ; $17.859,00 ;SUPERVISIÓN DE OBRAS DE MEJORAMIENTO DE INFRAESTRUCTURA EN E CE PUBLICOS QUE ATIENDEN PRIMERA INFANCIA, UBICADOS EN EL DPTO DE SAN SALVADOR, LOTE 1-AÑO 2026-CP 726-JM;Parcialmente Liquidada; $-   
2026;1758;6;28/01/2026;MINEDUCYT-138/2025-BIRF;6140804021033;MONFLO INGENIEROS, S.A. DE C.V.;1401;3;7495;9;1;61608;7; $4.720.990,00 ; $-   ; $-   ; $17.859,00 ;SUPERVISIÓN DE OBRAS DE MEJORAMIENTO DE INFRAESTRUCTURA EN E CE PUBLICOS QUE ATIENDEN PRIMERA INFANCIA, UBICADOS EN EL DPTO DE SAN SALVADOR, LOTE 1-AÑO 2026-CP 726-JM;Parcialmente Liquidada; $-   
2026;2110;1;10/02/2026;MINEDUCYT-23/2024-BIRF;6140804021033;MONFLO INGENIEROS, S.A. DE C.V.;1401;3;7495;9;1;61608;4; $2.951.613,00 ; $-   ; $-   ; $12.908,42 ;SUPERVICION DE MEJORAMIENTO DE INFRAESTRUCTURA DE 5 CENTROS EDUCATIVOS, UBICADOS EN LOS DEPARTAMENTOS DE LA LIBERTAD Y LA PAZ - DEUDA 2025 - CP 373 -JM;Parcialmente Liquidada; $-   
2026;2229;1;13/02/2026;MINEDUCYT-15/2025-BIRF;6140804021033;MONFLO INGENIEROS, S.A. DE C.V.;1401;3;7495;9;1;61608;4; $3.724.219,00 ; $-   ; $-   ; $-   ;SUPERVISION DE MEJORAMIENTO DE INFRAESTRUCTURA EN 1 C.E. UBICADO EN EL DPTO DE SAN SALVADOR-CP 624 - DEUDA 2025-JM;Liquidada; $-   
2026;3678;1;16/02/2026;MINEDUCYT-14/2025-BIRF;6140804021033;MONFLO INGENIEROS, S.A. DE C.V.;1401;3;7495;9;1;61608;4; $1.932.135,00 ; $-   ; $-   ; $-   ;SUPERVISION DE MEJORAMIENTO DE INFRAESTRUCTURA EN C.E., UBICADOS EN LOS DPTOS DE USULUTAN Y SAN SALVADOR-CP 625- DEUDA 2025-JM;Liquidada; $-   
2026;3717;1;17/02/2026;MINEDUCYT-13/2025-BIRF;6140804021033;MONFLO INGENIEROS, S.A. DE C.V.;1401;3;7495;9;1;61608;2; $3.211.489,00 ; $-   ; $-   ; $-   ;SUPERVICION DE MEJJORAMIENTO DE INFRAESTRUCTURA EN 3 C.E. UBICADOS EN LOS DPTOS DE AHUCHAPAN Y SANTA ANA (INCREMENTO 1)-AÑO 2026-CP 874-JM;Liquidada; $-   
2026;3866;1;19/02/2026;MINEDUCYT-15/2025-BIRF.;6140804021033;MONFLO INGENIEROS, S.A. DE C.V.;1401;3;7495;9;1;61608;3; $359.308,00 ; $-   ; $-   ; $-   ;SUPERVICION DE MEJORAMIENTO DE INFRAESTRUCTURA EN 1 C.E. UBICADO EN EL DPTO DE S.S.(VARIACION 1) MECT-M 14/2026-CP 835-AÑO 2026-JM;Liquidada; $-   
2026;3866;2;19/02/2026;MINEDUCYT-15/2025-BIRF.;6140804021033;MONFLO INGENIEROS, S.A. DE C.V.;1401;3;7495;9;1;61608;4; $1.002.104,00 ; $-   ; $-   ; $-   ;SUPERVICION DE MEJORAMIENTO DE INFRAESTRUCTURA EN 1 C.E. UBICADO EN EL DPTO DE S.S.(VARIACION 1) MECT-M 14/2026-CP 835-AÑO 2026-JM;Liquidada; $-   
2026;3934;1;23/02/2026;MINEDUCYT-13/2025-BIRF..;6140804021033;MONFLO INGENIEROS, S.A. DE C.V.;1401;3;7495;9;1;61608;4; $47.453,00 ; $-   ; $-   ; $105.211,10 ;SUPERVISION DE MEJORAMIENTODE INFRAESTRUCTURA EN 3 C.E., UBICADOS EN LOS DPTOS DE AHUACHAPAN Y SANTA  AN - CP 537-DEUDA 2025-JM;Parcialmente Liquidada; $-   
2026;3937;1;23/02/2026;MINEDUCYT-25/2024-BIRF;6140804021033;MONFLO INGENIEROS, S.A. DE C.V.;1401;3;7495;9;1;61608;3; $4.504.148,00 ; $-   ; $-   ; $16.797,77 ;SUPERVISION DE MEJORAMIENTO DE INFRAESTRUCTURA EN 3 CENTROS EDUCATIVOS QUE ATIENDEN PRIMERA INFANCIA, UBICADOS EN LOS DEPARTAMENTOS DE SANTA  ANA Y SONSONATE- DEUDA 2025- CP 374- JM ;Aprobado; $-   
2026;4022;1;24/02/2026;MINEDUCYT-24/2024-BIRF;6140804021033;MONFLO INGENIEROS, S.A. DE C.V.;1401;3;7495;9;1;61608;4; $1.502.430,00 ; $-   ; $-   ; $10.116,08 ;SUPERVSIÓN DE MEJORAMIENTO DE INFRAESTRUCTURA DE 4 C.E. PÚBLICOS, QUE ATIENDEN PRIMERA INFANCIA UBICADOS EN LOS DPTOS DE SANTA ANA Y CABAÑA-CP 667/668-DEUDA 2025-JM;Aprobado; $-   
2026;4269;1;03/03/2026;MINEDUCYT-14/2025-BIRF..;6140804021033;MONFLO INGENIEROS, S.A. DE C.V.;1401;3;7495;9;1;61608;3; $3.086.813,00 ; $-   ; $-   ; $284,04 ;SUPERVISIÓN E MEJORAMIENTO DE INFRAESTRUCTURA EN 4 C.E. UBICADOS EN LOS DPTOS. DE USULUTAN Y SAN SALVADOR-CP 834//789-AÑO 2026-JM;Parcialmente Liquidada; $-   
2026;4759;1;16/03/2026;MINEDUCYT-23/2024-BIRF;6140804021033;MONFLO INGENIEROS, S.A. DE C.V.;1401;3;7495;9;1;61608;4; $4.918.357,00 ; $-   ; $-   ; $67.502,78 ;SUPERVICION DE MEJORAMIENTO DE INFRAESTRUCTURA DE 5 CENTROS EDUCATIVOS, UBICADOS EN LOS DEPARTAMENTOS DE LA LIBERTAD Y LA PAZ (INCREMENTO)-MODIFICATIVAS 226/2025-46/2026-CP 891/892/923/924-AÑO 2026;Parcialmente Liquidada; $-   
2026;8236;1;21/04/2026;MINEDUCYT-23/2024-BIRF;6140804021033;MONFLO INGENIEROS, S.A. DE C.V.;1401;3;7495;9;1;61608;5; $419.977,00 ; $-   ; $-   ; $6.074,51 ;SUPERVISION DE MEJORAMIENTO DE INFRAESTRUCTURA DE 5 C.E. UBICADOS EN LOS DPTOS DE LA LIBERTAD Y LA PAZ (PARVULARIA EL ROSARIO/ INCREMENTO/ MECT-M-140/2026)-CP 939-AÑO 2026-JM;Aprobado; $-   
2026;8496;1;30/04/2026;MINEDUCYT-14/2025-BIRF;6140804021033;MONFLO INGENIEROS, S.A. DE C.V.;1401;3;7495;9;1;61608;5; $2.737.895,00 ; $-   ; $-   ; $-   ;Supervisión de mejoramiento de infraestructura en 4 centros educativos ubicados en los departamentos de usulutan y San Salvador (INCREMENTO MECT-M-149/2026) CP 942-AÑO 2026-JM;Liquidada; $-   
2026;10194;1;25/05/2026;MINEDUCYT-88/2025-BIRF;6140804021033;MONFLO INGENIEROS, S.A. DE C.V.;1401;3;7495;9;1;61608;6; $1.762.126,00 ; $-   ; $-   ; $136.152,44 ;SUPERVICION DE OBRAS DE MEJORAMIENTO DE INFRAESTRUCTURA EN 2 C.E. PÚBLICOS QUE ATIENDEN PRIMERA INVANCIA, UBICADOS EN LOS DPTOS DE CUSCATLAN Y SAN SALVADOR-CP 408- DEUDA-JM;Parcialmente Liquidada; $-   
2026;10199;1;26/05/2026;MINEDUCYT-15/2025-BIRF;6140804021033;MONFLO INGENIEROS, S.A. DE C.V.;1401;3;7495;9;1;61608;6; $2.284.088,00 ; $-   ; $-   ; $11.215,32 ;SUPERVISION DE MEJORAMIENTO DE INFRAESTRUCTURA EN 1 C.E. UBICADO EN EL DPTO DE SAN SALVADOR (INCREMENTO 2 MECT-M-213/2026)-CP 959-AÑO 2026-JM;Parcialmente Liquidada; $-   
2026;3830;1;18/02/2026;MINEDUCYT-132/2025-BIRF;6140805091027;INFOTECH, S.A. DE C.V.;1401;3;7495;9;1;61102;3; $842.824,00 ; $-   ; $-   ; $-   ;ADQUISICIÓN DE BOCINAS O PARLANTES PARA BIBLIOTECAS DE C.E. PÚBLICOS DE PRIMERA INFANCIA-CP 683/7116-AÑO 2026-JM;Liquidada; $-   
2026;2191;1;12/02/2026;MINEDUCYT-78/2025-BIRF;6140906840020;D' QUISA, S. A. DE C. V.;1401;3;7495;9;1;61101;2; $2.203.562,00 ; $-   ; $-   ; $108.647,32 ;SUMINISTROS Y DISTRIBUCION DE MOBILIARIO ESCOLAR PARA 51 CENTROS EDUCATIVOS PUBLICOS QUE ATIENDEN PRIMERA INFANCIA A NIVEL NACIONAL-CP 391-DEUDA 2025-JM ;Parcialmente Liquidada; $-   
2026;8577;1;08/05/2026;POLIZA 123857;6141112670016;U TRAVEL SERVICE, S.A. DE C. V.;1401;3;7495;9;1;54402;5; $2.374.668,00 ; $-   ; $-   ; $-   ;COMPRA DE 3 BOLETOS PARA MISION BANCO MUNDIAL PANAMA DEL 5 AL 8 DE MAYO DEL 2026 (GASTOS OPERATIVOS)-CP 967-AÑO 2026-JM;Liquidada; $-   
2026;6269;1;19/03/2026;MINEDUCYT-11/2026-BIRF;6141210151030;INVERSIONES Y TRANSPORTES CONSOLIDADOS CARCAMO, SOCIEDAD ANONIMA DE CAPITAL VARIABLE;1401;3;7495;9;1;54401;3; $3.208.281,00 ; $-   ; $-   ; $-   ;SERVICIO DE MOVILIZACIÓN DE PARTICIPANTES CLAVE PARA EL EVENTO DE ENTREGA TÉCNICA DEL CURRÍCULO DE PRIMERA INFANCIA-CP 719-AÑO 2026-JM;Liquidada; $-   
2026;14148;1;29/07/2026;MINEDUCYT-37/2026;6141212780014;PRICEWATERHOUSECOOPERS DE RESPONSABILIDAD LIMITADA DE CAPITAL VARIABLE;1401;3;7495;9;1;54321;8; $446.315,00 ; $43.261,37 ; $-   ; $-   ;AUDITORIA FINANCIERA EXTERNA (EJERCICIO 2025) DEL PROYECTO CRECER Y APRENDER JUNTOS: DESARROLLO DE LA PRIMERA INFANCIA EN EL SALVADOR-CP 911 BIRF-AÑO 2026-JM;Liquidada; $4.946.486,00 
2026;14152;1;29/07/2026;MINEDUCYT-37/2026;6141212780014;PRICEWATERHOUSECOOPERS DE RESPONSABILIDAD LIMITADA DE CAPITAL VARIABLE;1401;5;7495;217;1;54321;8; $3.461.592,00 ; $5.899,28 ; $-   ; $-   ;AUDITORIA FINANCIERA EXTERNA (EJERCICIO 2025) DEL PROYECTO CRECER Y APRENDER JUNTOS: DESARROLLO DE LA PRIMERA INFANCIA EN EL SALVADOR-CP 912 AME-AÑO 2026-JM;Liquidada; $2.806.531,00 
2026;14153;2;29/07/2026;MINEDUCYT-37/2026;6141212780014;PRICEWATERHOUSECOOPERS DE RESPONSABILIDAD LIMITADA DE CAPITAL VARIABLE;1401;3;7495;9;1;54321;9; $2.817.239,00 ; $-   ; $-   ; $30.282,96 ;AUDITORIA FINANCIERA EXTERNA (EJERCICIO 2025) DEL PROYECTO CRECER Y APRENDER JUNTOS: DESARROLLO DE LA PRIMERA INFANCIA EN EL SALVADOR-CP 911 BIRF-AÑO 2026-JM;Aprobado; $-   
2026;14153;1;29/07/2026;MINEDUCYT-37/2026;6141212780014;PRICEWATERHOUSECOOPERS DE RESPONSABILIDAD LIMITADA DE CAPITAL VARIABLE;1401;3;7495;9;1;54321;8; $4.748.667,00 ; $-   ; $-   ; $12.978,41 ;AUDITORIA FINANCIERA EXTERNA (EJERCICIO 2025) DEL PROYECTO CRECER Y APRENDER JUNTOS: DESARROLLO DE LA PRIMERA INFANCIA EN EL SALVADOR-CP 911 BIRF-AÑO 2026-JM;Aprobado; $-   
2026;14163;1;29/07/2026;MINEDUCYT-37/2026.;6141212780014;PRICEWATERHOUSECOOPERS DE RESPONSABILIDAD LIMITADA DE CAPITAL VARIABLE;1401;5;7495;217;1;54321;8; $208.804,00 ; $-   ; $-   ; $5.899,28 ;AUDITORIA FINANCIERA EXTERNA (EJERCICIO 2025) DEL PROYECTO CRECER Y APRENDER JUNTOS: DESARROLLO DE LA PRIMERA INFANCIA EN EL SALVADOR-CP 912 AME-AÑO 2026-JM;Aprobado; $-   
2026;11889;1;22/06/2026;125005;6141303181070;TRANSPORTES MY PRINCES TUR, SOCIEDAD ANÓNIMA DE CAPITAL VARIABLE;1401;3;7495;9;1;54399;6; $1.892.749,00 ; $310,76 ; $-   ; $-   ;SERVICIOS DE TRANSPORTE EN EL MARCO EN EL MARCO DE LA MISION DE SUPERVISION DEL BANCO MUNDIAL A CE CATOLICO DE PANCHIMALCO- CP 1104-AÑO 2026-JM;Liquidada; $3.528.849,00 
2026;11990;1;26/06/2026;125005;6141303181070;TRANSPORTES MY PRINCES TUR, SOCIEDAD ANÓNIMA DE CAPITAL VARIABLE;1401;3;7495;9;1;54401;6; $4.085.732,00 ; $310,76 ; $-   ; $-   ;SERVICIOS DE TRANSPORTE EN EL MARCO EN EL MARCO DE LA MISION DE SUPERVISION DEL BANCO MUNDIAL A CE CATOLICO DE PANCHIMALCO- CP 1104-AÑO 2026-JM;Liquidada; $41.629,00 
2026;11991;1;26/06/2026;125005;6141303181070;TRANSPORTES MY PRINCES TUR, SOCIEDAD ANÓNIMA DE CAPITAL VARIABLE;1401;3;7495;9;1;54401;6; $3.198.624,00 ; $-   ; $-   ; $-   ;SERVICIOS DE TRANSPORTE EN EL MARCO EN EL MARCO DE LA MISION DE SUPERVISION DEL BANCO MUNDIAL A CE CATOLICO DE PANCHIMALCO- CP 1104-AÑO 2026-JM;Liquidada; $-   
2026;1931;1;04/02/2026;MINEDUCYT-153/2025-BIRF;6141306071097;FUNDACION CRISALIDA INTERNACIONAL;1401;3;7495;9;1;54322;2; $715.348,00 ; $-   ; $-   ; $-   ;CONSULTORIA PARA LA EDICIÓN DIAGRAMACIÓN E ILUSTRACIÓN DE VERSION IMPRESA DEL CURRICULO DE PRIMERA INFANCIA-CP 867-AÑO 2026-JM;Liquidada; $-   
2026;1931;2;04/02/2026;MINEDUCYT-153/2025-BIRF;6141306071097;FUNDACION CRISALIDA INTERNACIONAL;1401;3;7495;9;1;54322;4; $4.266.022,00 ; $-   ; $-   ; $-   ;CONSULTORIA PARA LA EDICIÓN DIAGRAMACIÓN E ILUSTRACIÓN DE VERSION IMPRESA DEL CURRICULO DE PRIMERA INFANCIA-CP 867-AÑO 2026-JM;Liquidada; $-   
2026;1931;3;04/02/2026;MINEDUCYT-153/2025-BIRF;6141306071097;FUNDACION CRISALIDA INTERNACIONAL;1401;3;7495;9;1;54322;9; $3.817.558,00 ; $-   ; $-   ; $-   ;CONSULTORIA PARA LA EDICIÓN DIAGRAMACIÓN E ILUSTRACIÓN DE VERSION IMPRESA DEL CURRICULO DE PRIMERA INFANCIA-CP 867-AÑO 2026-JM;Liquidada; $-   
2026;10309;1;05/06/2026;MINEDUCYT-28/2026-AME;6141306071097;FUNDACION CRISALIDA INTERNACIONAL;1401;5;7495;217;1;54320;9; $1.859.167,00 ; $-   ; $-   ; $492.773,00 ;SERVICIOS PARA EL DESARROLLO DE TALLERES DIRIGIDO A DOCENTES PARA LA ENTREGA TECNICA  DE LIBROS Y GUIAS A LAS FAMILIAS DE NIÑOS DE PRIMERA INFANCIA Y EL MONITOREO Y SEGUIMIENTO AL USO DE ESTOS-CP 696-AÑO 2026-JM;Aprobado; $-   
2026;12065;1;06/07/2026;MINEDUCYT-33/2026-AME;6141306071097;FUNDACION CRISALIDA INTERNACIONAL;1401;5;7495;217;1;54322;7; $593.769,00 ; $-   ; $-   ; $419.270,32 ;CONSULTORIA PARA EL DISEÑO, EDICION, DIAGRAMACION, IMPRESION Y DISTRIBUCION DE MATERIAL EDUCATIVO PARA FORTALECER EL PROCESO DE APRENDIZAJE DE LA LECTURA DE LA NIÑEZ DE PRIMERA INFANCIA-CP 648-AÑO 2026-JM;Aprobado; $-   
2026;2171;1;12/02/2026;MINEDUCYT-76/2025-BIRF;6141307941060;PROCESOS METALICOS, S.A. DE C.V.;1401;3;7495;9;1;61101;2; $2.078.457,00 ; $-   ; $-   ; $132.540,00 ;SUMINISTRO Y DISTRIBUCION DE MOBILIARIO ESCOLAR PARA 51 CENTROS EDUCATIVOS PUBLICOS QUE ATIENDEN PRIMERA INFANCIA A NIVEL NACIONAL-CP 391-DEUDA 2025-JM;Parcialmente Liquidada; $-   
2026;130;1;15/01/2026;MINEDUCYT-155/2025-BIRF;6141410921078;IMPRESOS MULTIPLES, S. A. DE C. V.;1401;3;7495;9;1;54313;2; $2.140.039,00 ; $-   ; $-   ; $-   ;SERVICIO DE IMPRESION DE CURRICULO DE PRIMERA INFANCIA-CP 650-AÑO 2026-JM ;Liquidada; $-   
2026;130;2;15/01/2026;MINEDUCYT-155/2025-BIRF;6141410921078;IMPRESOS MULTIPLES, S. A. DE C. V.;1401;3;7495;9;1;54313;3; $917.448,00 ; $-   ; $-   ; $-   ;SERVICIO DE IMPRESION DE CURRICULO DE PRIMERA INFANCIA-CP 650-AÑO 2026-JM ;Liquidada; $-   
2026;130;3;15/01/2026;MINEDUCYT-155/2025-BIRF;6141410921078;IMPRESOS MULTIPLES, S. A. DE C. V.;1401;3;7495;9;1;54313;4; $3.977.754,00 ; $-   ; $-   ; $-   ;SERVICIO DE IMPRESION DE CURRICULO DE PRIMERA INFANCIA-CP 650-AÑO 2026-JM ;Liquidada; $-   
2026;1689;1;23/01/2026;MINEDUCYT-154/2025-BIRF;6141410921078;IMPRESOS MULTIPLES, S. A. DE C. V.;1401;3;7495;9;1;54313;2; $3.600.727,00 ; $-   ; $-   ; $-   ;ADQUISICION DE SERVICIOS PARA LA IMPRESIÓN DE MATERIALES DE APOYO AL PROCESO DE TRANSICIÓN DE LECTOESCRITURA DE PARVULARIA DE PRIMER GRADO-AÑO 2026-CP 730/731-JM;Liquidada; $-   
2026;1689;3;23/01/2026;MINEDUCYT-154/2025-BIRF;6141410921078;IMPRESOS MULTIPLES, S. A. DE C. V.;1401;3;7495;9;1;54313;4; $2.767.358,00 ; $-   ; $-   ; $-   ;ADQUISICION DE SERVICIOS PARA LA IMPRESIÓN DE MATERIALES DE APOYO AL PROCESO DE TRANSICIÓN DE LECTOESCRITURA DE PARVULARIA DE PRIMER GRADO-AÑO 2026-CP 730/731-JM;Liquidada; $-   
2026;1689;2;23/01/2026;MINEDUCYT-154/2025-BIRF;6141410921078;IMPRESOS MULTIPLES, S. A. DE C. V.;1401;3;7495;9;1;54313;3; $2.778.590,00 ; $-   ; $-   ; $-   ;ADQUISICION DE SERVICIOS PARA LA IMPRESIÓN DE MATERIALES DE APOYO AL PROCESO DE TRANSICIÓN DE LECTOESCRITURA DE PARVULARIA DE PRIMER GRADO-AÑO 2026-CP 730/731-JM;Liquidada; $-   
2026;10113;1;21/05/2026;124249;6141410921078;IMPRESOS MULTIPLES, S. A. DE C. V.;1401;3;7495;9;1;54313;5; $3.517.676,00 ; $-   ; $-   ; $-   ;ADQUISICIÓN DE MATERIAL IMPRESO PARA VISITA  A C.E. (MARTES 17/03/26)(GASTO OPERATIVO) -CP 982-AÑO2026- JM ;Liquidada; $-   
2026;2010;1;06/02/2026;MINEDUCYT-20/2025-BIRF;6141503961037;ARIAS VILLAREAL-MARTINEZ INGENIEROS, S. A. DE C. V.;1401;3;7495;9;1;61603;3; $4.338.829,00 ; $122.280,20 ; $-   ; $-   ;MEJORAMIENTO DE INFRAESTRUCTURA EN 17 C.E. PÚBLICOS QUE ATIENDEN PRIMERA INFANCIA A NIVEL NACIONAL-MECT M 578/2025-AÑO 2026-CP 793-JM (INCREMENTO);Liquidada; $3.275.093,00 
2026;2010;2;06/02/2026;MINEDUCYT-20/2025-BIRF;6141503961037;ARIAS VILLAREAL-MARTINEZ INGENIEROS, S. A. DE C. V.;1401;3;7495;9;1;61603;4; $519.848,00 ; $122.280,21 ; $-   ; $-   ;MEJORAMIENTO DE INFRAESTRUCTURA EN 17 C.E. PÚBLICOS QUE ATIENDEN PRIMERA INFANCIA A NIVEL NACIONAL-MECT M 578/2025-AÑO 2026-CP 793-JM (INCREMENTO);Liquidada; $1.065.576,00 
2026;2119;1;11/02/2026;MINEDUCYT-21/2025-BIRF;6141503961037;ARIAS VILLAREAL-MARTINEZ INGENIEROS, S. A. DE C. V.;1401;3;7495;9;1;61603;2; $1.740.625,00 ; $-   ; $-   ; $69.498,55 ;Pago de deuda correspondiente al contrato No. MINEDUCYT 21/2025-BIRF 9067-SV, JM;Parcialmente Liquidada; $-   
2026;3663;1;16/02/2026;MINEDUCYT-20/2025-BIRF;6141503961037;ARIAS VILLAREAL-MARTINEZ INGENIEROS, S. A. DE C. V.;1401;3;7495;9;1;61603;6; $1.794.984,00 ; $-   ; $-   ; $-   ;CONTRATACION PARA EL MEJORAMIENTO DE INFRAESTRUCTURA EN 17 C.E. PÚBLICOS QUE ATIENDEN PRIMERA INFANCIA A NIVEL NACIONAL-CP 631-DEUDA 2025-JM  ;Parcialmente Liquidada; $-   
2026;3663;2;16/02/2026;MINEDUCYT-20/2025-BIRF;6141503961037;ARIAS VILLAREAL-MARTINEZ INGENIEROS, S. A. DE C. V.;1401;3;7495;9;1;61603;8; $1.239.803,00 ; $-   ; $-   ; $33.047,18 ;CONTRATACION PARA EL MEJORAMIENTO DE INFRAESTRUCTURA EN 17 C.E. PÚBLICOS QUE ATIENDEN PRIMERA INFANCIA A NIVEL NACIONAL-CP 631-DEUDA 2025-JM  ;Parcialmente Liquidada; $-   
2026;3711;1;17/02/2026;MINEDUCYT-21/2025-BIRF;6141503961037;ARIAS VILLAREAL-MARTINEZ INGENIEROS, S. A. DE C. V.;1401;3;7495;9;1;61603;3; $3.179.475,00 ; $-   ; $-   ; $47.187,47 ;CONTRATACION PARA EL MEJORAMIENTO DE INFRAESTRUCTURA DE 17 C.E. PUBLICOS QUE ATIENDEN PRIMERA INFANCIA A NIVEL NACIONAL (VARIACIÓN 1)-CP 840-AÑO 2026- MECT-M-585/2025-JM;Aprobado; $-   
2026;3711;2;17/02/2026;MINEDUCYT-21/2025-BIRF;6141503961037;ARIAS VILLAREAL-MARTINEZ INGENIEROS, S. A. DE C. V.;1401;3;7495;9;1;61603;4; $1.838.009,00 ; $-   ; $-   ; $47.187,47 ;CONTRATACION PARA EL MEJORAMIENTO DE INFRAESTRUCTURA DE 17 C.E. PUBLICOS QUE ATIENDEN PRIMERA INFANCIA A NIVEL NACIONAL (VARIACIÓN 1)-CP 840-AÑO 2026- MECT-M-585/2025-JM;Aprobado; $-   
2026;3865;1;18/02/2026;MINEDUCYT-53/2025-BIRF;6141503961037;ARIAS VILLAREAL-MARTINEZ INGENIEROS, S. A. DE C. V.;1401;3;7495;9;1;61603;6; $316.947,00 ; $-   ; $-   ; $-   ;MEJORAMIENTO DE INFRAESTRUCTURA EN 29 CENTROS EDUCATIVOS PUBLICOS QUE ATIENDEN PRIMERA INFANCIA A NIVEL NACIONAL- CP 636-DEUDA 2025-JM;Parcialmente Liquidada; $-   
2026;3865;2;18/02/2026;MINEDUCYT-53/2025-BIRF;6141503961037;ARIAS VILLAREAL-MARTINEZ INGENIEROS, S. A. DE C. V.;1401;3;7495;9;1;61603;8; $2.095.810,00 ; $-   ; $-   ; $389.288,18 ;MEJORAMIENTO DE INFRAESTRUCTURA EN 29 CENTROS EDUCATIVOS PUBLICOS QUE ATIENDEN PRIMERA INFANCIA A NIVEL NACIONAL- CP 636-DEUDA 2025-JM;Parcialmente Liquidada; $-   
2026;11821;1;15/06/2026;MINEDUCYT-53/2025-BIRF;6141503961037;ARIAS VILLAREAL-MARTINEZ INGENIEROS, S. A. DE C. V.;1401;3;7495;9;1;61603;7; $2.301.574,00 ; $-   ; $-   ; $527.427,30 ;MEJORAMIENTO DE INFRAESTRUCTURA EN 29 C.E. PUBLICOS QUE ATIENDEN PRIMERA INFANCIA A NIVEL NACIONAL (INCREMENTO ESCUELA ESPECIAL DE SONSONATE) MECT-M-15/2026-CP 941-AÑO 2026-JM;Aprobado; $-   
2026;12087;1;08/07/2026;MINEDUCYT-20/2025-BIRF;6141503961037;ARIAS VILLAREAL-MARTINEZ INGENIEROS, S. A. DE C. V.;1401;3;7495;9;1;61603;7; $457.438,00 ; $-   ; $-   ; $235.236,21 ;MEJORAMIENTO DE INFRAESTRUCTURA EN 17 C.E. PÚBLICOS QUE ATIENDEN PRIMERA INFANCIA A NIVEL NACIONAL-MECT M 378/2026-AÑO 2026-CP 793-JM;Aprobado; $-   
2026;13958;1;23/07/2026;MINEDUCYT-21/2025-BIRF;6141503961037;ARIAS VILLAREAL-MARTINEZ INGENIEROS, S. A. DE C. V.;1401;3;7495;9;1;61603;8; $272.558,00 ; $-   ; $-   ; $11.854,85 ;CONTRATACION PARA EL MEJORAMIENTO DE INFRAESTRUCTURA EN 17 C.E. PÚBLICOS QUE ATIENDEN PRIMERA INFANCIA A NIVEL NACIONAL(PARVULARIA JULITA ALFONSO) VARIACIÓN 2-CP 958-AÑO 2026-JM  ;Aprobado; $-   
2026;6475;1;26/03/2026;MINEDUCYT-8/2026-BIRF;6141612131052;AKVERTISING, SOCIEDAD ANONIMA DE CAPITAL VARIABLE;1401;3;7495;9;1;54322;9; $3.601.054,00 ; $-   ; $-   ; $40.439,31 ;SERVICIO DE COMUNICACIÓN Y VISIBILIZACIÓN DEL NUEVO CURRÍCULO DE PRIMERA INFANCIA-CP 710-AÑO 2026-JM;Parcialmente Liquidada; $-   
2026;3726;1;17/02/2026;MINEDUCYT-50/2025-BIRF;6141612931032;AVE CONSTRUCTORA, S. A. DE C. V.;1401;3;7495;9;1;61603;4; $398.104,00 ; $-   ; $-   ; $220.386,96 ;MEJORAMIENTO DE INFRAESTRUCTURA EN 29 CENTROS EDUCATIVOS PUBLICOS QUE ATIENDEN PRIMERA INFANCIA A NIVEL NACIONAL- CP 636-DEUDA 2025-JM;Parcialmente Liquidada; $-   
2026;6597;1;09/04/2026;MINEDUCYT-50/2025-BIRF;6141612931032;AVE CONSTRUCTORA, S. A. DE C. V.;1401;3;7495;9;1;61603;4; $109,00 ; $-   ; $-   ; $102.659,41 ;MEJORAMIENTO DE INFRAESTRUCTURA EN 29 C.E. PÚBLICOS QUE ATIENDEN PRIMERA INFANCIA A NIVEL NACIONAL (INCREMENTO 1 MECT-M 42/2026) -CP 843-AÑO 2026-JM;Aprobado; $-   
2026;12218;2;14/07/2026;MINEDUCYT-34/2026-AME;6141701810015;UNIVERSIDAD EVANGELICA DE EL SALVADOR;1401;5;7495;217;1;54599;9; $3.404.895,00 ; $-   ; $-   ; $18.419,50 ;CONSULTORIA PARA ELABORAR UN MODULO FORMATIVO ONLINE PARA LECTURA-CP 887-AÑO 2026-JM;Aprobado; $-   
2026;12218;3;14/07/2026;MINEDUCYT-34/2026-AME;6141701810015;UNIVERSIDAD EVANGELICA DE EL SALVADOR;1401;5;7495;217;1;54599;10; $4.811.142,00 ; $-   ; $-   ; $18.419,50 ;CONSULTORIA PARA ELABORAR UN MODULO FORMATIVO ONLINE PARA LECTURA-CP 887-AÑO 2026-JM;Aprobado; $-   
2026;12218;1;14/07/2026;MINEDUCYT-34/2026-AME;6141701810015;UNIVERSIDAD EVANGELICA DE EL SALVADOR;1401;5;7495;217;1;54599;8; $2.027.488,00 ; $-   ; $-   ; $18.419,50 ;CONSULTORIA PARA ELABORAR UN MODULO FORMATIVO ONLINE PARA LECTURA-CP 887-AÑO 2026-JM;Aprobado; $-   
2026;12218;4;14/07/2026;MINEDUCYT-34/2026-AME;6141701810015;UNIVERSIDAD EVANGELICA DE EL SALVADOR;1401;5;7495;217;1;54599;11; $315.587,00 ; $-   ; $-   ; $18.419,50 ;CONSULTORIA PARA ELABORAR UN MODULO FORMATIVO ONLINE PARA LECTURA-CP 887-AÑO 2026-JM;Aprobado; $-   
2026;1893;1;03/02/2026;MINEDUCYT-135/2025 BIRF;6141801931027;PROSERQUI, S.A. DE C.V.;1401;3;7495;9;1;54116;4; $1.269.442,00 ; $-   ; $-   ; $816.980,00 ;Adquisicion de recursos didacticos para la vida practica de para la niñez de promera infancia CP 788 - JM;Aprobado; $-   
2026;1893;2;03/02/2026;MINEDUCYT-135/2025 BIRF;6141801931027;PROSERQUI, S.A. DE C.V.;1401;3;7495;9;1;54199;4; $3.617.732,00 ; $-   ; $-   ; $313.870,00 ;Adquisicion de recursos didacticos para la vida practica de para la niñez de promera infancia CP 788 - JM;Aprobado; $-   
2026;3697;1;17/02/2026;MINEDUCYT-157/2025-BIRF;6141801931027;PROSERQUI, S.A. DE C.V.;1401;3;7495;9;1;54116;6; $2.280.898,00 ; $-   ; $-   ; $882.490,00 ;CONTRATACION ADQUISICION DE MATERIAL LÚDICO PARA EL DESARROLLO DEL PENSAMIENTO LÓGICO Y CIENTÍFICO EN NIÑEZ DE PRIMERA INFANCIA-CP 865-AÑO 2026-JM;Aprobado; $-   
2026;3614;1;13/02/2026;MINEDUCYT-04/2025-BIRF;6141802931012;EUROLATINA PARA LATINOAMERICA Y EL CARIBE, S.A. DE C.V.;1401;3;7495;9;1;54322;3; $2.369.563,00 ; $-   ; $-   ; $-   ;CONSULTORIA PARA EL DISEÑO E IMPLEMENTACION DE UNA EVALUACION DE IMPACTO DE LA FORMULACION DE DOCENTES Y DIRECTORES DE LA DEPI-CP 583-AÑO 2026-JM;Parcialmente Liquidada; $-   
2026;3614;2;13/02/2026;MINEDUCYT-04/2025-BIRF;6141802931012;EUROLATINA PARA LATINOAMERICA Y EL CARIBE, S.A. DE C.V.;1401;3;7495;9;1;54322;6; $2.078.325,00 ; $-   ; $-   ; $33.811,31 ;CONSULTORIA PARA EL DISEÑO E IMPLEMENTACION DE UNA EVALUACION DE IMPACTO DE LA FORMULACION DE DOCENTES Y DIRECTORES DE LA DEPI-CP 583-AÑO 2026-JM;Parcialmente Liquidada; $-   
2026;10065;1;18/05/2026;MINEDUCYT-18/2025-BIRF;6141802931012;EUROLATINA PARA LATINOAMERICA Y EL CARIBE, S.A. DE C.V.;1401;3;7495;9;1;54322;6; $1.742.622,00 ; $-   ; $-   ; $99.984,09 ;CONSULTORIA PARA EL DISEÑO E IMPLEMENTACION DEL SISTEMA DE CERTIFICACIÓN PARA C.E. Y CUIDADOS DE LA PRIMERA INFANCIA (PAGO 4TO Y 5TO PRODUCTO) -DEUDA-CP 601/307-JM;Parcialmente Liquidada; $-   
2026;12198;1;10/07/2026;MINEDUCYT-04/2025-BIRF;6141802931012;EUROLATINA PARA LATINOAMERICA Y EL CARIBE, S.A. DE C.V.;1401;3;7495;9;1;54322;8; $1.199.438,00 ; $-   ; $-   ; $72.998,56 ;CONSULTORIA PARA EL DISEÑO E IMPLEMENTACIÓN DE UNA EVALUACION DE IMPACTO PARA LA FORMACION DE DOCENTES Y DIRECTORES DE PRIMERA INFANCIA EN SERVICIO-CP 978-AÑO 2026-JM;Aprobado; $-   
2026;2020;1;09/02/2026;MINEDUCYT-30/2025-BIRF;6141805001024;CONSTRUCTORA ZELAYA, S.A. DE C.V.;1401;3;7495;9;1;61603;2; $1.083.445,00 ; $-   ; $-   ; $-   ;INCREMENTO MEJORAMIENTO DE INFRAESTRUCTURA EN 17 C.E. PUBLICOS QUE ATIENDEN PRIMERA INFANCIA A NIVEL NACIONAL-AÑO 2026-CP 712-JM;Liquidada; $-   
2026;3842;1;18/02/2026;MINEDUCYT-30/2025-BIRF.;6141805001024;CONSTRUCTORA ZELAYA, S.A. DE C.V.;1401;3;7495;9;1;61603;3; $4.158.644,00 ; $-   ; $-   ; $-   ;CONTRATO PARA EL MEJORAMIENTO DE INFRAESTRUCTURA DE 17 C.E. PUBLICOS QUE ATIENDEN PRIMERA INFANCIA A NIVEL NACIONAL-CP 631-DEUDA 2025-JM ;Liquidada; $-   
2026;3842;2;18/02/2026;MINEDUCYT-30/2025-BIRF.;6141805001024;CONSTRUCTORA ZELAYA, S.A. DE C.V.;1401;3;7495;9;1;61603;5; $3.210.187,00 ; $-   ; $-   ; $-   ;CONTRATO PARA EL MEJORAMIENTO DE INFRAESTRUCTURA DE 17 C.E. PUBLICOS QUE ATIENDEN PRIMERA INFANCIA A NIVEL NACIONAL-CP 631-DEUDA 2025-JM ;Liquidada; $-   
2026;4025;1;24/02/2026;MINEDUCYT-04/2026-BIRF;6141805001024;CONSTRUCTORA ZELAYA, S.A. DE C.V.;1401;3;7495;9;1;61603;2; $3.732.768,00 ; $-   ; $-   ; $250.328,22 ;ANTICIPO DE MEJORAMIENTO DE INFRAESTRUCTURA DE 16 C.E. PÚBLICOS QUE ATIENDEN PRIMERA INFANCIA A NIVEL NACIONAL-CP 883-AÑO 2026-JM;Parcialmente Liquidada; $-   
2026;4026;7;24/02/2026;MINEDUCYT-04/2026-BIRF.;6141805001024;CONSTRUCTORA ZELAYA, S.A. DE C.V.;1401;3;7495;9;1;61603;9; $1.085.866,00 ; $-   ; $-   ; $176.512,55 ;COMPLEMENTO DE MEJORAMIENTO DE INFRAESTRUCTURA DE 16 C.E. PÚBLICOS QUE ATIENDEN PRIMERA INFANCIA A NIVEL NACIONAL-CP 883-AÑO 2026-JM;Parcialmente Liquidada; $-   
2026;4026;8;24/02/2026;MINEDUCYT-04/2026-BIRF.;6141805001024;CONSTRUCTORA ZELAYA, S.A. DE C.V.;1401;3;7495;9;1;61603;10; $3.565.250,00 ; $-   ; $-   ; $176.512,55 ;COMPLEMENTO DE MEJORAMIENTO DE INFRAESTRUCTURA DE 16 C.E. PÚBLICOS QUE ATIENDEN PRIMERA INFANCIA A NIVEL NACIONAL-CP 883-AÑO 2026-JM;Parcialmente Liquidada; $-   
2026;4026;9;24/02/2026;MINEDUCYT-04/2026-BIRF.;6141805001024;CONSTRUCTORA ZELAYA, S.A. DE C.V.;1401;3;7495;9;1;61603;11; $1.205.873,00 ; $-   ; $-   ; $176.512,56 ;COMPLEMENTO DE MEJORAMIENTO DE INFRAESTRUCTURA DE 16 C.E. PÚBLICOS QUE ATIENDEN PRIMERA INFANCIA A NIVEL NACIONAL-CP 883-AÑO 2026-JM;Parcialmente Liquidada; $-   
2026;4026;6;24/02/2026;MINEDUCYT-04/2026-BIRF.;6141805001024;CONSTRUCTORA ZELAYA, S.A. DE C.V.;1401;3;7495;9;1;61603;8; $4.862.539,00 ; $-   ; $-   ; $176.512,55 ;COMPLEMENTO DE MEJORAMIENTO DE INFRAESTRUCTURA DE 16 C.E. PÚBLICOS QUE ATIENDEN PRIMERA INFANCIA A NIVEL NACIONAL-CP 883-AÑO 2026-JM;Parcialmente Liquidada; $-   
2026;4026;5;24/02/2026;MINEDUCYT-04/2026-BIRF.;6141805001024;CONSTRUCTORA ZELAYA, S.A. DE C.V.;1401;3;7495;9;1;61603;7; $569.062,00 ; $-   ; $-   ; $176.512,55 ;COMPLEMENTO DE MEJORAMIENTO DE INFRAESTRUCTURA DE 16 C.E. PÚBLICOS QUE ATIENDEN PRIMERA INFANCIA A NIVEL NACIONAL-CP 883-AÑO 2026-JM;Parcialmente Liquidada; $-   
2026;4026;4;24/02/2026;MINEDUCYT-04/2026-BIRF.;6141805001024;CONSTRUCTORA ZELAYA, S.A. DE C.V.;1401;3;7495;9;1;61603;6; $1.170.746,00 ; $-   ; $-   ; $176.512,55 ;COMPLEMENTO DE MEJORAMIENTO DE INFRAESTRUCTURA DE 16 C.E. PÚBLICOS QUE ATIENDEN PRIMERA INFANCIA A NIVEL NACIONAL-CP 883-AÑO 2026-JM;Parcialmente Liquidada; $-   
2026;4026;3;24/02/2026;MINEDUCYT-04/2026-BIRF.;6141805001024;CONSTRUCTORA ZELAYA, S.A. DE C.V.;1401;3;7495;9;1;61603;5; $3.267.330,00 ; $-   ; $-   ; $176.512,55 ;COMPLEMENTO DE MEJORAMIENTO DE INFRAESTRUCTURA DE 16 C.E. PÚBLICOS QUE ATIENDEN PRIMERA INFANCIA A NIVEL NACIONAL-CP 883-AÑO 2026-JM;Parcialmente Liquidada; $-   
2026;4026;2;24/02/2026;MINEDUCYT-04/2026-BIRF.;6141805001024;CONSTRUCTORA ZELAYA, S.A. DE C.V.;1401;3;7495;9;1;61603;4; $1.775.917,00 ; $-   ; $-   ; $176.512,55 ;COMPLEMENTO DE MEJORAMIENTO DE INFRAESTRUCTURA DE 16 C.E. PÚBLICOS QUE ATIENDEN PRIMERA INFANCIA A NIVEL NACIONAL-CP 883-AÑO 2026-JM;Parcialmente Liquidada; $-   
2026;4026;1;24/02/2026;MINEDUCYT-04/2026-BIRF.;6141805001024;CONSTRUCTORA ZELAYA, S.A. DE C.V.;1401;3;7495;9;1;61603;3; $401.352,00 ; $-   ; $-   ; $6.426,14 ;COMPLEMENTO DE MEJORAMIENTO DE INFRAESTRUCTURA DE 16 C.E. PÚBLICOS QUE ATIENDEN PRIMERA INFANCIA A NIVEL NACIONAL-CP 883-AÑO 2026-JM;Parcialmente Liquidada; $-   
2026;8245;1;21/04/2026;MINEDUCYT-30/2025-BIRF;6141805001024;CONSTRUCTORA ZELAYA, S.A. DE C.V.;1401;3;7495;9;1;61603;4; $1.363.159,00 ; $-   ; $-   ; $-   ;MEJORAMIENTO DE INFRAESTRUCTURA EN 17 C.E. PÚBLICOS QUE ATIENDEN PRIMERA INFANCIA A NIVEL NACIONAL-CP 909-AÑO 2026-JM;Liquidada; $-   
2026;4296;1;03/03/2026;MINEDUCYT-44/2025-BIRF;6141806921046;FUNDACION PARA LA EDUCACION INTEGRAL SALVADOREÑA;1401;3;7495;9;1;54322;6; $1.358.402,00 ; $-   ; $-   ; $576.356,64 ;CONSULTORIA PARA EL DISEÑO E IMPLEMENTACIÓN DEL PLAN DE MONITOREO Y SEGUIMIENTO DE LA FORMACIÓN DE DOCENTES Y DIRECTORES DEL SECTOR PUBLICO DE PRIMERA INFANCIA- CP 896-AÑO 2026-JM;Aprobado; $-   
2026;4664;1;11/03/2026;MINEDUCYT-79/2024-AME;6141806921046;FUNDACION PARA LA EDUCACION INTEGRAL SALVADOREÑA;1401;5;7495;217;1;54322;3; $4.592.205,00 ; $-   ; $-   ; $48.761,47 ;CONSULTORIA PARA LA  ADECUACION DE INSTRUMENTO, PILOTAJE Y APLICACION DE LA EVALUACION DEL DESARROLLO Y APRENDIZAJE EN PARVULARIA Y EVALUACION DEL PROCESO DE GESTION EDUCATIVA EN CENTROS QUE ATIENDEN PARVULARIA- AÑO 2026-CP 561-JM ;Parcialmente Liquidada; $-   
2026;4664;2;11/03/2026;MINEDUCYT-79/2024-AME;6141806921046;FUNDACION PARA LA EDUCACION INTEGRAL SALVADOREÑA;1401;5;7495;217;1;54322;4; $4.386.553,00 ; $-   ; $-   ; $146.284,38 ;CONSULTORIA PARA LA  ADECUACION DE INSTRUMENTO, PILOTAJE Y APLICACION DE LA EVALUACION DEL DESARROLLO Y APRENDIZAJE EN PARVULARIA Y EVALUACION DEL PROCESO DE GESTION EDUCATIVA EN CENTROS QUE ATIENDEN PARVULARIA- AÑO 2026-CP 561-JM ;Parcialmente Liquidada; $-   
2026;4664;3;11/03/2026;MINEDUCYT-79/2024-AME;6141806921046;FUNDACION PARA LA EDUCACION INTEGRAL SALVADOREÑA;1401;5;7495;217;1;54322;5; $1.931.016,00 ; $-   ; $-   ; $146.284,38 ;CONSULTORIA PARA LA  ADECUACION DE INSTRUMENTO, PILOTAJE Y APLICACION DE LA EVALUACION DEL DESARROLLO Y APRENDIZAJE EN PARVULARIA Y EVALUACION DEL PROCESO DE GESTION EDUCATIVA EN CENTROS QUE ATIENDEN PARVULARIA- AÑO 2026-CP 561-JM ;Parcialmente Liquidada; $-   
2026;4670;1;11/03/2026;MINEDUCYT-44/2025-BID;6141806921046;FUNDACION PARA LA EDUCACION INTEGRAL SALVADOREÑA;1401;3;7495;9;1;54322;3; $2.329.913,00 ; $261.980,29 ; $-   ; $-   ;CONSULTORIA PARA EL DISEÑO E IMPLEMENTACION DEL PLAN DE MONITOREO SEGUIMIENTO DE LA FORMACION DE DOCENTES Y DIRECTORES DEL SECTOR PUBLICO DE PRIMERA INFANCIA-CDP 657-DEUDA 2025-JM;Liquidada; $2.658.439,00 
2026;6205;2;18/03/2026;MINEDUCYT-71/2024-BIRF;6141806921046;FUNDACION PARA LA EDUCACION INTEGRAL SALVADOREÑA;1401;3;7495;9;1;54322;5; $3.063.813,00 ; $-   ; $-   ; $79.457,59 ;CONSULTORIA PARA LA DEFINICION DE ESTANDARES DE APRENDIZAJE DE LENGUAJE Y MATEMATICA PARA EDUCACION BASICA Y EDUCACION MEDIA: FORMULACION, VALIDACION Y PUBLICACION- AÑO 2026 -CP 565- JM ;Parcialmente Liquidada; $-   
2026;6205;1;18/03/2026;MINEDUCYT-71/2024-BIRF;6141806921046;FUNDACION PARA LA EDUCACION INTEGRAL SALVADOREÑA;1401;3;7495;9;1;54322;4; $2.178.185,00 ; $-   ; $-   ; $-   ;CONSULTORIA PARA LA DEFINICION DE ESTANDARES DE APRENDIZAJE DE LENGUAJE Y MATEMATICA PARA EDUCACION BASICA Y EDUCACION MEDIA: FORMULACION, VALIDACION Y PUBLICACION- AÑO 2026 -CP 565- JM ;Parcialmente Liquidada; $-   
2026;6367;1;24/03/2026;MINEDUCYT-44/2025-BIRF;6141806921046;FUNDACION PARA LA EDUCACION INTEGRAL SALVADOREÑA;1401;3;7495;9;1;54322;3; $1.385.287,00 ; $-   ; $-   ; $209.584,23 ;CONSULTORIA PARA EL DISEÑO E IMPLEMENTACION DEL PLAN DE MONITOREO SEGUIMIENTO DE LA FORMACION DE DOCENTES Y DIRECTORES DEL SECTOR PUBLICO DE PRIMERA INFANCIA-CDP 657-DEUDA 2025-JM;Parcialmente Liquidada; $-   
2026;6479;1;27/03/2026;MINEDUCYT-71/2024-BIRF..;6141806921046;FUNDACION PARA LA EDUCACION INTEGRAL SALVADOREÑA;1401;3;7495;9;1;54322;4; $3.939.809,00 ; $-   ; $-   ; $19.864,38 ;CONSULTORIA PARA LA DEFINICIÓN DE ESTANDARES DE APRENDIZAJE DE LENGUAJE Y MATEMATICA PARA EDUCACION BASICA Y EDUCACION MEDIA: FORMULACION, VALIDACION Y PUBLICACION-DEUDA 2025-JM;Parcialmente Liquidada; $-   
2026;2106;1;10/02/2026;MINEDUCYT-52/2025-BIRF;6141809131089;A.P. & G, CONSTRUCTORES, SOCIEDAD ANONIMA DE CAPITAL VARIABLE;1401;3;7495;9;1;61603;2; $3.333.453,00 ; $-   ; $-   ; $371.965,73 ;MEJORAMIENTO DE INFRAESTRUCTURA EN 29 CENTROS EDUCATIVOS PUBLICOS QUE ATIENDEN PRIMERA INFANCIA A NIVEL NACIONAL-CP 636-DEUDA 2025-JM;Parcialmente Liquidada; $-   
2026;3862;1;18/02/2026;MINEDUCYT-51/2025-BIRF;6141809131089;A.P. & G, CONSTRUCTORES, SOCIEDAD ANONIMA DE CAPITAL VARIABLE;1401;3;7495;9;1;61603;3; $2.339.752,00 ; $-   ; $-   ; $516.085,97 ;MEJORAMIENTO DE INFRAESTRUCTURA EN 29 CENTROS EDUCATIVOS PUBLICOS QUE ATIENDEN PRIMERA INFANCIA A NIVEL NACIONAL- CP 636-DEUDA 2025-JM;Parcialmente Liquidada; $-   
2026;3862;2;18/02/2026;MINEDUCYT-51/2025-BIRF;6141809131089;A.P. & G, CONSTRUCTORES, SOCIEDAD ANONIMA DE CAPITAL VARIABLE;1401;3;7495;9;1;61603;6; $4.952.225,00 ; $-   ; $-   ; $826.255,47 ;MEJORAMIENTO DE INFRAESTRUCTURA EN 29 CENTROS EDUCATIVOS PUBLICOS QUE ATIENDEN PRIMERA INFANCIA A NIVEL NACIONAL- CP 636-DEUDA 2025-JM;Parcialmente Liquidada; $-   
2026;8594;1;12/05/2026;MINEDUCYT-51/2025-BIRF;6141809131089;A.P. & G, CONSTRUCTORES, SOCIEDAD ANONIMA DE CAPITAL VARIABLE;1401;3;7495;9;1;61603;6; $1.981.413,00 ; $-   ; $-   ; $13.964,68 ;MEJORAMIENTO DE INFRAESTRUCTURA EN 29 C.E. PÚBLICOS QUE ATIENDEN PRIMERA INFANCIA A NIVEL NACIONAL (MECT-M-162/2026)-CP 907-AÑO 2026-JM;Aprobado; $-   
2026;3870;1;19/02/2026;MINEDUCYT-21/2024-BIRF;6142204241105;UDP PAVESA-MCC;1401;3;7495;9;1;61603;3; $660.861,00 ; $-   ; $-   ; $558.653,56 ;MEJORAMIENTO DE INFRAESTRUCTURA EN 27 CENTROS EDUCATIVOS PUBLICOS QUE ATIENDEN PRIMERA INFANCIA A NIVEL NACIONAL- DEUDA  AÑO 2025-CP 376-JM ;Aprobado; $-   
2026;3870;2;19/02/2026;MINEDUCYT-21/2024-BIRF;6142204241105;UDP PAVESA-MCC;1401;3;7495;9;1;61603;5; $41.967,00 ; $-   ; $-   ; $558.653,57 ;MEJORAMIENTO DE INFRAESTRUCTURA EN 27 CENTROS EDUCATIVOS PUBLICOS QUE ATIENDEN PRIMERA INFANCIA A NIVEL NACIONAL- DEUDA  AÑO 2025-CP 376-JM ;Aprobado; $-   
2026;6268;1;19/03/2026;OC-14-BIRF;6142309171030;HAPPYCAT SYSTEMS, SOCIEDAD ANONIMA DE CAPITAL VARIABLE;1401;3;7495;9;1;61101;6; $2.613.266,00 ; $-   ; $-   ; $10.978,00 ;COMPRA DE VITRINAS PARA MUSEOS ESCOLARES-CP 729-AÑO 2026-JM;Aprobado; $-   
2026;11814;1;15/06/2026;MINEDUCYT-73/2025-BIRF;6142309171030;HAPPYCAT SYSTEMS, SOCIEDAD ANONIMA DE CAPITAL VARIABLE;1401;3;7495;9;1;54116;6; $971.434,00 ; $-   ; $-   ; $1.826.640,48 ;ADQUISICION DE MATERIAL SENSORIAL Y RECURSOS DIDACTICOS PARA PROMOVER  EL JUEGO-CP 641-DEUDA 2025-JM .;Parcialmente Liquidada; $-   
2026;2189;1;12/02/2026;IMINEDUCYT-77/2025-BIRF;6142311231031;UDP HAINERGY MANTECH;1401;3;7495;9;1;61101;2; $782.157,00 ; $371.559,34 ; $-   ; $-   ;SUMINISTRO Y DISTRIBUCIÓN DE MOBILIARIO ESCOLAR PARA 51 CENTROS EDUCATIVOS PÚBLICOS QUE ATIENDEN PRIMERA INFANCIA A NIVEL NACIONAL-DEUDA 2025-CP 391-JM;Liquidada; $4.723.869,00 
2026;6637;2;10/04/2026;MINEDUCYT-77/2025-BIRF;6142311231031;UDP HAINERGY MANTECH;1401;3;7495;9;1;54106;4; $3.651.076,00 ; $-   ; $-   ; $111.900,01 ;SUMINISTRO Y DISTRIBUCIÓN DE MOBILIARIO ESCOLAR PARA 51 CENTROS EDUCATIVOS PÚBLICOS QUE ATIENDEN PRIMERA INFANCIA A NIVEL NACIONAL-DEUDA 2025-CP 391-JM;Parcialmente Liquidada; $-   
2026;6637;3;10/04/2026;MINEDUCYT-77/2025-BIRF;6142311231031;UDP HAINERGY MANTECH;1401;3;7495;9;1;61101;4; $303.857,00 ; $-   ; $-   ; $166.930,17 ;SUMINISTRO Y DISTRIBUCIÓN DE MOBILIARIO ESCOLAR PARA 51 CENTROS EDUCATIVOS PÚBLICOS QUE ATIENDEN PRIMERA INFANCIA A NIVEL NACIONAL-DEUDA 2025-CP 391-JM;Parcialmente Liquidada; $-   
2026;6637;1;10/04/2026;MINEDUCYT-77/2025-BIRF;6142311231031;UDP HAINERGY MANTECH;1401;3;7495;9;1;54104;4; $639.054,00 ; $-   ; $-   ; $7.448,44 ;SUMINISTRO Y DISTRIBUCIÓN DE MOBILIARIO ESCOLAR PARA 51 CENTROS EDUCATIVOS PÚBLICOS QUE ATIENDEN PRIMERA INFANCIA A NIVEL NACIONAL-DEUDA 2025-CP 391-JM;Parcialmente Liquidada; $-   
2026;4301;1;03/03/2026;MINEDUCYT-129/2025-BIRF;6142402161044;POLIGONO DON BOSCO, S.A. DE C.V.;1401;3;7495;9;1;61101;6; $4.505.427,00 ; $-   ; $-   ; $-   ;ADQUISICION DE EXHIBIDOR DE MADERA PARA LIBROS QUE SE UTILIZARAN EN BIBLIOTECAS DE C.E. PÚBLICOS DE PRIMERA INFANCIA-CDP 697/677-AÑO 2026-JM;Liquidada; $-   
2026;8568;5;07/05/2026;MINEDUCYT-18/2026-BIRF;6142402161044;POLIGONO DON BOSCO, S.A. DE C.V.;1401;3;7495;9;1;61603;9; $4.789.102,00 ; $-   ; $-   ; $146.798,66 ;Mejoramiento de Infraestructura en 4 Centros Educativos públicos que atienden Primera Infancia a nivel Nacional-CP690-AÑO 2026-JM;Aprobado; $-   
2026;8568;8;07/05/2026;MINEDUCYT-18/2026-BIRF;6142402161044;POLIGONO DON BOSCO, S.A. DE C.V.;1401;3;7495;9;1;61603;12; $2.712.931,00 ; $-   ; $-   ; $293.597,34 ;Mejoramiento de Infraestructura en 4 Centros Educativos públicos que atienden Primera Infancia a nivel Nacional-CP690-AÑO 2026-JM;Aprobado; $-   
2026;8568;7;07/05/2026;MINEDUCYT-18/2026-BIRF;6142402161044;POLIGONO DON BOSCO, S.A. DE C.V.;1401;3;7495;9;1;61603;11; $1.821.858,00 ; $-   ; $-   ; $146.798,67 ;Mejoramiento de Infraestructura en 4 Centros Educativos públicos que atienden Primera Infancia a nivel Nacional-CP690-AÑO 2026-JM;Aprobado; $-   
2026;8568;6;07/05/2026;MINEDUCYT-18/2026-BIRF;6142402161044;POLIGONO DON BOSCO, S.A. DE C.V.;1401;3;7495;9;1;61603;10; $3.958.171,00 ; $-   ; $-   ; $146.798,66 ;Mejoramiento de Infraestructura en 4 Centros Educativos públicos que atienden Primera Infancia a nivel Nacional-CP690-AÑO 2026-JM;Aprobado; $-   
2026;8568;1;07/05/2026;MINEDUCYT-18/2026-BIRF;6142402161044;POLIGONO DON BOSCO, S.A. DE C.V.;1401;3;7495;9;1;61603;5; $1.869.046,00 ; $-   ; $-   ; $146.798,66 ;Mejoramiento de Infraestructura en 4 Centros Educativos públicos que atienden Primera Infancia a nivel Nacional-CP690-AÑO 2026-JM;Aprobado; $-   
2026;8568;2;07/05/2026;MINEDUCYT-18/2026-BIRF;6142402161044;POLIGONO DON BOSCO, S.A. DE C.V.;1401;3;7495;9;1;61603;6; $4.257.214,00 ; $-   ; $-   ; $146.798,66 ;Mejoramiento de Infraestructura en 4 Centros Educativos públicos que atienden Primera Infancia a nivel Nacional-CP690-AÑO 2026-JM;Aprobado; $-   
2026;8568;3;07/05/2026;MINEDUCYT-18/2026-BIRF;6142402161044;POLIGONO DON BOSCO, S.A. DE C.V.;1401;3;7495;9;1;61603;7; $2.196.709,00 ; $-   ; $-   ; $146.798,66 ;Mejoramiento de Infraestructura en 4 Centros Educativos públicos que atienden Primera Infancia a nivel Nacional-CP690-AÑO 2026-JM;Aprobado; $-   
2026;8568;4;07/05/2026;MINEDUCYT-18/2026-BIRF;6142402161044;POLIGONO DON BOSCO, S.A. DE C.V.;1401;3;7495;9;1;61603;8; $2.775.005,00 ; $-   ; $-   ; $146.798,66 ;Mejoramiento de Infraestructura en 4 Centros Educativos públicos que atienden Primera Infancia a nivel Nacional-CP690-AÑO 2026-JM;Aprobado; $-   
2026;6156;1;17/03/2026;MINEDUCYT-72/2024-BIRF;6142407860022;FUNDACION EMPRESARIAL PARA EL DESARROLLO EDUCATIVO  ( FEPADE );1401;3;7495;9;1;54322;5; $3.414.055,00 ; $-   ; $-   ; $141.941,06 ;CONSULTORIA PARA EL DISEÑO DE ESTANDARES DE FORMACION INICIAL DOCENTE, DESEMPEÑO DE DOCENTE EN SERVICIO, DIRECTORES DEL ECPI- AÑO 2026- CP 685-JM;Aprobado; $-   
2026;8493;1;30/04/2026;MINEDUCYT-15/2026-BIRF;6142407860022;FUNDACION EMPRESARIAL PARA EL DESARROLLO EDUCATIVO  ( FEPADE );1401;3;7495;9;1;54322;5; $1.195.879,00 ; $-   ; $-   ; $-   ;Consultoría para el diseño, edición y diagramación de materiales educativos de primera infancia para docentes, familias y niñez de primera infancia, con enfoque de interculturalidad-CP 591-AÑO 2026-JM;Parcialmente Liquidada; $-   
2026;8493;2;30/04/2026;MINEDUCYT-15/2026-BIRF;6142407860022;FUNDACION EMPRESARIAL PARA EL DESARROLLO EDUCATIVO  ( FEPADE );1401;3;7495;9;1;54322;6; $824.267,00 ; $-   ; $-   ; $79.895,99 ;Consultoría para el diseño, edición y diagramación de materiales educativos de primera infancia para docentes, familias y niñez de primera infancia, con enfoque de interculturalidad-CP 591-AÑO 2026-JM;Parcialmente Liquidada; $-   
2026;8493;3;30/04/2026;MINEDUCYT-15/2026-BIRF;6142407860022;FUNDACION EMPRESARIAL PARA EL DESARROLLO EDUCATIVO  ( FEPADE );1401;3;7495;9;1;54322;9; $3.430.461,00 ; $-   ; $-   ; $79.896,09 ;Consultoría para el diseño, edición y diagramación de materiales educativos de primera infancia para docentes, familias y niñez de primera infancia, con enfoque de interculturalidad-CP 591-AÑO 2026-JM;Parcialmente Liquidada; $-   
2026;10328;1;10/06/2026;MINEDUCYT-32/2024-BIRF;6142407860022;FUNDACION EMPRESARIAL PARA EL DESARROLLO EDUCATIVO  ( FEPADE );1401;3;7495;9;1;54322;6; $1.391.365,00 ; $-   ; $-   ; $-   ;Contratación de consultoría para el diseño e implementación de un curso de alfabetización en Lengua de Señas Salvadoreña con madres, padres y cuidadores de niñez sorda y otros actores interesados-CP 143-AÑO 2026-JM;Liquidada; $-   
2026;1714;1;26/01/2026;MINEDUCYT-06/2026;6142502091060;ARTLINE, S.A. DE C.V;1401;3;7495;9;1;54599;2; $4.778.674,00 ; $197.155,62 ; $-   ; $-   ;SERVICIO DE LOGISTICA Y FACILITACION PARA LA ENTREGA TÉCNICA DEL CURRICULO DE LA PRIMERA INFANCIA A DOCENTES-AÑO 2026-CP 709/845-JM ;Liquidada; $4.455.506,00 
2026;3681;2;17/02/2026;MINEDUCYT-06/2026;6142502091060;ARTLINE, S.A. DE C.V;1401;3;7495;9;1;54399;2; $475.919,00 ; $-   ; $-   ; $-   ;SERVICIO DE LOGISTICA Y FACILITACION PARA LA ENTREGA TÉCNICA DEL CURRICULO DE LA PRIMERA INFANCIA A DOCENTES-AÑO 2026-CP 709/845-JM ;Liquidada; $-   
2026;3681;1;17/02/2026;MINEDUCYT-06/2026;6142502091060;ARTLINE, S.A. DE C.V;1401;3;7495;9;1;54310;2; $3.832.866,00 ; $-   ; $-   ; $-   ;SERVICIO DE LOGISTICA Y FACILITACION PARA LA ENTREGA TÉCNICA DEL CURRICULO DE LA PRIMERA INFANCIA A DOCENTES-AÑO 2026-CP 709/845-JM ;Liquidada; $-   
2026;2013;1;09/02/2026;MINEDUCYT-90/2025-BIRF;6142607820056;"UNIVERSIDAD PEDAGOGICA DE EL SALVADOR ""DOCTOR LUIS ALONSO APARICIO""";1401;3;7495;9;1;54322;2; $3.555.680,00 ; $-   ; $-   ; $-   ;CONSULTORIA PARA EL REDISEÑO DEL PLAN DE ESTUDIO DE LA FORMACIÓN INICIAL DOCENTE EN PRIMERA INFANCIA-DEAUDA 2025-CP 295-JM;Liquidada; $-   
2026;6370;4;24/03/2026;MINEDUCYT-90/2025 BIRF;6142607820056;"UNIVERSIDAD PEDAGOGICA DE EL SALVADOR ""DOCTOR LUIS ALONSO APARICIO""";1401;3;7495;9;1;54322;9; $4.246.914,00 ; $-   ; $-   ; $33.894,70 ;CONSULTORIA PARA EL REDISEÑO DEL PLAN DE ESTUDIO DE LA FORMACIÓN INICIAL DOCENTE EN PRIMERA INFANCIA 2026-CP 296-926- krn;Aprobado; $-   
2026;6370;1;24/03/2026;MINEDUCYT-90/2025 BIRF;6142607820056;"UNIVERSIDAD PEDAGOGICA DE EL SALVADOR ""DOCTOR LUIS ALONSO APARICIO""";1401;3;7495;9;1;54322;4; $4.382.483,00 ; $-   ; $-   ; $33.894,70 ;CONSULTORIA PARA EL REDISEÑO DEL PLAN DE ESTUDIO DE LA FORMACIÓN INICIAL DOCENTE EN PRIMERA INFANCIA 2026-CP 296-926- krn;Aprobado; $-   
2026;6370;2;24/03/2026;MINEDUCYT-90/2025 BIRF;6142607820056;"UNIVERSIDAD PEDAGOGICA DE EL SALVADOR ""DOCTOR LUIS ALONSO APARICIO""";1401;3;7495;9;1;54322;6; $3.220.556,00 ; $-   ; $-   ; $33.894,71 ;CONSULTORIA PARA EL REDISEÑO DEL PLAN DE ESTUDIO DE LA FORMACIÓN INICIAL DOCENTE EN PRIMERA INFANCIA 2026-CP 296-926- krn;Aprobado; $-   
2026;6370;3;24/03/2026;MINEDUCYT-90/2025 BIRF;6142607820056;"UNIVERSIDAD PEDAGOGICA DE EL SALVADOR ""DOCTOR LUIS ALONSO APARICIO""";1401;3;7495;9;1;54322;7; $3.144.074,00 ; $-   ; $-   ; $33.894,70 ;CONSULTORIA PARA EL REDISEÑO DEL PLAN DE ESTUDIO DE LA FORMACIÓN INICIAL DOCENTE EN PRIMERA INFANCIA 2026-CP 296-926- krn;Aprobado; $-   
2026;6469;2;26/03/2026;MINEDUCYT-11/2025-BIRF;6142608991043;ORG. DE ESTADOS IBEROAMERICANOS PARA LA EDUCACION, LA CIENCIA Y LA CULTURA;1401;3;7495;9;1;54322;7; $1.206.031,00 ; $-   ; $-   ; $-   ;CONSULTORIA PARA EL DISEÑO E IMPLEMENTACIÓN DE DOCENTES EN SERVICIO EN PRIMERA INFANCIA-CP 179/416/586/905-AÑO 2026-JM;Parcialmente Liquidada; $-   
2026;6469;1;26/03/2026;MINEDUCYT-11/2025-BIRF;6142608991043;ORG. DE ESTADOS IBEROAMERICANOS PARA LA EDUCACION, LA CIENCIA Y LA CULTURA;1401;3;7495;9;1;54322;5; $3.011.743,00 ; $-   ; $-   ; $-   ;CONSULTORIA PARA EL DISEÑO E IMPLEMENTACIÓN DE DOCENTES EN SERVICIO EN PRIMERA INFANCIA-CP 179/416/586/905-AÑO 2026-JM;Parcialmente Liquidada; $-   
2026;6469;3;26/03/2026;MINEDUCYT-11/2025-BIRF;6142608991043;ORG. DE ESTADOS IBEROAMERICANOS PARA LA EDUCACION, LA CIENCIA Y LA CULTURA;1401;3;7495;9;1;54322;9; $4.371.633,00 ; $-   ; $-   ; $2.310.000,00 ;CONSULTORIA PARA EL DISEÑO E IMPLEMENTACIÓN DE DOCENTES EN SERVICIO EN PRIMERA INFANCIA-CP 179/416/586/905-AÑO 2026-JM;Parcialmente Liquidada; $-   
2026;6469;4;26/03/2026;MINEDUCYT-11/2025-BIRF;6142608991043;ORG. DE ESTADOS IBEROAMERICANOS PARA LA EDUCACION, LA CIENCIA Y LA CULTURA;1401;3;7495;9;1;54322;11; $3.230.774,00 ; $-   ; $-   ; $2.310.000,00 ;CONSULTORIA PARA EL DISEÑO E IMPLEMENTACIÓN DE DOCENTES EN SERVICIO EN PRIMERA INFANCIA-CP 179/416/586/905-AÑO 2026-JM;Parcialmente Liquidada; $-   
2026;6469;5;26/03/2026;MINEDUCYT-11/2025-BIRF;6142608991043;ORG. DE ESTADOS IBEROAMERICANOS PARA LA EDUCACION, LA CIENCIA Y LA CULTURA;1401;3;7495;9;1;54322;12; $3.043.981,00 ; $-   ; $-   ; $770.000,00 ;CONSULTORIA PARA EL DISEÑO E IMPLEMENTACIÓN DE DOCENTES EN SERVICIO EN PRIMERA INFANCIA-CP 179/416/586/905-AÑO 2026-JM;Parcialmente Liquidada; $-   
2026;10111;4;21/05/2026;MINEDUCYT-25/2026-BIRF;6142608991043;ORG. DE ESTADOS IBEROAMERICANOS PARA LA EDUCACION, LA CIENCIA Y LA CULTURA;1401;3;7495;9;1;54322;11; $695.383,00 ; $-   ; $-   ; $1.249.611,22 ;CONSULTORIA PARA DISEÑO E IMPLEMENTACION DE LA FORMACION DE DIRECTORES EN SERVICIO EN PRIMERA INFANCIA-CP 672-AÑO 2026-JM;Parcialmente Liquidada; $-   
2026;10111;3;21/05/2026;MINEDUCYT-25/2026-BIRF;6142608991043;ORG. DE ESTADOS IBEROAMERICANOS PARA LA EDUCACION, LA CIENCIA Y LA CULTURA;1401;3;7495;9;1;54322;8; $4.560.215,00 ; $-   ; $-   ; $1.249.611,22 ;CONSULTORIA PARA DISEÑO E IMPLEMENTACION DE LA FORMACION DE DIRECTORES EN SERVICIO EN PRIMERA INFANCIA-CP 672-AÑO 2026-JM;Parcialmente Liquidada; $-   
2026;10111;2;21/05/2026;MINEDUCYT-25/2026-BIRF;6142608991043;ORG. DE ESTADOS IBEROAMERICANOS PARA LA EDUCACION, LA CIENCIA Y LA CULTURA;1401;3;7495;9;1;54322;7; $4.658.614,00 ; $-   ; $-   ; $833.074,14 ;CONSULTORIA PARA DISEÑO E IMPLEMENTACION DE LA FORMACION DE DIRECTORES EN SERVICIO EN PRIMERA INFANCIA-CP 672-AÑO 2026-JM;Parcialmente Liquidada; $-   
2026;10111;1;21/05/2026;MINEDUCYT-25/2026-BIRF;6142608991043;ORG. DE ESTADOS IBEROAMERICANOS PARA LA EDUCACION, LA CIENCIA Y LA CULTURA;1401;3;7495;9;1;54322;5; $3.233.228,00 ; $-   ; $-   ; $-   ;CONSULTORIA PARA DISEÑO E IMPLEMENTACION DE LA FORMACION DE DIRECTORES EN SERVICIO EN PRIMERA INFANCIA-CP 672-AÑO 2026-JM;Parcialmente Liquidada; $-   
2026;14160;2;29/07/2026;OC-38/2026 BIRF;6142811001040;INVERSIONES COMERCIALES  ESCOBAR S.A. DE C.V.;1401;3;7495;9;1;54119;8; $636.464,00 ; $1.440,00 ; $-   ; $-   ;CONTRATACIÓN DE EQUIPO, SUMINISTROS Y ACCESORIOS PARA EL EQUIPAMIENTO DE COCINAS DE C.E.- CP 906-AÑO 2026-JM;Liquidada; $1.720.174,00 
2026;14160;4;29/07/2026;OC-38/2026 BIRF;6142811001040;INVERSIONES COMERCIALES  ESCOBAR S.A. DE C.V.;1401;3;7495;9;1;54107;8; $457.924,00 ; $1.722,24 ; $-   ; $-   ;CONTRATACIÓN DE EQUIPO, SUMINISTROS Y ACCESORIOS PARA EL EQUIPAMIENTO DE COCINAS DE C.E.- CP 906-AÑO 2026-JM;Liquidada; $2.217.737,00 
2026;14160;3;29/07/2026;OC-38/2026 BIRF;6142811001040;INVERSIONES COMERCIALES  ESCOBAR S.A. DE C.V.;1401;3;7495;9;1;54199;8; $2.101.752,00 ; $478,08 ; $-   ; $-   ;CONTRATACIÓN DE EQUIPO, SUMINISTROS Y ACCESORIOS PARA EL EQUIPAMIENTO DE COCINAS DE C.E.- CP 906-AÑO 2026-JM;Liquidada; $3.007.657,00 
2026;14160;1;29/07/2026;OC-38/2026 BIRF;6142811001040;INVERSIONES COMERCIALES  ESCOBAR S.A. DE C.V.;1401;3;7495;9;1;61102;8; $2.780.902,00 ; $29.431,04 ; $-   ; $-   ;CONTRATACIÓN DE EQUIPO, SUMINISTROS Y ACCESORIOS PARA EL EQUIPAMIENTO DE COCINAS DE C.E.- CP 906-AÑO 2026-JM;Liquidada; $3.425.552,00 
2026;14168;17;30/07/2026;OC-38/2026 BIRF;6142811001040;INVERSIONES COMERCIALES  ESCOBAR S.A. DE C.V.;1401;3;7495;9;1;54107;9; $4.110.852,00 ; $-   ; $-   ; $2.790.697,00 ;CONTRATACIÓN DE EQUIPO, SUMINISTROS Y ACCESORIOS PARA EL EQUIPAMIENTO DE COCINAS DE C.E.- CP 906-AÑO 2026-JM;Aprobado; $-   
2026;14168;18;30/07/2026;OC-38/2026 BIRF;6142811001040;INVERSIONES COMERCIALES  ESCOBAR S.A. DE C.V.;1401;3;7495;9;1;54107;10; $3.726.493,00 ; $-   ; $-   ; $274.562,00 ;CONTRATACIÓN DE EQUIPO, SUMINISTROS Y ACCESORIOS PARA EL EQUIPAMIENTO DE COCINAS DE C.E.- CP 906-AÑO 2026-JM;Aprobado; $-   
2026;14168;20;30/07/2026;OC-38/2026 BIRF;6142811001040;INVERSIONES COMERCIALES  ESCOBAR S.A. DE C.V.;1401;3;7495;9;1;54107;12; $4.726.955,00 ; $-   ; $-   ; $3.823.586,00 ;CONTRATACIÓN DE EQUIPO, SUMINISTROS Y ACCESORIOS PARA EL EQUIPAMIENTO DE COCINAS DE C.E.- CP 906-AÑO 2026-JM;Aprobado; $-   
2026;14168;16;30/07/2026;OC-38/2026 BIRF;6142811001040;INVERSIONES COMERCIALES  ESCOBAR S.A. DE C.V.;1401;3;7495;9;1;54107;8; $2.623.183,00 ; $-   ; $-   ; $2.397.153,00 ;CONTRATACIÓN DE EQUIPO, SUMINISTROS Y ACCESORIOS PARA EL EQUIPAMIENTO DE COCINAS DE C.E.- CP 906-AÑO 2026-JM;Aprobado; $-   
2026;14168;15;30/07/2026;OC-38/2026 BIRF;6142811001040;INVERSIONES COMERCIALES  ESCOBAR S.A. DE C.V.;1401;3;7495;9;1;54199;12; $677.396,00 ; $-   ; $-   ; $296.918,00 ;CONTRATACIÓN DE EQUIPO, SUMINISTROS Y ACCESORIOS PARA EL EQUIPAMIENTO DE COCINAS DE C.E.- CP 906-AÑO 2026-JM;Aprobado; $-   
2026;14168;14;30/07/2026;OC-38/2026 BIRF;6142811001040;INVERSIONES COMERCIALES  ESCOBAR S.A. DE C.V.;1401;3;7495;9;1;54199;11; $4.014.511,00 ; $-   ; $-   ; $376.974,00 ;CONTRATACIÓN DE EQUIPO, SUMINISTROS Y ACCESORIOS PARA EL EQUIPAMIENTO DE COCINAS DE C.E.- CP 906-AÑO 2026-JM;Aprobado; $-   
2026;14168;13;30/07/2026;OC-38/2026 BIRF;6142811001040;INVERSIONES COMERCIALES  ESCOBAR S.A. DE C.V.;1401;3;7495;9;1;54199;10; $4.506.354,00 ; $-   ; $-   ; $4.166.367,00 ;CONTRATACIÓN DE EQUIPO, SUMINISTROS Y ACCESORIOS PARA EL EQUIPAMIENTO DE COCINAS DE C.E.- CP 906-AÑO 2026-JM;Aprobado; $-   
2026;14168;12;30/07/2026;OC-38/2026 BIRF;6142811001040;INVERSIONES COMERCIALES  ESCOBAR S.A. DE C.V.;1401;3;7495;9;1;54199;9; $2.155.654,00 ; $-   ; $-   ; $1.415.416,00 ;CONTRATACIÓN DE EQUIPO, SUMINISTROS Y ACCESORIOS PARA EL EQUIPAMIENTO DE COCINAS DE C.E.- CP 906-AÑO 2026-JM;Aprobado; $-   
2026;14168;11;30/07/2026;OC-38/2026 BIRF;6142811001040;INVERSIONES COMERCIALES  ESCOBAR S.A. DE C.V.;1401;3;7495;9;1;54199;8; $3.186.665,00 ; $-   ; $-   ; $845.403,00 ;CONTRATACIÓN DE EQUIPO, SUMINISTROS Y ACCESORIOS PARA EL EQUIPAMIENTO DE COCINAS DE C.E.- CP 906-AÑO 2026-JM;Aprobado; $-   
2026;14168;10;30/07/2026;OC-38/2026 BIRF;6142811001040;INVERSIONES COMERCIALES  ESCOBAR S.A. DE C.V.;1401;3;7495;9;1;54119;12; $1.589.817,00 ; $-   ; $-   ; $1.132.059,00 ;CONTRATACIÓN DE EQUIPO, SUMINISTROS Y ACCESORIOS PARA EL EQUIPAMIENTO DE COCINAS DE C.E.- CP 906-AÑO 2026-JM;Aprobado; $-   
2026;14168;9;30/07/2026;OC-38/2026 BIRF;6142811001040;INVERSIONES COMERCIALES  ESCOBAR S.A. DE C.V.;1401;3;7495;9;1;54119;11; $305.136,00 ; $-   ; $-   ; $230.088,00 ;CONTRATACIÓN DE EQUIPO, SUMINISTROS Y ACCESORIOS PARA EL EQUIPAMIENTO DE COCINAS DE C.E.- CP 906-AÑO 2026-JM;Aprobado; $-   
2026;14168;8;30/07/2026;OC-38/2026 BIRF;6142811001040;INVERSIONES COMERCIALES  ESCOBAR S.A. DE C.V.;1401;3;7495;9;1;54119;10; $4.330.685,00 ; $-   ; $-   ; $4.329.257,00 ;CONTRATACIÓN DE EQUIPO, SUMINISTROS Y ACCESORIOS PARA EL EQUIPAMIENTO DE COCINAS DE C.E.- CP 906-AÑO 2026-JM;Aprobado; $-   
2026;14168;7;30/07/2026;OC-38/2026 BIRF;6142811001040;INVERSIONES COMERCIALES  ESCOBAR S.A. DE C.V.;1401;3;7495;9;1;54119;9; $2.151.691,00 ; $-   ; $-   ; $887.644,00 ;CONTRATACIÓN DE EQUIPO, SUMINISTROS Y ACCESORIOS PARA EL EQUIPAMIENTO DE COCINAS DE C.E.- CP 906-AÑO 2026-JM;Aprobado; $-   
2026;14168;6;30/07/2026;OC-38/2026 BIRF;6142811001040;INVERSIONES COMERCIALES  ESCOBAR S.A. DE C.V.;1401;3;7495;9;1;54119;8; $3.427.526,00 ; $-   ; $-   ; $126.143,00 ;CONTRATACIÓN DE EQUIPO, SUMINISTROS Y ACCESORIOS PARA EL EQUIPAMIENTO DE COCINAS DE C.E.- CP 906-AÑO 2026-JM;Aprobado; $-   
2026;14168;5;30/07/2026;OC-38/2026 BIRF;6142811001040;INVERSIONES COMERCIALES  ESCOBAR S.A. DE C.V.;1401;3;7495;9;1;61102;12; $1.508.217,00 ; $-   ; $-   ; $725.177,00 ;CONTRATACIÓN DE EQUIPO, SUMINISTROS Y ACCESORIOS PARA EL EQUIPAMIENTO DE COCINAS DE C.E.- CP 906-AÑO 2026-JM;Aprobado; $-   
2026;14168;4;30/07/2026;OC-38/2026 BIRF;6142811001040;INVERSIONES COMERCIALES  ESCOBAR S.A. DE C.V.;1401;3;7495;9;1;61102;11; $1.192.239,00 ; $-   ; $-   ; $915.871,00 ;CONTRATACIÓN DE EQUIPO, SUMINISTROS Y ACCESORIOS PARA EL EQUIPAMIENTO DE COCINAS DE C.E.- CP 906-AÑO 2026-JM;Aprobado; $-   
2026;14168;19;30/07/2026;OC-38/2026 BIRF;6142811001040;INVERSIONES COMERCIALES  ESCOBAR S.A. DE C.V.;1401;3;7495;9;1;54107;11; $4.857.985,00 ; $-   ; $-   ; $4.524.943,00 ;CONTRATACIÓN DE EQUIPO, SUMINISTROS Y ACCESORIOS PARA EL EQUIPAMIENTO DE COCINAS DE C.E.- CP 906-AÑO 2026-JM;Aprobado; $-   
2026;14168;3;30/07/2026;OC-38/2026 BIRF;6142811001040;INVERSIONES COMERCIALES  ESCOBAR S.A. DE C.V.;1401;3;7495;9;1;61102;10; $267.034,00 ; $-   ; $-   ; $3.733,00 ;CONTRATACIÓN DE EQUIPO, SUMINISTROS Y ACCESORIOS PARA EL EQUIPAMIENTO DE COCINAS DE C.E.- CP 906-AÑO 2026-JM;Aprobado; $-   
2026;14168;2;30/07/2026;OC-38/2026 BIRF;6142811001040;INVERSIONES COMERCIALES  ESCOBAR S.A. DE C.V.;1401;3;7495;9;1;61102;9; $109.355,00 ; $-   ; $-   ; $44.079,00 ;CONTRATACIÓN DE EQUIPO, SUMINISTROS Y ACCESORIOS PARA EL EQUIPAMIENTO DE COCINAS DE C.E.- CP 906-AÑO 2026-JM;Aprobado; $-   
2026;14168;1;30/07/2026;OC-38/2026 BIRF;6142811001040;INVERSIONES COMERCIALES  ESCOBAR S.A. DE C.V.;1401;3;7495;9;1;61102;8; $1.340.327,00 ; $-   ; $-   ; $915.014,00 ;CONTRATACIÓN DE EQUIPO, SUMINISTROS Y ACCESORIOS PARA EL EQUIPAMIENTO DE COCINAS DE C.E.- CP 906-AÑO 2026-JM;Aprobado; $-   
2026;2109;1;10/02/2026;MINEDUCYT-22/2025-BIRF;6142906161061;INVERSIONES Y SERVICIOS DE INGENIERIA MONGE ROMERO, SOCIEDAD ANONIMA DE CAPITAL VARIABLE;1401;3;7495;9;1;61603;3; $749.106,00 ; $-   ; $-   ; $432.688,00 ;MEJORAMIENTO DE INFRAESTRUCTURA DE 17 C.E. PUBLICOS QUE ATIENDEN PRIMERA INFANCIA A NIVEL NACIONAL-CP 631-DEUDA 2025-JM;Parcialmente Liquidada; $-   
2026;3858;3;18/02/2026;MINEDUCYT-48/2025-BIRF;6142906161061;INVERSIONES Y SERVICIOS DE INGENIERIA MONGE ROMERO, SOCIEDAD ANONIMA DE CAPITAL VARIABLE;1401;3;7495;9;1;61603;5; $1.861.953,00 ; $-   ; $-   ; $215.807,00 ;MEJORAMIENTO DE INFRAESTRUCTURA EN 29 CENTROS EDUCATIVOS PUBLICOS QUE ATIENDEN PRIMERA INFANCIA A NIVEL NACIONAL- CP 636-DEUDA 2025-JM;Parcialmente Liquidada; $-   
2026;3858;2;18/02/2026;MINEDUCYT-48/2025-BIRF;6142906161061;INVERSIONES Y SERVICIOS DE INGENIERIA MONGE ROMERO, SOCIEDAD ANONIMA DE CAPITAL VARIABLE;1401;3;7495;9;1;61603;4; $3.675.638,00 ; $-   ; $-   ; $3.636.731,00 ;MEJORAMIENTO DE INFRAESTRUCTURA EN 29 CENTROS EDUCATIVOS PUBLICOS QUE ATIENDEN PRIMERA INFANCIA A NIVEL NACIONAL- CP 636-DEUDA 2025-JM;Parcialmente Liquidada; $-   
2026;3858;1;18/02/2026;MINEDUCYT-48/2025-BIRF;6142906161061;INVERSIONES Y SERVICIOS DE INGENIERIA MONGE ROMERO, SOCIEDAD ANONIMA DE CAPITAL VARIABLE;1401;3;7495;9;1;61603;3; $552.448,00 ; $-   ; $-   ; $-   ;MEJORAMIENTO DE INFRAESTRUCTURA EN 29 CENTROS EDUCATIVOS PUBLICOS QUE ATIENDEN PRIMERA INFANCIA A NIVEL NACIONAL- CP 636-DEUDA 2025-JM;Parcialmente Liquidada; $-   
2026;3858;4;18/02/2026;MINEDUCYT-48/2025-BIRF;6142906161061;INVERSIONES Y SERVICIOS DE INGENIERIA MONGE ROMERO, SOCIEDAD ANONIMA DE CAPITAL VARIABLE;1401;3;7495;9;1;61603;6; $756.620,00 ; $-   ; $-   ; $479.837,00 ;MEJORAMIENTO DE INFRAESTRUCTURA EN 29 CENTROS EDUCATIVOS PUBLICOS QUE ATIENDEN PRIMERA INFANCIA A NIVEL NACIONAL- CP 636-DEUDA 2025-JM;Parcialmente Liquidada; $-   
2026;4023;1;24/02/2026;MINEDUCYT-22/2025-BIRF;6142906161061;INVERSIONES Y SERVICIOS DE INGENIERIA MONGE ROMERO, SOCIEDAD ANONIMA DE CAPITAL VARIABLE;1401;3;7495;9;1;61603;4; $1.407.151,00 ; $-   ; $-   ; $670.301,00 ;MEJORAMIENTO DE INFRAESTRUCTURA EN 17 C.E. PÚBLICOS QUE ATIENDEN PRIMERA INFANCIA A NIVEL NACIONAL (INCREMENTO 1-MECT M-250/2025)-CP 714-AÑO 2026-JM;Aprobado; $-   
2026;8120;1;16/04/2026;MINEDUCYT-48/2025-BIRF;6142906161061;INVERSIONES Y SERVICIOS DE INGENIERIA MONGE ROMERO, SOCIEDAD ANONIMA DE CAPITAL VARIABLE;1401;3;7495;9;1;61603;5; $3.272.929,00 ; $-   ; $-   ; $2.632.181,00 ;MEJORAMIENTO DE OBRAS DE INFRAESTRUCTURA EN LA ESCUELA DE EDUCACIÓN ESPECIAL DE CHALCHUAPA (VARIACIÓN 1/MECT-M-117/2026)- CP 931-AÑO 2026-JM;Aprobado; $-   
2026;1894;1;03/02/2026;MINEDUCYT-136/2025;6143005141025;CONSULTORES ASOCIADOS PROVEEDORES DE BIENES Y SERVICIOS, SOCIEDAD ANONIMA DE CAPITAL VARIABLE.;1401;3;7495;9;1;54116;4; $1.320.778,00 ; $-   ; $-   ; $-   ;Adquisicion de recursos didacticos para la vida practica de para la niñez de promera infancia CP 788 - JM;Liquidada; $-   
2026;1894;2;03/02/2026;MINEDUCYT-136/2025;6143005141025;CONSULTORES ASOCIADOS PROVEEDORES DE BIENES Y SERVICIOS, SOCIEDAD ANONIMA DE CAPITAL VARIABLE.;1401;3;7495;9;1;54104;4; $1.351.166,00 ; $-   ; $-   ; $-   ;Adquisicion de recursos didacticos para la vida practica de para la niñez de promera infancia CP 788 - JM;Liquidada; $-   
2026;3700;1;17/02/2026;MINEDUCYT-159/2025-BIRF;6143005141025;CONSULTORES ASOCIADOS PROVEEDORES DE BIENES Y SERVICIOS, SOCIEDAD ANONIMA DE CAPITAL VARIABLE.;1401;3;7495;9;1;54116;6; $1.579.122,00 ; $-   ; $-   ; $-   ;CONTRATACION ADQUISICION DE MATERIAL LÚDICO PARA EL DESARROLLO DEL PENSAMIENTO LÓGICO Y CIENTÍFICO EN NIÑEZ DE PRIMERA INFANCIA-CP 865-AÑO 2026-JM;Liquidada; $-   
2026;4241;2;02/03/2026;MINEDUCYT-124/2025-BIRF;6143005141025;CONSULTORES ASOCIADOS PROVEEDORES DE BIENES Y SERVICIOS, SOCIEDAD ANONIMA DE CAPITAL VARIABLE.;1401;3;7495;9;1;54116;4; $4.561.581,00 ; $-   ; $-   ; $-   ;ADQUISICION DE INSTRUMENTOS MUSICALES PARA PROMOVER LA EXPRESION MUSICAL EN LA NIÑEZ DE LA PRIMERA INFANCIA-CP 698/868-AÑO 2026-JM;Liquidada; $-   
2026;4241;1;02/03/2026;MINEDUCYT-124/2025-BIRF;6143005141025;CONSULTORES ASOCIADOS PROVEEDORES DE BIENES Y SERVICIOS, SOCIEDAD ANONIMA DE CAPITAL VARIABLE.;1401;3;7495;9;1;54116;3; $3.687.466,00 ; $-   ; $-   ; $-   ;ADQUISICION DE INSTRUMENTOS MUSICALES PARA PROMOVER LA EXPRESION MUSICAL EN LA NIÑEZ DE LA PRIMERA INFANCIA-CP 698/868-AÑO 2026-JM;Liquidada; $-   
2026;4241;3;02/03/2026;MINEDUCYT-124/2025-BIRF;6143005141025;CONSULTORES ASOCIADOS PROVEEDORES DE BIENES Y SERVICIOS, SOCIEDAD ANONIMA DE CAPITAL VARIABLE.;1401;3;7495;9;1;54116;5; $1.945.557,00 ; $-   ; $-   ; $-   ;ADQUISICION DE INSTRUMENTOS MUSICALES PARA PROMOVER LA EXPRESION MUSICAL EN LA NIÑEZ DE LA PRIMERA INFANCIA-CP 698/868-AÑO 2026-JM;Liquidada; $-   
2026;6608;1;10/04/2026;MINEDUCYT-28/2026-BIRF;6230506241011;UDP DICORSA- JR;1401;3;7495;9;1;61603;7; $3.529.190,00 ; $520.548,04 ; $-   ; $-   ;MEJORAMIENTO DE INFRAESTRUCTURA EN 17 C.E. PÚBLICOS QUE ATIENDEN PRIMERA INFANCIA A NIVEL NACIONAL -CP 329-DEUDA-JM;Liquidada; $1.395.852,00 
2026;6608;3;10/04/2026;MINEDUCYT-28/2026-BIRF;6230506241011;UDP DICORSA- JR;1401;3;7495;9;1;61603;4; $4.067.629,00 ; $520.548,04 ; $-   ; $-   ;MEJORAMIENTO DE INFRAESTRUCTURA EN 17 C.E. PÚBLICOS QUE ATIENDEN PRIMERA INFANCIA A NIVEL NACIONAL -CP 329-DEUDA-JM;Liquidada; $1.905.917,00 
2026;6608;2;10/04/2026;MINEDUCYT-28/2026-BIRF;6230506241011;UDP DICORSA- JR;1401;3;7495;9;1;61603;10; $3.613.305,00 ; $520.548,04 ; $-   ; $-   ;MEJORAMIENTO DE INFRAESTRUCTURA EN 17 C.E. PÚBLICOS QUE ATIENDEN PRIMERA INFANCIA A NIVEL NACIONAL -CP 329-DEUDA-JM;Liquidada; $3.880.888,00 
2026;8604;1;12/05/2026;MINEDUCYT-25/2025-BIRF;6230506241011;UDP DICORSA- JR;1401;3;7495;9;1;61603;5; $1.336.941,00 ; $-   ; $-   ; $527.858,00 ;CONTRATO PARA EL MEJORAMIENTO DE INFRAESTRUCTURA DE 17 C.E. PUBLICOS QUE ATIENDEN PRIMERA INFANCIA A NIVEL NACIONAL-DEUDA-CP 631-JM;Parcialmente Liquidada; $-   
2026;14015;1;24/07/2026;MINEDUCYT-28/2025-BIRF.;6230506241011;UDP DICORSA- JR;1401;3;7495;9;1;61603;4; $4.350.584,00 ; $-   ; $-   ; $4.209.624,00 ;MEJORAMIENTO DE INFRAESTRUCTURA EN 17 C.E. PÚBLICOS QUE ATIENDEN PRIMERA INFANCIA A NIVEL NACIONAL -CP 329-DEUDA-JM;Parcialmente Liquidada; $-   
2026;14015;2;24/07/2026;MINEDUCYT-28/2025-BIRF.;6230506241011;UDP DICORSA- JR;1401;3;7495;9;1;61603;7; $2.252.624,00 ; $-   ; $-   ; $2.174.376,00 ;MEJORAMIENTO DE INFRAESTRUCTURA EN 17 C.E. PÚBLICOS QUE ATIENDEN PRIMERA INFANCIA A NIVEL NACIONAL -CP 329-DEUDA-JM;Parcialmente Liquidada; $-   
2026;14015;3;24/07/2026;MINEDUCYT-28/2025-BIRF.;6230506241011;UDP DICORSA- JR;1401;3;7495;9;1;61603;10; $381.781,00 ; $-   ; $-   ; $167.015,00 ;MEJORAMIENTO DE INFRAESTRUCTURA EN 17 C.E. PÚBLICOS QUE ATIENDEN PRIMERA INFANCIA A NIVEL NACIONAL -CP 329-DEUDA-JM;Parcialmente Liquidada; $-   
2026;13586;1;14/07/2026;MINEDUCYT-17/2026-BIRF;6230605261164;UDP IMAGEN LIBROS - LATINBOOKS INTERNATIONAL;1401;3;7495;9;1;54116;10; $271.319,00 ; $-   ; $-   ; $240.451,00 ;ADQUISICIÓN DE KIT DE LIBROS PARA LA NIÑEZ DE PRIMERA INFANCIA DEL SISTEMA EDUCATIVO PÚBLICO-CP 957//882-AÑO 2026-JM;Aprobado; $-   
2026;6282;1;20/03/2026;MINEDUCYT 147/2025 BIRF 9067 SV;6230609241036;CONSTRUCCIONES EFRAIN E. BOBURG C. SOCIEDAD ANÓNIMA DE CAPITAL VARIABLE;1401;3;7495;9;1;61603;4; $4.650.733,00 ; $387.924,72 ; $-   ; $-   ;Pago de anticipo, Mejoramiento de Infraestructura del CE La Rosa Blanca, (Pack 5), contrato MINEDUCYT 147/2025 BIRF 9067 SV-CP 899-AÑO 2026, JM;Liquidada; $427.709,00 
2026;6283;7;20/03/2026;MINEDUCTY 147/2025 BIRF 9067 SV;6230609241036;CONSTRUCCIONES EFRAIN E. BOBURG C. SOCIEDAD ANÓNIMA DE CAPITAL VARIABLE;1401;3;7495;9;1;61603;10; $2.122.774,00 ; $172.410,99 ; $-   ; $-   ;Mejoramiento de Infraestructura del CE La Rosa Blanca, (Pack 5), contrato MINEDUCYT 147/2025 BIRF 9067 SV-CP 899-AÑO 2026, JM;Liquidada; $3.706.851,00 
2026;6283;6;20/03/2026;MINEDUCTY 147/2025 BIRF 9067 SV;6230609241036;CONSTRUCCIONES EFRAIN E. BOBURG C. SOCIEDAD ANÓNIMA DE CAPITAL VARIABLE;1401;3;7495;9;1;61603;9; $2.288.891,00 ; $172.410,99 ; $-   ; $-   ;Mejoramiento de Infraestructura del CE La Rosa Blanca, (Pack 5), contrato MINEDUCYT 147/2025 BIRF 9067 SV-CP 899-AÑO 2026, JM;Liquidada; $500.480,00 
2026;6283;5;20/03/2026;MINEDUCTY 147/2025 BIRF 9067 SV;6230609241036;CONSTRUCCIONES EFRAIN E. BOBURG C. SOCIEDAD ANÓNIMA DE CAPITAL VARIABLE;1401;3;7495;9;1;61603;8; $1.332.609,00 ; $172.410,99 ; $-   ; $-   ;Mejoramiento de Infraestructura del CE La Rosa Blanca, (Pack 5), contrato MINEDUCYT 147/2025 BIRF 9067 SV-CP 899-AÑO 2026, JM;Liquidada; $645.669,00 
2026;6283;4;20/03/2026;MINEDUCTY 147/2025 BIRF 9067 SV;6230609241036;CONSTRUCCIONES EFRAIN E. BOBURG C. SOCIEDAD ANÓNIMA DE CAPITAL VARIABLE;1401;3;7495;9;1;61603;7; $42.765,00 ; $172.410,99 ; $-   ; $-   ;Mejoramiento de Infraestructura del CE La Rosa Blanca, (Pack 5), contrato MINEDUCYT 147/2025 BIRF 9067 SV-CP 899-AÑO 2026, JM;Liquidada; $2.956.314,00 
2026;6283;1;20/03/2026;MINEDUCTY 147/2025 BIRF 9067 SV;6230609241036;CONSTRUCCIONES EFRAIN E. BOBURG C. SOCIEDAD ANÓNIMA DE CAPITAL VARIABLE;1401;3;7495;9;1;61603;4; $2.227.639,00 ; $172.410,99 ; $-   ; $-   ;Mejoramiento de Infraestructura del CE La Rosa Blanca, (Pack 5), contrato MINEDUCYT 147/2025 BIRF 9067 SV-CP 899-AÑO 2026, JM;Liquidada; $4.987.292,00 
2026;6283;8;20/03/2026;MINEDUCTY 147/2025 BIRF 9067 SV;6230609241036;CONSTRUCCIONES EFRAIN E. BOBURG C. SOCIEDAD ANÓNIMA DE CAPITAL VARIABLE;1401;3;7495;9;1;61603;11; $675.710,00 ; $172.410,99 ; $-   ; $-   ;Mejoramiento de Infraestructura del CE La Rosa Blanca, (Pack 5), contrato MINEDUCYT 147/2025 BIRF 9067 SV-CP 899-AÑO 2026, JM;Liquidada; $1.482.080,00 
2026;6283;3;20/03/2026;MINEDUCTY 147/2025 BIRF 9067 SV;6230609241036;CONSTRUCCIONES EFRAIN E. BOBURG C. SOCIEDAD ANÓNIMA DE CAPITAL VARIABLE;1401;3;7495;9;1;61603;6; $873.665,00 ; $172.410,99 ; $-   ; $-   ;Mejoramiento de Infraestructura del CE La Rosa Blanca, (Pack 5), contrato MINEDUCYT 147/2025 BIRF 9067 SV-CP 899-AÑO 2026, JM;Liquidada; $994.329,00 
2026;6283;2;20/03/2026;MINEDUCTY 147/2025 BIRF 9067 SV;6230609241036;CONSTRUCCIONES EFRAIN E. BOBURG C. SOCIEDAD ANÓNIMA DE CAPITAL VARIABLE;1401;3;7495;9;1;61603;5; $4.176.720,00 ; $172.410,99 ; $-   ; $-   ;Mejoramiento de Infraestructura del CE La Rosa Blanca, (Pack 5), contrato MINEDUCYT 147/2025 BIRF 9067 SV-CP 899-AÑO 2026, JM;Liquidada; $2.863.663,00 
2026;6283;9;20/03/2026;MINEDUCTY 147/2025 BIRF 9067 SV;6230609241036;CONSTRUCCIONES EFRAIN E. BOBURG C. SOCIEDAD ANÓNIMA DE CAPITAL VARIABLE;1401;3;7495;9;1;61603;12; $2.475.810,00 ; $172.410,98 ; $-   ; $-   ;Mejoramiento de Infraestructura del CE La Rosa Blanca, (Pack 5), contrato MINEDUCYT 147/2025 BIRF 9067 SV-CP 899-AÑO 2026, JM;Liquidada; $4.268.760,00 
2026;6284;1;20/03/2026;MINEDUCTY 152/2025 BIRF 9067 SV;6230609241036;CONSTRUCCIONES EFRAIN E. BOBURG C. SOCIEDAD ANÓNIMA DE CAPITAL VARIABLE;1401;3;7495;9;1;61603;4; $4.235.237,00 ; $384.437,75 ; $-   ; $-   ;Pago de anticipo, Mejoramiento de Infraestructura del CE Cantón las Flores, (Pack 5), contrato MINEDUCYT 147/2025 BIRF 9067 SV-CP 904-AÑO 2026, JM;Liquidada; $2.367.303,00 
2026;6285;9;20/03/2026;MINEDUCTY 152/2025 BIRF 9067 SV;6230609241036;CONSTRUCCIONES EFRAIN E. BOBURG C. SOCIEDAD ANÓNIMA DE CAPITAL VARIABLE;1401;3;7495;9;1;61603;12; $4.668.749,00 ; $170.861,24 ; $-   ; $-   ;Mejoramiento de Infraestructura del CE Cantón las Flores, (Pack 5), contrato MINEDUCYT 147/2025 BIRF 9067 SV-CP 904-AÑO 2026, JM;Liquidada; $2.559.301,00 
2026;6285;6;20/03/2026;MINEDUCTY 152/2025 BIRF 9067 SV;6230609241036;CONSTRUCCIONES EFRAIN E. BOBURG C. SOCIEDAD ANÓNIMA DE CAPITAL VARIABLE;1401;3;7495;9;1;61603;9; $56.469,00 ; $170.861,22 ; $-   ; $-   ;Mejoramiento de Infraestructura del CE Cantón las Flores, (Pack 5), contrato MINEDUCYT 147/2025 BIRF 9067 SV-CP 904-AÑO 2026, JM;Liquidada; $747.086,00 
2026;6285;5;20/03/2026;MINEDUCTY 152/2025 BIRF 9067 SV;6230609241036;CONSTRUCCIONES EFRAIN E. BOBURG C. SOCIEDAD ANÓNIMA DE CAPITAL VARIABLE;1401;3;7495;9;1;61603;8; $3.743.229,00 ; $170.861,22 ; $-   ; $-   ;Mejoramiento de Infraestructura del CE Cantón las Flores, (Pack 5), contrato MINEDUCYT 147/2025 BIRF 9067 SV-CP 904-AÑO 2026, JM;Liquidada; $4.602.390,00 
2026;6285;8;20/03/2026;MINEDUCTY 152/2025 BIRF 9067 SV;6230609241036;CONSTRUCCIONES EFRAIN E. BOBURG C. SOCIEDAD ANÓNIMA DE CAPITAL VARIABLE;1401;3;7495;9;1;61603;11; $177.972,00 ; $170.861,22 ; $-   ; $-   ;Mejoramiento de Infraestructura del CE Cantón las Flores, (Pack 5), contrato MINEDUCYT 147/2025 BIRF 9067 SV-CP 904-AÑO 2026, JM;Liquidada; $561.268,00 
2026;6285;4;20/03/2026;MINEDUCTY 152/2025 BIRF 9067 SV;6230609241036;CONSTRUCCIONES EFRAIN E. BOBURG C. SOCIEDAD ANÓNIMA DE CAPITAL VARIABLE;1401;3;7495;9;1;61603;7; $1.408.959,00 ; $170.861,22 ; $-   ; $-   ;Mejoramiento de Infraestructura del CE Cantón las Flores, (Pack 5), contrato MINEDUCYT 147/2025 BIRF 9067 SV-CP 904-AÑO 2026, JM;Liquidada; $1.752.036,00 
2026;6285;2;20/03/2026;MINEDUCTY 152/2025 BIRF 9067 SV;6230609241036;CONSTRUCCIONES EFRAIN E. BOBURG C. SOCIEDAD ANÓNIMA DE CAPITAL VARIABLE;1401;3;7495;9;1;61603;5; $4.876.185,00 ; $170.861,22 ; $-   ; $-   ;Mejoramiento de Infraestructura del CE Cantón las Flores, (Pack 5), contrato MINEDUCYT 147/2025 BIRF 9067 SV-CP 904-AÑO 2026, JM;Liquidada; $739.182,00 
2026;6285;3;20/03/2026;MINEDUCTY 152/2025 BIRF 9067 SV;6230609241036;CONSTRUCCIONES EFRAIN E. BOBURG C. SOCIEDAD ANÓNIMA DE CAPITAL VARIABLE;1401;3;7495;9;1;61603;6; $4.235.188,00 ; $170.861,22 ; $-   ; $-   ;Mejoramiento de Infraestructura del CE Cantón las Flores, (Pack 5), contrato MINEDUCYT 147/2025 BIRF 9067 SV-CP 904-AÑO 2026, JM;Liquidada; $4.289.348,00 
2026;6285;1;20/03/2026;MINEDUCTY 152/2025 BIRF 9067 SV;6230609241036;CONSTRUCCIONES EFRAIN E. BOBURG C. SOCIEDAD ANÓNIMA DE CAPITAL VARIABLE;1401;3;7495;9;1;61603;4; $4.991.610,00 ; $170.861,22 ; $-   ; $-   ;Mejoramiento de Infraestructura del CE Cantón las Flores, (Pack 5), contrato MINEDUCYT 147/2025 BIRF 9067 SV-CP 904-AÑO 2026, JM;Liquidada; $4.049.549,00 
2026;6285;7;20/03/2026;MINEDUCTY 152/2025 BIRF 9067 SV;6230609241036;CONSTRUCCIONES EFRAIN E. BOBURG C. SOCIEDAD ANÓNIMA DE CAPITAL VARIABLE;1401;3;7495;9;1;61603;10; $421.703,00 ; $170.861,22 ; $-   ; $-   ;Mejoramiento de Infraestructura del CE Cantón las Flores, (Pack 5), contrato MINEDUCYT 147/2025 BIRF 9067 SV-CP 904-AÑO 2026, JM;Liquidada; $3.365.078,00 
2026;6287;1;20/03/2026;MINEDUCTY 152/2025 BIRF 9067 SV;6230609241036;CONSTRUCCIONES EFRAIN E. BOBURG C. SOCIEDAD ANÓNIMA DE CAPITAL VARIABLE;1401;3;7495;9;1;61603;4; $4.306.820,00 ; $384.437,75 ; $-   ; $-   ;Pago de anticipo, Mejoramiento de Infraestructura del CE Cantón las Flores, (Pack 5), contrato MINEDUCYT 147/2025 BIRF 9067 SV-CP 904-AÑO 2026, JM;Liquidada; $3.447.038,00 
2026;6288;1;20/03/2026;MINEDUCTY 151/2025 BIRF 9067 SV;6230609241036;CONSTRUCCIONES EFRAIN E. BOBURG C. SOCIEDAD ANÓNIMA DE CAPITAL VARIABLE;1401;3;7495;9;1;61603;4; $36.033,00 ; $396.188,24 ; $-   ; $-   ;Pago de anticipo, Mejoramiento de Infraestructura del CE Cantón el Portezuelo, (Pack 5), contrato MINEDUCYT 147/2025 BIRF 9067 SV-CP 903-AÑO 2026, JM;Liquidada; $4.036.763,00 
2026;6289;1;20/03/2026;MINEDUCTY 151/2025 BIRF 9067 SV;6230609241036;CONSTRUCCIONES EFRAIN E. BOBURG C. SOCIEDAD ANÓNIMA DE CAPITAL VARIABLE;1401;3;7495;9;1;61603;4; $903.047,00 ; $176.083,66 ; $-   ; $-   ;Mejoramiento de Infraestructura del CE Cantón el Portezuelo, (Pack 5), contrato MINEDUCYT 147/2025 BIRF 9067 SV-CP 903-AÑO 2026, JM;Liquidada; $339.470,00 
2026;6289;2;20/03/2026;MINEDUCTY 151/2025 BIRF 9067 SV;6230609241036;CONSTRUCCIONES EFRAIN E. BOBURG C. SOCIEDAD ANÓNIMA DE CAPITAL VARIABLE;1401;3;7495;9;1;61603;5; $3.728.837,00 ; $176.083,66 ; $-   ; $-   ;Mejoramiento de Infraestructura del CE Cantón el Portezuelo, (Pack 5), contrato MINEDUCYT 147/2025 BIRF 9067 SV-CP 903-AÑO 2026, JM;Liquidada; $2.905.322,00 
2026;6289;3;20/03/2026;MINEDUCTY 151/2025 BIRF 9067 SV;6230609241036;CONSTRUCCIONES EFRAIN E. BOBURG C. SOCIEDAD ANÓNIMA DE CAPITAL VARIABLE;1401;3;7495;9;1;61603;6; $4.148.273,00 ; $176.083,66 ; $-   ; $-   ;Mejoramiento de Infraestructura del CE Cantón el Portezuelo, (Pack 5), contrato MINEDUCYT 147/2025 BIRF 9067 SV-CP 903-AÑO 2026, JM;Liquidada; $2.955.478,00 
2026;6289;9;20/03/2026;MINEDUCTY 151/2025 BIRF 9067 SV;6230609241036;CONSTRUCCIONES EFRAIN E. BOBURG C. SOCIEDAD ANÓNIMA DE CAPITAL VARIABLE;1401;3;7495;9;1;61603;12; $3.161.327,00 ; $176.083,68 ; $-   ; $-   ;Mejoramiento de Infraestructura del CE Cantón el Portezuelo, (Pack 5), contrato MINEDUCYT 147/2025 BIRF 9067 SV-CP 903-AÑO 2026, JM;Liquidada; $12.670,00 
2026;6289;8;20/03/2026;MINEDUCTY 151/2025 BIRF 9067 SV;6230609241036;CONSTRUCCIONES EFRAIN E. BOBURG C. SOCIEDAD ANÓNIMA DE CAPITAL VARIABLE;1401;3;7495;9;1;61603;11; $237.238,00 ; $176.083,66 ; $-   ; $-   ;Mejoramiento de Infraestructura del CE Cantón el Portezuelo, (Pack 5), contrato MINEDUCYT 147/2025 BIRF 9067 SV-CP 903-AÑO 2026, JM;Liquidada; $2.329.470,00 
2026;6289;4;20/03/2026;MINEDUCTY 151/2025 BIRF 9067 SV;6230609241036;CONSTRUCCIONES EFRAIN E. BOBURG C. SOCIEDAD ANÓNIMA DE CAPITAL VARIABLE;1401;3;7495;9;1;61603;7; $2.910.929,00 ; $176.083,66 ; $-   ; $-   ;Mejoramiento de Infraestructura del CE Cantón el Portezuelo, (Pack 5), contrato MINEDUCYT 147/2025 BIRF 9067 SV-CP 903-AÑO 2026, JM;Liquidada; $3.456.541,00 
2026;6289;6;20/03/2026;MINEDUCTY 151/2025 BIRF 9067 SV;6230609241036;CONSTRUCCIONES EFRAIN E. BOBURG C. SOCIEDAD ANÓNIMA DE CAPITAL VARIABLE;1401;3;7495;9;1;61603;9; $897.939,00 ; $176.083,66 ; $-   ; $-   ;Mejoramiento de Infraestructura del CE Cantón el Portezuelo, (Pack 5), contrato MINEDUCYT 147/2025 BIRF 9067 SV-CP 903-AÑO 2026, JM;Liquidada; $1.280.040,00 
2026;6289;7;20/03/2026;MINEDUCTY 151/2025 BIRF 9067 SV;6230609241036;CONSTRUCCIONES EFRAIN E. BOBURG C. SOCIEDAD ANÓNIMA DE CAPITAL VARIABLE;1401;3;7495;9;1;61603;10; $3.604.153,00 ; $176.083,66 ; $-   ; $-   ;Mejoramiento de Infraestructura del CE Cantón el Portezuelo, (Pack 5), contrato MINEDUCYT 147/2025 BIRF 9067 SV-CP 903-AÑO 2026, JM;Liquidada; $1.266.294,00 
2026;6289;5;20/03/2026;MINEDUCTY 151/2025 BIRF 9067 SV;6230609241036;CONSTRUCCIONES EFRAIN E. BOBURG C. SOCIEDAD ANÓNIMA DE CAPITAL VARIABLE;1401;3;7495;9;1;61603;8; $220.955,00 ; $176.083,66 ; $-   ; $-   ;Mejoramiento de Infraestructura del CE Cantón el Portezuelo, (Pack 5), contrato MINEDUCYT 147/2025 BIRF 9067 SV-CP 903-AÑO 2026, JM;Liquidada; $1.675.523,00 
2026;6291;1;20/03/2026;MINEDUCTY 150/2025 BIRF 9067 SV;6230609241036;CONSTRUCCIONES EFRAIN E. BOBURG C. SOCIEDAD ANÓNIMA DE CAPITAL VARIABLE;1401;3;7495;9;1;61603;4; $4.909.379,00 ; $556.423,44 ; $-   ; $-   ;Pago de anticipo, Mejoramiento de Infraestructura en 8 CE públicos que atienden primera infancia a nivel nacional (Complejo educativo Profesor Raul Flores Moreno cod.13374), contrato MINEDUCYT 150/2025 BIRF 9067 SV-CP 902-AÑO 2026, JM;Liquidada; $4.523.786,00 
2026;4027;1;24/02/2026;MINEDUCYT-02/2026-BIRF;6231501261142;UNIÓN DE PERSONAS ECOLED - SERVENCO;1401;3;7495;9;1;61603;2; $4.662.781,00 ; $-   ; $-   ; $1.671.249,00 ;ANTICIPO DE MEJORAMIENTO DE INFRAESTRUCTURA DE 16 C.E. PÚBLICOS QUE ATIENDEN PRIMERA INFANCIA A NIVEL NACIONAL-CP 883-AÑO 2026-JM;Parcialmente Liquidada; $-   
2026;4028;7;24/02/2026;MINEDUCYT-02/2026-BIRF;6231501261142;UNIÓN DE PERSONAS ECOLED - SERVENCO;1401;3;7495;9;1;61603;9; $2.586.354,00 ; $-   ; $-   ; $1.158.869,00 ;COMPLEMENTO DE MEJORAMIENTO DE INFRAESTRUCTURA DE 16 C.E. PÚBLICOS QUE ATIENDEN PRIMERA INFANCIA A NIVEL NACIONAL-CP 883-AÑO 2026-JM;Parcialmente Liquidada; $-   
2026;4028;6;24/02/2026;MINEDUCYT-02/2026-BIRF;6231501261142;UNIÓN DE PERSONAS ECOLED - SERVENCO;1401;3;7495;9;1;61603;8; $3.393.648,00 ; $-   ; $-   ; $2.046.310,00 ;COMPLEMENTO DE MEJORAMIENTO DE INFRAESTRUCTURA DE 16 C.E. PÚBLICOS QUE ATIENDEN PRIMERA INFANCIA A NIVEL NACIONAL-CP 883-AÑO 2026-JM;Parcialmente Liquidada; $-   
2026;4028;5;24/02/2026;MINEDUCYT-02/2026-BIRF;6231501261142;UNIÓN DE PERSONAS ECOLED - SERVENCO;1401;3;7495;9;1;61603;7; $3.000.097,00 ; $-   ; $-   ; $999.887,00 ;COMPLEMENTO DE MEJORAMIENTO DE INFRAESTRUCTURA DE 16 C.E. PÚBLICOS QUE ATIENDEN PRIMERA INFANCIA A NIVEL NACIONAL-CP 883-AÑO 2026-JM;Parcialmente Liquidada; $-   
2026;4028;4;24/02/2026;MINEDUCYT-02/2026-BIRF;6231501261142;UNIÓN DE PERSONAS ECOLED - SERVENCO;1401;3;7495;9;1;61603;6; $2.256.517,00 ; $-   ; $-   ; $814.135,00 ;COMPLEMENTO DE MEJORAMIENTO DE INFRAESTRUCTURA DE 16 C.E. PÚBLICOS QUE ATIENDEN PRIMERA INFANCIA A NIVEL NACIONAL-CP 883-AÑO 2026-JM;Parcialmente Liquidada; $-   
2026;4028;3;24/02/2026;MINEDUCYT-02/2026-BIRF;6231501261142;UNIÓN DE PERSONAS ECOLED - SERVENCO;1401;3;7495;9;1;61603;5; $533.907,00 ; $-   ; $-   ; $365.375,00 ;COMPLEMENTO DE MEJORAMIENTO DE INFRAESTRUCTURA DE 16 C.E. PÚBLICOS QUE ATIENDEN PRIMERA INFANCIA A NIVEL NACIONAL-CP 883-AÑO 2026-JM;Parcialmente Liquidada; $-   
2026;4028;2;24/02/2026;MINEDUCYT-02/2026-BIRF;6231501261142;UNIÓN DE PERSONAS ECOLED - SERVENCO;1401;3;7495;9;1;61603;4; $1.564.099,00 ; $-   ; $-   ; $848.450,00 ;COMPLEMENTO DE MEJORAMIENTO DE INFRAESTRUCTURA DE 16 C.E. PÚBLICOS QUE ATIENDEN PRIMERA INFANCIA A NIVEL NACIONAL-CP 883-AÑO 2026-JM;Parcialmente Liquidada; $-   
2026;4028;1;24/02/2026;MINEDUCYT-02/2026-BIRF;6231501261142;UNIÓN DE PERSONAS ECOLED - SERVENCO;1401;3;7495;9;1;61603;3; $415.054,00 ; $-   ; $-   ; $-   ;COMPLEMENTO DE MEJORAMIENTO DE INFRAESTRUCTURA DE 16 C.E. PÚBLICOS QUE ATIENDEN PRIMERA INFANCIA A NIVEL NACIONAL-CP 883-AÑO 2026-JM;Parcialmente Liquidada; $-   
2026;4028;8;24/02/2026;MINEDUCYT-02/2026-BIRF;6231501261142;UNIÓN DE PERSONAS ECOLED - SERVENCO;1401;3;7495;9;1;61603;10; $223.852,00 ; $-   ; $-   ; $216.910,00 ;COMPLEMENTO DE MEJORAMIENTO DE INFRAESTRUCTURA DE 16 C.E. PÚBLICOS QUE ATIENDEN PRIMERA INFANCIA A NIVEL NACIONAL-CP 883-AÑO 2026-JM;Parcialmente Liquidada; $-   
2026;4028;9;24/02/2026;MINEDUCYT-02/2026-BIRF;6231501261142;UNIÓN DE PERSONAS ECOLED - SERVENCO;1401;3;7495;9;1;61603;11; $167.168,00 ; $-   ; $-   ; $100.310,00 ;COMPLEMENTO DE MEJORAMIENTO DE INFRAESTRUCTURA DE 16 C.E. PÚBLICOS QUE ATIENDEN PRIMERA INFANCIA A NIVEL NACIONAL-CP 883-AÑO 2026-JM;Parcialmente Liquidada; $-   
2026;8370;2;28/04/2026;MINEDUCYT-12/2026-BIRF..;6231603261287;UNION DE PERSONAS PARTICIPACION CONJUNTA DE OFERENTES DONNELLEY POSADA DOS MIL VEINTISEIS;1401;3;7495;9;1;54304;10; $3.935.902,00 ; $-   ; $-   ; $2.016.452,00 ;SERVICIO DE LOGISTICA PARA ENTREGA DE MATERIAL EDUCATIVO A C.E. DE PRIMERA INFANCIA-CP720/954-AÑO 2026-JM;Parcialmente Liquidada; $-   
2026;8370;1;28/04/2026;MINEDUCYT-12/2026-BIRF..;6231603261287;UNION DE PERSONAS PARTICIPACION CONJUNTA DE OFERENTES DONNELLEY POSADA DOS MIL VEINTISEIS;1401;3;7495;9;1;54304;7; $1.542.596,00 ; $-   ; $-   ; $671.644,00 ;SERVICIO DE LOGISTICA PARA ENTREGA DE MATERIAL EDUCATIVO A C.E. DE PRIMERA INFANCIA-CP720/954-AÑO 2026-JM;Parcialmente Liquidada; $-   
2026;8625;3;13/05/2026;MINEDUCYT-25/2026-BIRF;6231603261287;UNION DE PERSONAS PARTICIPACION CONJUNTA DE OFERENTES DONNELLEY POSADA DOS MIL VEINTISEIS;1401;3;7495;9;1;54322;8; $2.909.240,00 ; $1.249.611,22 ; $-   ; $-   ;CONSULTORIA PARA DISEÑO E IMPLEMENTACION DE LA FORMACION DE DIRECTORES EN SERVICIO EN PRIMERA INFANCIA-CP 672-AÑO 2026-JM;Liquidada; $54.936,00 
2026;8625;2;13/05/2026;MINEDUCYT-25/2026-BIRF;6231603261287;UNION DE PERSONAS PARTICIPACION CONJUNTA DE OFERENTES DONNELLEY POSADA DOS MIL VEINTISEIS;1401;3;7495;9;1;54322;7; $2.446.813,00 ; $833.074,14 ; $-   ; $-   ;CONSULTORIA PARA DISEÑO E IMPLEMENTACION DE LA FORMACION DE DIRECTORES EN SERVICIO EN PRIMERA INFANCIA-CP 672-AÑO 2026-JM;Liquidada; $2.231.147,00 
2026;8625;1;13/05/2026;MINEDUCYT-25/2026-BIRF;6231603261287;UNION DE PERSONAS PARTICIPACION CONJUNTA DE OFERENTES DONNELLEY POSADA DOS MIL VEINTISEIS;1401;3;7495;9;1;54322;5; $4.993.351,00 ; $416.537,07 ; $-   ; $-   ;CONSULTORIA PARA DISEÑO E IMPLEMENTACION DE LA FORMACION DE DIRECTORES EN SERVICIO EN PRIMERA INFANCIA-CP 672-AÑO 2026-JM;Liquidada; $3.305.853,00 
2026;8625;4;13/05/2026;MINEDUCYT-25/2026-BIRF;6231603261287;UNION DE PERSONAS PARTICIPACION CONJUNTA DE OFERENTES DONNELLEY POSADA DOS MIL VEINTISEIS;1401;3;7495;9;1;54322;11; $3.367.245,00 ; $1.249.611,22 ; $-   ; $-   ;CONSULTORIA PARA DISEÑO E IMPLEMENTACION DE LA FORMACION DE DIRECTORES EN SERVICIO EN PRIMERA INFANCIA-CP 672-AÑO 2026-JM;Liquidada; $3.776.746,00 
2026;10130;1;25/05/2026;MINEDUCYT-12/2026-BIRF;6231603261287;UNION DE PERSONAS PARTICIPACION CONJUNTA DE OFERENTES DONNELLEY POSADA DOS MIL VEINTISEIS;1401;3;7495;9;1;54304;6; $4.875.336,00 ; $-   ; $-   ; $717.989,00 ;SERVICIO DE LOGISTICA PARA ENTREGA DE MATERIAL EDUCATIVO A C.E. DE PRIMERA (INCREMENTO)- CP 966-AÑO 2026-JM;Aprobado; $-   
2026;13585;1;14/07/2026;MINEDUCYT-16/2026-BIRF;6232204261237;UDP PIEDRASANTA-GRELISAL;1401;3;7495;9;1;54116;9; $4.650.443,00 ; $-   ; $-   ; $628.740,00 ; ADQUISICIÓN DE KIT DE LIBROS PARA LA NIÑEZ DE PRIMERA INFANCIA DEL SISTEMA EDUCATIVO PÚBLICO-CP 957//882-AÑO 2026-JM;Aprobado; $-   
2026;3864;1;18/02/2026;MINEDUCYT-46/2025-BIRF;6232205241027;UNION DE PERSONAS UDP GA - PDN;1401;3;7495;9;1;61603;4; $826.098,00 ; $-   ; $-   ; $397.065,00 ;MEJORAMIENTO DE INFRAESTRUCTURA EN 29 CENTROS EDUCATIVOS PÚBLICOS QUE ATIENDEN PRIMERA INFANCIA A NIVEL NACIONAL- CP 636-DEUDA 2025-JM;Parcialmente Liquidada; $-   
2026;3864;2;18/02/2026;MINEDUCYT-46/2025-BIRF;6232205241027;UNION DE PERSONAS UDP GA - PDN;1401;3;7495;9;1;61603;6; $1.830.914,00 ; $-   ; $-   ; $1.783.736,00 ;MEJORAMIENTO DE INFRAESTRUCTURA EN 29 CENTROS EDUCATIVOS PÚBLICOS QUE ATIENDEN PRIMERA INFANCIA A NIVEL NACIONAL- CP 636-DEUDA 2025-JM;Parcialmente Liquidada; $-   
2026;4553;2;09/03/2026;MINEDUCYT-47/2025-BIRF;6232205241027;UNION DE PERSONAS UDP GA - PDN;1401;3;7495;9;1;61603;6; $1.261.546,00 ; $-   ; $-   ; $397.246,00 ;MEJORAMIENTO DE INFRAESTRUCTURA EN 29 CENTROS EDUCATIVOS PÚBLICOS QUE ATIENDEN PRIMERA INFANCIA A NIVEL NACIONAL- CP 636-DEUDA 2025-JM;Parcialmente Liquidada; $-   
2026;4553;1;09/03/2026;MINEDUCYT-47/2025-BIRF;6232205241027;UNION DE PERSONAS UDP GA - PDN;1401;3;7495;9;1;61603;4; $1.110.900,00 ; $-   ; $-   ; $629.518,00 ;MEJORAMIENTO DE INFRAESTRUCTURA EN 29 CENTROS EDUCATIVOS PÚBLICOS QUE ATIENDEN PRIMERA INFANCIA A NIVEL NACIONAL- CP 636-DEUDA 2025-JM;Parcialmente Liquidada; $-   
2026;3845;1;18/02/2026;MINEDUCYT-49/2025-BIRF;6232706241027;UDP F Y S - MAYA;1401;3;7495;9;1;61603;3; $97.972,00 ; $-   ; $-   ; $29.071,00 ;MEJORAMIENTO DE INFRAESTRUCTURA EN 29 CENTROS EDUCATIVOS PUBLICOS QUE ATIENDEN PRIMERA INFANCIA A NIVEL NACIONAL- CP 636-AÑO 2025-JM;Aprobado; $-   
2026;6447;1;26/03/2026;MINEDUCYT-104/2025-BIRF;75967691;NERIS MABEL ORTIZ MARTINEZ;1401;3;7495;9;1;54502;4; $2.108.324,00 ; $-   ; $-   ; $389.509,00 ;CONTRATACION DE 28 PORTADORES CULTURALES PARA DESARROLLAR TALLERES DE IDENTIDAD CULTURAL NÁHUAT, LENCA Y CACAOPERA EN CENTROS EDUCATIVOS-CP 692-AÑO 2026-JM;Liquidada; $-   
2026;11840;1;18/06/2026;MINEDUCYT-104/2025-BIRF.;75967691;NERIS MABEL ORTIZ MARTINEZ;1401;3;7495;9;1;54599;6; $4.532.805,00 ; $-   ; $-   ; $-   ;CONTRATACION DE 28 PORTADORES CULTURALES PARA DESARROLLAR TALLERES DE IDENTIDAD CULTURAL NÁHUAT, LENCA Y CACAOPERA EN CENTROS EDUCATIVOS-CP 692-AÑO 2026-JM;Liquidada; $-   
2026;10114;1;21/05/2026;124250;9031902051010;CASA CAMPANA, S.A. DE C.V.;1401;3;7495;9;1;54310;5; $1.293.010,00 ; $-   ; $-   ; $-   ;SERVICIO DE ALIMENTACION PARA 100 PERSONAS MISION DE SUPERVICIONN DEL BANCO MUNDIAL (MARTES 17/03/26) (GASTO OPERATIVO)-CP 979-AÑO 2026-JM;Liquidada; $-   
2026;8571;1;08/05/2026;MINEDUCYT-21/2026-BIRF;11212603141015;RAV, INVERSIONES Y PROYECTOS, SOCIEDAD ANONIMA DE CAPITAL VARIABLE;1401;3;7495;9;1;61608;5; $1.478.349,00 ; $-   ; $-   ; $1.405.809,00 ;ANTICIPO DE SUPERVICION DE MEJORAMIENTO DE INFRAESTRUCTURA DE 3 C.E. UBICADOS EN EL DPTO DE SAN SALVADOR-CP 932/933/934- AÑO 2026-JM ;Aprobado; $-   
2026;8572;7;08/05/2026;MINEDUCYT-21/2026-BIRF;11212603141015;RAV, INVERSIONES Y PROYECTOS, SOCIEDAD ANONIMA DE CAPITAL VARIABLE;1401;3;7495;9;1;61608;12; $4.746.504,00 ; $-   ; $-   ; $1.988.462,00 ;SUPERVICION DE MEJORAMIENTO DE INFRAESTRUCTURA DE 3 C.E. UBICADOS EN EL DPTO DE SAN SALVADOR-CP 932/933/934- AÑO 2026-JM ;Aprobado; $-   
2026;8572;1;08/05/2026;MINEDUCYT-21/2026-BIRF;11212603141015;RAV, INVERSIONES Y PROYECTOS, SOCIEDAD ANONIMA DE CAPITAL VARIABLE;1401;3;7495;9;1;61608;6; $395.901,00 ; $-   ; $-   ; $291.241,00 ;SUPERVICION DE MEJORAMIENTO DE INFRAESTRUCTURA DE 3 C.E. UBICADOS EN EL DPTO DE SAN SALVADOR-CP 932/933/934- AÑO 2026-JM ;Aprobado; $-   
2026;8572;2;08/05/2026;MINEDUCYT-21/2026-BIRF;11212603141015;RAV, INVERSIONES Y PROYECTOS, SOCIEDAD ANONIMA DE CAPITAL VARIABLE;1401;3;7495;9;1;61608;7; $3.002.702,00 ; $-   ; $-   ; $1.246.052,00 ;SUPERVICION DE MEJORAMIENTO DE INFRAESTRUCTURA DE 3 C.E. UBICADOS EN EL DPTO DE SAN SALVADOR-CP 932/933/934- AÑO 2026-JM ;Aprobado; $-   
2026;8572;3;08/05/2026;MINEDUCYT-21/2026-BIRF;11212603141015;RAV, INVERSIONES Y PROYECTOS, SOCIEDAD ANONIMA DE CAPITAL VARIABLE;1401;3;7495;9;1;61608;8; $4.010.106,00 ; $-   ; $-   ; $3.396.899,00 ;SUPERVICION DE MEJORAMIENTO DE INFRAESTRUCTURA DE 3 C.E. UBICADOS EN EL DPTO DE SAN SALVADOR-CP 932/933/934- AÑO 2026-JM ;Aprobado; $-   
2026;8572;4;08/05/2026;MINEDUCYT-21/2026-BIRF;11212603141015;RAV, INVERSIONES Y PROYECTOS, SOCIEDAD ANONIMA DE CAPITAL VARIABLE;1401;3;7495;9;1;61608;9; $2.166.267,00 ; $-   ; $-   ; $574.619,00 ;SUPERVICION DE MEJORAMIENTO DE INFRAESTRUCTURA DE 3 C.E. UBICADOS EN EL DPTO DE SAN SALVADOR-CP 932/933/934- AÑO 2026-JM ;Aprobado; $-   
2026;8572;5;08/05/2026;MINEDUCYT-21/2026-BIRF;11212603141015;RAV, INVERSIONES Y PROYECTOS, SOCIEDAD ANONIMA DE CAPITAL VARIABLE;1401;3;7495;9;1;61608;10; $1.225.430,00 ; $-   ; $-   ; $327.115,00 ;SUPERVICION DE MEJORAMIENTO DE INFRAESTRUCTURA DE 3 C.E. UBICADOS EN EL DPTO DE SAN SALVADOR-CP 932/933/934- AÑO 2026-JM ;Aprobado; $-   
2026;8572;6;08/05/2026;MINEDUCYT-21/2026-BIRF;11212603141015;RAV, INVERSIONES Y PROYECTOS, SOCIEDAD ANONIMA DE CAPITAL VARIABLE;1401;3;7495;9;1;61608;11; $381.627,00 ; $-   ; $-   ; $245.087,00 ;SUPERVICION DE MEJORAMIENTO DE INFRAESTRUCTURA DE 3 C.E. UBICADOS EN EL DPTO DE SAN SALVADOR-CP 932/933/934- AÑO 2026-JM ;Aprobado; $-   
2026;2134;1;11/02/2026;MINEDUCYT-54/2025-BIRF;12170812101011;MANUEL DAVID PARADA JAIME CONSTRUCTORES, SOCIEDAD ANONIMA DE CAPITAL VARIABLE;1401;3;7495;9;1;61603;3; $3.394.064,00 ; $-   ; $-   ; $963.213,00 ;MEJORAMIENTO DE INFRAESTRUCTURA EN 29 CENTROS EDUCATIVOS PUBLICOS QUE ATIENDEN PRIMERA INFANCIA A NIVEL NACIONAL- CP 636-DEUDA 2025-JM;Parcialmente Liquidada; $-   
2026;2139;1;11/02/2026;MINEDUCYT-55/2025-BIRF;12170812101011;MANUEL DAVID PARADA JAIME CONSTRUCTORES, SOCIEDAD ANONIMA DE CAPITAL VARIABLE;1401;3;7495;9;1;61603;3; $3.865.394,00 ; $-   ; $-   ; $2.844.377,00 ;MEJORAMIENTO DE INFRAESTRUCTURA EN 29 CENTROS EDUCATIVOS PUBLICOS QUE ATIENDEN PRIMERA INFANCIA A NIVEL NACIONAL-CP 636-DEUDA 2025-JM;Parcialmente Liquidada; $-   
2026;2140;1;11/02/2026;MINEDUCYT-56/2025-BIRF;12170812101011;MANUEL DAVID PARADA JAIME CONSTRUCTORES, SOCIEDAD ANONIMA DE CAPITAL VARIABLE;1401;3;7495;9;1;61603;3; $4.748.940,00 ; $-   ; $-   ; $96.147,00 ;MEJORAMIENTO DE INFRAESTRUCTURA EN 29 CENTROS EDUCATIVOS PUBLICOS QUE ATIENDEN PRIMERA INFANCIA A NIVEL NACIONAL-CP 636-DEUDA 2025-JM;Parcialmente Liquidada; $-   
2026;2148;1;11/02/2026;MINEDUCYT-57/2025 BIRF;12170812101011;MANUEL DAVID PARADA JAIME CONSTRUCTORES, SOCIEDAD ANONIMA DE CAPITAL VARIABLE;1401;3;7495;9;1;61603;4; $1.683.899,00 ; $-   ; $-   ; $1.207.317,00 ;DEUDA POLIZA 120723 MEJORAMIENTO DE INFRAESTRUCTURA EN 29 C.E. PÚBLICOS QUE ATIENDEN PRIMERA INFANCIA A NIVEL NACIONAL-CP 636- AÑO 2025-JM;Parcialmente Liquidada; $-   
2026;4121;1;27/02/2026;MINEDUCYT-56/2025-BIRF;12170812101011;MANUEL DAVID PARADA JAIME CONSTRUCTORES, SOCIEDAD ANONIMA DE CAPITAL VARIABLE;1401;3;7495;9;1;61608;3; $3.620.530,00 ; $163.716,46 ; $-   ; $-   ;MEJORAMIENTO DE INFRAESTRUCTURA EN 29 CENTROS EDUCATIVOS PUBLICOS QUE ATIENDEN PRIMERA INFANCIA A NIVEL NACIONAL-CP 856-AÑO 2026-JM;Liquidada; $1.297.264,00 
2026;4278;1;03/03/2026;MINEDUCYT-55/2025-BIRF;12170812101011;MANUEL DAVID PARADA JAIME CONSTRUCTORES, SOCIEDAD ANONIMA DE CAPITAL VARIABLE;1401;3;7495;9;1;61608;4; $1.743.131,00 ; $-   ; $-   ; $651.023,00 ;MEJORAMIENTO DE INFRAESTRUCTURA EN 29 C.E. PÚBLICOS QUE ATIENDEN PRIMERA INFANCIA A NIVEL NACIONAL-CP 857- AÑO 2026-JM;Aprobado; $-   
2026;6528;1;08/04/2026;MINEDUCYT-54/2025-BIRF;12170812101011;MANUEL DAVID PARADA JAIME CONSTRUCTORES, SOCIEDAD ANONIMA DE CAPITAL VARIABLE;1401;3;7495;9;1;61603;5; $982.536,00 ; $-   ; $-   ; $575.830,00 ;MEJORAMIENTO DE INFRAESTRCTURA EN 29 C.E. pÚBLICOS QUE ATIENDEN PRIMERA INFANCIA (INCREMENTO 1 MECT-M-5/2026) (C.E SAN FRANCISCO HNDA ZAPOTITAN)-CP 925-AÑO 2026-JM;Aprobado; $-   
2026;6540;1;08/04/2026;MINEDUCYT-57/2024-BIRF;12170812101011;MANUEL DAVID PARADA JAIME CONSTRUCTORES, SOCIEDAD ANONIMA DE CAPITAL VARIABLE;1401;3;7495;9;1;61603;4; $1.768.781,00 ; $-   ; $-   ; $330.183,00 ;MEJORAMIENTO DE INFGRAESTRUCTURA EN 29 CENTROS EDUCATIVOS PÚBLICOS QUE ATIENDEN PRIMERA INFANCIA A NIVEL NACIONAL(INCREMENTO 1 MECT-M-3/2026  Parvularia San Miguel Tepezontes)-CDP 841-AÑO 2026-JM;Parcialmente Liquidada; $-   
2026;8103;1;16/04/2026;MINEDUCYT-46/2025-BIRF;12170812101011;MANUEL DAVID PARADA JAIME CONSTRUCTORES, SOCIEDAD ANONIMA DE CAPITAL VARIABLE;1401;3;7495;9;1;61608;3; $1.219.851,00 ; $-   ; $-   ; $1.203.245,00 ;MEJORAMIENTO DE INFRAESTRUCTURA EN 29 CENTROS EDUCATIVOS PUBLICOS QUE ATIENDEN PRIMERA INFANCIA A NIVEL NACIONAL (MECT-UNI-46/2026)-CP 856-AÑO 2026-JM;Aprobado; $-   
2026;2141;1;11/02/2026;MINEDUCYT-60/2025 BIRF;12171009121018;DESARROLLO Y CONSTRUCCION DE OBRAS SOCIEDAD ANONIMA DE CAPITAL VARIABLE;1401;3;7495;9;1;61603;4; $3.897.386,00 ; $-   ; $-   ; $3.860.209,00 ;DEUDA POLIZA 120729 MEJORAMIENTO DE INFRAESTRUCTURA EN 29 C.E. PÚBLICOS QUE ATIENDEN PRIMERA INFANCIA A NIVEL NACIONAL - CP 636- AÑO 2025-JM;Parcialmente Liquidada; $-   
2026;2142;1;11/02/2026;MINEDUCYT-58/2025-BIRF;12171009121018;DESARROLLO Y CONSTRUCCION DE OBRAS SOCIEDAD ANONIMA DE CAPITAL VARIABLE;1401;3;7495;9;1;61603;2; $4.400.075,00 ; $-   ; $-   ; $1.926.982,00 ;MEJORAMIENTO DE INFRAESTRUCTURA EN 29 CENTROS EDUCATIVOS PUBLICOS QUE ATIENDEN PRIMERA INFANCIA A NIVEL NACIONAL- CP 636-DEUDA 2025-JM;Parcialmente Liquidada; $-   
2026;3689;1;17/02/2026;MINEDUCYT-59/2025-BIRF;12171009121018;DESARROLLO Y CONSTRUCCION DE OBRAS SOCIEDAD ANONIMA DE CAPITAL VARIABLE;1401;3;7495;9;1;61603;4; $3.080.048,00 ; $-   ; $-   ; $1.017.315,00 ;MEJORAMIENTO DE INFRAESTRUCTURA EN 29 CENTROS EDUCATIVOS PUBLICOS QUE ATIENDEN PRIMERA INFANCIA A NIVEL NACIONAL-CP 636-DEUDA 2025-JM;Parcialmente Liquidada; $-   
2026;3908;1;20/02/2026;MINEDUCYT-61/2025-BIRF;12171009121018;DESARROLLO Y CONSTRUCCION DE OBRAS SOCIEDAD ANONIMA DE CAPITAL VARIABLE;1401;3;7495;9;1;61603;3; $1.364.738,00 ; $-   ; $-   ; $1.195.030,00 ;MEJORAMIENTO DE INFRAESTRUCTURA EN 29 C.E. PÚBLICOS QUE ATIENDEN PRIMERA INFANCIA A NIVEL NACIONAL -CP 636- DEUDA  2025-JM.;Parcialmente Liquidada; $-   
2026;4031;4;25/02/2026;MINEDUCYT-03/2026-BIRF;12171009121018;DESARROLLO Y CONSTRUCCION DE OBRAS SOCIEDAD ANONIMA DE CAPITAL VARIABLE;1401;3;7495;9;1;61603;6; $4.543.250,00 ; $-   ; $-   ; $1.277.354,00 ;MEJORAMIENTO DE INFRAESTRUCTURA DE 16 C.E. PÚBLICOS QUE ATIENDEN PRIMERA INFANCIA A NIVEL NACIONAL-CP 883-AÑO 2026-JM.;Parcialmente Liquidada; $-   
2026;4031;5;25/02/2026;MINEDUCYT-03/2026-BIRF;12171009121018;DESARROLLO Y CONSTRUCCION DE OBRAS SOCIEDAD ANONIMA DE CAPITAL VARIABLE;1401;3;7495;9;1;61603;7; $2.112.221,00 ; $-   ; $-   ; $898.518,00 ;MEJORAMIENTO DE INFRAESTRUCTURA DE 16 C.E. PÚBLICOS QUE ATIENDEN PRIMERA INFANCIA A NIVEL NACIONAL-CP 883-AÑO 2026-JM.;Parcialmente Liquidada; $-   
2026;4031;3;25/02/2026;MINEDUCYT-03/2026-BIRF;12171009121018;DESARROLLO Y CONSTRUCCION DE OBRAS SOCIEDAD ANONIMA DE CAPITAL VARIABLE;1401;3;7495;9;1;61603;5; $3.972.763,00 ; $-   ; $-   ; $1.903.640,00 ;MEJORAMIENTO DE INFRAESTRUCTURA DE 16 C.E. PÚBLICOS QUE ATIENDEN PRIMERA INFANCIA A NIVEL NACIONAL-CP 883-AÑO 2026-JM.;Parcialmente Liquidada; $-   
2026;4031;2;25/02/2026;MINEDUCYT-03/2026-BIRF;12171009121018;DESARROLLO Y CONSTRUCCION DE OBRAS SOCIEDAD ANONIMA DE CAPITAL VARIABLE;1401;3;7495;9;1;61603;4; $3.505.837,00 ; $-   ; $-   ; $2.835.039,00 ;MEJORAMIENTO DE INFRAESTRUCTURA DE 16 C.E. PÚBLICOS QUE ATIENDEN PRIMERA INFANCIA A NIVEL NACIONAL-CP 883-AÑO 2026-JM.;Parcialmente Liquidada; $-   
2026;4031;9;25/02/2026;MINEDUCYT-03/2026-BIRF;12171009121018;DESARROLLO Y CONSTRUCCION DE OBRAS SOCIEDAD ANONIMA DE CAPITAL VARIABLE;1401;3;7495;9;1;61603;11; $4.501.402,00 ; $-   ; $-   ; $2.462.223,00 ;MEJORAMIENTO DE INFRAESTRUCTURA DE 16 C.E. PÚBLICOS QUE ATIENDEN PRIMERA INFANCIA A NIVEL NACIONAL-CP 883-AÑO 2026-JM.;Parcialmente Liquidada; $-   
2026;4031;8;25/02/2026;MINEDUCYT-03/2026-BIRF;12171009121018;DESARROLLO Y CONSTRUCCION DE OBRAS SOCIEDAD ANONIMA DE CAPITAL VARIABLE;1401;3;7495;9;1;61603;10; $3.194.151,00 ; $-   ; $-   ; $1.571.753,00 ;MEJORAMIENTO DE INFRAESTRUCTURA DE 16 C.E. PÚBLICOS QUE ATIENDEN PRIMERA INFANCIA A NIVEL NACIONAL-CP 883-AÑO 2026-JM.;Parcialmente Liquidada; $-   
2026;4031;7;25/02/2026;MINEDUCYT-03/2026-BIRF;12171009121018;DESARROLLO Y CONSTRUCCION DE OBRAS SOCIEDAD ANONIMA DE CAPITAL VARIABLE;1401;3;7495;9;1;61603;9; $949.518,00 ; $-   ; $-   ; $86.718,00 ;MEJORAMIENTO DE INFRAESTRUCTURA DE 16 C.E. PÚBLICOS QUE ATIENDEN PRIMERA INFANCIA A NIVEL NACIONAL-CP 883-AÑO 2026-JM.;Parcialmente Liquidada; $-   
2026;4031;6;25/02/2026;MINEDUCYT-03/2026-BIRF;12171009121018;DESARROLLO Y CONSTRUCCION DE OBRAS SOCIEDAD ANONIMA DE CAPITAL VARIABLE;1401;3;7495;9;1;61603;8; $4.475.104,00 ; $-   ; $-   ; $2.579.826,00 ;MEJORAMIENTO DE INFRAESTRUCTURA DE 16 C.E. PÚBLICOS QUE ATIENDEN PRIMERA INFANCIA A NIVEL NACIONAL-CP 883-AÑO 2026-JM.;Parcialmente Liquidada; $-   
2026;4031;1;25/02/2026;MINEDUCYT-03/2026-BIRF;12171009121018;DESARROLLO Y CONSTRUCCION DE OBRAS SOCIEDAD ANONIMA DE CAPITAL VARIABLE;1401;3;7495;9;1;61603;3; $4.496.036,00 ; $-   ; $-   ; $1.082.535,00 ;MEJORAMIENTO DE INFRAESTRUCTURA DE 16 C.E. PÚBLICOS QUE ATIENDEN PRIMERA INFANCIA A NIVEL NACIONAL-CP 883-AÑO 2026-JM.;Parcialmente Liquidada; $-   
2026;4195;1;02/03/2026;MINEDUCYT-59/2025-BIRF;12171009121018;DESARROLLO Y CONSTRUCCION DE OBRAS SOCIEDAD ANONIMA DE CAPITAL VARIABLE;1401;3;7495;9;1;61603;3; $4.748.831,00 ; $-   ; $-   ; $2.250.478,00 ;"Mejoramiento de infraestructura en 29 centros educativos públicos que atienden primera infancia a nivel nacional ""Parvularia José Misael Ramos""-CDP 832-AÑO 2026-JM";Aprobado; $-   
2026;4239;1;02/03/2026;MINEDUCYT-60/2024-BIRF;12171009121018;DESARROLLO Y CONSTRUCCION DE OBRAS SOCIEDAD ANONIMA DE CAPITAL VARIABLE;1401;3;7495;9;1;61608;4; $2.299.414,00 ; $-   ; $-   ; $217.939,00 ;MEJORAMIENTO DE INFRAESTRUCTURA EN 29 C.E. PÚBLICOS QUE ATIENDEN PRIMERA INFANCIA  A NIVEL NACIONAL(INCREMENTO1 MECT-M-15/2026)-CP 849-AÑO 2026-JM;Parcialmente Liquidada; $-   
2026;6601;1;09/04/2026;MINEDUCYT-61/2025-BIRF;12171009121018;DESARROLLO Y CONSTRUCCION DE OBRAS SOCIEDAD ANONIMA DE CAPITAL VARIABLE;1401;3;7495;9;1;61603;4; $4.668.447,00 ; $54.292,55 ; $-   ; $-   ;MEJORAMIENTO DE INFRAESTRUCTURA EN 29 C.E. PÚBLICOS QUE ATIENDEN PRIMERA INFANCIA A NIVEL NACIONAL (INCREMENTO 1 MECT-M 120/2026) -CP 881-AÑO 2026-JM;Liquidada; $2.929.213,00 
2026;8332;1;24/04/2026;MINEDUCYT-58/2025-BIRF;12171009121018;DESARROLLO Y CONSTRUCCION DE OBRAS SOCIEDAD ANONIMA DE CAPITAL VARIABLE;1401;3;7495;9;1;61603;5; $1.303.889,00 ; $-   ; $-   ; $372.899,00 ;MEJORAMIENTO DE INFRAESTRUCTURA EN 29 C.E. PÚBLICOS QUE ATIENDEN PRIMERA INFANCIA A NIVEL NACIONAL (MECT-M-127/2026 INCREMENTO PARVULARIA DR. REYNALDO GALINDO)-CP 895-AÑO 2026-JM;Aprobado; $-   
2026;10053;1;15/05/2026;MINEDUCYT-59/2025-BIRF;12171009121018;DESARROLLO Y CONSTRUCCION DE OBRAS SOCIEDAD ANONIMA DE CAPITAL VARIABLE;1401;3;7495;9;1;61603;6; $4.610.313,00 ; $-   ; $-   ; $1.380.635,00 ;MEJORAMIENTO DE INFRAESTRUCTURA EN 29 C.E. PÚBLICOS QUE ATIENDEN PRIMERA INFANCIA A NIVEL NACIONAL-CP 956-AÑO 2026-JM;Aprobado; $-   
2026;2143;1;11/02/2026;MINEDUCYT-66/2025-BIRF;12171105161020;INVERSIONES Y SERVICIOS SAN MIGUEL, SOCIEDAD ANONIMA DE CAPITAL VARIABLE;1401;3;7495;9;1;61603;2; $203.976,00 ; $-   ; $-   ; $149.612,00 ;MEJORAMIENTO DE INFRAESTRUCTURA EN 29 CENTROS EDUCATIVOS PUBLICOS QUE ATIENDEN PRIMERA INFANCIA A NIVEL NACIONAL- CP 636-DEUDA 2025-JM;Parcialmente Liquidada; $-   
2026;3691;1;17/02/2026;MINEDUCYT-67/2025-BIRF;12171105161020;INVERSIONES Y SERVICIOS SAN MIGUEL, SOCIEDAD ANONIMA DE CAPITAL VARIABLE;1401;3;7495;9;1;61603;2; $2.475.722,00 ; $-   ; $-   ; $375.425,00 ;MEJORAMIENTO DE INFGRAESTRUCTURA EN 29 CENTROS EDUCATIVOS PÚBLICOS QUE ATIENDEN PRIMERA INFANCIA A NIVEL NACIONAL-CDP 636-AÑO 2025-JM;Parcialmente Liquidada; $-   
2026;6534;1;08/04/2026;MINEDUCYT-66/2024-BIRF..;12171105161020;INVERSIONES Y SERVICIOS SAN MIGUEL, SOCIEDAD ANONIMA DE CAPITAL VARIABLE;1401;3;7495;9;1;61603;5; $2.451.773,00 ; $-   ; $-   ; $1.687.262,00 ;MEJORAMIENTO DE INFGRAESTRUCTURA EN 29 CENTROS EDUCATIVOS PÚBLICOS QUE ATIENDEN PRIMERA INFANCIA A NIVEL NACIONAL(INCREMENTO 1 MECT-M-95/2026  C.E. FERNANDO PORTILLO)-CDP 894-AÑO 2026-JM;Aprobado; $-   
2026;8556;1;07/05/2026;MINEDUCYT-67/2025-BIRF;12171105161020;INVERSIONES Y SERVICIOS SAN MIGUEL, SOCIEDAD ANONIMA DE CAPITAL VARIABLE;1401;3;7495;9;1;61603;6; $4.496.750,00 ; $175.979,06 ; $-   ; $-   ; MEJORAMIENTO DE INFRAESTRUCTURA EN 29 CENTROS EDUCATIVOS PUBLICOS QUE ATIENDEN PRIMERA INFANCIA A NIVEL NACIONAL (INCREMENTO 1 C.E.CANTON COFRADÍA NUEVA)-CP 871-AÑO 2026-JM;Liquidada; $2.284.333,00 
2026;8560;1;07/05/2026;MINEDUCYT-67/2025-BIRF;12171105161020;INVERSIONES Y SERVICIOS SAN MIGUEL, SOCIEDAD ANONIMA DE CAPITAL VARIABLE;1401;3;7495;9;1;61603;6; $49.356,00 ; $-   ; $-   ; $175.976,06 ; MEJORAMIENTO DE INFRAESTRUCTURA EN 29 CENTROS EDUCATIVOS PUBLICOS QUE ATIENDEN PRIMERA INFANCIA A NIVEL NACIONAL (INCREMENTO 1 C.E.CANTON COFRADÍA NUEVA)-CP 871-AÑO 2026-JM;Aprobado; $-   
2026;13715;1;22/07/2026;MINEDUCYT-67/2025-BIRF;12171105161020;INVERSIONES Y SERVICIOS SAN MIGUEL, SOCIEDAD ANONIMA DE CAPITAL VARIABLE;1401;3;7495;9;1;61603;8; $4.192.414,00 ; $-   ; $-   ; $193.509,32 ; MEJORAMIENTO DE INFRAESTRUCTURA EN 29 CENTROS EDUCATIVOS PUBLICOS QUE ATIENDEN PRIMERA INFANCIA A NIVEL NACIONAL (INCREMENTO 2 C.E.CANTON COFRADÍA NUEVA)-CP 943-AÑO 2026-JM;Aprobado; $-   
2026;2865;1;13/02/2026;MINEDUCYT-29/2025-BIRF;12171912941013;CONSTRUCTORA CHAVEZ RAMOS, S.A. DE C.V.;1401;3;7495;9;1;61603;2; $4.416.812,00 ; $-   ; $-   ; $246.182,57 ;CONTRATO PARA EL MEJORAMIENTO DE INFRAESTRUCTURA DE 17 C.E. PUBLICOS QUE ATIENDEN PRIMERA INFANCIA A NIVEL NACIONAL-CP 631-DEUDA 2025-JM;Parcialmente Liquidada; $-   
2026;4238;1;02/03/2026;MINEDUCYT-29/2025-BIRF;12171912941013;CONSTRUCTORA CHAVEZ RAMOS, S.A. DE C.V.;1401;3;7495;9;1;61603;3; $2.647.883,00 ; $-   ; $-   ; $13.968,18 ;MEJORAMIENTO DE INFRAESTRUCTURA EN 17 C.E. PÚBLICOS QUE ATIENDEN PRIMERA INFANCIA  A NIVEL NACIONAL-CP 831-AÑO 2026-JM;Aprobado; $-   
2026;10062;1;18/05/2026;MINEDUCYT-29/2025-BIRF..;12171912941013;CONSTRUCTORA CHAVEZ RAMOS, S.A. DE C.V.;1401;3;7495;9;1;61603;6; $945.980,00 ; $-   ; $-   ; $39.780,40 ;MEJORAMIENTO DE INFRAESTRUCTURA DE 17 C.E. PÚBLICOS QUE ATIENDEN PRIMERA INFANCIA A NIVEL NACIONAL (VARIACION 2 PARVULARIA DE PUERTO EL TRIUNFO)-CP 944-AÑO 2026-JM;Aprobado; $-   
2026;2144;1;11/02/2026;MINEDUCYT-63/2025 BIRF.;14080302091010;ALMACO, S.A. DE C.V.;1401;3;7495;9;1;61603;4; $971.630,00 ; $-   ; $-   ; $776.188,72 ;DEUDA POLIZA 120732 MEJORAMIENTO DE INFRAESTRUCTURA EN 29 CENTROS EDUCATIVOS PUBLICOS QUE ATIENDEN PRIMERA INFANCIA A NIVEL NACIONAL-CP 636-AÑO 2025-JM;Parcialmente Liquidada; $-   
2026;2146;1;11/02/2026;MINEDUCY-64/2025;14080302091010;ALMACO, S.A. DE C.V.;1401;3;7495;9;1;61603;4; $4.935.494,00 ; $-   ; $-   ; $517.242,78 ; DEUDA POLIZA 120733 MEJORAMIENTO DE INFRAESTRUCTURA EN 29 C.E. PÚBLICOS QUE ATIENDEN PRIMERA INFANCIA A NIVEL NACIONAL - CP 636- AÑO 2025-JM;Parcialmente Liquidada; $-   
2026;3636;1;16/02/2026;MINEDUCYT-24/2025-BIRF;14080302091010;ALMACO, S.A. DE C.V.;1401;3;7495;9;1;61603;2; $3.246.117,00 ; $-   ; $-   ; $1.424.106,72 ; MEJORAMIENTO DE INFRAESTRUCTURA EN 29 C.E. PÚBLICOS QUE ATIENDEN PRIMERA INFANCIA A NIVEL NACIONAL - CP 636- DEUDA 2025-JM;Parcialmente Liquidada; $-   
2026;3690;1;17/02/2026;MINEDUCYT-65/2025-BIRF;14080302091010;ALMACO, S.A. DE C.V.;1401;3;7495;9;1;61603;2; $3.040.950,00 ; $-   ; $-   ; $647.103,89 ;MEJORAMIENTO DE INFRAESTRUCTURA EN 29 C.E. PÚBLICOS QUE ATIENDEN PRIMERA INFANCIA A NIVEL NACIONAL-CP 636- DEUDA 2025-JM;Parcialmente Liquidada; $-   
2026;3873;1;19/02/2026;MINEDUCYT-62/2025-BIRF;14080302091010;ALMACO, S.A. DE C.V.;1401;3;7495;9;1;61603;3; $3.053.038,00 ; $-   ; $-   ; $263.685,03 ;MEJORAMIENTO DE INFRAESTRUCTURA EN 29 CENTROS EDUCATIVOS PUBLICOS QUE ATIENDEN PRIMERA INFANCIA A NIVEL NACIONAL- CP 636-DEUDA 2025-JM;Parcialmente Liquidada; $-   
2026;4211;1;02/03/2026;MINEDUCYT-24/2025-BIRF;14080302091010;ALMACO, S.A. DE C.V.;1401;3;7495;9;1;61603;3; $4.355.217,00 ; $-   ; $-   ; $128.012,44 ;MEJORAMIENTO DE INFRAESTRUCTURA EN 17 C.E. PUBLICOS QUE ATIENDEN PRIMERA INFANCIA A NIVEL NACIONAL-CP 833-AÑO 2026-JM;Aprobado; $-   
2026;4356;1;05/03/2026;MINEDUCYT-64/2025-BIRF;14080302091010;ALMACO, S.A. DE C.V.;1401;3;7495;9;1;61603;3; $797.032,00 ; $-   ; $-   ; $23.736,79 ;MEJORAMIENTO DE INFRAESTRUCTURA EN 29 C.E. PÚBLICOS QUE ATIENDEN PRIMERA INFANCIA A NIVEL NACIONAL(INCREMENTO)-CP 884-AÑO 2026-JM;Aprobado; $-   
2026;4361;1;05/03/2026;MINEDUCYT-65/2025-BIRF;14080302091010;ALMACO, S.A. DE C.V.;1401;3;7495;9;1;61603;3; $924.348,00 ; $-   ; $-   ; $236.270,78 ;MEJORAMIENTO DE INFRAESTRUCTURA EN 29 C.E. PÚBLICOS QUE ATIENDEN PRIMERA INFANCIA A NIVEL NACIONAL (EEP MARIA LUISA MARCIA) (VARIACION 1)-CP 893-AÑO 2026-JM;Aprobado; $-   
2026;8565;5;07/05/2026;MINEDUCYT-19/2026-BIRF;14080302091010;ALMACO, S.A. DE C.V.;1401;3;7495;9;1;61603;10; $2.347.754,00 ; $-   ; $-   ; $217.684,12 ;MEJORAMIENTO DE INFRAESTRUCTURA EN 4 CENTROS EDUCATIVOS PUBLICOS QUE ATIENDEN PRIMERA INFANCIA A NIVEL NACIONAL-CP 690-AÑO 2026-JM;Aprobado; $-   
2026;8565;8;07/05/2026;MINEDUCYT-19/2026-BIRF;14080302091010;ALMACO, S.A. DE C.V.;1401;3;7495;9;1;61603;5; $462.750,00 ; $-   ; $-   ; $217.684,11 ;MEJORAMIENTO DE INFRAESTRUCTURA EN 4 CENTROS EDUCATIVOS PUBLICOS QUE ATIENDEN PRIMERA INFANCIA A NIVEL NACIONAL-CP 690-AÑO 2026-JM;Aprobado; $-   
2026;8565;7;07/05/2026;MINEDUCYT-19/2026-BIRF;14080302091010;ALMACO, S.A. DE C.V.;1401;3;7495;9;1;61603;12; $3.996.046,00 ; $-   ; $-   ; $435.368,24 ;MEJORAMIENTO DE INFRAESTRUCTURA EN 4 CENTROS EDUCATIVOS PUBLICOS QUE ATIENDEN PRIMERA INFANCIA A NIVEL NACIONAL-CP 690-AÑO 2026-JM;Aprobado; $-   
2026;8565;6;07/05/2026;MINEDUCYT-19/2026-BIRF;14080302091010;ALMACO, S.A. DE C.V.;1401;3;7495;9;1;61603;11; $270.906,00 ; $-   ; $-   ; $217.684,12 ;MEJORAMIENTO DE INFRAESTRUCTURA EN 4 CENTROS EDUCATIVOS PUBLICOS QUE ATIENDEN PRIMERA INFANCIA A NIVEL NACIONAL-CP 690-AÑO 2026-JM;Aprobado; $-   
2026;8565;4;07/05/2026;MINEDUCYT-19/2026-BIRF;14080302091010;ALMACO, S.A. DE C.V.;1401;3;7495;9;1;61603;9; $360.088,00 ; $-   ; $-   ; $217.684,12 ;MEJORAMIENTO DE INFRAESTRUCTURA EN 4 CENTROS EDUCATIVOS PUBLICOS QUE ATIENDEN PRIMERA INFANCIA A NIVEL NACIONAL-CP 690-AÑO 2026-JM;Aprobado; $-   
2026;8565;3;07/05/2026;MINEDUCYT-19/2026-BIRF;14080302091010;ALMACO, S.A. DE C.V.;1401;3;7495;9;1;61603;8; $68.193,00 ; $-   ; $-   ; $217.684,11 ;MEJORAMIENTO DE INFRAESTRUCTURA EN 4 CENTROS EDUCATIVOS PUBLICOS QUE ATIENDEN PRIMERA INFANCIA A NIVEL NACIONAL-CP 690-AÑO 2026-JM;Aprobado; $-   
2026;8565;2;07/05/2026;MINEDUCYT-19/2026-BIRF;14080302091010;ALMACO, S.A. DE C.V.;1401;3;7495;9;1;61603;7; $2.442.026,00 ; $-   ; $-   ; $217.684,11 ;MEJORAMIENTO DE INFRAESTRUCTURA EN 4 CENTROS EDUCATIVOS PUBLICOS QUE ATIENDEN PRIMERA INFANCIA A NIVEL NACIONAL-CP 690-AÑO 2026-JM;Aprobado; $-   
2026;8565;1;07/05/2026;MINEDUCYT-19/2026-BIRF;14080302091010;ALMACO, S.A. DE C.V.;1401;3;7495;9;1;61603;6; $2.631.075,00 ; $-   ; $-   ; $217.684,11 ;MEJORAMIENTO DE INFRAESTRUCTURA EN 4 CENTROS EDUCATIVOS PUBLICOS QUE ATIENDEN PRIMERA INFANCIA A NIVEL NACIONAL-CP 690-AÑO 2026-JM;Aprobado; $-   
2026;8569;6;07/05/2026;MINEDUCYT-20/2026-BIRF;14080302091010;ALMACO, S.A. DE C.V.;1401;3;7495;9;1;61603;10; $2.134.196,00 ; $-   ; $-   ; $217.066,10 ;MEJORAMIENTO DE INFRAESTRUCTURA EN 4 CENTROS EDUCATIVOS PUBLICOS QUE ATIENDEN PRIMERA INFANCIA A NIVEL NACIONAL-CP 690-AÑO 2026-JM;Aprobado; $-   
2026;8569;7;07/05/2026;MINEDUCYT-20/2026-BIRF;14080302091010;ALMACO, S.A. DE C.V.;1401;3;7495;9;1;61603;11; $2.294.559,00 ; $-   ; $-   ; $217.066,10 ;MEJORAMIENTO DE INFRAESTRUCTURA EN 4 CENTROS EDUCATIVOS PUBLICOS QUE ATIENDEN PRIMERA INFANCIA A NIVEL NACIONAL-CP 690-AÑO 2026-JM;Aprobado; $-   
2026;8569;5;07/05/2026;MINEDUCYT-20/2026-BIRF;14080302091010;ALMACO, S.A. DE C.V.;1401;3;7495;9;1;61603;9; $3.406.096,00 ; $-   ; $-   ; $217.066,11 ;MEJORAMIENTO DE INFRAESTRUCTURA EN 4 CENTROS EDUCATIVOS PUBLICOS QUE ATIENDEN PRIMERA INFANCIA A NIVEL NACIONAL-CP 690-AÑO 2026-JM;Aprobado; $-   
2026;8569;4;07/05/2026;MINEDUCYT-20/2026-BIRF;14080302091010;ALMACO, S.A. DE C.V.;1401;3;7495;9;1;61603;8; $3.505.894,00 ; $-   ; $-   ; $217.066,11 ;MEJORAMIENTO DE INFRAESTRUCTURA EN 4 CENTROS EDUCATIVOS PUBLICOS QUE ATIENDEN PRIMERA INFANCIA A NIVEL NACIONAL-CP 690-AÑO 2026-JM;Aprobado; $-   
2026;8569;8;07/05/2026;MINEDUCYT-20/2026-BIRF;14080302091010;ALMACO, S.A. DE C.V.;1401;3;7495;9;1;61603;12; $1.541.562,00 ; $-   ; $-   ; $434.132,20 ;MEJORAMIENTO DE INFRAESTRUCTURA EN 4 CENTROS EDUCATIVOS PUBLICOS QUE ATIENDEN PRIMERA INFANCIA A NIVEL NACIONAL-CP 690-AÑO 2026-JM;Aprobado; $-   
2026;8569;3;07/05/2026;MINEDUCYT-20/2026-BIRF;14080302091010;ALMACO, S.A. DE C.V.;1401;3;7495;9;1;61603;7; $1.835.953,00 ; $-   ; $-   ; $217.066,11 ;MEJORAMIENTO DE INFRAESTRUCTURA EN 4 CENTROS EDUCATIVOS PUBLICOS QUE ATIENDEN PRIMERA INFANCIA A NIVEL NACIONAL-CP 690-AÑO 2026-JM;Aprobado; $-   
2026;8569;2;07/05/2026;MINEDUCYT-20/2026-BIRF;14080302091010;ALMACO, S.A. DE C.V.;1401;3;7495;9;1;61603;6; $2.024.265,00 ; $-   ; $-   ; $217.066,11 ;MEJORAMIENTO DE INFRAESTRUCTURA EN 4 CENTROS EDUCATIVOS PUBLICOS QUE ATIENDEN PRIMERA INFANCIA A NIVEL NACIONAL-CP 690-AÑO 2026-JM;Aprobado; $-   
2026;8569;1;07/05/2026;MINEDUCYT-20/2026-BIRF;14080302091010;ALMACO, S.A. DE C.V.;1401;3;7495;9;1;61603;5; $4.214.533,00 ; $-   ; $-   ; $217.066,11 ;MEJORAMIENTO DE INFRAESTRUCTURA EN 4 CENTROS EDUCATIVOS PUBLICOS QUE ATIENDEN PRIMERA INFANCIA A NIVEL NACIONAL-CP 690-AÑO 2026-JM;Aprobado; $-   
2026;8583;1;11/05/2026;MINEDUCYT-62/2025-BIRF;14080302091010;ALMACO, S.A. DE C.V.;1401;3;7495;9;1;61603;5; $4.817.675,00 ; $-   ; $-   ; $25.686,42 ;MEJORAMIENTO DE INFRAESTRUCTURA EN 29 C.E. PÚBLICOS QUE ATIENDEN PRIMERA INFANCIA A NIVEL NACIONAL (INCREMENTO MECT-M-141/2026) -CP 908-AÑO 2026-JM;Aprobado; $-   
2026;11874;1;19/06/2026;MINEDUCYT-24/2025-BIRF;14080302091010;ALMACO, S.A. DE C.V.;1401;3;7495;9;1;61603;7; $4.234.972,00 ; $-   ; $-   ; $293.955,40 ;MEJORAMIENTO DE INFRAESTRUCTURA EN 17 C.E. PÚBLICOS QUE ATIENDEN PRIMERA INFANCIA  A NIVEL NACIONAL(MECT-M-217/2026 VARIACIÓN 2)-CP 960-AÑO 2026-JM;Aprobado; $-   
2026;1892;1;03/02/2026;MINEDUCYT-06/2025;31000000000111;FUNDACION SUMMA;1401;3;7495;9;1;54322;3; $1.526.838,00 ; $-   ; $-   ; $65.193,94 ;Consultoria para Renovacion, Validacion y Publicacion de los fundamentos curriculares de la Educacion Nacional del Sistema Educativo  - CP 563,325,520 -JM;Parcialmente Liquidada; $-   
2026;6382;1;24/03/2026;MINEDUCYT-74/2025-BIRF;31000000000115;CONSORCIO CLICKARTE;1401;3;7495;9;1;54116;4; $147.356,00 ; $-   ; $-   ; $-   ;ADQUISICIÓN DE MATERIAL SENSORIAL Y RECURSOS DIDÁCTICO PARA PROMOVER EL JUEGO-CP 641-DEUDA 2025-JM;Liquidada; $-   
2026;3704;1;17/02/2026;MINEDUCYT-158/2025-BIRF;31000000000131;MINILAND SA;1401;3;7495;9;1;54116;6; $4.670.909,00 ; $-   ; $-   ; $1.007.236,79 ;CONTRATACION ADQUISICION DE MATERIAL LÚDICO PARA EL DESARROLLO DEL PENSAMIENTO LÓGICO Y CIENTÍFICO EN NIÑEZ DE PRIMERA INFANCIA-CP 865-AÑO 2026-JM;Aprobado; $-   
2026;14133;1;28/07/2026;MINEDUCYT-32/2026-AME;31000000000143;GINGER SOFRECO;1401;5;7495;217;1;54399;8; $3.117.785,00 ; $141.911,76 ; $-   ; $-   ;ANTICIPO CONSULTORIA PARA EL FORTALECER LA CAPACIDAD TÉCNICA DEL PERSONAL DEL MINEDUCYT PARA IMPLEMENTAR EL SISTEMA NACIONAL DE EVALUACIÓN EDUCATIVA- CP 1124-AÑO 2026-JM;Liquidada; $3.304.291,00 
2026;14135;1;28/07/2026;MINEDUCYT-32/2026-AME;31000000000143;GINGER SOFRECO;1401;5;7495;217;1;54399;8; $1.159.548,00 ; $-   ; $-   ; $141.911,76 ;ANTICIPO CONSULTORIA PARA EL FORTALECER LA CAPACIDAD TÉCNICA DEL PERSONAL DEL MINEDUCYT PARA IMPLEMENTAR EL SISTEMA NACIONAL DE EVALUACIÓN EDUCATIVA- CP 1124-AÑO 2026-JM;Aprobado; $-   
2026;14137;1;28/07/2026;MINEDUCYT-32/2026-AME..;31000000000143;GINGER SOFRECO;1401;5;7495;217;1;54399;9; $308.291,00 ; $-   ; $-   ; $255.441,16 ;CONSULTORIA PARA EL FORTALECER LA CAPACIDAD TÉCNICA DEL PERSONAL DEL MINEDUCYT PARA IMPLEMENTAR EL SISTEMA NACIONAL DE EVALUACIÓN EDUCATIVA- CP 1124-AÑO 2026-JM;Aprobado; $-   
2026;14137;2;28/07/2026;MINEDUCYT-32/2026-AME..;31000000000143;GINGER SOFRECO;1401;5;7495;217;1;54399;12; $3.205.781,00 ; $-   ; $-   ; $319.301,45 ;CONSULTORIA PARA EL FORTALECER LA CAPACIDAD TÉCNICA DEL PERSONAL DEL MINEDUCYT PARA IMPLEMENTAR EL SISTEMA NACIONAL DE EVALUACIÓN EDUCATIVA- CP 1124-AÑO 2026-JM;Aprobado; $-   
2026;1713;4;26/01/2026;MINEDUCYT-22/2024;93572208831010;ROBERTO CARLOS RODRIGUEZ PEREDO;1401;3;7495;9;1;54599;5; $2.354.177,00 ; $-   ; $-   ; $-   ;CONTRATACION DE ANALISTA ESTADISTICO PARA PROYECTOS DEL MINEDUCYT-MECT-M-362/2025-AÑO 2026-CP 770-JM;Liquidada; $-   
2026;1713;3;26/01/2026;MINEDUCYT-22/2024;93572208831010;ROBERTO CARLOS RODRIGUEZ PEREDO;1401;3;7495;9;1;54599;4; $12.588,00 ; $-   ; $-   ; $-   ;CONTRATACION DE ANALISTA ESTADISTICO PARA PROYECTOS DEL MINEDUCYT-MECT-M-362/2025-AÑO 2026-CP 770-JM;Liquidada; $-   
2026;1713;2;26/01/2026;MINEDUCYT-22/2024;93572208831010;ROBERTO CARLOS RODRIGUEZ PEREDO;1401;3;7495;9;1;54599;3; $4.118.785,00 ; $-   ; $-   ; $-   ;CONTRATACION DE ANALISTA ESTADISTICO PARA PROYECTOS DEL MINEDUCYT-MECT-M-362/2025-AÑO 2026-CP 770-JM;Liquidada; $-   
2026;1713;1;26/01/2026;MINEDUCYT-22/2024;93572208831010;ROBERTO CARLOS RODRIGUEZ PEREDO;1401;3;7495;9;1;54599;2; $2.525.750,00 ; $-   ; $-   ; $-   ;CONTRATACION DE ANALISTA ESTADISTICO PARA PROYECTOS DEL MINEDUCYT-MECT-M-362/2025-AÑO 2026-CP 770-JM;Liquidada; $-   
2026;1713;5;26/01/2026;MINEDUCYT-22/2024;93572208831010;ROBERTO CARLOS RODRIGUEZ PEREDO;1401;3;7495;9;1;54599;6; $426.344,00 ; $-   ; $-   ; $-   ;CONTRATACION DE ANALISTA ESTADISTICO PARA PROYECTOS DEL MINEDUCYT-MECT-M-362/2025-AÑO 2026-CP 770-JM;Liquidada; $-   
2026;11938;5;24/06/2026;MINEDUCYT-22/2024-BIRF;93572208831010;ROBERTO CARLOS RODRIGUEZ PEREDO;1401;3;7495;9;1;54599;11; $3.018.909,00 ; $-   ; $-   ; $2.460,00 ;Contratación de analista estadístico para proyectos del Ministerio de Educación, Ciencia y Tecnología MECT-M285/2026-CP 1053-AÑO 2026-JM;Aprobado; $-   
2026;11938;4;24/06/2026;MINEDUCYT-22/2024-BIRF;93572208831010;ROBERTO CARLOS RODRIGUEZ PEREDO;1401;3;7495;9;1;54599;10; $3.331.464,00 ; $-   ; $-   ; $2.460,00 ;Contratación de analista estadístico para proyectos del Ministerio de Educación, Ciencia y Tecnología MECT-M285/2026-CP 1053-AÑO 2026-JM;Aprobado; $-   
2026;11938;3;24/06/2026;MINEDUCYT-22/2024-BIRF;93572208831010;ROBERTO CARLOS RODRIGUEZ PEREDO;1401;3;7495;9;1;54599;9; $3.514.886,00 ; $-   ; $-   ; $2.460,00 ;Contratación de analista estadístico para proyectos del Ministerio de Educación, Ciencia y Tecnología MECT-M285/2026-CP 1053-AÑO 2026-JM;Aprobado; $-   
2026;11938;2;24/06/2026;MINEDUCYT-22/2024-BIRF;93572208831010;ROBERTO CARLOS RODRIGUEZ PEREDO;1401;3;7495;9;1;54599;8; $4.561.870,00 ; $-   ; $-   ; $2.460,00 ;Contratación de analista estadístico para proyectos del Ministerio de Educación, Ciencia y Tecnología MECT-M285/2026-CP 1053-AÑO 2026-JM;Aprobado; $-   
2026;11938;1;24/06/2026;MINEDUCYT-22/2024-BIRF;93572208831010;ROBERTO CARLOS RODRIGUEZ PEREDO;1401;3;7495;9;1;54599;7; $2.181.043,00 ; $-   ; $-   ; $2.460,00 ;Contratación de analista estadístico para proyectos del Ministerio de Educación, Ciencia y Tecnología MECT-M285/2026-CP 1053-AÑO 2026-JM;Aprobado; $-   
2026;11938;6;24/06/2026;MINEDUCYT-22/2024-BIRF;93572208831010;ROBERTO CARLOS RODRIGUEZ PEREDO;1401;3;7495;9;1;54599;12; $2.362.174,00 ; $-   ; $-   ; $2.460,00 ;Contratación de analista estadístico para proyectos del Ministerio de Educación, Ciencia y Tecnología MECT-M285/2026-CP 1053-AÑO 2026-JM;Aprobado; $-   
2026;1734;6;27/01/2026;MINEDUCYT-140/2025-BIRF;94472102891012;INYPSA CW INFRASTRUCTURES, SOCIEDAD LIMITADA, SUCURSAL EL SALVADOR;1401;3;7495;9;1;61608;7; $1.808.683,00 ; $26.781,06 ; $-   ; $-   ;SUPERVISIÓN DE OBRAS DE MEJORAMIENTO DE INFRAESTRUCTURA EN 1 CE PÚBLICO QUE ATIENDEN PRIMERA INFANCIA, UBICADO EN EL DPTO DE LA UNIÓN, LOTE 3-AÑO 2026-CP 728-JM;Liquidada; $3.941.707,00 
2026;1734;8;27/01/2026;MINEDUCYT-140/2025-BIRF;94472102891012;INYPSA CW INFRASTRUCTURES, SOCIEDAD LIMITADA, SUCURSAL EL SALVADOR;1401;3;7495;9;1;61608;9; $3.776.467,00 ; $26.781,06 ; $-   ; $-   ;SUPERVISIÓN DE OBRAS DE MEJORAMIENTO DE INFRAESTRUCTURA EN 1 CE PÚBLICO QUE ATIENDEN PRIMERA INFANCIA, UBICADO EN EL DPTO DE LA UNIÓN, LOTE 3-AÑO 2026-CP 728-JM;Liquidada; $3.209.762,00 
2026;1734;7;27/01/2026;MINEDUCYT-140/2025-BIRF;94472102891012;INYPSA CW INFRASTRUCTURES, SOCIEDAD LIMITADA, SUCURSAL EL SALVADOR;1401;3;7495;9;1;61608;8; $2.918.621,00 ; $26.781,06 ; $-   ; $-   ;SUPERVISIÓN DE OBRAS DE MEJORAMIENTO DE INFRAESTRUCTURA EN 1 CE PÚBLICO QUE ATIENDEN PRIMERA INFANCIA, UBICADO EN EL DPTO DE LA UNIÓN, LOTE 3-AÑO 2026-CP 728-JM;Liquidada; $1.735.057,00 
2026;1734;9;27/01/2026;MINEDUCYT-140/2025-BIRF;94472102891012;INYPSA CW INFRASTRUCTURES, SOCIEDAD LIMITADA, SUCURSAL EL SALVADOR;1401;3;7495;9;1;61608;10; $2.255.123,00 ; $26.781,06 ; $-   ; $-   ;SUPERVISIÓN DE OBRAS DE MEJORAMIENTO DE INFRAESTRUCTURA EN 1 CE PÚBLICO QUE ATIENDEN PRIMERA INFANCIA, UBICADO EN EL DPTO DE LA UNIÓN, LOTE 3-AÑO 2026-CP 728-JM;Liquidada; $3.328.159,00 
2026;1734;5;27/01/2026;MINEDUCYT-140/2025-BIRF;94472102891012;INYPSA CW INFRASTRUCTURES, SOCIEDAD LIMITADA, SUCURSAL EL SALVADOR;1401;3;7495;9;1;61608;6; $401.048,00 ; $26.781,06 ; $-   ; $-   ;SUPERVISIÓN DE OBRAS DE MEJORAMIENTO DE INFRAESTRUCTURA EN 1 CE PÚBLICO QUE ATIENDEN PRIMERA INFANCIA, UBICADO EN EL DPTO DE LA UNIÓN, LOTE 3-AÑO 2026-CP 728-JM;Liquidada; $3.939.051,00 
2026;1734;2;27/01/2026;MINEDUCYT-140/2025-BIRF;94472102891012;INYPSA CW INFRASTRUCTURES, SOCIEDAD LIMITADA, SUCURSAL EL SALVADOR;1401;3;7495;9;1;61608;3; $3.360.314,00 ; $26.781,06 ; $-   ; $-   ;SUPERVISIÓN DE OBRAS DE MEJORAMIENTO DE INFRAESTRUCTURA EN 1 CE PÚBLICO QUE ATIENDEN PRIMERA INFANCIA, UBICADO EN EL DPTO DE LA UNIÓN, LOTE 3-AÑO 2026-CP 728-JM;Liquidada; $2.207.472,00 
2026;1734;3;27/01/2026;MINEDUCYT-140/2025-BIRF;94472102891012;INYPSA CW INFRASTRUCTURES, SOCIEDAD LIMITADA, SUCURSAL EL SALVADOR;1401;3;7495;9;1;61608;4; $1.317.086,00 ; $26.781,06 ; $-   ; $-   ;SUPERVISIÓN DE OBRAS DE MEJORAMIENTO DE INFRAESTRUCTURA EN 1 CE PÚBLICO QUE ATIENDEN PRIMERA INFANCIA, UBICADO EN EL DPTO DE LA UNIÓN, LOTE 3-AÑO 2026-CP 728-JM;Liquidada; $1.561.590,00 
2026;1734;4;27/01/2026;MINEDUCYT-140/2025-BIRF;94472102891012;INYPSA CW INFRASTRUCTURES, SOCIEDAD LIMITADA, SUCURSAL EL SALVADOR;1401;3;7495;9;1;61608;5; $3.275.025,00 ; $26.781,06 ; $-   ; $-   ;SUPERVISIÓN DE OBRAS DE MEJORAMIENTO DE INFRAESTRUCTURA EN 1 CE PÚBLICO QUE ATIENDEN PRIMERA INFANCIA, UBICADO EN EL DPTO DE LA UNIÓN, LOTE 3-AÑO 2026-CP 728-JM;Liquidada; $849.167,00 
2026;1734;1;27/01/2026;MINEDUCYT-140/2025-BIRF;94472102891012;INYPSA CW INFRASTRUCTURES, SOCIEDAD LIMITADA, SUCURSAL EL SALVADOR;1401;3;7495;9;1;61608;2; $988.233,00 ; $26.781,06 ; $-   ; $-   ;SUPERVISIÓN DE OBRAS DE MEJORAMIENTO DE INFRAESTRUCTURA EN 1 CE PÚBLICO QUE ATIENDEN PRIMERA INFANCIA, UBICADO EN EL DPTO DE LA UNIÓN, LOTE 3-AÑO 2026-CP 728-JM;Liquidada; $2.536.548,00 
2026;1735;9;27/01/2026;MINEDUCYT-140/2025-BIRF;94472102891012;INYPSA CW INFRASTRUCTURES, SOCIEDAD LIMITADA, SUCURSAL EL SALVADOR;1401;3;7495;9;1;61608;10; $4.502.905,00 ; $-   ; $-   ; $26.781,07 ;SUPERVISIÓN DE OBRAS DE MEJORAMIENTO DE INFRAESTRUCTURA EN 1 CE PÚBLICO QUE ATIENDEN PRIMERA INFANCIA, UBICADO EN EL DPTO DE LA UNIÓN, LOTE 3-AÑO 2026-CP 728-JM;Aprobado; $-   
2026;1735;7;27/01/2026;MINEDUCYT-140/2025-BIRF;94472102891012;INYPSA CW INFRASTRUCTURES, SOCIEDAD LIMITADA, SUCURSAL EL SALVADOR;1401;3;7495;9;1;61608;8; $2.080.900,00 ; $-   ; $-   ; $26.781,06 ;SUPERVISIÓN DE OBRAS DE MEJORAMIENTO DE INFRAESTRUCTURA EN 1 CE PÚBLICO QUE ATIENDEN PRIMERA INFANCIA, UBICADO EN EL DPTO DE LA UNIÓN, LOTE 3-AÑO 2026-CP 728-JM;Aprobado; $-   
2026;1735;8;27/01/2026;MINEDUCYT-140/2025-BIRF;94472102891012;INYPSA CW INFRASTRUCTURES, SOCIEDAD LIMITADA, SUCURSAL EL SALVADOR;1401;3;7495;9;1;61608;9; $597.541,00 ; $-   ; $-   ; $26.781,06 ;SUPERVISIÓN DE OBRAS DE MEJORAMIENTO DE INFRAESTRUCTURA EN 1 CE PÚBLICO QUE ATIENDEN PRIMERA INFANCIA, UBICADO EN EL DPTO DE LA UNIÓN, LOTE 3-AÑO 2026-CP 728-JM;Aprobado; $-   
2026;1735;6;27/01/2026;MINEDUCYT-140/2025-BIRF;94472102891012;INYPSA CW INFRASTRUCTURES, SOCIEDAD LIMITADA, SUCURSAL EL SALVADOR;1401;3;7495;9;1;61608;7; $617.449,00 ; $-   ; $-   ; $26.781,06 ;SUPERVISIÓN DE OBRAS DE MEJORAMIENTO DE INFRAESTRUCTURA EN 1 CE PÚBLICO QUE ATIENDEN PRIMERA INFANCIA, UBICADO EN EL DPTO DE LA UNIÓN, LOTE 3-AÑO 2026-CP 728-JM;Aprobado; $-   
2026;1735;1;27/01/2026;MINEDUCYT-140/2025-BIRF;94472102891012;INYPSA CW INFRASTRUCTURES, SOCIEDAD LIMITADA, SUCURSAL EL SALVADOR;1401;3;7495;9;1;61608;2; $1.048.503,00 ; $-   ; $-   ; $26.781,06 ;SUPERVISIÓN DE OBRAS DE MEJORAMIENTO DE INFRAESTRUCTURA EN 1 CE PÚBLICO QUE ATIENDEN PRIMERA INFANCIA, UBICADO EN EL DPTO DE LA UNIÓN, LOTE 3-AÑO 2026-CP 728-JM;Aprobado; $-   
2026;1735;2;27/01/2026;MINEDUCYT-140/2025-BIRF;94472102891012;INYPSA CW INFRASTRUCTURES, SOCIEDAD LIMITADA, SUCURSAL EL SALVADOR;1401;3;7495;9;1;61608;3; $2.515.250,00 ; $-   ; $-   ; $26.781,06 ;SUPERVISIÓN DE OBRAS DE MEJORAMIENTO DE INFRAESTRUCTURA EN 1 CE PÚBLICO QUE ATIENDEN PRIMERA INFANCIA, UBICADO EN EL DPTO DE LA UNIÓN, LOTE 3-AÑO 2026-CP 728-JM;Aprobado; $-   
2026;1735;3;27/01/2026;MINEDUCYT-140/2025-BIRF;94472102891012;INYPSA CW INFRASTRUCTURES, SOCIEDAD LIMITADA, SUCURSAL EL SALVADOR;1401;3;7495;9;1;61608;4; $2.320.954,00 ; $-   ; $-   ; $26.781,06 ;SUPERVISIÓN DE OBRAS DE MEJORAMIENTO DE INFRAESTRUCTURA EN 1 CE PÚBLICO QUE ATIENDEN PRIMERA INFANCIA, UBICADO EN EL DPTO DE LA UNIÓN, LOTE 3-AÑO 2026-CP 728-JM;Aprobado; $-   
2026;1735;4;27/01/2026;MINEDUCYT-140/2025-BIRF;94472102891012;INYPSA CW INFRASTRUCTURES, SOCIEDAD LIMITADA, SUCURSAL EL SALVADOR;1401;3;7495;9;1;61608;5; $4.671.005,00 ; $-   ; $-   ; $26.781,06 ;SUPERVISIÓN DE OBRAS DE MEJORAMIENTO DE INFRAESTRUCTURA EN 1 CE PÚBLICO QUE ATIENDEN PRIMERA INFANCIA, UBICADO EN EL DPTO DE LA UNIÓN, LOTE 3-AÑO 2026-CP 728-JM;Aprobado; $-   
2026;1735;5;27/01/2026;MINEDUCYT-140/2025-BIRF;94472102891012;INYPSA CW INFRASTRUCTURES, SOCIEDAD LIMITADA, SUCURSAL EL SALVADOR;1401;3;7495;9;1;61608;6; $3.513.565,00 ; $-   ; $-   ; $26.781,06 ;SUPERVISIÓN DE OBRAS DE MEJORAMIENTO DE INFRAESTRUCTURA EN 1 CE PÚBLICO QUE ATIENDEN PRIMERA INFANCIA, UBICADO EN EL DPTO DE LA UNIÓN, LOTE 3-AÑO 2026-CP 728-JM;Aprobado; $-   
2026;2088;1;10/02/2026;MINEDUCYT-32/2025-BIRF;94472102891012;INYPSA CW INFRASTRUCTURES, SOCIEDAD LIMITADA, SUCURSAL EL SALVADOR;1401;3;7495;9;1;61608;2; $1.449.485,00 ; $-   ; $-   ; $-   ;SUPERVISIÓN DE OBRAS DE MEJORAMIENTO DE INFRAESTRUCTURA EN 3 C.E. PUBLICOS QUE ATIENDEN PRIMERA INFANCIA, EN LOS DPTOS SONSONATE Y LA LIBERTAD-DEUDA 2025-CP 618-JM;Liquidada; $-   
2026;2145;1;11/02/2026;MINEDUCYT-35/2025-BIRF;94472102891012;INYPSA CW INFRASTRUCTURES, SOCIEDAD LIMITADA, SUCURSAL EL SALVADOR;1401;3;7495;9;1;61603;2; $2.198.911,00 ; $49.508,54 ; $-   ; $-   ;SUPERVISION DE OBRAS DE MEJORAMIENTO DE INFRAESTRUCTURA DE 2 C.E. PUBLICOS QUE ATIENDEN PRIMERA INFANCIA, UBICADOS EN EL DEPARTAMENTO DE CABAÑAS Y USULUTAN-CP 615-DEUDA 2025-JM;Liquidada; $3.574.656,00 
2026;3638;1;16/02/2026;MINEDUCYT-34/2025-BIRF;94472102891012;INYPSA CW INFRASTRUCTURES, SOCIEDAD LIMITADA, SUCURSAL EL SALVADOR;1401;3;7495;9;1;61608;2; $268.607,00 ; $-   ; $-   ; $-   ;SUPERVISION DE OBRAS DE MEJORAMIENTO DE INFRAESTRUCTURA EN 3 C.E. PUBLICOS QUE ATIENDEN PRIMERA INFANCIA, UBICADOS EN LOS DPTOS DE LA LIBERTAD, CHALATENANGO Y SAN SALVADOR-CP 616-DEUDA  2025-JM;Liquidada; $-   
2026;3639;1;16/02/2026;MINEDUCYT-36/2025-BIRF;94472102891012;INYPSA CW INFRASTRUCTURES, SOCIEDAD LIMITADA, SUCURSAL EL SALVADOR;1401;3;7495;9;1;61608;2; $3.535.289,00 ; $-   ; $-   ; $-   ;SUPERVISION DE OBRAS DE MEJORAMIENTO DE INFRAESTRUCTURA DE 2 C.E. PUBLICOS QUE ATIENDEN PRIMERA INFANCIA, UBICADOS EN EL DEPARTAMENTO DE CUSCATLAN-CP 612-DEUDA 2025-JM;Liquidada; $-   
2026;3710;1;17/02/2026;MINEDUCYT-37/2025-BIRF;94472102891012;INYPSA CW INFRASTRUCTURES, SOCIEDAD LIMITADA, SUCURSAL EL SALVADOR;1401;3;7495;9;1;61608;4; $3.330.439,00 ; $-   ; $-   ; $-   ;SUPERVISION DE OBRAS DE MEJORAMIENTO DE INFRAESTRUCTURA DE 3 C.E. PUBLICOS QUE ATIENDEN PRIMERA INFANCIA, UBICADOS EN EL DEPARTAMENTO DE SAN MIGUEL Y LA UNION-CP 613-DEUDA 2025-JM.;Liquidada; $-   
2026;3815;1;18/02/2026;MINEDUCYT-29/2025-BIRF;94472102891012;INYPSA CW INFRASTRUCTURES, SOCIEDAD LIMITADA, SUCURSAL EL SALVADOR;1401;3;7495;9;1;61608;3; $2.385.047,00 ; $9.612,14 ; $-   ; $-   ;Supervisión de mejoramiento de infraestructura de 4 centros educativos públicos que atienen Primera Infancia ubicados en los departamentos de Ahuachapan y Santa Ana (INCREMENTO 1)-CP 872-AÑO 2026-JM;Liquidada; $2.044.159,00 
2026;3859;2;18/02/2026;MINEDUCYT-39/2025-BIRF..;94472102891012;INYPSA CW INFRASTRUCTURES, SOCIEDAD LIMITADA, SUCURSAL EL SALVADOR;1401;3;7495;9;1;61608;4; $4.963.641,00 ; $-   ; $-   ; $0,10 ;SUPERVISION DE OBRAS DE MEJORAMIENTO DE INFRAESTRUCTURA DE 4 C.E. PUBLICOS QUE ATIENDEN PRIMERA INFANCIA, UBICADOS EN EL DEPARTAMENTO DE AHUACHAPAN Y SANTA ANA -CP 619-DEUDA 2025-JM;Parcialmente Liquidada; $-   
2026;3859;1;18/02/2026;MINEDUCYT-39/2025-BIRF..;94472102891012;INYPSA CW INFRASTRUCTURES, SOCIEDAD LIMITADA, SUCURSAL EL SALVADOR;1401;3;7495;9;1;61608;3; $4.922.263,00 ; $-   ; $-   ; $-   ;SUPERVISION DE OBRAS DE MEJORAMIENTO DE INFRAESTRUCTURA DE 4 C.E. PUBLICOS QUE ATIENDEN PRIMERA INFANCIA, UBICADOS EN EL DEPARTAMENTO DE AHUACHAPAN Y SANTA ANA -CP 619-DEUDA 2025-JM;Parcialmente Liquidada; $-   
2026;3859;4;18/02/2026;MINEDUCYT-39/2025-BIRF..;94472102891012;INYPSA CW INFRASTRUCTURES, SOCIEDAD LIMITADA, SUCURSAL EL SALVADOR;1401;3;7495;9;1;61608;6; $3.132.454,00 ; $-   ; $-   ; $14.418,37 ;SUPERVISION DE OBRAS DE MEJORAMIENTO DE INFRAESTRUCTURA DE 4 C.E. PUBLICOS QUE ATIENDEN PRIMERA INFANCIA, UBICADOS EN EL DEPARTAMENTO DE AHUACHAPAN Y SANTA ANA -CP 619-DEUDA 2025-JM;Parcialmente Liquidada; $-   
2026;3859;3;18/02/2026;MINEDUCYT-39/2025-BIRF..;94472102891012;INYPSA CW INFRASTRUCTURES, SOCIEDAD LIMITADA, SUCURSAL EL SALVADOR;1401;3;7495;9;1;61608;5; $1.804.866,00 ; $-   ; $-   ; $4.806,23 ;SUPERVISION DE OBRAS DE MEJORAMIENTO DE INFRAESTRUCTURA DE 4 C.E. PUBLICOS QUE ATIENDEN PRIMERA INFANCIA, UBICADOS EN EL DEPARTAMENTO DE AHUACHAPAN Y SANTA ANA -CP 619-DEUDA 2025-JM;Parcialmente Liquidada; $-   
2026;3883;1;19/02/2026;MINEDUCYT-39/2025-BIRF;94472102891012;INYPSA CW INFRASTRUCTURES, SOCIEDAD LIMITADA, SUCURSAL EL SALVADOR;1401;3;7495;9;1;61608;3; $1.800.234,00 ; $-   ; $-   ; $9.612,14 ;Supervisión de mejoramiento de infraestructura de 4 centros educativos públicos que atienen Primera Infancia ubicados en los departamentos de Ahuachapan y Santa Ana (INCREMENTO 1)-CP 872-AÑO 2026-JM;Aprobado; $-   
2026;3900;1;20/02/2026;MINEDUCYT-35/2025-BIRF;94472102891012;INYPSA CW INFRASTRUCTURES, SOCIEDAD LIMITADA, SUCURSAL EL SALVADOR;1401;3;7495;9;1;61608;2; $55.330,00 ; $-   ; $-   ; $-   ;SUPERVISION DE OBRAS DE MEJORAMIENTO DE INFRAESTRUCTURA DE 2 C.E. PUBLICOS QUE ATIENDEN PRIMERA INFANCIA, UBICADOS EN EL DEPARTAMENTO DE CABAÑAS Y USULUTAN-CP 615-DEUDA 2025-JM;Liquidada; $-   
2026;3921;1;23/02/2026;MINEDUCYT-38/2025-BIRF;94472102891012;INYPSA CW INFRASTRUCTURES, SOCIEDAD LIMITADA, SUCURSAL EL SALVADOR;1401;3;7495;9;1;61608;3; $1.250.341,00 ; $-   ; $-   ; $0,28 ;SUPERVISION DE OBRAS DE MEJORAMIENTO DE INFRAESTRUCTURA DE 4 C.E. PUBLICOS QUE ATIENDEN PRIMERA INFANCIA, UBICADOS EN EL DEPARTAMENTO DE LA PAZ Y SAN VICENTE-CP 614-DEUDO 2025-JM;Parcialmente Liquidada; $-   
2026;3928;1;23/02/2026;MINEDUCYT-35/2025-BIRF..;94472102891012;INYPSA CW INFRASTRUCTURES, SOCIEDAD LIMITADA, SUCURSAL EL SALVADOR;1401;3;7495;9;1;61608;3; $3.220.983,00 ; $-   ; $-   ; $-   ;SUPERVISION DE OBRAS DE MEJORAMIENTO DE INFRAESTRUCTURA DE 2 C.E. PUBLICOS QUE ATIENDEN PRIMERA INFANCIA, UBICADOS EN EL DEPARTAMENTO DE CABAÑAS Y USULUTAN (INCREMENTO MECT-M-26/2026)-CP 875/876-AÑO 2026-JM;Liquidada; $-   
2026;3931;1;23/02/2026;MINEDUCYT-33/2025-BIRF;94472102891012;INYPSA CW INFRASTRUCTURES, SOCIEDAD LIMITADA, SUCURSAL EL SALVADOR;1401;3;7495;9;1;61608;4; $1.777.891,00 ; $-   ; $-   ; $96.689,42 ;SUPERVICION DE OBRAS DE MEJORAMIENTO DE INFRAESTRUCTURA DE 3 C.E. PUBLICOS QUE ATIENDEN PRIMERA INFANCIA, UBICADOS EN LOS DEPARTAMENTOS DE SONSONATE Y SANTA ANA- CP 617-DEUDA 2025-JM-;Parcialmente Liquidada; $-   
2026;4024;1;24/02/2026;MINEDUCYT-37/2025-BIRF;94472102891012;INYPSA CW INFRASTRUCTURES, SOCIEDAD LIMITADA, SUCURSAL EL SALVADOR;1401;3;7495;9;1;61608;2; $2.198.601,00 ; $-   ; $-   ; $-   ;SUPERVISION DE OBRAS DE MEJORAMIENTO DE INFRAESTRYCTURA EN 3 C.E. PÚBLICOS QUE ATIENDEN PRIMERA INFANCIA, UBICADOS EN DPTOS DE SAN MIGUEL Y LA UNION (INCREMENTO 1-MECT M-26/2026)-CP 877/878/879-AÑO 2026-JM;Liquidada; $-   
2026;4038;1;25/02/2026;MINEDUCYT-36/2025-BIRF;94472102891012;INYPSA CW INFRASTRUCTURES, SOCIEDAD LIMITADA, SUCURSAL EL SALVADOR;1401;3;7495;9;1;61608;4; $650.764,00 ; $-   ; $-   ; $0,17 ;SUPERVISIÓN DE OBRAS DE MEJORAMIENTO DE INFRAESTRUCTURA EN 2 C.E. PÚBLICOS QUE ATIENDEN PRIMERO INFACIA, UBICADOS EN EL DPTO. CUSCATLAN (INCREMENTO 1 MECT-M-32/2026)-CP 873-AÑO 2026-JM;Parcialmente Liquidada; $-   
2026;4048;1;25/02/2026;MINEDUCYT-31/2025-BIRF;94472102891012;INYPSA CW INFRASTRUCTURES, SOCIEDAD LIMITADA, SUCURSAL EL SALVADOR;1401;3;7495;9;1;61608;3; $841.009,00 ; $-   ; $-   ; $-   ;SUPERVISION DE OBRAS DE MEJORAMIENTO DE INFRAESTRUCTURA DE 5 C.E. PUBLICOS QUE ATIENDEN PRIMERA INFANCIA, UBICADOS EN EL DEPARTAMENTO DE SONSONATE-CP 620-DEUDA 2025-JM.;Liquidada; $-   
2026;4120;1;27/02/2026;MINEDUCYT-38/2025-BIRF...;94472102891012;INYPSA CW INFRASTRUCTURES, SOCIEDAD LIMITADA, SUCURSAL EL SALVADOR;1401;3;7495;9;1;61608;4; $2.290.870,00 ; $-   ; $-   ; $22.098,88 ;SUPERVISION DE OBRAS DE MEJORAMIENTO DE INFRAESTRUCTURA DE 4 C.E. PUBLICOS QUE ATIENDEN PRIMERA INFANCIA, UBICADOS EN EL DEPARTAMENTO DE LA PAZ Y SAN VICENTE (INCREMENTO1  MECT-M-612/2025)-CP 836/837/838/839-AÑO 2026-JM;Parcialmente Liquidada; $-   
2026;4206;1;02/03/2026;MINEDUCYT-32/2025-BIRF;94472102891012;INYPSA CW INFRASTRUCTURES, SOCIEDAD LIMITADA, SUCURSAL EL SALVADOR;1401;3;7495;9;1;61608;3; $3.594.955,00 ; $-   ; $-   ; $0,03 ;SUPERVICION DE OBRAS DE MEJORAMIENTO DE INFRAESTRUCTURA EN 3 C.E. PÚBLICOS QUE ATIENDEN PRIMERA INFANCIA, UBICADOS EN LOS DPTOS. DE SONSONATE Y LA LIBERTAD-CDP 846/855/847-AÑO 2026-JM;Parcialmente Liquidada; $-   
2026;4364;1;05/03/2026;MINEDUCYT-34/2025-BIRF;94472102891012;INYPSA CW INFRASTRUCTURES, SOCIEDAD LIMITADA, SUCURSAL EL SALVADOR;1401;3;7495;9;1;61608;3; $3.168.332,00 ; $-   ; $-   ; $-   ;SUPERVISION DE OBRAS DE MEJORAMIENTO DE INFRAESTRUTURA EN 3 C.E. PÚBLICOS QUE ATIENDEN PRIMERA INFANCIA, UBICADOS EN LOS DPTOS DE LA LIBERTAD, CHALATENANGO Y SAN SALVADOR-CP 848-AÑO 2026-JM;Liquidada; $-   
2026;4379;1;05/03/2026;MINEDUCYT-33/2025-BIRF;94472102891012;INYPSA CW INFRASTRUCTURES, SOCIEDAD LIMITADA, SUCURSAL EL SALVADOR;1401;3;7495;9;1;61608;3; $1.444.060,00 ; $-   ; $-   ; $31.602,02 ;SUPERVICION DE OBRAS DE MEJORAMIENTO INFRAESTRUCTURA DE 3 C.E. PÚBLICOS QUE ATIENDEN PRIMERA INFANCIA EN DPTO DE SONSONATE Y SANTA ANA- CP 852/853/854-AÑO 2026-JM;Aprobado; $-   
2026;6505;1;27/03/2026;MINEDUCYT-31/2025-BIRF;94472102891012;INYPSA CW INFRASTRUCTURES, SOCIEDAD LIMITADA, SUCURSAL EL SALVADOR;1401;3;7495;9;1;61608;4; $598.938,00 ; $-   ; $-   ; $20.003,80 ;PRIMERA INFANCIA, UBICADOS EN EL DEPARTAMENTO DE SONSONATE(C.E. SONSO Y C.E. NAPOLEON)(INCREMENTO 1)-CP 850/851-AÑO 2026-JM.;Aprobado; $-   
2026;6598;1;09/04/2026;MINEDUCYT-29/2025-BIRF;94472102891012;INYPSA CW INFRASTRUCTURES, SOCIEDAD LIMITADA, SUCURSAL EL SALVADOR;1401;3;7495;9;1;61608;4; $2.476.534,00 ; $-   ; $-   ; $14.738,67 ;SUPERVISIÓN DE OBRAS DE MEJORAMIENTO DE INFRAESTRUCTURA EN 4 C.E. PÚBLICOS QUE ATIENDEN PRIMERA INFANCIA, UBICADOS EN LOS DPTOS, AHUACHAPAN Y SANTAANA (INCREMENTO 2 MECT-M-115/2026)-CP 915-AÑO 2026-JM;Aprobado; $-   
2026;6599;1;09/04/2026;MINEDUCYT-32/2025-BIRF..;94472102891012;INYPSA CW INFRASTRUCTURES, SOCIEDAD LIMITADA, SUCURSAL EL SALVADOR;1401;3;7495;9;1;61608;4; $4.066.002,00 ; $-   ; $-   ; $-   ;SUPERVISIÓN DE OBRAS DE MEJORAMIENTO DE INFRAESTRUCTURA EN 3 C.E. PÚBLICOS QUE ATIENDEN PRIMERA INFANCIA, UBICADOS EN LOS DPTOS, SONSONATE Y LA LIBERTAD (INCREMENTO 2 MECT-M-110/2026)-CP 916/917/918-AÑO 2026-JM.;Liquidada; $-   
2026;6603;1;09/04/2026;MINEDUCYT-39/2025-BIRF;94472102891012;INYPSA CW INFRASTRUCTURES, SOCIEDAD LIMITADA, SUCURSAL EL SALVADOR;1401;3;7495;9;1;61608;4; $4.040.576,00 ; $-   ; $-   ; $14.738,67 ;SUPERVISIÓN DE OBRAS DE MEJORAMIENTO DE INFRAESTRUCTURA EN 4 C.E. PÚBLICOS QUE ATIENDEN PRIMERA INFANCIA, UBICADOS EN LOS DPTOS, AHUACHAPAN Y SANTAANA (INCREMENTO 2 MECT-M-115/2026)-CP 915-AÑO 2026-JM;Aprobado; $-   
2026;8143;1;17/04/2026;MINEDUCYT-36/2025-BIRF;94472102891012;INYPSA CW INFRASTRUCTURES, SOCIEDAD LIMITADA, SUCURSAL EL SALVADOR;1401;3;7495;9;1;61608;5; $4.265.656,00 ; $-   ; $-   ; $5.235,63 ;SUPERVISION DE OBRAS DE MEJORAMIENTO DE INFRAESTRUCTURA EN 2 C.E. PÚBLICOS QUE ATIENDEN PRIMERA INFANCIA, UBICADOS EN EL DPTO DE CUSCATLÁN( incremento mect 113/2026 Parv. Dr. Pohl)-CP 913-AÑO 2026-JM;Parcialmente Liquidada; $-   
2026;8155;1;17/04/2026;MINEDUCYT-34/2025-BIRF..;94472102891012;INYPSA CW INFRASTRUCTURES, SOCIEDAD LIMITADA, SUCURSAL EL SALVADOR;1401;3;7495;9;1;61608;4; $3.759.528,00 ; $-   ; $-   ; $4.052,39 ;SUPERVICIÓN DE OBRAS DE MEJORAMIENTO DE INFRAESTRUCTURA EN 3 C.E. PÚBLICOS QUE ATIENDEN PRIMERA INFANCIA, UBICADOS EN LOS DPTOS DE LA LIBERTAD, CHALATENANGO Y SAN SALVADOR-CP 919-AÑO 2026-JM;Parcialmente Liquidada; $-   
2026;8325;1;24/04/2026;MINEDUCYT-35/2025-BIRF;94472102891012;INYPSA CW INFRASTRUCTURES, SOCIEDAD LIMITADA, SUCURSAL EL SALVADOR;1401;3;7495;9;1;61608;5; $224.134,00 ; $-   ; $-   ; $14.373,49 ;SUPERVISION DE OBRAS DE MEJORAMIENTO DE INFRAESTRUCTURA DE 2 C.E. PUBLICOS QUE ATIENDEN PRIMERA INFANCIA, UBICADOS EN EL DEPARTAMENTO DE CABAÑAS Y USULUTAN (INCREMENTO C.E FERNANDO PORTILLO MECT-M-112/2026)-CP914-AÑO 2026-JM;Parcialmente Liquidada; $-   
2026;10206;1;27/05/2026;MINEDUCYT-32/2025-BIRF;94472102891012;INYPSA CW INFRASTRUCTURES, SOCIEDAD LIMITADA, SUCURSAL EL SALVADOR;1401;3;7495;9;1;61608;6; $2.033.683,00 ; $-   ; $-   ; $10.743,27 ;SUPERVICION DE OBRAS DE MEJORAMIENTO DE INFRAESTRUCTURA DE 3 C.E. PÚBLICOS QUE ATIENDEN PRIMERA INFANCIA, UBICADOS EN LOS DPTOS DE SONSONATE Y LA LIBERTAD (INCREMENTO MECT-T-144/2026) CP 938-AÑO 2026-JM;Aprobado; $-   
2026;10215;1;28/05/2026;MINEDUCYT-32/2025-BIRF;94472102891012;INYPSA CW INFRASTRUCTURES, SOCIEDAD LIMITADA, SUCURSAL EL SALVADOR;1401;3;7495;9;1;61608;6; $3.366.387,00 ; $12.377,13 ; $-   ; $-   ;SUPERVISION DE OBRAS DE MEJORAMIENTO DE INFRAESTRUCTURA EN 2 C.E. PÚBLICOS QUE ATIENDEN PRIMERA INFANCIA, UBICADOS EN LOS DPTOS DE CABAÑAS Y USULUTAN-CP 955-AÑO 2026-JM;Liquidada; $1.048.577,00 
2026;10323;1;09/06/2026;MINEDUCYT-38/2025-BIRF;94472102891012;INYPSA CW INFRASTRUCTURES, SOCIEDAD LIMITADA, SUCURSAL EL SALVADOR;1401;3;7495;9;1;61608;6; $3.830.223,00 ; $-   ; $-   ; $30.652,27 ;SUPERVISION DE OBRAS DE MEJORAMIENTO DE INFRAESTRUCTURA EN 4 C.E. PÚBLICOS, QUE ATIENDEN PRIMERA INFANCIA, UBICADOS EN LOS DPTOS DE LA PAZ Y SAN VICENTE-CP 949/948/947/946-AÑO 2026-JM;Aprobado; $-   
2026;11794;1;12/06/2026;MINEDUCYT-37/2025-BIRF;94472102891012;INYPSA CW INFRASTRUCTURES, SOCIEDAD LIMITADA, SUCURSAL EL SALVADOR;1401;3;7495;9;1;61608;6; $457.912,00 ; $-   ; $-   ; $12.567,84 ;SUPERVISION DE OBRAS DE MEJORAMIENTO DE INFRAESTRUCTURA DE 3 C.E. PÚBLICOS QUE ATIENDEN PRIMERA INFANCIA EN LOS DPTOS SAN MIGUEL Y LA UNION-CP 927/928/929-AÑO 2026-JM;Parcialmente Liquidada; $-   
2026;11822;1;15/06/2026;MINEDUCYT-33/2025-BIRF;94472102891012;INYPSA CW INFRASTRUCTURES, SOCIEDAD LIMITADA, SUCURSAL EL SALVADOR;1401;3;7495;9;1;61608;6; $1.267.423,00 ; $-   ; $-   ; $18.167,42 ;SUPERVISIÓN DE INFRAESTRUCTURA EN 3 CENTROS EDUCATIVOS PUBLICOS QUE ATIENDEN PRIMERA INFANCIA UBICADOS EN LOS DEPARTAMENTOS DE SONSONATE Y SANTA ANA-(INCREMENTO ESCUELAS ARMENIA MECT-M-214/2026)-CP922/921-AÑO 2026-JM;Aprobado; $-   
2026;11875;1;19/06/2026;MINEDUCYT-34/2025-BIRF;94472102891012;INYPSA CW INFRASTRUCTURES, SOCIEDAD LIMITADA, SUCURSAL EL SALVADOR;1401;3;7495;9;1;61608;6; $190.143,00 ; $-   ; $-   ; $-   ;SUPERVISIÓN DEL MEJORAMIENTO DE INFRAESTRUCTURA DE LA ESC EDUCACIÓN PARVULARIA DE QUEZALTEPEQUE (MECT-M-219/2026 INCREMENTO)-CP 970-AÑO 2026-JM;Liquidada; $-   
2026;11885;1;22/06/2026;MINEDUCYT-35/2025-BIRF.;94472102891012;INYPSA CW INFRASTRUCTURES, SOCIEDAD LIMITADA, SUCURSAL EL SALVADOR;1401;3;7495;9;1;61608;6; $3.601.401,00 ; $-   ; $-   ; $-   ;SUPERVISION DE OBRAS DE MEJORAMIENTO DE INFRAESTRUCTURA EN 2 C.E. PÚBLICOS QUE ATIENDEN PRIMERA INFANCIA, UBICADOS EN LOS DPTOS DE CABAÑAS Y USULUTAN-CP 955-AÑO 2026-JM.;Liquidada; $-   
2026;12193;1;09/07/2026;MINEDUCYT-32/2025-BIRF;94472102891012;INYPSA CW INFRASTRUCTURES, SOCIEDAD LIMITADA, SUCURSAL EL SALVADOR;1401;3;7495;9;1;61608;7; $2.712.465,00 ; $-   ; $-   ; $3.907,19 ;SUPERVISION DE OBRAS DE MEJORAMIENTO DE INFRAESTRUCTURA EN 2 C.E. PÚBLICOS QUE ATIENDEN PRIMERA INFANCIA, UBICADOS EN LOS DPTOS DE CABAÑAS Y USULUTAN (MECT-M-377-379/2026)-CP 976//985-AÑO 2026-JM;Parcialmente Liquidada; $-   
2026;13968;1;23/07/2026;MINEDUCYT-36/2025-BIRF.;94472102891012;INYPSA CW INFRASTRUCTURES, SOCIEDAD LIMITADA, SUCURSAL EL SALVADOR;1401;3;7495;9;1;61608;8; $755.184,00 ; $-   ; $-   ; $1.308,92 ;SUPERVISION DE OBRAS DE MEJORAMIENTO DE INFRAESTRUCTURA DE 2 C.E. PUBLICOS QUE ATIENDEN PRIMERA INFANCIA, UBICADOS EN EL DEPARTAMENTO DE CUSCATLAN (Dr. REYNALDO GALINDO POHL-PRORROGA 3 Y 4)-CP 1106/1107-año 2026-JM;Parcialmente Liquidada; $-   
2026;1804;1;29/01/2026;MINEDUCYT-44/2024 BIRF;94830303801015;FRANCISCO LUIS PORRES ARELLANO;1401;3;7495;9;1;54599;2; $739.057,00 ; $-   ; $-   ; $-   ;Contratación de Coordinador de Diseñp curricular de Primera Infancia Enero a Junio 2026 - CP 792 -JM;Liquidada; $-   
2026;1804;2;29/01/2026;MINEDUCYT-44/2024 BIRF;94830303801015;FRANCISCO LUIS PORRES ARELLANO;1401;3;7495;9;1;54599;3; $1.071.348,00 ; $-   ; $-   ; $-   ;Contratación de Coordinador de Diseñp curricular de Primera Infancia Enero a Junio 2026 - CP 792 -JM;Liquidada; $-   
2026;1804;3;29/01/2026;MINEDUCYT-44/2024 BIRF;94830303801015;FRANCISCO LUIS PORRES ARELLANO;1401;3;7495;9;1;54599;4; $1.585.443,00 ; $-   ; $-   ; $-   ;Contratación de Coordinador de Diseñp curricular de Primera Infancia Enero a Junio 2026 - CP 792 -JM;Liquidada; $-   
2026;1804;4;29/01/2026;MINEDUCYT-44/2024 BIRF;94830303801015;FRANCISCO LUIS PORRES ARELLANO;1401;3;7495;9;1;54599;5; $247.293,00 ; $-   ; $-   ; $-   ;Contratación de Coordinador de Diseñp curricular de Primera Infancia Enero a Junio 2026 - CP 792 -JM;Liquidada; $-   
2026;1804;5;29/01/2026;MINEDUCYT-44/2024 BIRF;94830303801015;FRANCISCO LUIS PORRES ARELLANO;1401;3;7495;9;1;54599;6; $3.346.029,00 ; $-   ; $-   ; $-   ;Contratación de Coordinador de Diseñp curricular de Primera Infancia Enero a Junio 2026 - CP 792 -JM;Liquidada; $-   
2026;11864;3;18/06/2026;MINEDUCYT-44/2024-BIRF.;94830303801015;FRANCISCO LUIS PORRES ARELLANO;1401;3;7495;9;1;54599;9; $3.752.352,00 ; $-   ; $-   ; $3.000,00 ;Contratación de Coordinador de Diseño curricular de Primera Infancia Julio a Diciembre 2026 - CP 995- año 2026 -JM.;Aprobado; $-   
2026;11864;4;18/06/2026;MINEDUCYT-44/2024-BIRF.;94830303801015;FRANCISCO LUIS PORRES ARELLANO;1401;3;7495;9;1;54599;10; $2.435.592,00 ; $-   ; $-   ; $3.000,00 ;Contratación de Coordinador de Diseño curricular de Primera Infancia Julio a Diciembre 2026 - CP 995- año 2026 -JM.;Aprobado; $-   
2026;11864;5;18/06/2026;MINEDUCYT-44/2024-BIRF.;94830303801015;FRANCISCO LUIS PORRES ARELLANO;1401;3;7495;9;1;54599;11; $1.831.305,00 ; $-   ; $-   ; $3.000,00 ;Contratación de Coordinador de Diseño curricular de Primera Infancia Julio a Diciembre 2026 - CP 995- año 2026 -JM.;Aprobado; $-   
2026;11864;6;18/06/2026;MINEDUCYT-44/2024-BIRF.;94830303801015;FRANCISCO LUIS PORRES ARELLANO;1401;3;7495;9;1;54599;12; $4.078.887,00 ; $-   ; $-   ; $3.000,00 ;Contratación de Coordinador de Diseño curricular de Primera Infancia Julio a Diciembre 2026 - CP 995- año 2026 -JM.;Aprobado; $-   
2026;11864;1;18/06/2026;MINEDUCYT-44/2024-BIRF.;94830303801015;FRANCISCO LUIS PORRES ARELLANO;1401;3;7495;9;1;54599;7; $4.434.798,00 ; $-   ; $-   ; $3.000,00 ;Contratación de Coordinador de Diseño curricular de Primera Infancia Julio a Diciembre 2026 - CP 995- año 2026 -JM.;Aprobado; $-   
2026;11864;2;18/06/2026;MINEDUCYT-44/2024-BIRF.;94830303801015;FRANCISCO LUIS PORRES ARELLANO;1401;3;7495;9;1;54599;8; $3.087.653,00 ; $-   ; $-   ; $3.000,00 ;Contratación de Coordinador de Diseño curricular de Primera Infancia Julio a Diciembre 2026 - CP 995- año 2026 -JM.;Aprobado; $-   
Total;;;;;;;;;;;;;; $4.403.581.985,00 ; $15.384.025,52 ; $-   ; $1.016.132.855,62 ;1772;;
;;;;;;;;;;;;;;;;;;;;
;;;;;;;;;;;;;;;;;;;;
;;;;;;;;;;;;;;;;;;;;
;;;;;;;;;;;;;;;;;;;;
;;;;;;;;;;;;;;;;;;;;
;;;;;;;;;;;;;;;;;;;;
;;;;;;;;;;;;;;;;;;;;
;;;;;;;;;;;;;;;;;;;;
;;;;;;;;;;;;;;;;;;;;
;;;;;;;;;;;;;;;;;;;;
;;;;;;;;;;;;;;;;;;;;
;;;;;;;;;;;;;;;;;;;;
;;;;;;;;;;;;;;;;;;;;
;;;;;;;;;;;;;;;;;;;;
;;;;;;;;;;;;;;;;;;;;
;;;;;;;;;;;;;;;;;;;;
;;;;;;;;;;;;;;;;;;;;
;;;;;;;;;;;;;;;;;;;;
;;;;;;;;;;;;;;;;;;;;
;;;;;;;;;;;;;;;;;;;;
;;;;;;;;;;;;;;;;;;;;
;;;;;;;;;;;;;;;;;;;;
;;;;;;;;;;;;;;;;;;;;
;;;;;;;;;;;;;;;;;;;;
;;;;;;;;;;;;;;;;;;;;
;;;;;;;;;;;;;;;;;;;;
;;;;;;;;;;;;;;;;;;;;
;;;;;;;;;;;;;;;;;;;;
;;;;;;;;;;;;;;;;;;;;
;;;;;;;;;;;;;;;;;;;;
;;;;;;;;;;;;;;;;;;;;
;;;;;;;;;;;;;;;;;;;;
;;;;;;;;;;;;;;;;;;;;
;;;;;;;;;;;;;;;;;;;;
;;;;;;;;;;;;;;;;;;;;
;;;;;;;;;;;;;;;;;;;;
;;;;;;;;;;;;;;;;;;;;
;;;;;;;;;;;;;;;;;;;;
;;;;;;;;;;;;;;;;;;;;
;;;;;;;;;;;;;;;;;;;;
;;;;;;;;;;;;;;;;;;;;
;;;;;;;;;;;;;;;;;;;;
;;;;;;;;;;;;;;;;;;;;
;;;;;;;;;;;;;;;;;;;;
;;;;;;;;;;;;;;;;;;;;
;;;;;;;;;;;;;;;;;;;;
;;;;;;;;;;;;;;;;;;;;
;;;;;;;;;;;;;;;;;;;;
;;;;;;;;;;;;;;;;;;;;
;;;;;;;;;;;;;;;;;;;;
;;;;;;;;;;;;;;;;;;;;
;;;;;;;;;;;;;;;;;;;;
;;;;;;;;;;;;;;;;;;;;
;;;;;;;;;;;;;;;;;;;;
;;;;;;;;;;;;;;;;;;;;
;;;;;;;;;;;;;;;;;;;;
;;;;;;;;;;;;;;;;;;;;
;;;;;;;;;;;;;;;;;;;;
;;;;;;;;;;;;;;;;;;;;
;;;;;;;;;;;;;;;;;;;;
;;;;;;;;;;;;;;;;;;;;
;;;;;;;;;;;;;;;;;;;;
;;;;;;;;;;;;;;;;;;;;
;;;;;;;;;;;;;;;;;;;;
;;;;;;;;;;;;;;;;;;;;
;;;;;;;;;;;;;;;;;;;;
;;;;;;;;;;;;;;;;;;;;
;;;;;;;;;;;;;;;;;;;;
;;;;;;;;;;;;;;;;;;;;
;;;;;;;;;;;;;;;;;;;;
;;;;;;;;;;;;;;;;;;;;
;;;;;;;;;;;;;;;;;;;;
;;;;;;;;;;;;;;;;;;;;
;;;;;;;;;;;;;;;;;;;;
;;;;;;;;;;;;;;;;;;;;
;;;;;;;;;;;;;;;;;;;;
;;;;;;;;;;;;;;;;;;;;
;;;;;;;;;;;;;;;;;;;;
;;;;;;;;;;;;;;;;;;;;
;;;;;;;;;;;;;;;;;;;;
;;;;;;;;;;;;;;;;;;;;
;;;;;;;;;;;;;;;;;;;;
;;;;;;;;;;;;;;;;;;;;
;;;;;;;;;;;;;;;;;;;;
;;;;;;;;;;;;;;;;;;;;
;;;;;;;;;;;;;;;;;;;;
;;;;;;;;;;;;;;;;;;;;
;;;;;;;;;;;;;;;;;;;;
;;;;;;;;;;;;;;;;;;;;
;;;;;;;;;;;;;;;;;;;;
;;;;;;;;;;;;;;;;;;;;
;;;;;;;;;;;;;;;;;;;;
;;;;;;;;;;;;;;;;;;;;
;;;;;;;;;;;;;;;;;;;;
;;;;;;;;;;;;;;;;;;;;
;;;;;;;;;;;;;;;;;;;;
;;;;;;;;;;;;;;;;;;;;
;;;;;;;;;;;;;;;;;;;;
;;;;;;;;;;;;;;;;;;;;
;;;;;;;;;;;;;;;;;;;;
;;;;;;;;;;;;;;;;;;;;
;;;;;;;;;;;;;;;;;;;;
;;;;;;;;;;;;;;;;;;;;
;;;;;;;;;;;;;;;;;;;;
;;;;;;;;;;;;;;;;;;;;
;;;;;;;;;;;;;;;;;;;;
;;;;;;;;;;;;;;;;;;;;
;;;;;;;;;;;;;;;;;;;;
;;;;;;;;;;;;;;;;;;;;
;;;;;;;;;;;;;;;;;;;;
;;;;;;;;;;;;;;;;;;;;
;;;;;;;;;;;;;;;;;;;;
;;;;;;;;;;;;;;;;;;;;
;;;;;;;;;;;;;;;;;;;;
;;;;;;;;;;;;;;;;;;;;
;;;;;;;;;;;;;;;;;;;;
;;;;;;;;;;;;;;;;;;;;
;;;;;;;;;;;;;;;;;;;;
;;;;;;;;;;;;;;;;;;;;
;;;;;;;;;;;;;;;;;;;;
;;;;;;;;;;;;;;;;;;;;
;;;;;;;;;;;;;;;;;;;;
;;;;;;;;;;;;;;;;;;;;
;;;;;;;;;;;;;;;;;;;;
;;;;;;;;;;;;;;;;;;;;
;;;;;;;;;;;;;;;;;;;;
;;;;;;;;;;;;;;;;;;;;
;;;;;;;;;;;;;;;;;;;;
;;;;;;;;;;;;;;;;;;;;
;;;;;;;;;;;;;;;;;;;;
;;;;;;;;;;;;;;;;;;;;
;;;;;;;;;;;;;;;;;;;;
;;;;;;;;;;;;;;;;;;;;
;;;;;;;;;;;;;;;;;;;;
;;;;;;;;;;;;;;;;;;;;
;;;;;;;;;;;;;;;;;;;;
;;;;;;;;;;;;;;;;;;;;
;;;;;;;;;;;;;;;;;;;;
;;;;;;;;;;;;;;;;;;;;
;;;;;;;;;;;;;;;;;;;;
;;;;;;;;;;;;;;;;;;;;
;;;;;;;;;;;;;;;;;;;;
;;;;;;;;;;;;;;;;;;;;
;;;;;;;;;;;;;;;;;;;;
;;;;;;;;;;;;;;;;;;;;
;;;;;;;;;;;;;;;;;;;;
;;;;;;;;;;;;;;;;;;;;
;;;;;;;;;;;;;;;;;;;;
;;;;;;;;;;;;;;;;;;;;
;;;;;;;;;;;;;;;;;;;;
;;;;;;;;;;;;;;;;;;;;
;;;;;;;;;;;;;;;;;;;;
;;;;;;;;;;;;;;;;;;;;
;;;;;;;;;;;;;;;;;;;;
;;;;;;;;;;;;;;;;;;;;
;;;;;;;;;;;;;;;;;;;;
;;;;;;;;;;;;;;;;;;;;
;;;;;;;;;;;;;;;;;;;;
;;;;;;;;;;;;;;;;;;;;
;;;;;;;;;;;;;;;;;;;;
;;;;;;;;;;;;;;;;;;;;
;;;;;;;;;;;;;;;;;;;;
;;;;;;;;;;;;;;;;;;;;
;;;;;;;;;;;;;;;;;;;;
;;;;;;;;;;;;;;;;;;;;
;;;;;;;;;;;;;;;;;;;;
;;;;;;;;;;;;;;;;;;;;
;;;;;;;;;;;;;;;;;;;;
;;;;;;;;;;;;;;;;;;;;
;;;;;;;;;;;;;;;;;;;;
;;;;;;;;;;;;;;;;;;;;
;;;;;;;;;;;;;;;;;;;;
;;;;;;;;;;;;;;;;;;;;
;;;;;;;;;;;;;;;;;;;;
;;;;;;;;;;;;;;;;;;;;
;;;;;;;;;;;;;;;;;;;;
;;;;;;;;;;;;;;;;;;;;
;;;;;;;;;;;;;;;;;;;;
;;;;;;;;;;;;;;;;;;;;
;;;;;;;;;;;;;;;;;;;;
;;;;;;;;;;;;;;;;;;;;
;;;;;;;;;;;;;;;;;;;;
;;;;;;;;;;;;;;;;;;;;
;;;;;;;;;;;;;;;;;;;;
;;;;;;;;;;;;;;;;;;;;
;;;;;;;;;;;;;;;;;;;;
;;;;;;;;;;;;;;;;;;;;
;;;;;;;;;;;;;;;;;;;;
;;;;;;;;;;;;;;;;;;;;
;;;;;;;;;;;;;;;;;;;;
;;;;;;;;;;;;;;;;;;;;
;;;;;;;;;;;;;;;;;;;;
;;;;;;;;;;;;;;;;;;;;
;;;;;;;;;;;;;;;;;;;;
;;;;;;;;;;;;;;;;;;;;
;;;;;;;;;;;;;;;;;;;;
;;;;;;;;;;;;;;;;;;;;
;;;;;;;;;;;;;;;;;;;;
;;;;;;;;;;;;;;;;;;;;
;;;;;;;;;;;;;;;;;;;;
;;;;;;;;;;;;;;;;;;;;
;;;;;;;;;;;;;;;;;;;;
;;;;;;;;;;;;;;;;;;;;
;;;;;;;;;;;;;;;;;;;;
;;;;;;;;;;;;;;;;;;;;
;;;;;;;;;;;;;;;;;;;;
;;;;;;;;;;;;;;;;;;;;
;;;;;;;;;;;;;;;;;;;;
;;;;;;;;;;;;;;;;;;;;
;;;;;;;;;;;;;;;;;;;;
;;;;;;;;;;;;;;;;;;;;
;;;;;;;;;;;;;;;;;;;;
;;;;;;;;;;;;;;;;;;;;
;;;;;;;;;;;;;;;;;;;;
;;;;;;;;;;;;;;;;;;;;
;;;;;;;;;;;;;;;;;;;;
;;;;;;;;;;;;;;;;;;;;
;;;;;;;;;;;;;;;;;;;;
;;;;;;;;;;;;;;;;;;;;
;;;;;;;;;;;;;;;;;;;;
;;;;;;;;;;;;;;;;;;;;
;;;;;;;;;;;;;;;;;;;;
;;;;;;;;;;;;;;;;;;;;
;;;;;;;;;;;;;;;;;;;;
;;;;;;;;;;;;;;;;;;;;
;;;;;;;;;;;;;;;;;;;;
;;;;;;;;;;;;;;;;;;;;
;;;;;;;;;;;;;;;;;;;;
;;;;;;;;;;;;;;;;;;;;
;;;;;;;;;;;;;;;;;;;;
;;;;;;;;;;;;;;;;;;;;
;;;;;;;;;;;;;;;;;;;;
;;;;;;;;;;;;;;;;;;;;
;;;;;;;;;;;;;;;;;;;;
;;;;;;;;;;;;;;;;;;;;
;;;;;;;;;;;;;;;;;;;;
;;;;;;;;;;;;;;;;;;;;
;;;;;;;;;;;;;;;;;;;;
;;;;;;;;;;;;;;;;;;;;
;;;;;;;;;;;;;;;;;;;;
;;;;;;;;;;;;;;;;;;;;
;;;;;;;;;;;;;;;;;;;;
;;;;;;;;;;;;;;;;;;;;
;;;;;;;;;;;;;;;;;;;;
;;;;;;;;;;;;;;;;;;;;
;;;;;;;;;;;;;;;;;;;;
;;;;;;;;;;;;;;;;;;;;
;;;;;;;;;;;;;;;;;;;;
;;;;;;;;;;;;;;;;;;;;
;;;;;;;;;;;;;;;;;;;;
;;;;;;;;;;;;;;;;;;;;
;;;;;;;;;;;;;;;;;;;;
;;;;;;;;;;;;;;;;;;;;
;;;;;;;;;;;;;;;;;;;;
;;;;;;;;;;;;;;;;;;;;
;;;;;;;;;;;;;;;;;;;;
;;;;;;;;;;;;;;;;;;;;
;;;;;;;;;;;;;;;;;;;;
;;;;;;;;;;;;;;;;;;;;
;;;;;;;;;;;;;;;;;;;;
;;;;;;;;;;;;;;;;;;;;
;;;;;;;;;;;;;;;;;;;;
;;;;;;;;;;;;;;;;;;;;
;;;;;;;;;;;;;;;;;;;;
;;;;;;;;;;;;;;;;;;;;
;;;;;;;;;;;;;;;;;;;;
;;;;;;;;;;;;;;;;;;;;
;;;;;;;;;;;;;;;;;;;;
;;;;;;;;;;;;;;;;;;;;
;;;;;;;;;;;;;;;;;;;;
;;;;;;;;;;;;;;;;;;;;
;;;;;;;;;;;;;;;;;;;;
;;;;;;;;;;;;;;;;;;;;
;;;;;;;;;;;;;;;;;;;;
;;;;;;;;;;;;;;;;;;;;
;;;;;;;;;;;;;;;;;;;;
;;;;;;;;;;;;;;;;;;;;
;;;;;;;;;;;;;;;;;;;;
;;;;;;;;;;;;;;;;;;;;
;;;;;;;;;;;;;;;;;;;;
;;;;;;;;;;;;;;;;;;;;
;;;;;;;;;;;;;;;;;;;;
;;;;;;;;;;;;;;;;;;;;
;;;;;;;;;;;;;;;;;;;;
;;;;;;;;;;;;;;;;;;;;
;;;;;;;;;;;;;;;;;;;;
;;;;;;;;;;;;;;;;;;;;
;;;;;;;;;;;;;;;;;;;;
;;;;;;;;;;;;;;;;;;;;
;;;;;;;;;;;;;;;;;;;;
;;;;;;;;;;;;;;;;;;;;
;;;;;;;;;;;;;;;;;;;;
;;;;;;;;;;;;;;;;;;;;
;;;;;;;;;;;;;;;;;;;;
;;;;;;;;;;;;;;;;;;;;
;;;;;;;;;;;;;;;;;;;;
;;;;;;;;;;;;;;;;;;;;
;;;;;;;;;;;;;;;;;;;;
;;;;;;;;;;;;;;;;;;;;
;;;;;;;;;;;;;;;;;;;;
;;;;;;;;;;;;;;;;;;;;
;;;;;;;;;;;;;;;;;;;;
;;;;;;;;;;;;;;;;;;;;
;;;;;;;;;;;;;;;;;;;;
;;;;;;;;;;;;;;;;;;;;
;;;;;;;;;;;;;;;;;;;;
;;;;;;;;;;;;;;;;;;;;
;;;;;;;;;;;;;;;;;;;;
;;;;;;;;;;;;;;;;;;;;
;;;;;;;;;;;;;;;;;;;;
;;;;;;;;;;;;;;;;;;;;
;;;;;;;;;;;;;;;;;;;;
;;;;;;;;;;;;;;;;;;;;
;;;;;;;;;;;;;;;;;;;;
;;;;;;;;;;;;;;;;;;;;
;;;;;;;;;;;;;;;;;;;;
;;;;;;;;;;;;;;;;;;;;
;;;;;;;;;;;;;;;;;;;;
;;;;;;;;;;;;;;;;;;;;
;;;;;;;;;;;;;;;;;;;;
;;;;;;;;;;;;;;;;;;;;
;;;;;;;;;;;;;;;;;;;;
;;;;;;;;;;;;;;;;;;;;
;;;;;;;;;;;;;;;;;;;;
;;;;;;;;;;;;;;;;;;;;
;;;;;;;;;;;;;;;;;;;;
;;;;;;;;;;;;;;;;;;;;
;;;;;;;;;;;;;;;;;;;;
;;;;;;;;;;;;;;;;;;;;
;;;;;;;;;;;;;;;;;;;;
;;;;;;;;;;;;;;;;;;;;
;;;;;;;;;;;;;;;;;;;;
;;;;;;;;;;;;;;;;;;;;
;;;;;;;;;;;;;;;;;;;;
;;;;;;;;;;;;;;;;;;;;
;;;;;;;;;;;;;;;;;;;;
;;;;;;;;;;;;;;;;;;;;
;;;;;;;;;;;;;;;;;;;;
;;;;;;;;;;;;;;;;;;;;
;;;;;;;;;;;;;;;;;;;;
;;;;;;;;;;;;;;;;;;;;
;;;;;;;;;;;;;;;;;;;;
;;;;;;;;;;;;;;;;;;;;
;;;;;;;;;;;;;;;;;;;;
;;;;;;;;;;;;;;;;;;;;
;;;;;;;;;;;;;;;;;;;;
;;;;;;;;;;;;;;;;;;;;
;;;;;;;;;;;;;;;;;;;;
;;;;;;;;;;;;;;;;;;;;
;;;;;;;;;;;;;;;;;;;;
;;;;;;;;;;;;;;;;;;;;
;;;;;;;;;;;;;;;;;;;;
;;;;;;;;;;;;;;;;;;;;
;;;;;;;;;;;;;;;;;;;;
;;;;;;;;;;;;;;;;;;;;
;;;;;;;;;;;;;;;;;;;;
;;;;;;;;;;;;;;;;;;;;
;;;;;;;;;;;;;;;;;;;;
;;;;;;;;;;;;;;;;;;;;
;;;;;;;;;;;;;;;;;;;;
;;;;;;;;;;;;;;;;;;;;
;;;;;;;;;;;;;;;;;;;;
;;;;;;;;;;;;;;;;;;;;
;;;;;;;;;;;;;;;;;;;;
;;;;;;;;;;;;;;;;;;;;
;;;;;;;;;;;;;;;;;;;;
;;;;;;;;;;;;;;;;;;;;
;;;;;;;;;;;;;;;;;;;;
;;;;;;;;;;;;;;;;;;;;
;;;;;;;;;;;;;;;;;;;;
;;;;;;;;;;;;;;;;;;;;
;;;;;;;;;;;;;;;;;;;;
;;;;;;;;;;;;;;;;;;;;
;;;;;;;;;;;;;;;;;;;;
;;;;;;;;;;;;;;;;;;;;
;;;;;;;;;;;;;;;;;;;;
;;;;;;;;;;;;;;;;;;;;
;;;;;;;;;;;;;;;;;;;;
;;;;;;;;;;;;;;;;;;;;
;;;;;;;;;;;;;;;;;;;;
;;;;;;;;;;;;;;;;;;;;
;;;;;;;;;;;;;;;;;;;;
;;;;;;;;;;;;;;;;;;;;
;;;;;;;;;;;;;;;;;;;;
;;;;;;;;;;;;;;;;;;;;
;;;;;;;;;;;;;;;;;;;;
;;;;;;;;;;;;;;;;;;;;
;;;;;;;;;;;;;;;;;;;;
;;;;;;;;;;;;;;;;;;;;
;;;;;;;;;;;;;;;;;;;;
;;;;;;;;;;;;;;;;;;;;
;;;;;;;;;;;;;;;;;;;;
;;;;;;;;;;;;;;;;;;;;
;;;;;;;;;;;;;;;;;;;;
;;;;;;;;;;;;;;;;;;;;
;;;;;;;;;;;;;;;;;;;;
;;;;;;;;;;;;;;;;;;;;
;;;;;;;;;;;;;;;;;;;;
;;;;;;;;;;;;;;;;;;;;
;;;;;;;;;;;;;;;;;;;;
;;;;;;;;;;;;;;;;;;;;
;;;;;;;;;;;;;;;;;;;;
;;;;;;;;;;;;;;;;;;;;
;;;;;;;;;;;;;;;;;;;;
;;;;;;;;;;;;;;;;;;;;
;;;;;;;;;;;;;;;;;;;;
;;;;;;;;;;;;;;;;;;;;
;;;;;;;;;;;;;;;;;;;;
;;;;;;;;;;;;;;;;;;;;
;;;;;;;;;;;;;;;;;;;;
;;;;;;;;;;;;;;;;;;;;
;;;;;;;;;;;;;;;;;;;;
;;;;;;;;;;;;;;;;;;;;
;;;;;;;;;;;;;;;;;;;;
;;;;;;;;;;;;;;;;;;;;
;;;;;;;;;;;;;;;;;;;;
;;;;;;;;;;;;;;;;;;;;
;;;;;;;;;;;;;;;;;;;;
;;;;;;;;;;;;;;;;;;;;
;;;;;;;;;;;;;;;;;;;;
;;;;;;;;;;;;;;;;;;;;
;;;;;;;;;;;;;;;;;;;;
;;;;;;;;;;;;;;;;;;;;
;;;;;;;;;;;;;;;;;;;;
;;;;;;;;;;;;;;;;;;;;
;;;;;;;;;;;;;;;;;;;;
;;;;;;;;;;;;;;;;;;;;
;;;;;;;;;;;;;;;;;;;;
;;;;;;;;;;;;;;;;;;;;
;;;;;;;;;;;;;;;;;;;;
;;;;;;;;;;;;;;;;;;;;
;;;;;;;;;;;;;;;;;;;;
;;;;;;;;;;;;;;;;;;;;
;;;;;;;;;;;;;;;;;;;;
;;;;;;;;;;;;;;;;;;;;
;;;;;;;;;;;;;;;;;;;;
;;;;;;;;;;;;;;;;;;;;
;;;;;;;;;;;;;;;;;;;;
;;;;;;;;;;;;;;;;;;;;
;;;;;;;;;;;;;;;;;;;;
;;;;;;;;;;;;;;;;;;;;
;;;;;;;;;;;;;;;;;;;;
;;;;;;;;;;;;;;;;;;;;
;;;;;;;;;;;;;;;;;;;;
;;;;;;;;;;;;;;;;;;;;
;;;;;;;;;;;;;;;;;;;;
;;;;;;;;;;;;;;;;;;;;
;;;;;;;;;;;;;;;;;;;;
;;;;;;;;;;;;;;;;;;;;
;;;;;;;;;;;;;;;;;;;;
;;;;;;;;;;;;;;;;;;;;
;;;;;;;;;;;;;;;;;;;;
;;;;;;;;;;;;;;;;;;;;
;;;;;;;;;;;;;;;;;;;;
;;;;;;;;;;;;;;;;;;;;
;;;;;;;;;;;;;;;;;;;;
;;;;;;;;;;;;;;;;;;;;
;;;;;;;;;;;;;;;;;;;;
;;;;;;;;;;;;;;;;;;;;
;;;;;;;;;;;;;;;;;;;;
;;;;;;;;;;;;;;;;;;;;
;;;;;;;;;;;;;;;;;;;;
;;;;;;;;;;;;;;;;;;;;
;;;;;;;;;;;;;;;;;;;;
;;;;;;;;;;;;;;;;;;;;
;;;;;;;;;;;;;;;;;;;;
;;;;;;;;;;;;;;;;;;;;
;;;;;;;;;;;;;;;;;;;;
;;;;;;;;;;;;;;;;;;;;
;;;;;;;;;;;;;;;;;;;;
;;;;;;;;;;;;;;;;;;;;
;;;;;;;;;;;;;;;;;;;;
;;;;;;;;;;;;;;;;;;;;
;;;;;;;;;;;;;;;;;;;;
;;;;;;;;;;;;;;;;;;;;
;;;;;;;;;;;;;;;;;;;;
;;;;;;;;;;;;;;;;;;;;
;;;;;;;;;;;;;;;;;;;;
;;;;;;;;;;;;;;;;;;;;
;;;;;;;;;;;;;;;;;;;;
;;;;;;;;;;;;;;;;;;;;
;;;;;;;;;;;;;;;;;;;;
;;;;;;;;;;;;;;;;;;;;
;;;;;;;;;;;;;;;;;;;;
;;;;;;;;;;;;;;;;;;;;
;;;;;;;;;;;;;;;;;;;;
;;;;;;;;;;;;;;;;;;;;
;;;;;;;;;;;;;;;;;;;;
;;;;;;;;;;;;;;;;;;;;
;;;;;;;;;;;;;;;;;;;;
;;;;;;;;;;;;;;;;;;;;
;;;;;;;;;;;;;;;;;;;;
;;;;;;;;;;;;;;;;;;;;
;;;;;;;;;;;;;;;;;;;;
;;;;;;;;;;;;;;;;;;;;
;;;;;;;;;;;;;;;;;;;;
;;;;;;;;;;;;;;;;;;;;
;;;;;;;;;;;;;;;;;;;;
;;;;;;;;;;;;;;;;;;;;
;;;;;;;;;;;;;;;;;;;;
;;;;;;;;;;;;;;;;;;;;
;;;;;;;;;;;;;;;;;;;;
;;;;;;;;;;;;;;;;;;;;
;;;;;;;;;;;;;;;;;;;;
;;;;;;;;;;;;;;;;;;;;
;;;;;;;;;;;;;;;;;;;;
;;;;;;;;;;;;;;;;;;;;
;;;;;;;;;;;;;;;;;;;;
;;;;;;;;;;;;;;;;;;;;
;;;;;;;;;;;;;;;;;;;;
;;;;;;;;;;;;;;;;;;;;
;;;;;;;;;;;;;;;;;;;;
;;;;;;;;;;;;;;;;;;;;
;;;;;;;;;;;;;;;;;;;;
;;;;;;;;;;;;;;;;;;;;
;;;;;;;;;;;;;;;;;;;;
;;;;;;;;;;;;;;;;;;;;
;;;;;;;;;;;;;;;;;;;;
;;;;;;;;;;;;;;;;;;;;
;;;;;;;;;;;;;;;;;;;;
;;;;;;;;;;;;;;;;;;;;
;;;;;;;;;;;;;;;;;;;;
;;;;;;;;;;;;;;;;;;;;
;;;;;;;;;;;;;;;;;;;;
;;;;;;;;;;;;;;;;;;;;
;;;;;;;;;;;;;;;;;;;;
;;;;;;;;;;;;;;;;;;;;
;;;;;;;;;;;;;;;;;;;;
;;;;;;;;;;;;;;;;;;;;
;;;;;;;;;;;;;;;;;;;;
;;;;;;;;;;;;;;;;;;;;
;;;;;;;;;;;;;;;;;;;;
;;;;;;;;;;;;;;;;;;;;
;;;;;;;;;;;;;;;;;;;;
;;;;;;;;;;;;;;;;;;;;
;;;;;;;;;;;;;;;;;;;;
;;;;;;;;;;;;;;;;;;;;
;;;;;;;;;;;;;;;;;;;;
;;;;;;;;;;;;;;;;;;;;
;;;;;;;;;;;;;;;;;;;;
;;;;;;;;;;;;;;;;;;;;
;;;;;;;;;;;;;;;;;;;;
;;;;;;;;;;;;;;;;;;;;
;;;;;;;;;;;;;;;;;;;;
;;;;;;;;;;;;;;;;;;;;
;;;;;;;;;;;;;;;;;;;;
;;;;;;;;;;;;;;;;;;;;
;;;;;;;;;;;;;;;;;;;;
;;;;;;;;;;;;;;;;;;;;
;;;;;;;;;;;;;;;;;;;;
;;;;;;;;;;;;;;;;;;;;
;;;;;;;;;;;;;;;;;;;;
;;;;;;;;;;;;;;;;;;;;
;;;;;;;;;;;;;;;;;;;;
;;;;;;;;;;;;;;;;;;;;
;;;;;;;;;;;;;;;;;;;;
;;;;;;;;;;;;;;;;;;;;
;;;;;;;;;;;;;;;;;;;;
;;;;;;;;;;;;;;;;;;;;
;;;;;;;;;;;;;;;;;;;;
;;;;;;;;;;;;;;;;;;;;
;;;;;;;;;;;;;;;;;;;;
;;;;;;;;;;;;;;;;;;;;
;;;;;;;;;;;;;;;;;;;;
;;;;;;;;;;;;;;;;;;;;
;;;;;;;;;;;;;;;;;;;;
;;;;;;;;;;;;;;;;;;;;
;;;;;;;;;;;;;;;;;;;;
;;;;;;;;;;;;;;;;;;;;
;;;;;;;;;;;;;;;;;;;;
;;;;;;;;;;;;;;;;;;;;
;;;;;;;;;;;;;;;;;;;;
;;;;;;;;;;;;;;;;;;;;
;;;;;;;;;;;;;;;;;;;;
;;;;;;;;;;;;;;;;;;;;
;;;;;;;;;;;;;;;;;;;;
;;;;;;;;;;;;;;;;;;;;
;;;;;;;;;;;;;;;;;;;;
;;;;;;;;;;;;;;;;;;;;
;;;;;;;;;;;;;;;;;;;;
;;;;;;;;;;;;;;;;;;;;
;;;;;;;;;;;;;;;;;;;;
;;;;;;;;;;;;;;;;;;;;
;;;;;;;;;;;;;;;;;;;;
;;;;;;;;;;;;;;;;;;;;
;;;;;;;;;;;;;;;;;;;;
;;;;;;;;;;;;;;;;;;;;
;;;;;;;;;;;;;;;;;;;;
;;;;;;;;;;;;;;;;;;;;
;;;;;;;;;;;;;;;;;;;;
;;;;;;;;;;;;;;;;;;;;
;;;;;;;;;;;;;;;;;;;;
;;;;;;;;;;;;;;;;;;;;
;;;;;;;;;;;;;;;;;;;;
;;;;;;;;;;;;;;;;;;;;
;;;;;;;;;;;;;;;;;;;;
;;;;;;;;;;;;;;;;;;;;
;;;;;;;;;;;;;;;;;;;;
;;;;;;;;;;;;;;;;;;;;
;;;;;;;;;;;;;;;;;;;;
;;;;;;;;;;;;;;;;;;;;
;;;;;;;;;;;;;;;;;;;;
;;;;;;;;;;;;;;;;;;;;
;;;;;;;;;;;;;;;;;;;;
;;;;;;;;;;;;;;;;;;;;
;;;;;;;;;;;;;;;;;;;;
;;;;;;;;;;;;;;;;;;;;
;;;;;;;;;;;;;;;;;;;;
;;;;;;;;;;;;;;;;;;;;
;;;;;;;;;;;;;;;;;;;;
;;;;;;;;;;;;;;;;;;;;
;;;;;;;;;;;;;;;;;;;;
;;;;;;;;;;;;;;;;;;;;
;;;;;;;;;;;;;;;;;;;;
;;;;;;;;;;;;;;;;;;;;
;;;;;;;;;;;;;;;;;;;;
;;;;;;;;;;;;;;;;;;;;
;;;;;;;;;;;;;;;;;;;;
;;;;;;;;;;;;;;;;;;;;
;;;;;;;;;;;;;;;;;;;;
;;;;;;;;;;;;;;;;;;;;
;;;;;;;;;;;;;;;;;;;;
;;;;;;;;;;;;;;;;;;;;
;;;;;;;;;;;;;;;;;;;;
;;;;;;;;;;;;;;;;;;;;
;;;;;;;;;;;;;;;;;;;;
;;;;;;;;;;;;;;;;;;;;
;;;;;;;;;;;;;;;;;;;;
;;;;;;;;;;;;;;;;;;;;
;;;;;;;;;;;;;;;;;;;;
;;;;;;;;;;;;;;;;;;;;
;;;;;;;;;;;;;;;;;;;;
;;;;;;;;;;;;;;;;;;;;
;;;;;;;;;;;;;;;;;;;;
;;;;;;;;;;;;;;;;;;;;
;;;;;;;;;;;;;;;;;;;;
;;;;;;;;;;;;;;;;;;;;
;;;;;;;;;;;;;;;;;;;;
;;;;;;;;;;;;;;;;;;;;
;;;;;;;;;;;;;;;;;;;;
;;;;;;;;;;;;;;;;;;;;
;;;;;;;;;;;;;;;;;;;;
;;;;;;;;;;;;;;;;;;;;
;;;;;;;;;;;;;;;;;;;;
;;;;;;;;;;;;;;;;;;;;
;;;;;;;;;;;;;;;;;;;;
;;;;;;;;;;;;;;;;;;;;
;;;;;;;;;;;;;;;;;;;;
;;;;;;;;;;;;;;;;;;;;
;;;;;;;;;;;;;;;;;;;;
;;;;;;;;;;;;;;;;;;;;
;;;;;;;;;;;;;;;;;;;;
;;;;;;;;;;;;;;;;;;;;
;;;;;;;;;;;;;;;;;;;;
;;;;;;;;;;;;;;;;;;;;
;;;;;;;;;;;;;;;;;;;;
;;;;;;;;;;;;;;;;;;;;
;;;;;;;;;;;;;;;;;;;;
;;;;;;;;;;;;;;;;;;;;
;;;;;;;;;;;;;;;;;;;;
;;;;;;;;;;;;;;;;;;;;
;;;;;;;;;;;;;;;;;;;;
;;;;;;;;;;;;;;;;;;;;
;;;;;;;;;;;;;;;;;;;;
;;;;;;;;;;;;;;;;;;;;
;;;;;;;;;;;;;;;;;;;;
;;;;;;;;;;;;;;;;;;;;
;;;;;;;;;;;;;;;;;;;;
;;;;;;;;;;;;;;;;;;;;
;;;;;;;;;;;;;;;;;;;;
;;;;;;;;;;;;;;;;;;;;
;;;;;;;;;;;;;;;;;;;;
;;;;;;;;;;;;;;;;;;;;
;;;;;;;;;;;;;;;;;;;;
;;;;;;;;;;;;;;;;;;;;
;;;;;;;;;;;;;;;;;;;;
;;;;;;;;;;;;;;;;;;;;
;;;;;;;;;;;;;;;;;;;;
;;;;;;;;;;;;;;;;;;;;
;;;;;;;;;;;;;;;;;;;;
;;;;;;;;;;;;;;;;;;;;
;;;;;;;;;;;;;;;;;;;;
;;;;;;;;;;;;;;;;;;;;
;;;;;;;;;;;;;;;;;;;;
;;;;;;;;;;;;;;;;;;;;
;;;;;;;;;;;;;;;;;;;;
;;;;;;;;;;;;;;;;;;;;
;;;;;;;;;;;;;;;;;;;;
;;;;;;;;;;;;;;;;;;;;
;;;;;;;;;;;;;;;;;;;;
;;;;;;;;;;;;;;;;;;;;
;;;;;;;;;;;;;;;;;;;;
;;;;;;;;;;;;;;;;;;;;
;;;;;;;;;;;;;;;;;;;;
;;;;;;;;;;;;;;;;;;;;
;;;;;;;;;;;;;;;;;;;;
;;;;;;;;;;;;;;;;;;;;
;;;;;;;;;;;;;;;;;;;;
;;;;;;;;;;;;;;;;;;;;
;;;;;;;;;;;;;;;;;;;;
;;;;;;;;;;;;;;;;;;;;
;;;;;;;;;;;;;;;;;;;;
;;;;;;;;;;;;;;;;;;;;
;;;;;;;;;;;;;;;;;;;;
;;;;;;;;;;;;;;;;;;;;
;;;;;;;;;;;;;;;;;;;;
;;;;;;;;;;;;;;;;;;;;
;;;;;;;;;;;;;;;;;;;;
;;;;;;;;;;;;;;;;;;;;
;;;;;;;;;;;;;;;;;;;;
;;;;;;;;;;;;;;;;;;;;
;;;;;;;;;;;;;;;;;;;;
;;;;;;;;;;;;;;;;;;;;
;;;;;;;;;;;;;;;;;;;;
;;;;;;;;;;;;;;;;;;;;
;;;;;;;;;;;;;;;;;;;;
;;;;;;;;;;;;;;;;;;;;
;;;;;;;;;;;;;;;;;;;;
;;;;;;;;;;;;;;;;;;;;
;;;;;;;;;;;;;;;;;;;;
;;;;;;;;;;;;;;;;;;;;
;;;;;;;;;;;;;;;;;;;;
;;;;;;;;;;;;;;;;;;;;
;;;;;;;;;;;;;;;;;;;;
;;;;;;;;;;;;;;;;;;;;
;;;;;;;;;;;;;;;;;;;;
;;;;;;;;;;;;;;;;;;;;
;;;;;;;;;;;;;;;;;;;;
;;;;;;;;;;;;;;;;;;;;
;;;;;;;;;;;;;;;;;;;;
;;;;;;;;;;;;;;;;;;;;
;;;;;;;;;;;;;;;;;;;;
;;;;;;;;;;;;;;;;;;;;
;;;;;;;;;;;;;;;;;;;;
;;;;;;;;;;;;;;;;;;;;
;;;;;;;;;;;;;;;;;;;;
;;;;;;;;;;;;;;;;;;;;
;;;;;;;;;;;;;;;;;;;;
;;;;;;;;;;;;;;;;;;;;
;;;;;;;;;;;;;;;;;;;;
;;;;;;;;;;;;;;;;;;;;
;;;;;;;;;;;;;;;;;;;;
;;;;;;;;;;;;;;;;;;;;
;;;;;;;;;;;;;;;;;;;;
;;;;;;;;;;;;;;;;;;;;
;;;;;;;;;;;;;;;;;;;;
;;;;;;;;;;;;;;;;;;;;
;;;;;;;;;;;;;;;;;;;;
;;;;;;;;;;;;;;;;;;;;
;;;;;;;;;;;;;;;;;;;;
;;;;;;;;;;;;;;;;;;;;
;;;;;;;;;;;;;;;;;;;;
;;;;;;;;;;;;;;;;;;;;
;;;;;;;;;;;;;;;;;;;;
;;;;;;;;;;;;;;;;;;;;
;;;;;;;;;;;;;;;;;;;;
;;;;;;;;;;;;;;;;;;;;
;;;;;;;;;;;;;;;;;;;;
;;;;;;;;;;;;;;;;;;;;
;;;;;;;;;;;;;;;;;;;;
;;;;;;;;;;;;;;;;;;;;
;;;;;;;;;;;;;;;;;;;;
;;;;;;;;;;;;;;;;;;;;
;;;;;;;;;;;;;;;;;;;;
;;;;;;;;;;;;;;;;;;;;
;;;;;;;;;;;;;;;;;;;;
;;;;;;;;;;;;;;;;;;;;
;;;;;;;;;;;;;;;;;;;;
;;;;;;;;;;;;;;;;;;;;
;;;;;;;;;;;;;;;;;;;;
;;;;;;;;;;;;;;;;;;;;
;;;;;;;;;;;;;;;;;;;;
;;;;;;;;;;;;;;;;;;;;
;;;;;;;;;;;;;;;;;;;;
;;;;;;;;;;;;;;;;;;;;
;;;;;;;;;;;;;;;;;;;;
;;;;;;;;;;;;;;;;;;;;
;;;;;;;;;;;;;;;;;;;;
;;;;;;;;;;;;;;;;;;;;
;;;;;;;;;;;;;;;;;;;;
;;;;;;;;;;;;;;;;;;;;
;;;;;;;;;;;;;;;;;;;;
;;;;;;;;;;;;;;;;;;;;
;;;;;;;;;;;;;;;;;;;;
;;;;;;;;;;;;;;;;;;;;
;;;;;;;;;;;;;;;;;;;;
;;;;;;;;;;;;;;;;;;;;
;;;;;;;;;;;;;;;;;;;;
;;;;;;;;;;;;;;;;;;;;
;;;;;;;;;;;;;;;;;;;;
;;;;;;;;;;;;;;;;;;;;
;;;;;;;;;;;;;;;;;;;;
;;;;;;;;;;;;;;;;;;;;
;;;;;;;;;;;;;;;;;;;;
;;;;;;;;;;;;;;;;;;;;
;;;;;;;;;;;;;;;;;;;;
;;;;;;;;;;;;;;;;;;;;
;;;;;;;;;;;;;;;;;;;;
;;;;;;;;;;;;;;;;;;;;
;;;;;;;;;;;;;;;;;;;;
;;;;;;;;;;;;;;;;;;;;
;;;;;;;;;;;;;;;;;;;;
;;;;;;;;;;;;;;;;;;;;
;;;;;;;;;;;;;;;;;;;;
;;;;;;;;;;;;;;;;;;;;
;;;;;;;;;;;;;;;;;;;;
;;;;;;;;;;;;;;;;;;;;
;;;;;;;;;;;;;;;;;;;;
;;;;;;;;;;;;;;;;;;;;
;;;;;;;;;;;;;;;;;;;;
;;;;;;;;;;;;;;;;;;;;
;;;;;;;;;;;;;;;;;;;;
;;;;;;;;;;;;;;;;;;;;
;;;;;;;;;;;;;;;;;;;;
;;;;;;;;;;;;;;;;;;;;
;;;;;;;;;;;;;;;;;;;;
;;;;;;;;;;;;;;;;;;;;
;;;;;;;;;;;;;;;;;;;;
;;;;;;;;;;;;;;;;;;;;
;;;;;;;;;;;;;;;;;;;;
;;;;;;;;;;;;;;;;;;;;
;;;;;;;;;;;;;;;;;;;;
;;;;;;;;;;;;;;;;;;;;
;;;;;;;;;;;;;;;;;;;;
;;;;;;;;;;;;;;;;;;;;
;;;;;;;;;;;;;;;;;;;;
;;;;;;;;;;;;;;;;;;;;
;;;;;;;;;;;;;;;;;;;;
;;;;;;;;;;;;;;;;;;;;
;;;;;;;;;;;;;;;;;;;;
;;;;;;;;;;;;;;;;;;;;
;;;;;;;;;;;;;;;;;;;;
;;;;;;;;;;;;;;;;;;;;
;;;;;;;;;;;;;;;;;;;;
;;;;;;;;;;;;;;;;;;;;
;;;;;;;;;;;;;;;;;;;;
;;;;;;;;;;;;;;;;;;;;
;;;;;;;;;;;;;;;;;;;;
;;;;;;;;;;;;;;;;;;;;
;;;;;;;;;;;;;;;;;;;;
;;;;;;;;;;;;;;;;;;;;
;;;;;;;;;;;;;;;;;;;;
;;;;;;;;;;;;;;;;;;;;
;;;;;;;;;;;;;;;;;;;;
;;;;;;;;;;;;;;;;;;;;
;;;;;;;;;;;;;;;;;;;;
;;;;;;;;;;;;;;;;;;;;
;;;;;;;;;;;;;;;;;;;;
;;;;;;;;;;;;;;;;;;;;
;;;;;;;;;;;;;;;;;;;;
;;;;;;;;;;;;;;;;;;;;
;;;;;;;;;;;;;;;;;;;;
;;;;;;;;;;;;;;;;;;;;
;;;;;;;;;;;;;;;;;;;;
;;;;;;;;;;;;;;;;;;;;
;;;;;;;;;;;;;;;;;;;;
;;;;;;;;;;;;;;;;;;;;
;;;;;;;;;;;;;;;;;;;;
;;;;;;;;;;;;;;;;;;;;
;;;;;;;;;;;;;;;;;;;;
;;;;;;;;;;;;;;;;;;;;
;;;;;;;;;;;;;;;;;;;;
;;;;;;;;;;;;;;;;;;;;
;;;;;;;;;;;;;;;;;;;;
;;;;;;;;;;;;;;;;;;;;
;;;;;;;;;;;;;;;;;;;;
;;;;;;;;;;;;;;;;;;;;
;;;;;;;;;;;;;;;;;;;;
;;;;;;;;;;;;;;;;;;;;
;;;;;;;;;;;;;;;;;;;;
;;;;;;;;;;;;;;;;;;;;
;;;;;;;;;;;;;;;;;;;;
;;;;;;;;;;;;;;;;;;;;
;;;;;;;;;;;;;;;;;;;;
;;;;;;;;;;;;;;;;;;;;
;;;;;;;;;;;;;;;;;;;;
;;;;;;;;;;;;;;;;;;;;
;;;;;;;;;;;;;;;;;;;;
;;;;;;;;;;;;;;;;;;;;
;;;;;;;;;;;;;;;;;;;;
;;;;;;;;;;;;;;;;;;;;
;;;;;;;;;;;;;;;;;;;;
;;;;;;;;;;;;;;;;;;;;
;;;;;;;;;;;;;;;;;;;;
;;;;;;;;;;;;;;;;;;;;
;;;;;;;;;;;;;;;;;;;;
;;;;;;;;;;;;;;;;;;;;
;;;;;;;;;;;;;;;;;;;;
;;;;;;;;;;;;;;;;;;;;
;;;;;;;;;;;;;;;;;;;;
;;;;;;;;;;;;;;;;;;;;
;;;;;;;;;;;;;;;;;;;;
;;;;;;;;;;;;;;;;;;;;
;;;;;;;;;;;;;;;;;;;;
;;;;;;;;;;;;;;;;;;;;
;;;;;;;;;;;;;;;;;;;;
;;;;;;;;;;;;;;;;;;;;
;;;;;;;;;;;;;;;;;;;;
;;;;;;;;;;;;;;;;;;;;
;;;;;;;;;;;;;;;;;;;;
;;;;;;;;;;;;;;;;;;;;
;;;;;;;;;;;;;;;;;;;;
;;;;;;;;;;;;;;;;;;;;
;;;;;;;;;;;;;;;;;;;;
;;;;;;;;;;;;;;;;;;;;
;;;;;;;;;;;;;;;;;;;;
;;;;;;;;;;;;;;;;;;;;
;;;;;;;;;;;;;;;;;;;;
;;;;;;;;;;;;;;;;;;;;
;;;;;;;;;;;;;;;;;;;;
;;;;;;;;;;;;;;;;;;;;
;;;;;;;;;;;;;;;;;;;;
;;;;;;;;;;;;;;;;;;;;
;;;;;;;;;;;;;;;;;;;;
;;;;;;;;;;;;;;;;;;;;
;;;;;;;;;;;;;;;;;;;;
;;;;;;;;;;;;;;;;;;;;
;;;;;;;;;;;;;;;;;;;;
;;;;;;;;;;;;;;;;;;;;
;;;;;;;;;;;;;;;;;;;;
;;;;;;;;;;;;;;;;;;;;
;;;;;;;;;;;;;;;;;;;;
;;;;;;;;;;;;;;;;;;;;
;;;;;;;;;;;;;;;;;;;;
;;;;;;;;;;;;;;;;;;;;
;;;;;;;;;;;;;;;;;;;;
;;;;;;;;;;;;;;;;;;;;
;;;;;;;;;;;;;;;;;;;;
;;;;;;;;;;;;;;;;;;;;
;;;;;;;;;;;;;;;;;;;;
;;;;;;;;;;;;;;;;;;;;
;;;;;;;;;;;;;;;;;;;;
;;;;;;;;;;;;;;;;;;;;
;;;;;;;;;;;;;;;;;;;;
;;;;;;;;;;;;;;;;;;;;
;;;;;;;;;;;;;;;;;;;;
;;;;;;;;;;;;;;;;;;;;
;;;;;;;;;;;;;;;;;;;;
;;;;;;;;;;;;;;;;;;;;
;;;;;;;;;;;;;;;;;;;;
;;;;;;;;;;;;;;;;;;;;
;;;;;;;;;;;;;;;;;;;;
;;;;;;;;;;;;;;;;;;;;
;;;;;;;;;;;;;;;;;;;;
;;;;;;;;;;;;;;;;;;;;
;;;;;;;;;;;;;;;;;;;;
;;;;;;;;;;;;;;;;;;;;
;;;;;;;;;;;;;;;;;;;;
;;;;;;;;;;;;;;;;;;;;
;;;;;;;;;;;;;;;;;;;;
;;;;;;;;;;;;;;;;;;;;
;;;;;;;;;;;;;;;;;;;;
;;;;;;;;;;;;;;;;;;;;
;;;;;;;;;;;;;;;;;;;;
;;;;;;;;;;;;;;;;;;;;
;;;;;;;;;;;;;;;;;;;;
;;;;;;;;;;;;;;;;;;;;
;;;;;;;;;;;;;;;;;;;;
;;;;;;;;;;;;;;;;;;;;
;;;;;;;;;;;;;;;;;;;;
;;;;;;;;;;;;;;;;;;;;
;;;;;;;;;;;;;;;;;;;;
;;;;;;;;;;;;;;;;;;;;
;;;;;;;;;;;;;;;;;;;;
;;;;;;;;;;;;;;;;;;;;
;;;;;;;;;;;;;;;;;;;;
;;;;;;;;;;;;;;;;;;;;
;;;;;;;;;;;;;;;;;;;;
;;;;;;;;;;;;;;;;;;;;
;;;;;;;;;;;;;;;;;;;;
;;;;;;;;;;;;;;;;;;;;
;;;;;;;;;;;;;;;;;;;;
;;;;;;;;;;;;;;;;;;;;
;;;;;;;;;;;;;;;;;;;;
;;;;;;;;;;;;;;;;;;;;
;;;;;;;;;;;;;;;;;;;;
;;;;;;;;;;;;;;;;;;;;
;;;;;;;;;;;;;;;;;;;;
;;;;;;;;;;;;;;;;;;;;
;;;;;;;;;;;;;;;;;;;;
;;;;;;;;;;;;;;;;;;;;
;;;;;;;;;;;;;;;;;;;;
;;;;;;;;;;;;;;;;;;;;
;;;;;;;;;;;;;;;;;;;;
;;;;;;;;;;;;;;;;;;;;
;;;;;;;;;;;;;;;;;;;;
;;;;;;;;;;;;;;;;;;;;
;;;;;;;;;;;;;;;;;;;;
;;;;;;;;;;;;;;;;;;;;
;;;;;;;;;;;;;;;;;;;;
;;;;;;;;;;;;;;;;;;;;
;;;;;;;;;;;;;;;;;;;;
;;;;;;;;;;;;;;;;;;;;
;;;;;;;;;;;;;;;;;;;;
;;;;;;;;;;;;;;;;;;;;
;;;;;;;;;;;;;;;;;;;;
;;;;;;;;;;;;;;;;;;;;
;;;;;;;;;;;;;;;;;;;;
;;;;;;;;;;;;;;;;;;;;
;;;;;;;;;;;;;;;;;;;;
;;;;;;;;;;;;;;;;;;;;
;;;;;;;;;;;;;;;;;;;;
;;;;;;;;;;;;;;;;;;;;
;;;;;;;;;;;;;;;;;;;;
;;;;;;;;;;;;;;;;;;;;
;;;;;;;;;;;;;;;;;;;;
;;;;;;;;;;;;;;;;;;;;
;;;;;;;;;;;;;;;;;;;;
;;;;;;;;;;;;;;;;;;;;
;;;;;;;;;;;;;;;;;;;;
;;;;;;;;;;;;;;;;;;;;
;;;;;;;;;;;;;;;;;;;;
;;;;;;;;;;;;;;;;;;;;
;;;;;;;;;;;;;;;;;;;;
;;;;;;;;;;;;;;;;;;;;
;;;;;;;;;;;;;;;;;;;;
;;;;;;;;;;;;;;;;;;;;
;;;;;;;;;;;;;;;;;;;;
;;;;;;;;;;;;;;;;;;;;
;;;;;;;;;;;;;;;;;;;;
;;;;;;;;;;;;;;;;;;;;
;;;;;;;;;;;;;;;;;;;;
;;;;;;;;;;;;;;;;;;;;
;;;;;;;;;;;;;;;;;;;;
;;;;;;;;;;;;;;;;;;;;
;;;;;;;;;;;;;;;;;;;;
;;;;;;;;;;;;;;;;;;;;
;;;;;;;;;;;;;;;;;;;;
;;;;;;;;;;;;;;;;;;;;
;;;;;;;;;;;;;;;;;;;;
;;;;;;;;;;;;;;;;;;;;
;;;;;;;;;;;;;;;;;;;;
;;;;;;;;;;;;;;;;;;;;
;;;;;;;;;;;;;;;;;;;;
;;;;;;;;;;;;;;;;;;;;
;;;;;;;;;;;;;;;;;;;;
;;;;;;;;;;;;;;;;;;;;
;;;;;;;;;;;;;;;;;;;;
;;;;;;;;;;;;;;;;;;;;
;;;;;;;;;;;;;;;;;;;;
;;;;;;;;;;;;;;;;;;;;
;;;;;;;;;;;;;;;;;;;;
;;;;;;;;;;;;;;;;;;;;
;;;;;;;;;;;;;;;;;;;;
;;;;;;;;;;;;;;;;;;;;
;;;;;;;;;;;;;;;;;;;;
;;;;;;;;;;;;;;;;;;;;
;;;;;;;;;;;;;;;;;;;;
;;;;;;;;;;;;;;;;;;;;
;;;;;;;;;;;;;;;;;;;;
;;;;;;;;;;;;;;;;;;;;
;;;;;;;;;;;;;;;;;;;;
;;;;;;;;;;;;;;;;;;;;
;;;;;;;;;;;;;;;;;;;;
;;;;;;;;;;;;;;;;;;;;
;;;;;;;;;;;;;;;;;;;;
;;;;;;;;;;;;;;;;;;;;
;;;;;;;;;;;;;;;;;;;;
;;;;;;;;;;;;;;;;;;;;
;;;;;;;;;;;;;;;;;;;;
;;;;;;;;;;;;;;;;;;;;
;;;;;;;;;;;;;;;;;;;;
;;;;;;;;;;;;;;;;;;;;
;;;;;;;;;;;;;;;;;;;;
;;;;;;;;;;;;;;;;;;;;
;;;;;;;;;;;;;;;;;;;;
;;;;;;;;;;;;;;;;;;;;
;;;;;;;;;;;;;;;;;;;;
;;;;;;;;;;;;;;;;;;;;
;;;;;;;;;;;;;;;;;;;;
;;;;;;;;;;;;;;;;;;;;
;;;;;;;;;;;;;;;;;;;;
;;;;;;;;;;;;;;;;;;;;
;;;;;;;;;;;;;;;;;;;;
;;;;;;;;;;;;;;;;;;;;
;;;;;;;;;;;;;;;;;;;;
;;;;;;;;;;;;;;;;;;;;
;;;;;;;;;;;;;;;;;;;;
;;;;;;;;;;;;;;;;;;;;
;;;;;;;;;;;;;;;;;;;;
;;;;;;;;;;;;;;;;;;;;
;;;;;;;;;;;;;;;;;;;;
;;;;;;;;;;;;;;;;;;;;
;;;;;;;;;;;;;;;;;;;;
;;;;;;;;;;;;;;;;;;;;
;;;;;;;;;;;;;;;;;;;;
;;;;;;;;;;;;;;;;;;;;
;;;;;;;;;;;;;;;;;;;;
;;;;;;;;;;;;;;;;;;;;
;;;;;;;;;;;;;;;;;;;;
;;;;;;;;;;;;;;;;;;;;
;;;;;;;;;;;;;;;;;;;;
;;;;;;;;;;;;;;;;;;;;
;;;;;;;;;;;;;;;;;;;;
;;;;;;;;;;;;;;;;;;;;
;;;;;;;;;;;;;;;;;;;;
;;;;;;;;;;;;;;;;;;;;
;;;;;;;;;;;;;;;;;;;;
;;;;;;;;;;;;;;;;;;;;
;;;;;;;;;;;;;;;;;;;;
;;;;;;;;;;;;;;;;;;;;
;;;;;;;;;;;;;;;;;;;;
;;;;;;;;;;;;;;;;;;;;
;;;;;;;;;;;;;;;;;;;;
;;;;;;;;;;;;;;;;;;;;
;;;;;;;;;;;;;;;;;;;;
;;;;;;;;;;;;;;;;;;;;
;;;;;;;;;;;;;;;;;;;;
;;;;;;;;;;;;;;;;;;;;
;;;;;;;;;;;;;;;;;;;;
;;;;;;;;;;;;;;;;;;;;
;;;;;;;;;;;;;;;;;;;;
;;;;;;;;;;;;;;;;;;;;
;;;;;;;;;;;;;;;;;;;;
;;;;;;;;;;;;;;;;;;;;
;;;;;;;;;;;;;;;;;;;;
;;;;;;;;;;;;;;;;;;;;
;;;;;;;;;;;;;;;;;;;;
;;;;;;;;;;;;;;;;;;;;
;;;;;;;;;;;;;;;;;;;;
;;;;;;;;;;;;;;;;;;;;
;;;;;;;;;;;;;;;;;;;;
;;;;;;;;;;;;;;;;;;;;
;;;;;;;;;;;;;;;;;;;;
;;;;;;;;;;;;;;;;;;;;
;;;;;;;;;;;;;;;;;;;;
;;;;;;;;;;;;;;;;;;;;
;;;;;;;;;;;;;;;;;;;;
;;;;;;;;;;;;;;;;;;;;
;;;;;;;;;;;;;;;;;;;;
;;;;;;;;;;;;;;;;;;;;
;;;;;;;;;;;;;;;;;;;;
;;;;;;;;;;;;;;;;;;;;
;;;;;;;;;;;;;;;;;;;;
;;;;;;;;;;;;;;;;;;;;
;;;;;;;;;;;;;;;;;;;;
;;;;;;;;;;;;;;;;;;;;
;;;;;;;;;;;;;;;;;;;;
;;;;;;;;;;;;;;;;;;;;
;;;;;;;;;;;;;;;;;;;;
;;;;;;;;;;;;;;;;;;;;
;;;;;;;;;;;;;;;;;;;;
;;;;;;;;;;;;;;;;;;;;
;;;;;;;;;;;;;;;;;;;;
;;;;;;;;;;;;;;;;;;;;
;;;;;;;;;;;;;;;;;;;;
;;;;;;;;;;;;;;;;;;;;
;;;;;;;;;;;;;;;;;;;;
;;;;;;;;;;;;;;;;;;;;
;;;;;;;;;;;;;;;;;;;;
;;;;;;;;;;;;;;;;;;;;
;;;;;;;;;;;;;;;;;;;;
;;;;;;;;;;;;;;;;;;;;
;;;;;;;;;;;;;;;;;;;;
;;;;;;;;;;;;;;;;;;;;
;;;;;;;;;;;;;;;;;;;;
;;;;;;;;;;;;;;;;;;;;
;;;;;;;;;;;;;;;;;;;;
;;;;;;;;;;;;;;;;;;;;
;;;;;;;;;;;;;;;;;;;;
;;;;;;;;;;;;;;;;;;;;
;;;;;;;;;;;;;;;;;;;;
;;;;;;;;;;;;;;;;;;;;
;;;;;;;;;;;;;;;;;;;;
;;;;;;;;;;;;;;;;;;;;
;;;;;;;;;;;;;;;;;;;;
;;;;;;;;;;;;;;;;;;;;
;;;;;;;;;;;;;;;;;;;;
;;;;;;;;;;;;;;;;;;;;
;;;;;;;;;;;;;;;;;;;;
;;;;;;;;;;;;;;;;;;;;
;;;;;;;;;;;;;;;;;;;;
;;;;;;;;;;;;;;;;;;;;
;;;;;;;;;;;;;;;;;;;;
;;;;;;;;;;;;;;;;;;;;
;;;;;;;;;;;;;;;;;;;;
;;;;;;;;;;;;;;;;;;;;
;;;;;;;;;;;;;;;;;;;;
;;;;;;;;;;;;;;;;;;;;
;;;;;;;;;;;;;;;;;;;;
;;;;;;;;;;;;;;;;;;;;
;;;;;;;;;;;;;;;;;;;;
;;;;;;;;;;;;;;;;;;;;
;;;;;;;;;;;;;;;;;;;;
;;;;;;;;;;;;;;;;;;;;
;;;;;;;;;;;;;;;;;;;;
;;;;;;;;;;;;;;;;;;;;
;;;;;;;;;;;;;;;;;;;;
;;;;;;;;;;;;;;;;;;;;
;;;;;;;;;;;;;;;;;;;;
;;;;;;;;;;;;;;;;;;;;
;;;;;;;;;;;;;;;;;;;;
;;;;;;;;;;;;;;;;;;;;
;;;;;;;;;;;;;;;;;;;;
;;;;;;;;;;;;;;;;;;;;
;;;;;;;;;;;;;;;;;;;;
;;;;;;;;;;;;;;;;;;;;
;;;;;;;;;;;;;;;;;;;;
;;;;;;;;;;;;;;;;;;;;
;;;;;;;;;;;;;;;;;;;;
;;;;;;;;;;;;;;;;;;;;
;;;;;;;;;;;;;;;;;;;;
;;;;;;;;;;;;;;;;;;;;
;;;;;;;;;;;;;;;;;;;;
;;;;;;;;;;;;;;;;;;;;
;;;;;;;;;;;;;;;;;;;;
;;;;;;;;;;;;;;;;;;;;
;;;;;;;;;;;;;;;;;;;;
;;;;;;;;;;;;;;;;;;;;
;;;;;;;;;;;;;;;;;;;;
;;;;;;;;;;;;;;;;;;;;
;;;;;;;;;;;;;;;;;;;;
;;;;;;;;;;;;;;;;;;;;
;;;;;;;;;;;;;;;;;;;;
;;;;;;;;;;;;;;;;;;;;
;;;;;;;;;;;;;;;;;;;;
;;;;;;;;;;;;;;;;;;;;
;;;;;;;;;;;;;;;;;;;;
;;;;;;;;;;;;;;;;;;;;
;;;;;;;;;;;;;;;;;;;;
;;;;;;;;;;;;;;;;;;;;
;;;;;;;;;;;;;;;;;;;;
;;;;;;;;;;;;;;;;;;;;
;;;;;;;;;;;;;;;;;;;;
;;;;;;;;;;;;;;;;;;;;
;;;;;;;;;;;;;;;;;;;;
;;;;;;;;;;;;;;;;;;;;
;;;;;;;;;;;;;;;;;;;;
;;;;;;;;;;;;;;;;;;;;
;;;;;;;;;;;;;;;;;;;;
;;;;;;;;;;;;;;;;;;;;
;;;;;;;;;;;;;;;;;;;;
;;;;;;;;;;;;;;;;;;;;
;;;;;;;;;;;;;;;;;;;;
;;;;;;;;;;;;;;;;;;;;
;;;;;;;;;;;;;;;;;;;;
;;;;;;;;;;;;;;;;;;;;
;;;;;;;;;;;;;;;;;;;;
;;;;;;;;;;;;;;;;;;;;
;;;;;;;;;;;;;;;;;;;;
;;;;;;;;;;;;;;;;;;;;
;;;;;;;;;;;;;;;;;;;;
;;;;;;;;;;;;;;;;;;;;
;;;;;;;;;;;;;;;;;;;;
;;;;;;;;;;;;;;;;;;;;
;;;;;;;;;;;;;;;;;;;;
;;;;;;;;;;;;;;;;;;;;
;;;;;;;;;;;;;;;;;;;;
;;;;;;;;;;;;;;;;;;;;
;;;;;;;;;;;;;;;;;;;;
;;;;;;;;;;;;;;;;;;;;
;;;;;;;;;;;;;;;;;;;;
;;;;;;;;;;;;;;;;;;;;
;;;;;;;;;;;;;;;;;;;;
;;;;;;;;;;;;;;;;;;;;
;;;;;;;;;;;;;;;;;;;;
;;;;;;;;;;;;;;;;;;;;
;;;;;;;;;;;;;;;;;;;;
;;;;;;;;;;;;;;;;;;;;
;;;;;;;;;;;;;;;;;;;;
;;;;;;;;;;;;;;;;;;;;
;;;;;;;;;;;;;;;;;;;;
;;;;;;;;;;;;;;;;;;;;
;;;;;;;;;;;;;;;;;;;;
;;;;;;;;;;;;;;;;;;;;
;;;;;;;;;;;;;;;;;;;;
;;;;;;;;;;;;;;;;;;;;
;;;;;;;;;;;;;;;;;;;;
;;;;;;;;;;;;;;;;;;;;
;;;;;;;;;;;;;;;;;;;;
;;;;;;;;;;;;;;;;;;;;
;;;;;;;;;;;;;;;;;;;;
;;;;;;;;;;;;;;;;;;;;
;;;;;;;;;;;;;;;;;;;;
;;;;;;;;;;;;;;;;;;;;
;;;;;;;;;;;;;;;;;;;;
;;;;;;;;;;;;;;;;;;;;
;;;;;;;;;;;;;;;;;;;;
;;;;;;;;;;;;;;;;;;;;
;;;;;;;;;;;;;;;;;;;;
;;;;;;;;;;;;;;;;;;;;
;;;;;;;;;;;;;;;;;;;;
;;;;;;;;;;;;;;;;;;;;
;;;;;;;;;;;;;;;;;;;;
;;;;;;;;;;;;;;;;;;;;
;;;;;;;;;;;;;;;;;;;;
;;;;;;;;;;;;;;;;;;;;
;;;;;;;;;;;;;;;;;;;;
;;;;;;;;;;;;;;;;;;;;
;;;;;;;;;;;;;;;;;;;;
;;;;;;;;;;;;;;;;;;;;
;;;;;;;;;;;;;;;;;;;;
;;;;;;;;;;;;;;;;;;;;
;;;;;;;;;;;;;;;;;;;;
;;;;;;;;;;;;;;;;;;;;
;;;;;;;;;;;;;;;;;;;;
;;;;;;;;;;;;;;;;;;;;
;;;;;;;;;;;;;;;;;;;;
;;;;;;;;;;;;;;;;;;;;
;;;;;;;;;;;;;;;;;;;;
;;;;;;;;;;;;;;;;;;;;
;;;;;;;;;;;;;;;;;;;;
;;;;;;;;;;;;;;;;;;;;
;;;;;;;;;;;;;;;;;;;;
;;;;;;;;;;;;;;;;;;;;
;;;;;;;;;;;;;;;;;;;;
;;;;;;;;;;;;;;;;;;;;
;;;;;;;;;;;;;;;;;;;;
;;;;;;;;;;;;;;;;;;;;
;;;;;;;;;;;;;;;;;;;;
;;;;;;;;;;;;;;;;;;;;
;;;;;;;;;;;;;;;;;;;;
;;;;;;;;;;;;;;;;;;;;
;;;;;;;;;;;;;;;;;;;;
;;;;;;;;;;;;;;;;;;;;
;;;;;;;;;;;;;;;;;;;;
;;;;;;;;;;;;;;;;;;;;
;;;;;;;;;;;;;;;;;;;;
;;;;;;;;;;;;;;;;;;;;
;;;;;;;;;;;;;;;;;;;;
;;;;;;;;;;;;;;;;;;;;
;;;;;;;;;;;;;;;;;;;;
;;;;;;;;;;;;;;;;;;;;
;;;;;;;;;;;;;;;;;;;;
;;;;;;;;;;;;;;;;;;;;
;;;;;;;;;;;;;;;;;;;;
;;;;;;;;;;;;;;;;;;;;
;;;;;;;;;;;;;;;;;;;;
;;;;;;;;;;;;;;;;;;;;
;;;;;;;;;;;;;;;;;;;;
;;;;;;;;;;;;;;;;;;;;
;;;;;;;;;;;;;;;;;;;;
;;;;;;;;;;;;;;;;;;;;
;;;;;;;;;;;;;;;;;;;;
;;;;;;;;;;;;;;;;;;;;
;;;;;;;;;;;;;;;;;;;;
;;;;;;;;;;;;;;;;;;;;
;;;;;;;;;;;;;;;;;;;;
;;;;;;;;;;;;;;;;;;;;
;;;;;;;;;;;;;;;;;;;;
;;;;;;;;;;;;;;;;;;;;
;;;;;;;;;;;;;;;;;;;;
;;;;;;;;;;;;;;;;;;;;
;;;;;;;;;;;;;;;;;;;;
;;;;;;;;;;;;;;;;;;;;
;;;;;;;;;;;;;;;;;;;;
;;;;;;;;;;;;;;;;;;;;
;;;;;;;;;;;;;;;;;;;;
;;;;;;;;;;;;;;;;;;;;
;;;;;;;;;;;;;;;;;;;;
;;;;;;;;;;;;;;;;;;;;
;;;;;;;;;;;;;;;;;;;;
;;;;;;;;;;;;;;;;;;;;
;;;;;;;;;;;;;;;;;;;;
;;;;;;;;;;;;;;;;;;;;
;;;;;;;;;;;;;;;;;;;;
;;;;;;;;;;;;;;;;;;;;
;;;;;;;;;;;;;;;;;;;;
;;;;;;;;;;;;;;;;;;;;
;;;;;;;;;;;;;;;;;;;;
;;;;;;;;;;;;;;;;;;;;
;;;;;;;;;;;;;;;;;;;;
;;;;;;;;;;;;;;;;;;;;
;;;;;;;;;;;;;;;;;;;;
;;;;;;;;;;;;;;;;;;;;
;;;;;;;;;;;;;;;;;;;;
;;;;;;;;;;;;;;;;;;;;
;;;;;;;;;;;;;;;;;;;;
;;;;;;;;;;;;;;;;;;;;
;;;;;;;;;;;;;;;;;;;;
;;;;;;;;;;;;;;;;;;;;
;;;;;;;;;;;;;;;;;;;;
;;;;;;;;;;;;;;;;;;;;
;;;;;;;;;;;;;;;;;;;;
;;;;;;;;;;;;;;;;;;;;
;;;;;;;;;;;;;;;;;;;;
;;;;;;;;;;;;;;;;;;;;
;;;;;;;;;;;;;;;;;;;;
;;;;;;;;;;;;;;;;;;;;
;;;;;;;;;;;;;;;;;;;;
;;;;;;;;;;;;;;;;;;;;
;;;;;;;;;;;;;;;;;;;;
;;;;;;;;;;;;;;;;;;;;
;;;;;;;;;;;;;;;;;;;;
;;;;;;;;;;;;;;;;;;;;
;;;;;;;;;;;;;;;;;;;;
;;;;;;;;;;;;;;;;;;;;
;;;;;;;;;;;;;;;;;;;;
;;;;;;;;;;;;;;;;;;;;
;;;;;;;;;;;;;;;;;;;;
;;;;;;;;;;;;;;;;;;;;
;;;;;;;;;;;;;;;;;;;;
;;;;;;;;;;;;;;;;;;;;
;;;;;;;;;;;;;;;;;;;;
;;;;;;;;;;;;;;;;;;;;
;;;;;;;;;;;;;;;;;;;;
;;;;;;;;;;;;;;;;;;;;
;;;;;;;;;;;;;;;;;;;;
;;;;;;;;;;;;;;;;;;;;
;;;;;;;;;;;;;;;;;;;;
;;;;;;;;;;;;;;;;;;;;
;;;;;;;;;;;;;;;;;;;;
;;;;;;;;;;;;;;;;;;;;
;;;;;;;;;;;;;;;;;;;;
;;;;;;;;;;;;;;;;;;;;
;;;;;;;;;;;;;;;;;;;;
;;;;;;;;;;;;;;;;;;;;
;;;;;;;;;;;;;;;;;;;;
;;;;;;;;;;;;;;;;;;;;
;;;;;;;;;;;;;;;;;;;;
;;;;;;;;;;;;;;;;;;;;
;;;;;;;;;;;;;;;;;;;;
;;;;;;;;;;;;;;;;;;;;
;;;;;;;;;;;;;;;;;;;;
;;;;;;;;;;;;;;;;;;;;
;;;;;;;;;;;;;;;;;;;;
;;;;;;;;;;;;;;;;;;;;
;;;;;;;;;;;;;;;;;;;;
;;;;;;;;;;;;;;;;;;;;
;;;;;;;;;;;;;;;;;;;;
;;;;;;;;;;;;;;;;;;;;
;;;;;;;;;;;;;;;;;;;;
;;;;;;;;;;;;;;;;;;;;
;;;;;;;;;;;;;;;;;;;;
;;;;;;;;;;;;;;;;;;;;
;;;;;;;;;;;;;;;;;;;;
;;;;;;;;;;;;;;;;;;;;
;;;;;;;;;;;;;;;;;;;;
;;;;;;;;;;;;;;;;;;;;
;;;;;;;;;;;;;;;;;;;;
;;;;;;;;;;;;;;;;;;;;
;;;;;;;;;;;;;;;;;;;;
;;;;;;;;;;;;;;;;;;;;
;;;;;;;;;;;;;;;;;;;;
;;;;;;;;;;;;;;;;;;;;
;;;;;;;;;;;;;;;;;;;;
;;;;;;;;;;;;;;;;;;;;
;;;;;;;;;;;;;;;;;;;;
;;;;;;;;;;;;;;;;;;;;
;;;;;;;;;;;;;;;;;;;;
;;;;;;;;;;;;;;;;;;;;
;;;;;;;;;;;;;;;;;;;;
;;;;;;;;;;;;;;;;;;;;
;;;;;;;;;;;;;;;;;;;;
;;;;;;;;;;;;;;;;;;;;
;;;;;;;;;;;;;;;;;;;;
;;;;;;;;;;;;;;;;;;;;
;;;;;;;;;;;;;;;;;;;;
;;;;;;;;;;;;;;;;;;;;
;;;;;;;;;;;;;;;;;;;;
;;;;;;;;;;;;;;;;;;;;
;;;;;;;;;;;;;;;;;;;;
;;;;;;;;;;;;;;;;;;;;
;;;;;;;;;;;;;;;;;;;;
;;;;;;;;;;;;;;;;;;;;
;;;;;;;;;;;;;;;;;;;;
;;;;;;;;;;;;;;;;;;;;
;;;;;;;;;;;;;;;;;;;;
;;;;;;;;;;;;;;;;;;;;
;;;;;;;;;;;;;;;;;;;;
;;;;;;;;;;;;;;;;;;;;
;;;;;;;;;;;;;;;;;;;;
;;;;;;;;;;;;;;;;;;;;
;;;;;;;;;;;;;;;;;;;;
;;;;;;;;;;;;;;;;;;;;
;;;;;;;;;;;;;;;;;;;;
;;;;;;;;;;;;;;;;;;;;
;;;;;;;;;;;;;;;;;;;;
;;;;;;;;;;;;;;;;;;;;
;;;;;;;;;;;;;;;;;;;;
;;;;;;;;;;;;;;;;;;;;
;;;;;;;;;;;;;;;;;;;;
;;;;;;;;;;;;;;;;;;;;
;;;;;;;;;;;;;;;;;;;;
;;;;;;;;;;;;;;;;;;;;
;;;;;;;;;;;;;;;;;;;;
;;;;;;;;;;;;;;;;;;;;
;;;;;;;;;;;;;;;;;;;;
;;;;;;;;;;;;;;;;;;;;
;;;;;;;;;;;;;;;;;;;;
;;;;;;;;;;;;;;;;;;;;
;;;;;;;;;;;;;;;;;;;;
;;;;;;;;;;;;;;;;;;;;
;;;;;;;;;;;;;;;;;;;;
;;;;;;;;;;;;;;;;;;;;
;;;;;;;;;;;;;;;;;;;;
;;;;;;;;;;;;;;;;;;;;
;;;;;;;;;;;;;;;;;;;;
;;;;;;;;;;;;;;;;;;;;
;;;;;;;;;;;;;;;;;;;;
;;;;;;;;;;;;;;;;;;;;
;;;;;;;;;;;;;;;;;;;;
;;;;;;;;;;;;;;;;;;;;
;;;;;;;;;;;;;;;;;;;;
;;;;;;;;;;;;;;;;;;;;
;;;;;;;;;;;;;;;;;;;;
;;;;;;;;;;;;;;;;;;;;
;;;;;;;;;;;;;;;;;;;;
;;;;;;;;;;;;;;;;;;;;
;;;;;;;;;;;;;;;;;;;;
;;;;;;;;;;;;;;;;;;;;
;;;;;;;;;;;;;;;;;;;;
;;;;;;;;;;;;;;;;;;;;
;;;;;;;;;;;;;;;;;;;;
;;;;;;;;;;;;;;;;;;;;
;;;;;;;;;;;;;;;;;;;;
;;;;;;;;;;;;;;;;;;;;
;;;;;;;;;;;;;;;;;;;;
;;;;;;;;;;;;;;;;;;;;
;;;;;;;;;;;;;;;;;;;;
;;;;;;;;;;;;;;;;;;;;
;;;;;;;;;;;;;;;;;;;;
;;;;;;;;;;;;;;;;;;;;
;;;;;;;;;;;;;;;;;;;;
;;;;;;;;;;;;;;;;;;;;
;;;;;;;;;;;;;;;;;;;;
;;;;;;;;;;;;;;;;;;;;
;;;;;;;;;;;;;;;;;;;;
;;;;;;;;;;;;;;;;;;;;
;;;;;;;;;;;;;;;;;;;;
;;;;;;;;;;;;;;;;;;;;
;;;;;;;;;;;;;;;;;;;;
;;;;;;;;;;;;;;;;;;;;
;;;;;;;;;;;;;;;;;;;;
;;;;;;;;;;;;;;;;;;;;
;;;;;;;;;;;;;;;;;;;;
;;;;;;;;;;;;;;;;;;;;
;;;;;;;;;;;;;;;;;;;;
;;;;;;;;;;;;;;;;;;;;
;;;;;;;;;;;;;;;;;;;;
;;;;;;;;;;;;;;;;;;;;
;;;;;;;;;;;;;;;;;;;;
;;;;;;;;;;;;;;;;;;;;
;;;;;;;;;;;;;;;;;;;;
;;;;;;;;;;;;;;;;;;;;
;;;;;;;;;;;;;;;;;;;;
;;;;;;;;;;;;;;;;;;;;
;;;;;;;;;;;;;;;;;;;;
;;;;;;;;;;;;;;;;;;;;
;;;;;;;;;;;;;;;;;;;;
;;;;;;;;;;;;;;;;;;;;
;;;;;;;;;;;;;;;;;;;;
;;;;;;;;;;;;;;;;;;;;
;;;;;;;;;;;;;;;;;;;;
;;;;;;;;;;;;;;;;;;;;
;;;;;;;;;;;;;;;;;;;;
;;;;;;;;;;;;;;;;;;;;
;;;;;;;;;;;;;;;;;;;;
;;;;;;;;;;;;;;;;;;;;
;;;;;;;;;;;;;;;;;;;;
;;;;;;;;;;;;;;;;;;;;
;;;;;;;;;;;;;;;;;;;;
;;;;;;;;;;;;;;;;;;;;
;;;;;;;;;;;;;;;;;;;;
;;;;;;;;;;;;;;;;;;;;
;;;;;;;;;;;;;;;;;;;;
;;;;;;;;;;;;;;;;;;;;
;;;;;;;;;;;;;;;;;;;;
;;;;;;;;;;;;;;;;;;;;
;;;;;;;;;;;;;;;;;;;;
;;;;;;;;;;;;;;;;;;;;
;;;;;;;;;;;;;;;;;;;;
;;;;;;;;;;;;;;;;;;;;
;;;;;;;;;;;;;;;;;;;;
;;;;;;;;;;;;;;;;;;;;
;;;;;;;;;;;;;;;;;;;;
;;;;;;;;;;;;;;;;;;;;
;;;;;;;;;;;;;;;;;;;;
;;;;;;;;;;;;;;;;;;;;
;;;;;;;;;;;;;;;;;;;;
;;;;;;;;;;;;;;;;;;;;
;;;;;;;;;;;;;;;;;;;;
;;;;;;;;;;;;;;;;;;;;
;;;;;;;;;;;;;;;;;;;;
;;;;;;;;;;;;;;;;;;;;
;;;;;;;;;;;;;;;;;;;;
;;;;;;;;;;;;;;;;;;;;
;;;;;;;;;;;;;;;;;;;;
;;;;;;;;;;;;;;;;;;;;
;;;;;;;;;;;;;;;;;;;;
;;;;;;;;;;;;;;;;;;;;
;;;;;;;;;;;;;;;;;;;;
;;;;;;;;;;;;;;;;;;;;
;;;;;;;;;;;;;;;;;;;;
;;;;;;;;;;;;;;;;;;;;
;;;;;;;;;;;;;;;;;;;;
;;;;;;;;;;;;;;;;;;;;
;;;;;;;;;;;;;;;;;;;;
;;;;;;;;;;;;;;;;;;;;
;;;;;;;;;;;;;;;;;;;;
;;;;;;;;;;;;;;;;;;;;
;;;;;;;;;;;;;;;;;;;;
;;;;;;;;;;;;;;;;;;;;
;;;;;;;;;;;;;;;;;;;;
;;;;;;;;;;;;;;;;;;;;
;;;;;;;;;;;;;;;;;;;;
;;;;;;;;;;;;;;;;;;;;
;;;;;;;;;;;;;;;;;;;;
;;;;;;;;;;;;;;;;;;;;
;;;;;;;;;;;;;;;;;;;;
;;;;;;;;;;;;;;;;;;;;
;;;;;;;;;;;;;;;;;;;;
;;;;;;;;;;;;;;;;;;;;
;;;;;;;;;;;;;;;;;;;;
;;;;;;;;;;;;;;;;;;;;
;;;;;;;;;;;;;;;;;;;;
;;;;;;;;;;;;;;;;;;;;
;;;;;;;;;;;;;;;;;;;;
;;;;;;;;;;;;;;;;;;;;
;;;;;;;;;;;;;;;;;;;;
;;;;;;;;;;;;;;;;;;;;
;;;;;;;;;;;;;;;;;;;;
;;;;;;;;;;;;;;;;;;;;
;;;;;;;;;;;;;;;;;;;;
;;;;;;;;;;;;;;;;;;;;
;;;;;;;;;;;;;;;;;;;;
;;;;;;;;;;;;;;;;;;;;
;;;;;;;;;;;;;;;;;;;;
;;;;;;;;;;;;;;;;;;;;
;;;;;;;;;;;;;;;;;;;;
;;;;;;;;;;;;;;;;;;;;
;;;;;;;;;;;;;;;;;;;;
;;;;;;;;;;;;;;;;;;;;
;;;;;;;;;;;;;;;;;;;;
;;;;;;;;;;;;;;;;;;;;
;;;;;;;;;;;;;;;;;;;;
;;;;;;;;;;;;;;;;;;;;
;;;;;;;;;;;;;;;;;;;;
;;;;;;;;;;;;;;;;;;;;
;;;;;;;;;;;;;;;;;;;;
;;;;;;;;;;;;;;;;;;;;
;;;;;;;;;;;;;;;;;;;;
;;;;;;;;;;;;;;;;;;;;
;;;;;;;;;;;;;;;;;;;;
;;;;;;;;;;;;;;;;;;;;
;;;;;;;;;;;;;;;;;;;;
;;;;;;;;;;;;;;;;;;;;
;;;;;;;;;;;;;;;;;;;;
;;;;;;;;;;;;;;;;;;;;
;;;;;;;;;;;;;;;;;;;;
;;;;;;;;;;;;;;;;;;;;
;;;;;;;;;;;;;;;;;;;;
;;;;;;;;;;;;;;;;;;;;
;;;;;;;;;;;;;;;;;;;;
;;;;;;;;;;;;;;;;;;;;
;;;;;;;;;;;;;;;;;;;;
;;;;;;;;;;;;;;;;;;;;
;;;;;;;;;;;;;;;;;;;;
;;;;;;;;;;;;;;;;;;;;
;;;;;;;;;;;;;;;;;;;;
;;;;;;;;;;;;;;;;;;;;
;;;;;;;;;;;;;;;;;;;;
;;;;;;;;;;;;;;;;;;;;
;;;;;;;;;;;;;;;;;;;;
;;;;;;;;;;;;;;;;;;;;
;;;;;;;;;;;;;;;;;;;;
;;;;;;;;;;;;;;;;;;;;
;;;;;;;;;;;;;;;;;;;;
;;;;;;;;;;;;;;;;;;;;
;;;;;;;;;;;;;;;;;;;;
;;;;;;;;;;;;;;;;;;;;
;;;;;;;;;;;;;;;;;;;;
;;;;;;;;;;;;;;;;;;;;
;;;;;;;;;;;;;;;;;;;;
;;;;;;;;;;;;;;;;;;;;
;;;;;;;;;;;;;;;;;;;;
;;;;;;;;;;;;;;;;;;;;
;;;;;;;;;;;;;;;;;;;;
;;;;;;;;;;;;;;;;;;;;
;;;;;;;;;;;;;;;;;;;;
;;;;;;;;;;;;;;;;;;;;
;;;;;;;;;;;;;;;;;;;;
;;;;;;;;;;;;;;;;;;;;
;;;;;;;;;;;;;;;;;;;;
;;;;;;;;;;;;;;;;;;;;
;;;;;;;;;;;;;;;;;;;;
;;;;;;;;;;;;;;;;;;;;
;;;;;;;;;;;;;;;;;;;;
;;;;;;;;;;;;;;;;;;;;
;;;;;;;;;;;;;;;;;;;;
;;;;;;;;;;;;;;;;;;;;
;;;;;;;;;;;;;;;;;;;;
;;;;;;;;;;;;;;;;;;;;
;;;;;;;;;;;;;;;;;;;;
;;;;;;;;;;;;;;;;;;;;
;;;;;;;;;;;;;;;;;;;;
;;;;;;;;;;;;;;;;;;;;
;;;;;;;;;;;;;;;;;;;;
;;;;;;;;;;;;;;;;;;;;
;;;;;;;;;;;;;;;;;;;;
;;;;;;;;;;;;;;;;;;;;
;;;;;;;;;;;;;;;;;;;;
;;;;;;;;;;;;;;;;;;;;
;;;;;;;;;;;;;;;;;;;;
;;;;;;;;;;;;;;;;;;;;
;;;;;;;;;;;;;;;;;;;;
;;;;;;;;;;;;;;;;;;;;
;;;;;;;;;;;;;;;;;;;;
;;;;;;;;;;;;;;;;;;;;
;;;;;;;;;;;;;;;;;;;;
;;;;;;;;;;;;;;;;;;;;
;;;;;;;;;;;;;;;;;;;;
;;;;;;;;;;;;;;;;;;;;
;;;;;;;;;;;;;;;;;;;;
;;;;;;;;;;;;;;;;;;;;
;;;;;;;;;;;;;;;;;;;;
;;;;;;;;;;;;;;;;;;;;
;;;;;;;;;;;;;;;;;;;;
;;;;;;;;;;;;;;;;;;;;
;;;;;;;;;;;;;;;;;;;;
;;;;;;;;;;;;;;;;;;;;
;;;;;;;;;;;;;;;;;;;;
;;;;;;;;;;;;;;;;;;;;
;;;;;;;;;;;;;;;;;;;;
;;;;;;;;;;;;;;;;;;;;
;;;;;;;;;;;;;;;;;;;;
;;;;;;;;;;;;;;;;;;;;
;;;;;;;;;;;;;;;;;;;;
;;;;;;;;;;;;;;;;;;;;
;;;;;;;;;;;;;;;;;;;;
;;;;;;;;;;;;;;;;;;;;
;;;;;;;;;;;;;;;;;;;;
;;;;;;;;;;;;;;;;;;;;
;;;;;;;;;;;;;;;;;;;;
;;;;;;;;;;;;;;;;;;;;
;;;;;;;;;;;;;;;;;;;;
;;;;;;;;;;;;;;;;;;;;
;;;;;;;;;;;;;;;;;;;;
;;;;;;;;;;;;;;;;;;;;
;;;;;;;;;;;;;;;;;;;;
;;;;;;;;;;;;;;;;;;;;
;;;;;;;;;;;;;;;;;;;;
;;;;;;;;;;;;;;;;;;;;
;;;;;;;;;;;;;;;;;;;;
;;;;;;;;;;;;;;;;;;;;
;;;;;;;;;;;;;;;;;;;;
;;;;;;;;;;;;;;;;;;;;
;;;;;;;;;;;;;;;;;;;;
;;;;;;;;;;;;;;;;;;;;
;;;;;;;;;;;;;;;;;;;;
;;;;;;;;;;;;;;;;;;;;
;;;;;;;;;;;;;;;;;;;;
;;;;;;;;;;;;;;;;;;;;
;;;;;;;;;;;;;;;;;;;;
;;;;;;;;;;;;;;;;;;;;
;;;;;;;;;;;;;;;;;;;;
;;;;;;;;;;;;;;;;;;;;
;;;;;;;;;;;;;;;;;;;;
;;;;;;;;;;;;;;;;;;;;
;;;;;;;;;;;;;;;;;;;;
;;;;;;;;;;;;;;;;;;;;
;;;;;;;;;;;;;;;;;;;;
;;;;;;;;;;;;;;;;;;;;
;;;;;;;;;;;;;;;;;;;;
;;;;;;;;;;;;;;;;;;;;
;;;;;;;;;;;;;;;;;;;;
;;;;;;;;;;;;;;;;;;;;
;;;;;;;;;;;;;;;;;;;;
;;;;;;;;;;;;;;;;;;;;
;;;;;;;;;;;;;;;;;;;;
;;;;;;;;;;;;;;;;;;;;
;;;;;;;;;;;;;;;;;;;;
;;;;;;;;;;;;;;;;;;;;
;;;;;;;;;;;;;;;;;;;;
;;;;;;;;;;;;;;;;;;;;
;;;;;;;;;;;;;;;;;;;;
;;;;;;;;;;;;;;;;;;;;
;;;;;;;;;;;;;;;;;;;;
;;;;;;;;;;;;;;;;;;;;
;;;;;;;;;;;;;;;;;;;;
;;;;;;;;;;;;;;;;;;;;
;;;;;;;;;;;;;;;;;;;;
;;;;;;;;;;;;;;;;;;;;
;;;;;;;;;;;;;;;;;;;;
;;;;;;;;;;;;;;;;;;;;
;;;;;;;;;;;;;;;;;;;;
;;;;;;;;;;;;;;;;;;;;
;;;;;;;;;;;;;;;;;;;;
;;;;;;;;;;;;;;;;;;;;
;;;;;;;;;;;;;;;;;;;;
;;;;;;;;;;;;;;;;;;;;
;;;;;;;;;;;;;;;;;;;;
;;;;;;;;;;;;;;;;;;;;
;;;;;;;;;;;;;;;;;;;;
;;;;;;;;;;;;;;;;;;;;
;;;;;;;;;;;;;;;;;;;;
;;;;;;;;;;;;;;;;;;;;
;;;;;;;;;;;;;;;;;;;;
;;;;;;;;;;;;;;;;;;;;
;;;;;;;;;;;;;;;;;;;;
;;;;;;;;;;;;;;;;;;;;
;;;;;;;;;;;;;;;;;;;;
;;;;;;;;;;;;;;;;;;;;
;;;;;;;;;;;;;;;;;;;;
;;;;;;;;;;;;;;;;;;;;
;;;;;;;;;;;;;;;;;;;;
;;;;;;;;;;;;;;;;;;;;
;;;;;;;;;;;;;;;;;;;;
;;;;;;;;;;;;;;;;;;;;
;;;;;;;;;;;;;;;;;;;;
;;;;;;;;;;;;;;;;;;;;
;;;;;;;;;;;;;;;;;;;;
;;;;;;;;;;;;;;;;;;;;
;;;;;;;;;;;;;;;;;;;;
;;;;;;;;;;;;;;;;;;;;
;;;;;;;;;;;;;;;;;;;;
;;;;;;;;;;;;;;;;;;;;
;;;;;;;;;;;;;;;;;;;;
;;;;;;;;;;;;;;;;;;;;
;;;;;;;;;;;;;;;;;;;;
;;;;;;;;;;;;;;;;;;;;
;;;;;;;;;;;;;;;;;;;;
;;;;;;;;;;;;;;;;;;;;
;;;;;;;;;;;;;;;;;;;;
;;;;;;;;;;;;;;;;;;;;
;;;;;;;;;;;;;;;;;;;;
;;;;;;;;;;;;;;;;;;;;
;;;;;;;;;;;;;;;;;;;;
;;;;;;;;;;;;;;;;;;;;
;;;;;;;;;;;;;;;;;;;;
;;;;;;;;;;;;;;;;;;;;
;;;;;;;;;;;;;;;;;;;;
;;;;;;;;;;;;;;;;;;;;
;;;;;;;;;;;;;;;;;;;;
;;;;;;;;;;;;;;;;;;;;
;;;;;;;;;;;;;;;;;;;;
;;;;;;;;;;;;;;;;;;;;
;;;;;;;;;;;;;;;;;;;;
;;;;;;;;;;;;;;;;;;;;
;;;;;;;;;;;;;;;;;;;;
;;;;;;;;;;;;;;;;;;;;
;;;;;;;;;;;;;;;;;;;;
;;;;;;;;;;;;;;;;;;;;
;;;;;;;;;;;;;;;;;;;;
;;;;;;;;;;;;;;;;;;;;
;;;;;;;;;;;;;;;;;;;;
;;;;;;;;;;;;;;;;;;;;
;;;;;;;;;;;;;;;;;;;;
;;;;;;;;;;;;;;;;;;;;
;;;;;;;;;;;;;;;;;;;;
;;;;;;;;;;;;;;;;;;;;
;;;;;;;;;;;;;;;;;;;;
;;;;;;;;;;;;;;;;;;;;
;;;;;;;;;;;;;;;;;;;;
;;;;;;;;;;;;;;;;;;;;
;;;;;;;;;;;;;;;;;;;;
;;;;;;;;;;;;;;;;;;;;
;;;;;;;;;;;;;;;;;;;;
;;;;;;;;;;;;;;;;;;;;
;;;;;;;;;;;;;;;;;;;;
;;;;;;;;;;;;;;;;;;;;
;;;;;;;;;;;;;;;;;;;;
;;;;;;;;;;;;;;;;;;;;
;;;;;;;;;;;;;;;;;;;;
;;;;;;;;;;;;;;;;;;;;
;;;;;;;;;;;;;;;;;;;;
;;;;;;;;;;;;;;;;;;;;
;;;;;;;;;;;;;;;;;;;;
;;;;;;;;;;;;;;;;;;;;
;;;;;;;;;;;;;;;;;;;;
;;;;;;;;;;;;;;;;;;;;
;;;;;;;;;;;;;;;;;;;;
;;;;;;;;;;;;;;;;;;;;
;;;;;;;;;;;;;;;;;;;;
;;;;;;;;;;;;;;;;;;;;
;;;;;;;;;;;;;;;;;;;;
;;;;;;;;;;;;;;;;;;;;
;;;;;;;;;;;;;;;;;;;;
;;;;;;;;;;;;;;;;;;;;
;;;;;;;;;;;;;;;;;;;;
;;;;;;;;;;;;;;;;;;;;
;;;;;;;;;;;;;;;;;;;;
;;;;;;;;;;;;;;;;;;;;
;;;;;;;;;;;;;;;;;;;;
;;;;;;;;;;;;;;;;;;;;
;;;;;;;;;;;;;;;;;;;;
;;;;;;;;;;;;;;;;;;;;
;;;;;;;;;;;;;;;;;;;;
;;;;;;;;;;;;;;;;;;;;
;;;;;;;;;;;;;;;;;;;;
;;;;;;;;;;;;;;;;;;;;
;;;;;;;;;;;;;;;;;;;;
;;;;;;;;;;;;;;;;;;;;
;;;;;;;;;;;;;;;;;;;;
;;;;;;;;;;;;;;;;;;;;
;;;;;;;;;;;;;;;;;;;;
;;;;;;;;;;;;;;;;;;;;
;;;;;;;;;;;;;;;;;;;;
;;;;;;;;;;;;;;;;;;;;
;;;;;;;;;;;;;;;;;;;;
;;;;;;;;;;;;;;;;;;;;
;;;;;;;;;;;;;;;;;;;;
;;;;;;;;;;;;;;;;;;;;
;;;;;;;;;;;;;;;;;;;;
;;;;;;;;;;;;;;;;;;;;
;;;;;;;;;;;;;;;;;;;;
;;;;;;;;;;;;;;;;;;;;
;;;;;;;;;;;;;;;;;;;;
;;;;;;;;;;;;;;;;;;;;
;;;;;;;;;;;;;;;;;;;;
;;;;;;;;;;;;;;;;;;;;
;;;;;;;;;;;;;;;;;;;;
;;;;;;;;;;;;;;;;;;;;
;;;;;;;;;;;;;;;;;;;;
;;;;;;;;;;;;;;;;;;;;
;;;;;;;;;;;;;;;;;;;;
;;;;;;;;;;;;;;;;;;;;
;;;;;;;;;;;;;;;;;;;;
;;;;;;;;;;;;;;;;;;;;
;;;;;;;;;;;;;;;;;;;;
;;;;;;;;;;;;;;;;;;;;
;;;;;;;;;;;;;;;;;;;;
;;;;;;;;;;;;;;;;;;;;
;;;;;;;;;;;;;;;;;;;;
;;;;;;;;;;;;;;;;;;;;
;;;;;;;;;;;;;;;;;;;;
;;;;;;;;;;;;;;;;;;;;
;;;;;;;;;;;;;;;;;;;;
;;;;;;;;;;;;;;;;;;;;
;;;;;;;;;;;;;;;;;;;;
;;;;;;;;;;;;;;;;;;;;
;;;;;;;;;;;;;;;;;;;;
;;;;;;;;;;;;;;;;;;;;
;;;;;;;;;;;;;;;;;;;;
;;;;;;;;;;;;;;;;;;;;
;;;;;;;;;;;;;;;;;;;;
;;;;;;;;;;;;;;;;;;;;
;;;;;;;;;;;;;;;;;;;;
;;;;;;;;;;;;;;;;;;;;
;;;;;;;;;;;;;;;;;;;;
;;;;;;;;;;;;;;;;;;;;
;;;;;;;;;;;;;;;;;;;;
;;;;;;;;;;;;;;;;;;;;
;;;;;;;;;;;;;;;;;;;;
;;;;;;;;;;;;;;;;;;;;
;;;;;;;;;;;;;;;;;;;;
;;;;;;;;;;;;;;;;;;;;
;;;;;;;;;;;;;;;;;;;;
;;;;;;;;;;;;;;;;;;;;
;;;;;;;;;;;;;;;;;;;;
;;;;;;;;;;;;;;;;;;;;
;;;;;;;;;;;;;;;;;;;;
;;;;;;;;;;;;;;;;;;;;
;;;;;;;;;;;;;;;;;;;;
;;;;;;;;;;;;;;;;;;;;
;;;;;;;;;;;;;;;;;;;;
;;;;;;;;;;;;;;;;;;;;
;;;;;;;;;;;;;;;;;;;;
;;;;;;;;;;;;;;;;;;;;
;;;;;;;;;;;;;;;;;;;;
;;;;;;;;;;;;;;;;;;;;
;;;;;;;;;;;;;;;;;;;;
;;;;;;;;;;;;;;;;;;;;
;;;;;;;;;;;;;;;;;;;;
;;;;;;;;;;;;;;;;;;;;
;;;;;;;;;;;;;;;;;;;;
;;;;;;;;;;;;;;;;;;;;
;;;;;;;;;;;;;;;;;;;;
;;;;;;;;;;;;;;;;;;;;
;;;;;;;;;;;;;;;;;;;;
;;;;;;;;;;;;;;;;;;;;
;;;;;;;;;;;;;;;;;;;;
;;;;;;;;;;;;;;;;;;;;
;;;;;;;;;;;;;;;;;;;;
;;;;;;;;;;;;;;;;;;;;
;;;;;;;;;;;;;;;;;;;;
;;;;;;;;;;;;;;;;;;;;
;;;;;;;;;;;;;;;;;;;;
;;;;;;;;;;;;;;;;;;;;
;;;;;;;;;;;;;;;;;;;;
;;;;;;;;;;;;;;;;;;;;
;;;;;;;;;;;;;;;;;;;;
;;;;;;;;;;;;;;;;;;;;
;;;;;;;;;;;;;;;;;;;;
;;;;;;;;;;;;;;;;;;;;
;;;;;;;;;;;;;;;;;;;;
;;;;;;;;;;;;;;;;;;;;
;;;;;;;;;;;;;;;;;;;;
;;;;;;;;;;;;;;;;;;;;
;;;;;;;;;;;;;;;;;;;;
;;;;;;;;;;;;;;;;;;;;
;;;;;;;;;;;;;;;;;;;;
;;;;;;;;;;;;;;;;;;;;
;;;;;;;;;;;;;;;;;;;;
;;;;;;;;;;;;;;;;;;;;
;;;;;;;;;;;;;;;;;;;;
;;;;;;;;;;;;;;;;;;;;
;;;;;;;;;;;;;;;;;;;;
;;;;;;;;;;;;;;;;;;;;
;;;;;;;;;;;;;;;;;;;;
;;;;;;;;;;;;;;;;;;;;
;;;;;;;;;;;;;;;;;;;;
;;;;;;;;;;;;;;;;;;;;
;;;;;;;;;;;;;;;;;;;;
;;;;;;;;;;;;;;;;;;;;
;;;;;;;;;;;;;;;;;;;;
;;;;;;;;;;;;;;;;;;;;
;;;;;;;;;;;;;;;;;;;;
;;;;;;;;;;;;;;;;;;;;
;;;;;;;;;;;;;;;;;;;;
;;;;;;;;;;;;;;;;;;;;
;;;;;;;;;;;;;;;;;;;;
;;;;;;;;;;;;;;;;;;;;
;;;;;;;;;;;;;;;;;;;;
;;;;;;;;;;;;;;;;;;;;
;;;;;;;;;;;;;;;;;;;;
;;;;;;;;;;;;;;;;;;;;
;;;;;;;;;;;;;;;;;;;;
;;;;;;;;;;;;;;;;;;;;
;;;;;;;;;;;;;;;;;;;;
;;;;;;;;;;;;;;;;;;;;
;;;;;;;;;;;;;;;;;;;;
;;;;;;;;;;;;;;;;;;;;
;;;;;;;;;;;;;;;;;;;;
;;;;;;;;;;;;;;;;;;;;
;;;;;;;;;;;;;;;;;;;;
;;;;;;;;;;;;;;;;;;;;
;;;;;;;;;;;;;;;;;;;;
;;;;;;;;;;;;;;;;;;;;
;;;;;;;;;;;;;;;;;;;;
;;;;;;;;;;;;;;;;;;;;
;;;;;;;;;;;;;;;;;;;;
;;;;;;;;;;;;;;;;;;;;
;;;;;;;;;;;;;;;;;;;;
;;;;;;;;;;;;;;;;;;;;
;;;;;;;;;;;;;;;;;;;;
;;;;;;;;;;;;;;;;;;;;
;;;;;;;;;;;;;;;;;;;;
;;;;;;;;;;;;;;;;;;;;
;;;;;;;;;;;;;;;;;;;;
;;;;;;;;;;;;;;;;;;;;
;;;;;;;;;;;;;;;;;;;;
;;;;;;;;;;;;;;;;;;;;
;;;;;;;;;;;;;;;;;;;;
;;;;;;;;;;;;;;;;;;;;
;;;;;;;;;;;;;;;;;;;;
;;;;;;;;;;;;;;;;;;;;
;;;;;;;;;;;;;;;;;;;;
;;;;;;;;;;;;;;;;;;;;
;;;;;;;;;;;;;;;;;;;;
;;;;;;;;;;;;;;;;;;;;
;;;;;;;;;;;;;;;;;;;;
;;;;;;;;;;;;;;;;;;;;
;;;;;;;;;;;;;;;;;;;;
;;;;;;;;;;;;;;;;;;;;
;;;;;;;;;;;;;;;;;;;;
;;;;;;;;;;;;;;;;;;;;
;;;;;;;;;;;;;;;;;;;;
;;;;;;;;;;;;;;;;;;;;
;;;;;;;;;;;;;;;;;;;;
;;;;;;;;;;;;;;;;;;;;
;;;;;;;;;;;;;;;;;;;;
;;;;;;;;;;;;;;;;;;;;
;;;;;;;;;;;;;;;;;;;;
;;;;;;;;;;;;;;;;;;;;
;;;;;;;;;;;;;;;;;;;;
;;;;;;;;;;;;;;;;;;;;
;;;;;;;;;;;;;;;;;;;;
;;;;;;;;;;;;;;;;;;;;
;;;;;;;;;;;;;;;;;;;;
;;;;;;;;;;;;;;;;;;;;
;;;;;;;;;;;;;;;;;;;;
;;;;;;;;;;;;;;;;;;;;
;;;;;;;;;;;;;;;;;;;;
;;;;;;;;;;;;;;;;;;;;
;;;;;;;;;;;;;;;;;;;;
;;;;;;;;;;;;;;;;;;;;
;;;;;;;;;;;;;;;;;;;;
;;;;;;;;;;;;;;;;;;;;
;;;;;;;;;;;;;;;;;;;;
;;;;;;;;;;;;;;;;;;;;
;;;;;;;;;;;;;;;;;;;;
;;;;;;;;;;;;;;;;;;;;
;;;;;;;;;;;;;;;;;;;;
;;;;;;;;;;;;;;;;;;;;
;;;;;;;;;;;;;;;;;;;;
;;;;;;;;;;;;;;;;;;;;
;;;;;;;;;;;;;;;;;;;;
;;;;;;;;;;;;;;;;;;;;
;;;;;;;;;;;;;;;;;;;;
;;;;;;;;;;;;;;;;;;;;
;;;;;;;;;;;;;;;;;;;;
;;;;;;;;;;;;;;;;;;;;
;;;;;;;;;;;;;;;;;;;;
;;;;;;;;;;;;;;;;;;;;
;;;;;;;;;;;;;;;;;;;;
;;;;;;;;;;;;;;;;;;;;
;;;;;;;;;;;;;;;;;;;;
;;;;;;;;;;;;;;;;;;;;
;;;;;;;;;;;;;;;;;;;;
;;;;;;;;;;;;;;;;;;;;
;;;;;;;;;;;;;;;;;;;;
;;;;;;;;;;;;;;;;;;;;
;;;;;;;;;;;;;;;;;;;;
;;;;;;;;;;;;;;;;;;;;
;;;;;;;;;;;;;;;;;;;;
;;;;;;;;;;;;;;;;;;;;
;;;;;;;;;;;;;;;;;;;;
;;;;;;;;;;;;;;;;;;;;
;;;;;;;;;;;;;;;;;;;;
;;;;;;;;;;;;;;;;;;;;
;;;;;;;;;;;;;;;;;;;;
;;;;;;;;;;;;;;;;;;;;
;;;;;;;;;;;;;;;;;;;;
;;;;;;;;;;;;;;;;;;;;
;;;;;;;;;;;;;;;;;;;;
;;;;;;;;;;;;;;;;;;;;
;;;;;;;;;;;;;;;;;;;;
;;;;;;;;;;;;;;;;;;;;
;;;;;;;;;;;;;;;;;;;;
;;;;;;;;;;;;;;;;;;;;
;;;;;;;;;;;;;;;;;;;;
;;;;;;;;;;;;;;;;;;;;
;;;;;;;;;;;;;;;;;;;;
;;;;;;;;;;;;;;;;;;;;
;;;;;;;;;;;;;;;;;;;;
;;;;;;;;;;;;;;;;;;;;
;;;;;;;;;;;;;;;;;;;;
;;;;;;;;;;;;;;;;;;;;
;;;;;;;;;;;;;;;;;;;;
;;;;;;;;;;;;;;;;;;;;
;;;;;;;;;;;;;;;;;;;;
;;;;;;;;;;;;;;;;;;;;
;;;;;;;;;;;;;;;;;;;;
;;;;;;;;;;;;;;;;;;;;
;;;;;;;;;;;;;;;;;;;;
;;;;;;;;;;;;;;;;;;;;
;;;;;;;;;;;;;;;;;;;;
;;;;;;;;;;;;;;;;;;;;
;;;;;;;;;;;;;;;;;;;;
;;;;;;;;;;;;;;;;;;;;
;;;;;;;;;;;;;;;;;;;;
;;;;;;;;;;;;;;;;;;;;
;;;;;;;;;;;;;;;;;;;;
;;;;;;;;;;;;;;;;;;;;
;;;;;;;;;;;;;;;;;;;;
;;;;;;;;;;;;;;;;;;;;
;;;;;;;;;;;;;;;;;;;;
;;;;;;;;;;;;;;;;;;;;
;;;;;;;;;;;;;;;;;;;;
;;;;;;;;;;;;;;;;;;;;
;;;;;;;;;;;;;;;;;;;;
;;;;;;;;;;;;;;;;;;;;
;;;;;;;;;;;;;;;;;;;;
;;;;;;;;;;;;;;;;;;;;
;;;;;;;;;;;;;;;;;;;;
;;;;;;;;;;;;;;;;;;;;
;;;;;;;;;;;;;;;;;;;;
;;;;;;;;;;;;;;;;;;;;
;;;;;;;;;;;;;;;;;;;;
;;;;;;;;;;;;;;;;;;;;
;;;;;;;;;;;;;;;;;;;;
;;;;;;;;;;;;;;;;;;;;
;;;;;;;;;;;;;;;;;;;;
;;;;;;;;;;;;;;;;;;;;
;;;;;;;;;;;;;;;;;;;;
;;;;;;;;;;;;;;;;;;;;
;;;;;;;;;;;;;;;;;;;;
;;;;;;;;;;;;;;;;;;;;
;;;;;;;;;;;;;;;;;;;;
;;;;;;;;;;;;;;;;;;;;
;;;;;;;;;;;;;;;;;;;;
;;;;;;;;;;;;;;;;;;;;
;;;;;;;;;;;;;;;;;;;;
;;;;;;;;;;;;;;;;;;;;
;;;;;;;;;;;;;;;;;;;;
;;;;;;;;;;;;;;;;;;;;
;;;;;;;;;;;;;;;;;;;;
;;;;;;;;;;;;;;;;;;;;
;;;;;;;;;;;;;;;;;;;;
;;;;;;;;;;;;;;;;;;;;
;;;;;;;;;;;;;;;;;;;;
;;;;;;;;;;;;;;;;;;;;
;;;;;;;;;;;;;;;;;;;;
;;;;;;;;;;;;;;;;;;;;
;;;;;;;;;;;;;;;;;;;;
;;;;;;;;;;;;;;;;;;;;
;;;;;;;;;;;;;;;;;;;;
;;;;;;;;;;;;;;;;;;;;
;;;;;;;;;;;;;;;;;;;;
;;;;;;;;;;;;;;;;;;;;
;;;;;;;;;;;;;;;;;;;;
;;;;;;;;;;;;;;;;;;;;
;;;;;;;;;;;;;;;;;;;;
;;;;;;;;;;;;;;;;;;;;
;;;;;;;;;;;;;;;;;;;;
;;;;;;;;;;;;;;;;;;;;
;;;;;;;;;;;;;;;;;;;;
;;;;;;;;;;;;;;;;;;;;
;;;;;;;;;;;;;;;;;;;;
;;;;;;;;;;;;;;;;;;;;
;;;;;;;;;;;;;;;;;;;;
;;;;;;;;;;;;;;;;;;;;
;;;;;;;;;;;;;;;;;;;;
;;;;;;;;;;;;;;;;;;;;
;;;;;;;;;;;;;;;;;;;;
;;;;;;;;;;;;;;;;;;;;
;;;;;;;;;;;;;;;;;;;;
;;;;;;;;;;;;;;;;;;;;
;;;;;;;;;;;;;;;;;;;;
;;;;;;;;;;;;;;;;;;;;
;;;;;;;;;;;;;;;;;;;;
;;;;;;;;;;;;;;;;;;;;
;;;;;;;;;;;;;;;;;;;;
;;;;;;;;;;;;;;;;;;;;
;;;;;;;;;;;;;;;;;;;;
;;;;;;;;;;;;;;;;;;;;
;;;;;;;;;;;;;;;;;;;;
;;;;;;;;;;;;;;;;;;;;
;;;;;;;;;;;;;;;;;;;;
;;;;;;;;;;;;;;;;;;;;
;;;;;;;;;;;;;;;;;;;;
;;;;;;;;;;;;;;;;;;;;
;;;;;;;;;;;;;;;;;;;;
;;;;;;;;;;;;;;;;;;;;
;;;;;;;;;;;;;;;;;;;;
;;;;;;;;;;;;;;;;;;;;
;;;;;;;;;;;;;;;;;;;;
;;;;;;;;;;;;;;;;;;;;
;;;;;;;;;;;;;;;;;;;;
;;;;;;;;;;;;;;;;;;;;
;;;;;;;;;;;;;;;;;;;;
;;;;;;;;;;;;;;;;;;;;
;;;;;;;;;;;;;;;;;;;;
;;;;;;;;;;;;;;;;;;;;
;;;;;;;;;;;;;;;;;;;;
;;;;;;;;;;;;;;;;;;;;
;;;;;;;;;;;;;;;;;;;;
;;;;;;;;;;;;;;;;;;;;
;;;;;;;;;;;;;;;;;;;;
;;;;;;;;;;;;;;;;;;;;
;;;;;;;;;;;;;;;;;;;;
;;;;;;;;;;;;;;;;;;;;
;;;;;;;;;;;;;;;;;;;;
;;;;;;;;;;;;;;;;;;;;
;;;;;;;;;;;;;;;;;;;;
;;;;;;;;;;;;;;;;;;;;
;;;;;;;;;;;;;;;;;;;;
;;;;;;;;;;;;;;;;;;;;
;;;;;;;;;;;;;;;;;;;;
;;;;;;;;;;;;;;;;;;;;
;;;;;;;;;;;;;;;;;;;;
;;;;;;;;;;;;;;;;;;;;
;;;;;;;;;;;;;;;;;;;;
;;;;;;;;;;;;;;;;;;;;
;;;;;;;;;;;;;;;;;;;;
;;;;;;;;;;;;;;;;;;;;
;;;;;;;;;;;;;;;;;;;;
;;;;;;;;;;;;;;;;;;;;
;;;;;;;;;;;;;;;;;;;;
;;;;;;;;;;;;;;;;;;;;
;;;;;;;;;;;;;;;;;;;;
;;;;;;;;;;;;;;;;;;;;
;;;;;;;;;;;;;;;;;;;;
;;;;;;;;;;;;;;;;;;;;
;;;;;;;;;;;;;;;;;;;;
;;;;;;;;;;;;;;;;;;;;
;;;;;;;;;;;;;;;;;;;;
;;;;;;;;;;;;;;;;;;;;
;;;;;;;;;;;;;;;;;;;;
;;;;;;;;;;;;;;;;;;;;
;;;;;;;;;;;;;;;;;;;;
;;;;;;;;;;;;;;;;;;;;
;;;;;;;;;;;;;;;;;;;;
;;;;;;;;;;;;;;;;;;;;
;;;;;;;;;;;;;;;;;;;;
;;;;;;;;;;;;;;;;;;;;
;;;;;;;;;;;;;;;;;;;;
;;;;;;;;;;;;;;;;;;;;
;;;;;;;;;;;;;;;;;;;;
;;;;;;;;;;;;;;;;;;;;
;;;;;;;;;;;;;;;;;;;;
;;;;;;;;;;;;;;;;;;;;
;;;;;;;;;;;;;;;;;;;;
;;;;;;;;;;;;;;;;;;;;
;;;;;;;;;;;;;;;;;;;;
;;;;;;;;;;;;;;;;;;;;
;;;;;;;;;;;;;;;;;;;;
;;;;;;;;;;;;;;;;;;;;
;;;;;;;;;;;;;;;;;;;;
;;;;;;;;;;;;;;;;;;;;
;;;;;;;;;;;;;;;;;;;;
;;;;;;;;;;;;;;;;;;;;
;;;;;;;;;;;;;;;;;;;;
;;;;;;;;;;;;;;;;;;;;
;;;;;;;;;;;;;;;;;;;;
;;;;;;;;;;;;;;;;;;;;
;;;;;;;;;;;;;;;;;;;;
;;;;;;;;;;;;;;;;;;;;
;;;;;;;;;;;;;;;;;;;;
;;;;;;;;;;;;;;;;;;;;
;;;;;;;;;;;;;;;;;;;;
;;;;;;;;;;;;;;;;;;;;
;;;;;;;;;;;;;;;;;;;;
;;;;;;;;;;;;;;;;;;;;
;;;;;;;;;;;;;;;;;;;;
;;;;;;;;;;;;;;;;;;;;
;;;;;;;;;;;;;;;;;;;;
;;;;;;;;;;;;;;;;;;;;
;;;;;;;;;;;;;;;;;;;;
;;;;;;;;;;;;;;;;;;;;
;;;;;;;;;;;;;;;;;;;;
;;;;;;;;;;;;;;;;;;;;
;;;;;;;;;;;;;;;;;;;;
;;;;;;;;;;;;;;;;;;;;
;;;;;;;;;;;;;;;;;;;;
;;;;;;;;;;;;;;;;;;;;
;;;;;;;;;;;;;;;;;;;;
;;;;;;;;;;;;;;;;;;;;
;;;;;;;;;;;;;;;;;;;;
;;;;;;;;;;;;;;;;;;;;
;;;;;;;;;;;;;;;;;;;;
;;;;;;;;;;;;;;;;;;;;
;;;;;;;;;;;;;;;;;;;;
;;;;;;;;;;;;;;;;;;;;
;;;;;;;;;;;;;;;;;;;;
;;;;;;;;;;;;;;;;;;;;
;;;;;;;;;;;;;;;;;;;;
;;;;;;;;;;;;;;;;;;;;
;;;;;;;;;;;;;;;;;;;;
;;;;;;;;;;;;;;;;;;;;
;;;;;;;;;;;;;;;;;;;;
;;;;;;;;;;;;;;;;;;;;
;;;;;;;;;;;;;;;;;;;;
;;;;;;;;;;;;;;;;;;;;
;;;;;;;;;;;;;;;;;;;;
;;;;;;;;;;;;;;;;;;;;
;;;;;;;;;;;;;;;;;;;;
;;;;;;;;;;;;;;;;;;;;
;;;;;;;;;;;;;;;;;;;;
;;;;;;;;;;;;;;;;;;;;
;;;;;;;;;;;;;;;;;;;;
;;;;;;;;;;;;;;;;;;;;
;;;;;;;;;;;;;;;;;;;;
;;;;;;;;;;;;;;;;;;;;
;;;;;;;;;;;;;;;;;;;;
;;;;;;;;;;;;;;;;;;;;
;;;;;;;;;;;;;;;;;;;;
;;;;;;;;;;;;;;;;;;;;
;;;;;;;;;;;;;;;;;;;;
;;;;;;;;;;;;;;;;;;;;
;;;;;;;;;;;;;;;;;;;;
;;;;;;;;;;;;;;;;;;;;
;;;;;;;;;;;;;;;;;;;;
;;;;;;;;;;;;;;;;;;;;
;;;;;;;;;;;;;;;;;;;;
;;;;;;;;;;;;;;;;;;;;
;;;;;;;;;;;;;;;;;;;;
;;;;;;;;;;;;;;;;;;;;
;;;;;;;;;;;;;;;;;;;;
;;;;;;;;;;;;;;;;;;;;
;;;;;;;;;;;;;;;;;;;;
;;;;;;;;;;;;;;;;;;;;
;;;;;;;;;;;;;;;;;;;;
;;;;;;;;;;;;;;;;;;;;
;;;;;;;;;;;;;;;;;;;;
;;;;;;;;;;;;;;;;;;;;
;;;;;;;;;;;;;;;;;;;;
;;;;;;;;;;;;;;;;;;;;
;;;;;;;;;;;;;;;;;;;;
;;;;;;;;;;;;;;;;;;;;
;;;;;;;;;;;;;;;;;;;;
;;;;;;;;;;;;;;;;;;;;
;;;;;;;;;;;;;;;;;;;;
;;;;;;;;;;;;;;;;;;;;
;;;;;;;;;;;;;;;;;;;;
;;;;;;;;;;;;;;;;;;;;
;;;;;;;;;;;;;;;;;;;;
;;;;;;;;;;;;;;;;;;;;
;;;;;;;;;;;;;;;;;;;;
;;;;;;;;;;;;;;;;;;;;
;;;;;;;;;;;;;;;;;;;;
;;;;;;;;;;;;;;;;;;;;
;;;;;;;;;;;;;;;;;;;;
;;;;;;;;;;;;;;;;;;;;
;;;;;;;;;;;;;;;;;;;;
;;;;;;;;;;;;;;;;;;;;
;;;;;;;;;;;;;;;;;;;;
;;;;;;;;;;;;;;;;;;;;
;;;;;;;;;;;;;;;;;;;;
;;;;;;;;;;;;;;;;;;;;
;;;;;;;;;;;;;;;;;;;;
;;;;;;;;;;;;;;;;;;;;
;;;;;;;;;;;;;;;;;;;;
;;;;;;;;;;;;;;;;;;;;
;;;;;;;;;;;;;;;;;;;;
;;;;;;;;;;;;;;;;;;;;
;;;;;;;;;;;;;;;;;;;;
;;;;;;;;;;;;;;;;;;;;
;;;;;;;;;;;;;;;;;;;;
;;;;;;;;;;;;;;;;;;;;
;;;;;;;;;;;;;;;;;;;;
;;;;;;;;;;;;;;;;;;;;
;;;;;;;;;;;;;;;;;;;;
;;;;;;;;;;;;;;;;;;;;
;;;;;;;;;;;;;;;;;;;;
;;;;;;;;;;;;;;;;;;;;
;;;;;;;;;;;;;;;;;;;;
;;;;;;;;;;;;;;;;;;;;
;;;;;;;;;;;;;;;;;;;;
;;;;;;;;;;;;;;;;;;;;
;;;;;;;;;;;;;;;;;;;;
;;;;;;;;;;;;;;;;;;;;
;;;;;;;;;;;;;;;;;;;;
;;;;;;;;;;;;;;;;;;;;
;;;;;;;;;;;;;;;;;;;;
;;;;;;;;;;;;;;;;;;;;
;;;;;;;;;;;;;;;;;;;;
;;;;;;;;;;;;;;;;;;;;
;;;;;;;;;;;;;;;;;;;;
;;;;;;;;;;;;;;;;;;;;
;;;;;;;;;;;;;;;;;;;;
;;;;;;;;;;;;;;;;;;;;
;;;;;;;;;;;;;;;;;;;;
;;;;;;;;;;;;;;;;;;;;
;;;;;;;;;;;;;;;;;;;;
;;;;;;;;;;;;;;;;;;;;
;;;;;;;;;;;;;;;;;;;;
;;;;;;;;;;;;;;;;;;;;
;;;;;;;;;;;;;;;;;;;;
;;;;;;;;;;;;;;;;;;;;
;;;;;;;;;;;;;;;;;;;;
;;;;;;;;;;;;;;;;;;;;
;;;;;;;;;;;;;;;;;;;;
;;;;;;;;;;;;;;;;;;;;
;;;;;;;;;;;;;;;;;;;;
;;;;;;;;;;;;;;;;;;;;
;;;;;;;;;;;;;;;;;;;;
;;;;;;;;;;;;;;;;;;;;
;;;;;;;;;;;;;;;;;;;;
;;;;;;;;;;;;;;;;;;;;
;;;;;;;;;;;;;;;;;;;;
;;;;;;;;;;;;;;;;;;;;
;;;;;;;;;;;;;;;;;;;;
;;;;;;;;;;;;;;;;;;;;
;;;;;;;;;;;;;;;;;;;;
;;;;;;;;;;;;;;;;;;;;
;;;;;;;;;;;;;;;;;;;;
;;;;;;;;;;;;;;;;;;;;
;;;;;;;;;;;;;;;;;;;;
;;;;;;;;;;;;;;;;;;;;
;;;;;;;;;;;;;;;;;;;;
;;;;;;;;;;;;;;;;;;;;
;;;;;;;;;;;;;;;;;;;;
;;;;;;;;;;;;;;;;;;;;
;;;;;;;;;;;;;;;;;;;;
;;;;;;;;;;;;;;;;;;;;
;;;;;;;;;;;;;;;;;;;;
;;;;;;;;;;;;;;;;;;;;
;;;;;;;;;;;;;;;;;;;;
;;;;;;;;;;;;;;;;;;;;
;;;;;;;;;;;;;;;;;;;;
;;;;;;;;;;;;;;;;;;;;
;;;;;;;;;;;;;;;;;;;;
;;;;;;;;;;;;;;;;;;;;
;;;;;;;;;;;;;;;;;;;;
;;;;;;;;;;;;;;;;;;;;
;;;;;;;;;;;;;;;;;;;;
;;;;;;;;;;;;;;;;;;;;
;;;;;;;;;;;;;;;;;;;;
;;;;;;;;;;;;;;;;;;;;
;;;;;;;;;;;;;;;;;;;;
;;;;;;;;;;;;;;;;;;;;
;;;;;;;;;;;;;;;;;;;;
;;;;;;;;;;;;;;;;;;;;
;;;;;;;;;;;;;;;;;;;;
;;;;;;;;;;;;;;;;;;;;
;;;;;;;;;;;;;;;;;;;;
;;;;;;;;;;;;;;;;;;;;
;;;;;;;;;;;;;;;;;;;;
;;;;;;;;;;;;;;;;;;;;
;;;;;;;;;;;;;;;;;;;;
;;;;;;;;;;;;;;;;;;;;
;;;;;;;;;;;;;;;;;;;;
;;;;;;;;;;;;;;;;;;;;
;;;;;;;;;;;;;;;;;;;;
;;;;;;;;;;;;;;;;;;;;
;;;;;;;;;;;;;;;;;;;;
;;;;;;;;;;;;;;;;;;;;
;;;;;;;;;;;;;;;;;;;;
;;;;;;;;;;;;;;;;;;;;
;;;;;;;;;;;;;;;;;;;;
;;;;;;;;;;;;;;;;;;;;
;;;;;;;;;;;;;;;;;;;;
;;;;;;;;;;;;;;;;;;;;
;;;;;;;;;;;;;;;;;;;;
;;;;;;;;;;;;;;;;;;;;
;;;;;;;;;;;;;;;;;;;;
;;;;;;;;;;;;;;;;;;;;
;;;;;;;;;;;;;;;;;;;;
;;;;;;;;;;;;;;;;;;;;
;;;;;;;;;;;;;;;;;;;;
;;;;;;;;;;;;;;;;;;;;
;;;;;;;;;;;;;;;;;;;;
;;;;;;;;;;;;;;;;;;;;
;;;;;;;;;;;;;;;;;;;;
;;;;;;;;;;;;;;;;;;;;
;;;;;;;;;;;;;;;;;;;;
;;;;;;;;;;;;;;;;;;;;
;;;;;;;;;;;;;;;;;;;;
;;;;;;;;;;;;;;;;;;;;
;;;;;;;;;;;;;;;;;;;;
;;;;;;;;;;;;;;;;;;;;
;;;;;;;;;;;;;;;;;;;;
;;;;;;;;;;;;;;;;;;;;
;;;;;;;;;;;;;;;;;;;;
;;;;;;;;;;;;;;;;;;;;
;;;;;;;;;;;;;;;;;;;;
;;;;;;;;;;;;;;;;;;;;
;;;;;;;;;;;;;;;;;;;;
;;;;;;;;;;;;;;;;;;;;
;;;;;;;;;;;;;;;;;;;;
;;;;;;;;;;;;;;;;;;;;
;;;;;;;;;;;;;;;;;;;;
;;;;;;;;;;;;;;;;;;;;
;;;;;;;;;;;;;;;;;;;;
;;;;;;;;;;;;;;;;;;;;
;;;;;;;;;;;;;;;;;;;;
;;;;;;;;;;;;;;;;;;;;
;;;;;;;;;;;;;;;;;;;;
;;;;;;;;;;;;;;;;;;;;
;;;;;;;;;;;;;;;;;;;;
;;;;;;;;;;;;;;;;;;;;
;;;;;;;;;;;;;;;;;;;;
;;;;;;;;;;;;;;;;;;;;
;;;;;;;;;;;;;;;;;;;;
;;;;;;;;;;;;;;;;;;;;
;;;;;;;;;;;;;;;;;;;;
;;;;;;;;;;;;;;;;;;;;
;;;;;;;;;;;;;;;;;;;;
;;;;;;;;;;;;;;;;;;;;
;;;;;;;;;;;;;;;;;;;;
;;;;;;;;;;;;;;;;;;;;
;;;;;;;;;;;;;;;;;;;;
;;;;;;;;;;;;;;;;;;;;
;;;;;;;;;;;;;;;;;;;;
;;;;;;;;;;;;;;;;;;;;
;;;;;;;;;;;;;;;;;;;;
;;;;;;;;;;;;;;;;;;;;
;;;;;;;;;;;;;;;;;;;;
;;;;;;;;;;;;;;;;;;;;
;;;;;;;;;;;;;;;;;;;;
;;;;;;;;;;;;;;;;;;;;
;;;;;;;;;;;;;;;;;;;;
;;;;;;;;;;;;;;;;;;;;
;;;;;;;;;;;;;;;;;;;;
;;;;;;;;;;;;;;;;;;;;
;;;;;;;;;;;;;;;;;;;;
;;;;;;;;;;;;;;;;;;;;
;;;;;;;;;;;;;;;;;;;;
;;;;;;;;;;;;;;;;;;;;
;;;;;;;;;;;;;;;;;;;;
;;;;;;;;;;;;;;;;;;;;
;;;;;;;;;;;;;;;;;;;;
;;;;;;;;;;;;;;;;;;;;
;;;;;;;;;;;;;;;;;;;;
;;;;;;;;;;;;;;;;;;;;
;;;;;;;;;;;;;;;;;;;;
;;;;;;;;;;;;;;;;;;;;
;;;;;;;;;;;;;;;;;;;;
;;;;;;;;;;;;;;;;;;;;
;;;;;;;;;;;;;;;;;;;;
;;;;;;;;;;;;;;;;;;;;
;;;;;;;;;;;;;;;;;;;;
;;;;;;;;;;;;;;;;;;;;
;;;;;;;;;;;;;;;;;;;;
;;;;;;;;;;;;;;;;;;;;
;;;;;;;;;;;;;;;;;;;;
;;;;;;;;;;;;;;;;;;;;
;;;;;;;;;;;;;;;;;;;;
;;;;;;;;;;;;;;;;;;;;
;;;;;;;;;;;;;;;;;;;;
;;;;;;;;;;;;;;;;;;;;
;;;;;;;;;;;;;;;;;;;;
;;;;;;;;;;;;;;;;;;;;
;;;;;;;;;;;;;;;;;;;;
;;;;;;;;;;;;;;;;;;;;
;;;;;;;;;;;;;;;;;;;;
;;;;;;;;;;;;;;;;;;;;
;;;;;;;;;;;;;;;;;;;;
;;;;;;;;;;;;;;;;;;;;
;;;;;;;;;;;;;;;;;;;;
;;;;;;;;;;;;;;;;;;;;
;;;;;;;;;;;;;;;;;;;;
;;;;;;;;;;;;;;;;;;;;
;;;;;;;;;;;;;;;;;;;;
;;;;;;;;;;;;;;;;;;;;
;;;;;;;;;;;;;;;;;;;;
;;;;;;;;;;;;;;;;;;;;
;;;;;;;;;;;;;;;;;;;;
;;;;;;;;;;;;;;;;;;;;
;;;;;;;;;;;;;;;;;;;;
;;;;;;;;;;;;;;;;;;;;
;;;;;;;;;;;;;;;;;;;;
;;;;;;;;;;;;;;;;;;;;
;;;;;;;;;;;;;;;;;;;;
;;;;;;;;;;;;;;;;;;;;
;;;;;;;;;;;;;;;;;;;;
;;;;;;;;;;;;;;;;;;;;
;;;;;;;;;;;;;;;;;;;;
;;;;;;;;;;;;;;;;;;;;
;;;;;;;;;;;;;;;;;;;;
;;;;;;;;;;;;;;;;;;;;
;;;;;;;;;;;;;;;;;;;;
;;;;;;;;;;;;;;;;;;;;
;;;;;;;;;;;;;;;;;;;;
;;;;;;;;;;;;;;;;;;;;
;;;;;;;;;;;;;;;;;;;;
;;;;;;;;;;;;;;;;;;;;
;;;;;;;;;;;;;;;;;;;;
;;;;;;;;;;;;;;;;;;;;
;;;;;;;;;;;;;;;;;;;;
;;;;;;;;;;;;;;;;;;;;
;;;;;;;;;;;;;;;;;;;;
;;;;;;;;;;;;;;;;;;;;
;;;;;;;;;;;;;;;;;;;;
;;;;;;;;;;;;;;;;;;;;
;;;;;;;;;;;;;;;;;;;;
;;;;;;;;;;;;;;;;;;;;
;;;;;;;;;;;;;;;;;;;;
;;;;;;;;;;;;;;;;;;;;
;;;;;;;;;;;;;;;;;;;;
;;;;;;;;;;;;;;;;;;;;
;;;;;;;;;;;;;;;;;;;;
;;;;;;;;;;;;;;;;;;;;
;;;;;;;;;;;;;;;;;;;;
;;;;;;;;;;;;;;;;;;;;
;;;;;;;;;;;;;;;;;;;;
;;;;;;;;;;;;;;;;;;;;
;;;;;;;;;;;;;;;;;;;;
;;;;;;;;;;;;;;;;;;;;
;;;;;;;;;;;;;;;;;;;;
;;;;;;;;;;;;;;;;;;;;
;;;;;;;;;;;;;;;;;;;;
;;;;;;;;;;;;;;;;;;;;
;;;;;;;;;;;;;;;;;;;;
;;;;;;;;;;;;;;;;;;;;
;;;;;;;;;;;;;;;;;;;;
;;;;;;;;;;;;;;;;;;;;
;;;;;;;;;;;;;;;;;;;;
;;;;;;;;;;;;;;;;;;;;
;;;;;;;;;;;;;;;;;;;;
;;;;;;;;;;;;;;;;;;;;
;;;;;;;;;;;;;;;;;;;;
;;;;;;;;;;;;;;;;;;;;
;;;;;;;;;;;;;;;;;;;;
;;;;;;;;;;;;;;;;;;;;
;;;;;;;;;;;;;;;;;;;;
;;;;;;;;;;;;;;;;;;;;
;;;;;;;;;;;;;;;;;;;;
;;;;;;;;;;;;;;;;;;;;
;;;;;;;;;;;;;;;;;;;;
;;;;;;;;;;;;;;;;;;;;
;;;;;;;;;;;;;;;;;;;;
;;;;;;;;;;;;;;;;;;;;
;;;;;;;;;;;;;;;;;;;;
;;;;;;;;;;;;;;;;;;;;
;;;;;;;;;;;;;;;;;;;;
;;;;;;;;;;;;;;;;;;;;
;;;;;;;;;;;;;;;;;;;;
;;;;;;;;;;;;;;;;;;;;
;;;;;;;;;;;;;;;;;;;;
;;;;;;;;;;;;;;;;;;;;
;;;;;;;;;;;;;;;;;;;;
;;;;;;;;;;;;;;;;;;;;
;;;;;;;;;;;;;;;;;;;;
;;;;;;;;;;;;;;;;;;;;
;;;;;;;;;;;;;;;;;;;;
;;;;;;;;;;;;;;;;;;;;
;;;;;;;;;;;;;;;;;;;;
;;;;;;;;;;;;;;;;;;;;
;;;;;;;;;;;;;;;;;;;;
;;;;;;;;;;;;;;;;;;;;
;;;;;;;;;;;;;;;;;;;;
;;;;;;;;;;;;;;;;;;;;
;;;;;;;;;;;;;;;;;;;;
;;;;;;;;;;;;;;;;;;;;
;;;;;;;;;;;;;;;;;;;;
;;;;;;;;;;;;;;;;;;;;
;;;;;;;;;;;;;;;;;;;;
;;;;;;;;;;;;;;;;;;;;
;;;;;;;;;;;;;;;;;;;;
;;;;;;;;;;;;;;;;;;;;
;;;;;;;;;;;;;;;;;;;;
;;;;;;;;;;;;;;;;;;;;
;;;;;;;;;;;;;;;;;;;;
;;;;;;;;;;;;;;;;;;;;
;;;;;;;;;;;;;;;;;;;;
;;;;;;;;;;;;;;;;;;;;
;;;;;;;;;;;;;;;;;;;;
;;;;;;;;;;;;;;;;;;;;
;;;;;;;;;;;;;;;;;;;;
;;;;;;;;;;;;;;;;;;;;
;;;;;;;;;;;;;;;;;;;;
;;;;;;;;;;;;;;;;;;;;
;;;;;;;;;;;;;;;;;;;;
;;;;;;;;;;;;;;;;;;;;
;;;;;;;;;;;;;;;;;;;;
;;;;;;;;;;;;;;;;;;;;
;;;;;;;;;;;;;;;;;;;;
;;;;;;;;;;;;;;;;;;;;
;;;;;;;;;;;;;;;;;;;;
;;;;;;;;;;;;;;;;;;;;
;;;;;;;;;;;;;;;;;;;;
;;;;;;;;;;;;;;;;;;;;
;;;;;;;;;;;;;;;;;;;;
;;;;;;;;;;;;;;;;;;;;
;;;;;;;;;;;;;;;;;;;;
;;;;;;;;;;;;;;;;;;;;
;;;;;;;;;;;;;;;;;;;;
;;;;;;;;;;;;;;;;;;;;
;;;;;;;;;;;;;;;;;;;;
;;;;;;;;;;;;;;;;;;;;
;;;;;;;;;;;;;;;;;;;;
;;;;;;;;;;;;;;;;;;;;
;;;;;;;;;;;;;;;;;;;;
;;;;;;;;;;;;;;;;;;;;
;;;;;;;;;;;;;;;;;;;;
;;;;;;;;;;;;;;;;;;;;
;;;;;;;;;;;;;;;;;;;;
;;;;;;;;;;;;;;;;;;;;
;;;;;;;;;;;;;;;;;;;;
;;;;;;;;;;;;;;;;;;;;
;;;;;;;;;;;;;;;;;;;;
;;;;;;;;;;;;;;;;;;;;
;;;;;;;;;;;;;;;;;;;;
;;;;;;;;;;;;;;;;;;;;
;;;;;;;;;;;;;;;;;;;;
;;;;;;;;;;;;;;;;;;;;
;;;;;;;;;;;;;;;;;;;;
;;;;;;;;;;;;;;;;;;;;
;;;;;;;;;;;;;;;;;;;;
;;;;;;;;;;;;;;;;;;;;
;;;;;;;;;;;;;;;;;;;;
;;;;;;;;;;;;;;;;;;;;
;;;;;;;;;;;;;;;;;;;;
;;;;;;;;;;;;;;;;;;;;
;;;;;;;;;;;;;;;;;;;;
;;;;;;;;;;;;;;;;;;;;
;;;;;;;;;;;;;;;;;;;;
;;;;;;;;;;;;;;;;;;;;
;;;;;;;;;;;;;;;;;;;;
;;;;;;;;;;;;;;;;;;;;
;;;;;;;;;;;;;;;;;;;;
;;;;;;;;;;;;;;;;;;;;
;;;;;;;;;;;;;;;;;;;;
;;;;;;;;;;;;;;;;;;;;
;;;;;;;;;;;;;;;;;;;;
;;;;;;;;;;;;;;;;;;;;
;;;;;;;;;;;;;;;;;;;;
;;;;;;;;;;;;;;;;;;;;
;;;;;;;;;;;;;;;;;;;;
;;;;;;;;;;;;;;;;;;;;
;;;;;;;;;;;;;;;;;;;;
;;;;;;;;;;;;;;;;;;;;
;;;;;;;;;;;;;;;;;;;;
;;;;;;;;;;;;;;;;;;;;
;;;;;;;;;;;;;;;;;;;;
;;;;;;;;;;;;;;;;;;;;
;;;;;;;;;;;;;;;;;;;;
;;;;;;;;;;;;;;;;;;;;
;;;;;;;;;;;;;;;;;;;;
;;;;;;;;;;;;;;;;;;;;
;;;;;;;;;;;;;;;;;;;;
;;;;;;;;;;;;;;;;;;;;
;;;;;;;;;;;;;;;;;;;;
;;;;;;;;;;;;;;;;;;;;
;;;;;;;;;;;;;;;;;;;;
;;;;;;;;;;;;;;;;;;;;
;;;;;;;;;;;;;;;;;;;;
;;;;;;;;;;;;;;;;;;;;
;;;;;;;;;;;;;;;;;;;;
;;;;;;;;;;;;;;;;;;;;
;;;;;;;;;;;;;;;;;;;;
;;;;;;;;;;;;;;;;;;;;
;;;;;;;;;;;;;;;;;;;;
;;;;;;;;;;;;;;;;;;;;
;;;;;;;;;;;;;;;;;;;;
;;;;;;;;;;;;;;;;;;;;
;;;;;;;;;;;;;;;;;;;;
;;;;;;;;;;;;;;;;;;;;
;;;;;;;;;;;;;;;;;;;;
;;;;;;;;;;;;;;;;;;;;
;;;;;;;;;;;;;;;;;;;;
;;;;;;;;;;;;;;;;;;;;
;;;;;;;;;;;;;;;;;;;;
;;;;;;;;;;;;;;;;;;;;
;;;;;;;;;;;;;;;;;;;;
;;;;;;;;;;;;;;;;;;;;
;;;;;;;;;;;;;;;;;;;;
;;;;;;;;;;;;;;;;;;;;
;;;;;;;;;;;;;;;;;;;;
;;;;;;;;;;;;;;;;;;;;
;;;;;;;;;;;;;;;;;;;;
;;;;;;;;;;;;;;;;;;;;
;;;;;;;;;;;;;;;;;;;;
;;;;;;;;;;;;;;;;;;;;
;;;;;;;;;;;;;;;;;;;;
;;;;;;;;;;;;;;;;;;;;
;;;;;;;;;;;;;;;;;;;;
;;;;;;;;;;;;;;;;;;;;
;;;;;;;;;;;;;;;;;;;;
;;;;;;;;;;;;;;;;;;;;
;;;;;;;;;;;;;;;;;;;;
;;;;;;;;;;;;;;;;;;;;
;;;;;;;;;;;;;;;;;;;;
;;;;;;;;;;;;;;;;;;;;
;;;;;;;;;;;;;;;;;;;;
;;;;;;;;;;;;;;;;;;;;
;;;;;;;;;;;;;;;;;;;;
;;;;;;;;;;;;;;;;;;;;
;;;;;;;;;;;;;;;;;;;;
;;;;;;;;;;;;;;;;;;;;
;;;;;;;;;;;;;;;;;;;;
;;;;;;;;;;;;;;;;;;;;
;;;;;;;;;;;;;;;;;;;;
;;;;;;;;;;;;;;;;;;;;
;;;;;;;;;;;;;;;;;;;;
;;;;;;;;;;;;;;;;;;;;
;;;;;;;;;;;;;;;;;;;;
;;;;;;;;;;;;;;;;;;;;
;;;;;;;;;;;;;;;;;;;;
;;;;;;;;;;;;;;;;;;;;
;;;;;;;;;;;;;;;;;;;;
;;;;;;;;;;;;;;;;;;;;
;;;;;;;;;;;;;;;;;;;;
;;;;;;;;;;;;;;;;;;;;
;;;;;;;;;;;;;;;;;;;;
;;;;;;;;;;;;;;;;;;;;
;;;;;;;;;;;;;;;;;;;;
;;;;;;;;;;;;;;;;;;;;
;;;;;;;;;;;;;;;;;;;;
;;;;;;;;;;;;;;;;;;;;
;;;;;;;;;;;;;;;;;;;;
;;;;;;;;;;;;;;;;;;;;
;;;;;;;;;;;;;;;;;;;;
;;;;;;;;;;;;;;;;;;;;
;;;;;;;;;;;;;;;;;;;;
;;;;;;;;;;;;;;;;;;;;
;;;;;;;;;;;;;;;;;;;;
;;;;;;;;;;;;;;;;;;;;
;;;;;;;;;;;;;;;;;;;;
;;;;;;;;;;;;;;;;;;;;
;;;;;;;;;;;;;;;;;;;;
;;;;;;;;;;;;;;;;;;;;
;;;;;;;;;;;;;;;;;;;;
;;;;;;;;;;;;;;;;;;;;
;;;;;;;;;;;;;;;;;;;;
;;;;;;;;;;;;;;;;;;;;
;;;;;;;;;;;;;;;;;;;;
;;;;;;;;;;;;;;;;;;;;
;;;;;;;;;;;;;;;;;;;;
;;;;;;;;;;;;;;;;;;;;
;;;;;;;;;;;;;;;;;;;;
;;;;;;;;;;;;;;;;;;;;
;;;;;;;;;;;;;;;;;;;;
;;;;;;;;;;;;;;;;;;;;
;;;;;;;;;;;;;;;;;;;;
;;;;;;;;;;;;;;;;;;;;
;;;;;;;;;;;;;;;;;;;;
;;;;;;;;;;;;;;;;;;;;
;;;;;;;;;;;;;;;;;;;;
;;;;;;;;;;;;;;;;;;;;
;;;;;;;;;;;;;;;;;;;;
;;;;;;;;;;;;;;;;;;;;
;;;;;;;;;;;;;;;;;;;;
;;;;;;;;;;;;;;;;;;;;
;;;;;;;;;;;;;;;;;;;;
;;;;;;;;;;;;;;;;;;;;
;;;;;;;;;;;;;;;;;;;;
;;;;;;;;;;;;;;;;;;;;
;;;;;;;;;;;;;;;;;;;;
;;;;;;;;;;;;;;;;;;;;
;;;;;;;;;;;;;;;;;;;;
;;;;;;;;;;;;;;;;;;;;
;;;;;;;;;;;;;;;;;;;;
;;;;;;;;;;;;;;;;;;;;
;;;;;;;;;;;;;;;;;;;;
;;;;;;;;;;;;;;;;;;;;
;;;;;;;;;;;;;;;;;;;;
;;;;;;;;;;;;;;;;;;;;
;;;;;;;;;;;;;;;;;;;;
;;;;;;;;;;;;;;;;;;;;
;;;;;;;;;;;;;;;;;;;;
;;;;;;;;;;;;;;;;;;;;
;;;;;;;;;;;;;;;;;;;;
;;;;;;;;;;;;;;;;;;;;
;;;;;;;;;;;;;;;;;;;;
;;;;;;;;;;;;;;;;;;;;
;;;;;;;;;;;;;;;;;;;;
;;;;;;;;;;;;;;;;;;;;
;;;;;;;;;;;;;;;;;;;;
;;;;;;;;;;;;;;;;;;;;
;;;;;;;;;;;;;;;;;;;;
;;;;;;;;;;;;;;;;;;;;
;;;;;;;;;;;;;;;;;;;;
;;;;;;;;;;;;;;;;;;;;
;;;;;;;;;;;;;;;;;;;;
;;;;;;;;;;;;;;;;;;;;
;;;;;;;;;;;;;;;;;;;;
;;;;;;;;;;;;;;;;;;;;
;;;;;;;;;;;;;;;;;;;;
;;;;;;;;;;;;;;;;;;;;
;;;;;;;;;;;;;;;;;;;;
;;;;;;;;;;;;;;;;;;;;
;;;;;;;;;;;;;;;;;;;;
;;;;;;;;;;;;;;;;;;;;
;;;;;;;;;;;;;;;;;;;;
;;;;;;;;;;;;;;;;;;;;
;;;;;;;;;;;;;;;;;;;;
;;;;;;;;;;;;;;;;;;;;
;;;;;;;;;;;;;;;;;;;;
;;;;;;;;;;;;;;;;;;;;
;;;;;;;;;;;;;;;;;;;;
;;;;;;;;;;;;;;;;;;;;
;;;;;;;;;;;;;;;;;;;;
;;;;;;;;;;;;;;;;;;;;
;;;;;;;;;;;;;;;;;;;;
;;;;;;;;;;;;;;;;;;;;
;;;;;;;;;;;;;;;;;;;;
;;;;;;;;;;;;;;;;;;;;
;;;;;;;;;;;;;;;;;;;;
;;;;;;;;;;;;;;;;;;;;
;;;;;;;;;;;;;;;;;;;;
;;;;;;;;;;;;;;;;;;;;
;;;;;;;;;;;;;;;;;;;;
;;;;;;;;;;;;;;;;;;;;
;;;;;;;;;;;;;;;;;;;;
;;;;;;;;;;;;;;;;;;;;
;;;;;;;;;;;;;;;;;;;;
;;;;;;;;;;;;;;;;;;;;
;;;;;;;;;;;;;;;;;;;;
;;;;;;;;;;;;;;;;;;;;
;;;;;;;;;;;;;;;;;;;;
;;;;;;;;;;;;;;;;;;;;
;;;;;;;;;;;;;;;;;;;;
;;;;;;;;;;;;;;;;;;;;
;;;;;;;;;;;;;;;;;;;;
;;;;;;;;;;;;;;;;;;;;
;;;;;;;;;;;;;;;;;;;;
;;;;;;;;;;;;;;;;;;;;
;;;;;;;;;;;;;;;;;;;;
;;;;;;;;;;;;;;;;;;;;
;;;;;;;;;;;;;;;;;;;;
;;;;;;;;;;;;;;;;;;;;
;;;;;;;;;;;;;;;;;;;;
;;;;;;;;;;;;;;;;;;;;
;;;;;;;;;;;;;;;;;;;;
;;;;;;;;;;;;;;;;;;;;
;;;;;;;;;;;;;;;;;;;;
;;;;;;;;;;;;;;;;;;;;
;;;;;;;;;;;;;;;;;;;;
;;;;;;;;;;;;;;;;;;;;
;;;;;;;;;;;;;;;;;;;;
;;;;;;;;;;;;;;;;;;;;
;;;;;;;;;;;;;;;;;;;;
;;;;;;;;;;;;;;;;;;;;
;;;;;;;;;;;;;;;;;;;;
;;;;;;;;;;;;;;;;;;;;
;;;;;;;;;;;;;;;;;;;;
;;;;;;;;;;;;;;;;;;;;
;;;;;;;;;;;;;;;;;;;;
;;;;;;;;;;;;;;;;;;;;
;;;;;;;;;;;;;;;;;;;;
;;;;;;;;;;;;;;;;;;;;
;;;;;;;;;;;;;;;;;;;;
;;;;;;;;;;;;;;;;;;;;
;;;;;;;;;;;;;;;;;;;;
;;;;;;;;;;;;;;;;;;;;
;;;;;;;;;;;;;;;;;;;;
;;;;;;;;;;;;;;;;;;;;
;;;;;;;;;;;;;;;;;;;;
;;;;;;;;;;;;;;;;;;;;
;;;;;;;;;;;;;;;;;;;;
;;;;;;;;;;;;;;;;;;;;
;;;;;;;;;;;;;;;;;;;;
;;;;;;;;;;;;;;;;;;;;
;;;;;;;;;;;;;;;;;;;;
;;;;;;;;;;;;;;;;;;;;
;;;;;;;;;;;;;;;;;;;;
;;;;;;;;;;;;;;;;;;;;
;;;;;;;;;;;;;;;;;;;;
;;;;;;;;;;;;;;;;;;;;
;;;;;;;;;;;;;;;;;;;;
;;;;;;;;;;;;;;;;;;;;
;;;;;;;;;;;;;;;;;;;;
;;;;;;;;;;;;;;;;;;;;
;;;;;;;;;;;;;;;;;;;;
;;;;;;;;;;;;;;;;;;;;
;;;;;;;;;;;;;;;;;;;;
;;;;;;;;;;;;;;;;;;;;
;;;;;;;;;;;;;;;;;;;;
;;;;;;;;;;;;;;;;;;;;
;;;;;;;;;;;;;;;;;;;;
;;;;;;;;;;;;;;;;;;;;
;;;;;;;;;;;;;;;;;;;;
;;;;;;;;;;;;;;;;;;;;
;;;;;;;;;;;;;;;;;;;;
;;;;;;;;;;;;;;;;;;;;
;;;;;;;;;;;;;;;;;;;;
;;;;;;;;;;;;;;;;;;;;
;;;;;;;;;;;;;;;;;;;;
;;;;;;;;;;;;;;;;;;;;
;;;;;;;;;;;;;;;;;;;;
;;;;;;;;;;;;;;;;;;;;
;;;;;;;;;;;;;;;;;;;;
;;;;;;;;;;;;;;;;;;;;
;;;;;;;;;;;;;;;;;;;;
;;;;;;;;;;;;;;;;;;;;
;;;;;;;;;;;;;;;;;;;;
;;;;;;;;;;;;;;;;;;;;
;;;;;;;;;;;;;;;;;;;;
;;;;;;;;;;;;;;;;;;;;
;;;;;;;;;;;;;;;;;;;;
;;;;;;;;;;;;;;;;;;;;
;;;;;;;;;;;;;;;;;;;;
;;;;;;;;;;;;;;;;;;;;
;;;;;;;;;;;;;;;;;;;;
;;;;;;;;;;;;;;;;;;;;
;;;;;;;;;;;;;;;;;;;;
;;;;;;;;;;;;;;;;;;;;
;;;;;;;;;;;;;;;;;;;;
;;;;;;;;;;;;;;;;;;;;
;;;;;;;;;;;;;;;;;;;;
;;;;;;;;;;;;;;;;;;;;
;;;;;;;;;;;;;;;;;;;;
;;;;;;;;;;;;;;;;;;;;
;;;;;;;;;;;;;;;;;;;;
;;;;;;;;;;;;;;;;;;;;
;;;;;;;;;;;;;;;;;;;;
;;;;;;;;;;;;;;;;;;;;
;;;;;;;;;;;;;;;;;;;;
;;;;;;;;;;;;;;;;;;;;
;;;;;;;;;;;;;;;;;;;;
;;;;;;;;;;;;;;;;;;;;
;;;;;;;;;;;;;;;;;;;;
;;;;;;;;;;;;;;;;;;;;
;;;;;;;;;;;;;;;;;;;;
;;;;;;;;;;;;;;;;;;;;
;;;;;;;;;;;;;;;;;;;;
;;;;;;;;;;;;;;;;;;;;
;;;;;;;;;;;;;;;;;;;;
;;;;;;;;;;;;;;;;;;;;
;;;;;;;;;;;;;;;;;;;;
;;;;;;;;;;;;;;;;;;;;
;;;;;;;;;;;;;;;;;;;;
;;;;;;;;;;;;;;;;;;;;
;;;;;;;;;;;;;;;;;;;;
;;;;;;;;;;;;;;;;;;;;
;;;;;;;;;;;;;;;;;;;;
;;;;;;;;;;;;;;;;;;;;
;;;;;;;;;;;;;;;;;;;;
;;;;;;;;;;;;;;;;;;;;
;;;;;;;;;;;;;;;;;;;;
;;;;;;;;;;;;;;;;;;;;
;;;;;;;;;;;;;;;;;;;;
;;;;;;;;;;;;;;;;;;;;
;;;;;;;;;;;;;;;;;;;;
;;;;;;;;;;;;;;;;;;;;
;;;;;;;;;;;;;;;;;;;;
;;;;;;;;;;;;;;;;;;;;
;;;;;;;;;;;;;;;;;;;;
;;;;;;;;;;;;;;;;;;;;
;;;;;;;;;;;;;;;;;;;;
;;;;;;;;;;;;;;;;;;;;
;;;;;;;;;;;;;;;;;;;;
;;;;;;;;;;;;;;;;;;;;
;;;;;;;;;;;;;;;;;;;;
;;;;;;;;;;;;;;;;;;;;
;;;;;;;;;;;;;;;;;;;;
;;;;;;;;;;;;;;;;;;;;
;;;;;;;;;;;;;;;;;;;;
;;;;;;;;;;;;;;;;;;;;
;;;;;;;;;;;;;;;;;;;;
;;;;;;;;;;;;;;;;;;;;
;;;;;;;;;;;;;;;;;;;;
;;;;;;;;;;;;;;;;;;;;
;;;;;;;;;;;;;;;;;;;;
;;;;;;;;;;;;;;;;;;;;
;;;;;;;;;;;;;;;;;;;;
;;;;;;;;;;;;;;;;;;;;
;;;;;;;;;;;;;;;;;;;;
;;;;;;;;;;;;;;;;;;;;
;;;;;;;;;;;;;;;;;;;;
;;;;;;;;;;;;;;;;;;;;
;;;;;;;;;;;;;;;;;;;;
;;;;;;;;;;;;;;;;;;;;
;;;;;;;;;;;;;;;;;;;;
;;;;;;;;;;;;;;;;;;;;
;;;;;;;;;;;;;;;;;;;;
;;;;;;;;;;;;;;;;;;;;
;;;;;;;;;;;;;;;;;;;;
;;;;;;;;;;;;;;;;;;;;
;;;;;;;;;;;;;;;;;;;;
;;;;;;;;;;;;;;;;;;;;
;;;;;;;;;;;;;;;;;;;;
;;;;;;;;;;;;;;;;;;;;
;;;;;;;;;;;;;;;;;;;;
;;;;;;;;;;;;;;;;;;;;
;;;;;;;;;;;;;;;;;;;;
;;;;;;;;;;;;;;;;;;;;
;;;;;;;;;;;;;;;;;;;;
;;;;;;;;;;;;;;;;;;;;
;;;;;;;;;;;;;;;;;;;;
;;;;;;;;;;;;;;;;;;;;
;;;;;;;;;;;;;;;;;;;;
;;;;;;;;;;;;;;;;;;;;
;;;;;;;;;;;;;;;;;;;;
;;;;;;;;;;;;;;;;;;;;
;;;;;;;;;;;;;;;;;;;;
;;;;;;;;;;;;;;;;;;;;
;;;;;;;;;;;;;;;;;;;;
;;;;;;;;;;;;;;;;;;;;
;;;;;;;;;;;;;;;;;;;;
;;;;;;;;;;;;;;;;;;;;
;;;;;;;;;;;;;;;;;;;;
;;;;;;;;;;;;;;;;;;;;
;;;;;;;;;;;;;;;;;;;;
;;;;;;;;;;;;;;;;;;;;
;;;;;;;;;;;;;;;;;;;;
;;;;;;;;;;;;;;;;;;;;
;;;;;;;;;;;;;;;;;;;;
;;;;;;;;;;;;;;;;;;;;
;;;;;;;;;;;;;;;;;;;;
;;;;;;;;;;;;;;;;;;;;
;;;;;;;;;;;;;;;;;;;;
;;;;;;;;;;;;;;;;;;;;
;;;;;;;;;;;;;;;;;;;;
;;;;;;;;;;;;;;;;;;;;
;;;;;;;;;;;;;;;;;;;;
;;;;;;;;;;;;;;;;;;;;
;;;;;;;;;;;;;;;;;;;;
;;;;;;;;;;;;;;;;;;;;
;;;;;;;;;;;;;;;;;;;;
;;;;;;;;;;;;;;;;;;;;
;;;;;;;;;;;;;;;;;;;;
;;;;;;;;;;;;;;;;;;;;
;;;;;;;;;;;;;;;;;;;;
;;;;;;;;;;;;;;;;;;;;
;;;;;;;;;;;;;;;;;;;;
;;;;;;;;;;;;;;;;;;;;
;;;;;;;;;;;;;;;;;;;;
;;;;;;;;;;;;;;;;;;;;
;;;;;;;;;;;;;;;;;;;;
;;;;;;;;;;;;;;;;;;;;
;;;;;;;;;;;;;;;;;;;;
;;;;;;;;;;;;;;;;;;;;
;;;;;;;;;;;;;;;;;;;;
;;;;;;;;;;;;;;;;;;;;
;;;;;;;;;;;;;;;;;;;;
;;;;;;;;;;;;;;;;;;;;
;;;;;;;;;;;;;;;;;;;;
;;;;;;;;;;;;;;;;;;;;
;;;;;;;;;;;;;;;;;;;;
;;;;;;;;;;;;;;;;;;;;
;;;;;;;;;;;;;;;;;;;;
;;;;;;;;;;;;;;;;;;;;
;;;;;;;;;;;;;;;;;;;;
;;;;;;;;;;;;;;;;;;;;
;;;;;;;;;;;;;;;;;;;;
;;;;;;;;;;;;;;;;;;;;
;;;;;;;;;;;;;;;;;;;;
;;;;;;;;;;;;;;;;;;;;
;;;;;;;;;;;;;;;;;;;;
;;;;;;;;;;;;;;;;;;;;
;;;;;;;;;;;;;;;;;;;;
;;;;;;;;;;;;;;;;;;;;
;;;;;;;;;;;;;;;;;;;;
;;;;;;;;;;;;;;;;;;;;
;;;;;;;;;;;;;;;;;;;;
;;;;;;;;;;;;;;;;;;;;
;;;;;;;;;;;;;;;;;;;;
;;;;;;;;;;;;;;;;;;;;
;;;;;;;;;;;;;;;;;;;;
;;;;;;;;;;;;;;;;;;;;
;;;;;;;;;;;;;;;;;;;;
;;;;;;;;;;;;;;;;;;;;
;;;;;;;;;;;;;;;;;;;;
;;;;;;;;;;;;;;;;;;;;
;;;;;;;;;;;;;;;;;;;;
;;;;;;;;;;;;;;;;;;;;
;;;;;;;;;;;;;;;;;;;;
;;;;;;;;;;;;;;;;;;;;
;;;;;;;;;;;;;;;;;;;;
;;;;;;;;;;;;;;;;;;;;
;;;;;;;;;;;;;;;;;;;;
;;;;;;;;;;;;;;;;;;;;
;;;;;;;;;;;;;;;;;;;;
;;;;;;;;;;;;;;;;;;;;
;;;;;;;;;;;;;;;;;;;;
;;;;;;;;;;;;;;;;;;;;
;;;;;;;;;;;;;;;;;;;;
;;;;;;;;;;;;;;;;;;;;
;;;;;;;;;;;;;;;;;;;;
;;;;;;;;;;;;;;;;;;;;
;;;;;;;;;;;;;;;;;;;;
;;;;;;;;;;;;;;;;;;;;
;;;;;;;;;;;;;;;;;;;;
;;;;;;;;;;;;;;;;;;;;
;;;;;;;;;;;;;;;;;;;;
;;;;;;;;;;;;;;;;;;;;
;;;;;;;;;;;;;;;;;;;;
;;;;;;;;;;;;;;;;;;;;
;;;;;;;;;;;;;;;;;;;;
;;;;;;;;;;;;;;;;;;;;
;;;;;;;;;;;;;;;;;;;;
;;;;;;;;;;;;;;;;;;;;
;;;;;;;;;;;;;;;;;;;;
;;;;;;;;;;;;;;;;;;;;
;;;;;;;;;;;;;;;;;;;;
;;;;;;;;;;;;;;;;;;;;
;;;;;;;;;;;;;;;;;;;;
;;;;;;;;;;;;;;;;;;;;
;;;;;;;;;;;;;;;;;;;;
;;;;;;;;;;;;;;;;;;;;
;;;;;;;;;;;;;;;;;;;;
;;;;;;;;;;;;;;;;;;;;
;;;;;;;;;;;;;;;;;;;;
;;;;;;;;;;;;;;;;;;;;
;;;;;;;;;;;;;;;;;;;;
;;;;;;;;;;;;;;;;;;;;
;;;;;;;;;;;;;;;;;;;;
;;;;;;;;;;;;;;;;;;;;
;;;;;;;;;;;;;;;;;;;;
;;;;;;;;;;;;;;;;;;;;
;;;;;;;;;;;;;;;;;;;;
;;;;;;;;;;;;;;;;;;;;
;;;;;;;;;;;;;;;;;;;;
;;;;;;;;;;;;;;;;;;;;
;;;;;;;;;;;;;;;;;;;;
;;;;;;;;;;;;;;;;;;;;
;;;;;;;;;;;;;;;;;;;;
;;;;;;;;;;;;;;;;;;;;
;;;;;;;;;;;;;;;;;;;;
;;;;;;;;;;;;;;;;;;;;
;;;;;;;;;;;;;;;;;;;;
;;;;;;;;;;;;;;;;;;;;
;;;;;;;;;;;;;;;;;;;;
;;;;;;;;;;;;;;;;;;;;
;;;;;;;;;;;;;;;;;;;;
;;;;;;;;;;;;;;;;;;;;
;;;;;;;;;;;;;;;;;;;;
;;;;;;;;;;;;;;;;;;;;
;;;;;;;;;;;;;;;;;;;;
;;;;;;;;;;;;;;;;;;;;
;;;;;;;;;;;;;;;;;;;;
;;;;;;;;;;;;;;;;;;;;
;;;;;;;;;;;;;;;;;;;;
;;;;;;;;;;;;;;;;;;;;
;;;;;;;;;;;;;;;;;;;;
;;;;;;;;;;;;;;;;;;;;
;;;;;;;;;;;;;;;;;;;;
;;;;;;;;;;;;;;;;;;;;
;;;;;;;;;;;;;;;;;;;;
;;;;;;;;;;;;;;;;;;;;
;;;;;;;;;;;;;;;;;;;;
;;;;;;;;;;;;;;;;;;;;
;;;;;;;;;;;;;;;;;;;;
;;;;;;;;;;;;;;;;;;;;
;;;;;;;;;;;;;;;;;;;;
;;;;;;;;;;;;;;;;;;;;
;;;;;;;;;;;;;;;;;;;;
;;;;;;;;;;;;;;;;;;;;
;;;;;;;;;;;;;;;;;;;;
;;;;;;;;;;;;;;;;;;;;
;;;;;;;;;;;;;;;;;;;;
;;;;;;;;;;;;;;;;;;;;
;;;;;;;;;;;;;;;;;;;;
;;;;;;;;;;;;;;;;;;;;
;;;;;;;;;;;;;;;;;;;;
;;;;;;;;;;;;;;;;;;;;
;;;;;;;;;;;;;;;;;;;;
;;;;;;;;;;;;;;;;;;;;
;;;;;;;;;;;;;;;;;;;;
;;;;;;;;;;;;;;;;;;;;
;;;;;;;;;;;;;;;;;;;;
;;;;;;;;;;;;;;;;;;;;
;;;;;;;;;;;;;;;;;;;;
;;;;;;;;;;;;;;;;;;;;
;;;;;;;;;;;;;;;;;;;;
;;;;;;;;;;;;;;;;;;;;
;;;;;;;;;;;;;;;;;;;;
;;;;;;;;;;;;;;;;;;;;
;;;;;;;;;;;;;;;;;;;;
;;;;;;;;;;;;;;;;;;;;
;;;;;;;;;;;;;;;;;;;;
;;;;;;;;;;;;;;;;;;;;
;;;;;;;;;;;;;;;;;;;;
;;;;;;;;;;;;;;;;;;;;
;;;;;;;;;;;;;;;;;;;;
;;;;;;;;;;;;;;;;;;;;
;;;;;;;;;;;;;;;;;;;;
;;;;;;;;;;;;;;;;;;;;
;;;;;;;;;;;;;;;;;;;;
;;;;;;;;;;;;;;;;;;;;
;;;;;;;;;;;;;;;;;;;;
;;;;;;;;;;;;;;;;;;;;
;;;;;;;;;;;;;;;;;;;;
;;;;;;;;;;;;;;;;;;;;
;;;;;;;;;;;;;;;;;;;;
;;;;;;;;;;;;;;;;;;;;
;;;;;;;;;;;;;;;;;;;;
;;;;;;;;;;;;;;;;;;;;
;;;;;;;;;;;;;;;;;;;;
;;;;;;;;;;;;;;;;;;;;
;;;;;;;;;;;;;;;;;;;;
;;;;;;;;;;;;;;;;;;;;
;;;;;;;;;;;;;;;;;;;;
;;;;;;;;;;;;;;;;;;;;
;;;;;;;;;;;;;;;;;;;;
;;;;;;;;;;;;;;;;;;;;
;;;;;;;;;;;;;;;;;;;;
;;;;;;;;;;;;;;;;;;;;
;;;;;;;;;;;;;;;;;;;;
;;;;;;;;;;;;;;;;;;;;
;;;;;;;;;;;;;;;;;;;;
;;;;;;;;;;;;;;;;;;;;
;;;;;;;;;;;;;;;;;;;;
;;;;;;;;;;;;;;;;;;;;
;;;;;;;;;;;;;;;;;;;;
;;;;;;;;;;;;;;;;;;;;
;;;;;;;;;;;;;;;;;;;;
;;;;;;;;;;;;;;;;;;;;
;;;;;;;;;;;;;;;;;;;;
;;;;;;;;;;;;;;;;;;;;
;;;;;;;;;;;;;;;;;;;;
;;;;;;;;;;;;;;;;;;;;
;;;;;;;;;;;;;;;;;;;;
;;;;;;;;;;;;;;;;;;;;
;;;;;;;;;;;;;;;;;;;;
;;;;;;;;;;;;;;;;;;;;
;;;;;;;;;;;;;;;;;;;;
;;;;;;;;;;;;;;;;;;;;
;;;;;;;;;;;;;;;;;;;;
;;;;;;;;;;;;;;;;;;;;
;;;;;;;;;;;;;;;;;;;;
;;;;;;;;;;;;;;;;;;;;
;;;;;;;;;;;;;;;;;;;;
;;;;;;;;;;;;;;;;;;;;
;;;;;;;;;;;;;;;;;;;;
;;;;;;;;;;;;;;;;;;;;
;;;;;;;;;;;;;;;;;;;;
;;;;;;;;;;;;;;;;;;;;
;;;;;;;;;;;;;;;;;;;;
;;;;;;;;;;;;;;;;;;;;
;;;;;;;;;;;;;;;;;;;;
;;;;;;;;;;;;;;;;;;;;
;;;;;;;;;;;;;;;;;;;;
;;;;;;;;;;;;;;;;;;;;
;;;;;;;;;;;;;;;;;;;;
;;;;;;;;;;;;;;;;;;;;
;;;;;;;;;;;;;;;;;;;;
;;;;;;;;;;;;;;;;;;;;
;;;;;;;;;;;;;;;;;;;;
;;;;;;;;;;;;;;;;;;;;
;;;;;;;;;;;;;;;;;;;;
;;;;;;;;;;;;;;;;;;;;
;;;;;;;;;;;;;;;;;;;;
;;;;;;;;;;;;;;;;;;;;
;;;;;;;;;;;;;;;;;;;;
;;;;;;;;;;;;;;;;;;;;
;;;;;;;;;;;;;;;;;;;;
;;;;;;;;;;;;;;;;;;;;
;;;;;;;;;;;;;;;;;;;;
;;;;;;;;;;;;;;;;;;;;
;;;;;;;;;;;;;;;;;;;;
;;;;;;;;;;;;;;;;;;;;
;;;;;;;;;;;;;;;;;;;;
;;;;;;;;;;;;;;;;;;;;
;;;;;;;;;;;;;;;;;;;;
;;;;;;;;;;;;;;;;;;;;
;;;;;;;;;;;;;;;;;;;;
;;;;;;;;;;;;;;;;;;;;
;;;;;;;;;;;;;;;;;;;;
;;;;;;;;;;;;;;;;;;;;
;;;;;;;;;;;;;;;;;;;;
;;;;;;;;;;;;;;;;;;;;
;;;;;;;;;;;;;;;;;;;;
;;;;;;;;;;;;;;;;;;;;
;;;;;;;;;;;;;;;;;;;;
;;;;;;;;;;;;;;;;;;;;
;;;;;;;;;;;;;;;;;;;;
;;;;;;;;;;;;;;;;;;;;
;;;;;;;;;;;;;;;;;;;;
;;;;;;;;;;;;;;;;;;;;
;;;;;;;;;;;;;;;;;;;;
;;;;;;;;;;;;;;;;;;;;
;;;;;;;;;;;;;;;;;;;;
;;;;;;;;;;;;;;;;;;;;
;;;;;;;;;;;;;;;;;;;;
;;;;;;;;;;;;;;;;;;;;
;;;;;;;;;;;;;;;;;;;;
;;;;;;;;;;;;;;;;;;;;
;;;;;;;;;;;;;;;;;;;;
;;;;;;;;;;;;;;;;;;;;
;;;;;;;;;;;;;;;;;;;;
;;;;;;;;;;;;;;;;;;;;
;;;;;;;;;;;;;;;;;;;;
;;;;;;;;;;;;;;;;;;;;
;;;;;;;;;;;;;;;;;;;;
;;;;;;;;;;;;;;;;;;;;
;;;;;;;;;;;;;;;;;;;;
;;;;;;;;;;;;;;;;;;;;
;;;;;;;;;;;;;;;;;;;;
;;;;;;;;;;;;;;;;;;;;
;;;;;;;;;;;;;;;;;;;;
;;;;;;;;;;;;;;;;;;;;
;;;;;;;;;;;;;;;;;;;;
;;;;;;;;;;;;;;;;;;;;
;;;;;;;;;;;;;;;;;;;;
;;;;;;;;;;;;;;;;;;;;
;;;;;;;;;;;;;;;;;;;;
;;;;;;;;;;;;;;;;;;;;
;;;;;;;;;;;;;;;;;;;;
;;;;;;;;;;;;;;;;;;;;
;;;;;;;;;;;;;;;;;;;;
;;;;;;;;;;;;;;;;;;;;
;;;;;;;;;;;;;;;;;;;;
;;;;;;;;;;;;;;;;;;;;
;;;;;;;;;;;;;;;;;;;;
;;;;;;;;;;;;;;;;;;;;
;;;;;;;;;;;;;;;;;;;;
;;;;;;;;;;;;;;;;;;;;
;;;;;;;;;;;;;;;;;;;;
;;;;;;;;;;;;;;;;;;;;
;;;;;;;;;;;;;;;;;;;;
;;;;;;;;;;;;;;;;;;;;
;;;;;;;;;;;;;;;;;;;;
;;;;;;;;;;;;;;;;;;;;
;;;;;;;;;;;;;;;;;;;;
;;;;;;;;;;;;;;;;;;;;
;;;;;;;;;;;;;;;;;;;;
;;;;;;;;;;;;;;;;;;;;
;;;;;;;;;;;;;;;;;;;;
;;;;;;;;;;;;;;;;;;;;
;;;;;;;;;;;;;;;;;;;;
;;;;;;;;;;;;;;;;;;;;
;;;;;;;;;;;;;;;;;;;;
;;;;;;;;;;;;;;;;;;;;
;;;;;;;;;;;;;;;;;;;;
;;;;;;;;;;;;;;;;;;;;
;;;;;;;;;;;;;;;;;;;;
;;;;;;;;;;;;;;;;;;;;
;;;;;;;;;;;;;;;;;;;;
;;;;;;;;;;;;;;;;;;;;
;;;;;;;;;;;;;;;;;;;;
;;;;;;;;;;;;;;;;;;;;
;;;;;;;;;;;;;;;;;;;;
;;;;;;;;;;;;;;;;;;;;
;;;;;;;;;;;;;;;;;;;;
;;;;;;;;;;;;;;;;;;;;
;;;;;;;;;;;;;;;;;;;;
;;;;;;;;;;;;;;;;;;;;
;;;;;;;;;;;;;;;;;;;;
;;;;;;;;;;;;;;;;;;;;
;;;;;;;;;;;;;;;;;;;;
;;;;;;;;;;;;;;;;;;;;
;;;;;;;;;;;;;;;;;;;;
;;;;;;;;;;;;;;;;;;;;
;;;;;;;;;;;;;;;;;;;;
;;;;;;;;;;;;;;;;;;;;
;;;;;;;;;;;;;;;;;;;;
;;;;;;;;;;;;;;;;;;;;
;;;;;;;;;;;;;;;;;;;;
;;;;;;;;;;;;;;;;;;;;
;;;;;;;;;;;;;;;;;;;;
;;;;;;;;;;;;;;;;;;;;
;;;;;;;;;;;;;;;;;;;;
;;;;;;;;;;;;;;;;;;;;
;;;;;;;;;;;;;;;;;;;;
;;;;;;;;;;;;;;;;;;;;
;;;;;;;;;;;;;;;;;;;;
;;;;;;;;;;;;;;;;;;;;
;;;;;;;;;;;;;;;;;;;;
;;;;;;;;;;;;;;;;;;;;
;;;;;;;;;;;;;;;;;;;;
;;;;;;;;;;;;;;;;;;;;
;;;;;;;;;;;;;;;;;;;;
;;;;;;;;;;;;;;;;;;;;
;;;;;;;;;;;;;;;;;;;;
;;;;;;;;;;;;;;;;;;;;
;;;;;;;;;;;;;;;;;;;;
;;;;;;;;;;;;;;;;;;;;
;;;;;;;;;;;;;;;;;;;;
;;;;;;;;;;;;;;;;;;;;
;;;;;;;;;;;;;;;;;;;;
;;;;;;;;;;;;;;;;;;;;
;;;;;;;;;;;;;;;;;;;;
;;;;;;;;;;;;;;;;;;;;
;;;;;;;;;;;;;;;;;;;;
;;;;;;;;;;;;;;;;;;;;
;;;;;;;;;;;;;;;;;;;;
;;;;;;;;;;;;;;;;;;;;
;;;;;;;;;;;;;;;;;;;;
;;;;;;;;;;;;;;;;;;;;
;;;;;;;;;;;;;;;;;;;;
;;;;;;;;;;;;;;;;;;;;
;;;;;;;;;;;;;;;;;;;;
;;;;;;;;;;;;;;;;;;;;
;;;;;;;;;;;;;;;;;;;;
;;;;;;;;;;;;;;;;;;;;
;;;;;;;;;;;;;;;;;;;;
;;;;;;;;;;;;;;;;;;;;
;;;;;;;;;;;;;;;;;;;;
;;;;;;;;;;;;;;;;;;;;
;;;;;;;;;;;;;;;;;;;;
;;;;;;;;;;;;;;;;;;;;
;;;;;;;;;;;;;;;;;;;;
;;;;;;;;;;;;;;;;;;;;
;;;;;;;;;;;;;;;;;;;;
;;;;;;;;;;;;;;;;;;;;
;;;;;;;;;;;;;;;;;;;;
;;;;;;;;;;;;;;;;;;;;
;;;;;;;;;;;;;;;;;;;;
;;;;;;;;;;;;;;;;;;;;
;;;;;;;;;;;;;;;;;;;;
;;;;;;;;;;;;;;;;;;;;
;;;;;;;;;;;;;;;;;;;;
;;;;;;;;;;;;;;;;;;;;
;;;;;;;;;;;;;;;;;;;;
;;;;;;;;;;;;;;;;;;;;
;;;;;;;;;;;;;;;;;;;;
;;;;;;;;;;;;;;;;;;;;
;;;;;;;;;;;;;;;;;;;;
;;;;;;;;;;;;;;;;;;;;
;;;;;;;;;;;;;;;;;;;;
;;;;;;;;;;;;;;;;;;;;
;;;;;;;;;;;;;;;;;;;;
;;;;;;;;;;;;;;;;;;;;
;;;;;;;;;;;;;;;;;;;;
;;;;;;;;;;;;;;;;;;;;
;;;;;;;;;;;;;;;;;;;;
;;;;;;;;;;;;;;;;;;;;
;;;;;;;;;;;;;;;;;;;;
;;;;;;;;;;;;;;;;;;;;
;;;;;;;;;;;;;;;;;;;;
;;;;;;;;;;;;;;;;;;;;
;;;;;;;;;;;;;;;;;;;;
;;;;;;;;;;;;;;;;;;;;
;;;;;;;;;;;;;;;;;;;;
;;;;;;;;;;;;;;;;;;;;
;;;;;;;;;;;;;;;;;;;;
;;;;;;;;;;;;;;;;;;;;
;;;;;;;;;;;;;;;;;;;;
;;;;;;;;;;;;;;;;;;;;
;;;;;;;;;;;;;;;;;;;;
;;;;;;;;;;;;;;;;;;;;
;;;;;;;;;;;;;;;;;;;;
;;;;;;;;;;;;;;;;;;;;
;;;;;;;;;;;;;;;;;;;;
;;;;;;;;;;;;;;;;;;;;
;;;;;;;;;;;;;;;;;;;;
;;;;;;;;;;;;;;;;;;;;
;;;;;;;;;;;;;;;;;;;;
;;;;;;;;;;;;;;;;;;;;
;;;;;;;;;;;;;;;;;;;;
;;;;;;;;;;;;;;;;;;;;
;;;;;;;;;;;;;;;;;;;;
;;;;;;;;;;;;;;;;;;;;
;;;;;;;;;;;;;;;;;;;;
;;;;;;;;;;;;;;;;;;;;
;;;;;;;;;;;;;;;;;;;;
;;;;;;;;;;;;;;;;;;;;
;;;;;;;;;;;;;;;;;;;;
;;;;;;;;;;;;;;;;;;;;
;;;;;;;;;;;;;;;;;;;;
;;;;;;;;;;;;;;;;;;;;
;;;;;;;;;;;;;;;;;;;;
;;;;;;;;;;;;;;;;;;;;
;;;;;;;;;;;;;;;;;;;;
;;;;;;;;;;;;;;;;;;;;
;;;;;;;;;;;;;;;;;;;;
;;;;;;;;;;;;;;;;;;;;
;;;;;;;;;;;;;;;;;;;;
;;;;;;;;;;;;;;;;;;;;
;;;;;;;;;;;;;;;;;;;;
;;;;;;;;;;;;;;;;;;;;
;;;;;;;;;;;;;;;;;;;;
;;;;;;;;;;;;;;;;;;;;
;;;;;;;;;;;;;;;;;;;;
;;;;;;;;;;;;;;;;;;;;
;;;;;;;;;;;;;;;;;;;;
;;;;;;;;;;;;;;;;;;;;
;;;;;;;;;;;;;;;;;;;;
;;;;;;;;;;;;;;;;;;;;
;;;;;;;;;;;;;;;;;;;;
;;;;;;;;;;;;;;;;;;;;
;;;;;;;;;;;;;;;;;;;;
;;;;;;;;;;;;;;;;;;;;
;;;;;;;;;;;;;;;;;;;;
;;;;;;;;;;;;;;;;;;;;
;;;;;;;;;;;;;;;;;;;;
;;;;;;;;;;;;;;;;;;;;
;;;;;;;;;;;;;;;;;;;;
;;;;;;;;;;;;;;;;;;;;
;;;;;;;;;;;;;;;;;;;;
;;;;;;;;;;;;;;;;;;;;
;;;;;;;;;;;;;;;;;;;;
;;;;;;;;;;;;;;;;;;;;
;;;;;;;;;;;;;;;;;;;;
;;;;;;;;;;;;;;;;;;;;
;;;;;;;;;;;;;;;;;;;;
;;;;;;;;;;;;;;;;;;;;
;;;;;;;;;;;;;;;;;;;;
;;;;;;;;;;;;;;;;;;;;
;;;;;;;;;;;;;;;;;;;;
;;;;;;;;;;;;;;;;;;;;
;;;;;;;;;;;;;;;;;;;;
;;;;;;;;;;;;;;;;;;;;
;;;;;;;;;;;;;;;;;;;;
;;;;;;;;;;;;;;;;;;;;
;;;;;;;;;;;;;;;;;;;;
;;;;;;;;;;;;;;;;;;;;
;;;;;;;;;;;;;;;;;;;;
;;;;;;;;;;;;;;;;;;;;
;;;;;;;;;;;;;;;;;;;;
;;;;;;;;;;;;;;;;;;;;
;;;;;;;;;;;;;;;;;;;;
;;;;;;;;;;;;;;;;;;;;
;;;;;;;;;;;;;;;;;;;;
;;;;;;;;;;;;;;;;;;;;
;;;;;;;;;;;;;;;;;;;;
;;;;;;;;;;;;;;;;;;;;
;;;;;;;;;;;;;;;;;;;;
;;;;;;;;;;;;;;;;;;;;
;;;;;;;;;;;;;;;;;;;;
;;;;;;;;;;;;;;;;;;;;
;;;;;;;;;;;;;;;;;;;;
;;;;;;;;;;;;;;;;;;;;
;;;;;;;;;;;;;;;;;;;;
;;;;;;;;;;;;;;;;;;;;
;;;;;;;;;;;;;;;;;;;;
;;;;;;;;;;;;;;;;;;;;
;;;;;;;;;;;;;;;;;;;;
;;;;;;;;;;;;;;;;;;;;
;;;;;;;;;;;;;;;;;;;;
;;;;;;;;;;;;;;;;;;;;
;;;;;;;;;;;;;;;;;;;;
;;;;;;;;;;;;;;;;;;;;
;;;;;;;;;;;;;;;;;;;;
;;;;;;;;;;;;;;;;;;;;
;;;;;;;;;;;;;;;;;;;;
;;;;;;;;;;;;;;;;;;;;
;;;;;;;;;;;;;;;;;;;;
;;;;;;;;;;;;;;;;;;;;
;;;;;;;;;;;;;;;;;;;;
;;;;;;;;;;;;;;;;;;;;
;;;;;;;;;;;;;;;;;;;;
;;;;;;;;;;;;;;;;;;;;
;;;;;;;;;;;;;;;;;;;;
;;;;;;;;;;;;;;;;;;;;
;;;;;;;;;;;;;;;;;;;;
;;;;;;;;;;;;;;;;;;;;
;;;;;;;;;;;;;;;;;;;;
;;;;;;;;;;;;;;;;;;;;
;;;;;;;;;;;;;;;;;;;;
;;;;;;;;;;;;;;;;;;;;
;;;;;;;;;;;;;;;;;;;;
;;;;;;;;;;;;;;;;;;;;
;;;;;;;;;;;;;;;;;;;;
;;;;;;;;;;;;;;;;;;;;
;;;;;;;;;;;;;;;;;;;;
;;;;;;;;;;;;;;;;;;;;
;;;;;;;;;;;;;;;;;;;;
;;;;;;;;;;;;;;;;;;;;
;;;;;;;;;;;;;;;;;;;;
;;;;;;;;;;;;;;;;;;;;
;;;;;;;;;;;;;;;;;;;;
;;;;;;;;;;;;;;;;;;;;
;;;;;;;;;;;;;;;;;;;;
;;;;;;;;;;;;;;;;;;;;
;;;;;;;;;;;;;;;;;;;;
;;;;;;;;;;;;;;;;;;;;
;;;;;;;;;;;;;;;;;;;;
;;;;;;;;;;;;;;;;;;;;
;;;;;;;;;;;;;;;;;;;;
;;;;;;;;;;;;;;;;;;;;
;;;;;;;;;;;;;;;;;;;;
;;;;;;;;;;;;;;;;;;;;
;;;;;;;;;;;;;;;;;;;;
;;;;;;;;;;;;;;;;;;;;
;;;;;;;;;;;;;;;;;;;;
;;;;;;;;;;;;;;;;;;;;
;;;;;;;;;;;;;;;;;;;;
;;;;;;;;;;;;;;;;;;;;
;;;;;;;;;;;;;;;;;;;;
;;;;;;;;;;;;;;;;;;;;
;;;;;;;;;;;;;;;;;;;;
;;;;;;;;;;;;;;;;;;;;
;;;;;;;;;;;;;;;;;;;;
;;;;;;;;;;;;;;;;;;;;
;;;;;;;;;;;;;;;;;;;;
;;;;;;;;;;;;;;;;;;;;
;;;;;;;;;;;;;;;;;;;;
;;;;;;;;;;;;;;;;;;;;
;;;;;;;;;;;;;;;;;;;;
;;;;;;;;;;;;;;;;;;;;
;;;;;;;;;;;;;;;;;;;;
;;;;;;;;;;;;;;;;;;;;
;;;;;;;;;;;;;;;;;;;;
;;;;;;;;;;;;;;;;;;;;
;;;;;;;;;;;;;;;;;;;;
;;;;;;;;;;;;;;;;;;;;
;;;;;;;;;;;;;;;;;;;;
;;;;;;;;;;;;;;;;;;;;
;;;;;;;;;;;;;;;;;;;;
;;;;;;;;;;;;;;;;;;;;
;;;;;;;;;;;;;;;;;;;;
;;;;;;;;;;;;;;;;;;;;
;;;;;;;;;;;;;;;;;;;;
;;;;;;;;;;;;;;;;;;;;
;;;;;;;;;;;;;;;;;;;;
;;;;;;;;;;;;;;;;;;;;
;;;;;;;;;;;;;;;;;;;;
;;;;;;;;;;;;;;;;;;;;
;;;;;;;;;;;;;;;;;;;;
;;;;;;;;;;;;;;;;;;;;
;;;;;;;;;;;;;;;;;;;;
;;;;;;;;;;;;;;;;;;;;
;;;;;;;;;;;;;;;;;;;;
;;;;;;;;;;;;;;;;;;;;
;;;;;;;;;;;;;;;;;;;;
;;;;;;;;;;;;;;;;;;;;
;;;;;;;;;;;;;;;;;;;;
;;;;;;;;;;;;;;;;;;;;
;;;;;;;;;;;;;;;;;;;;
;;;;;;;;;;;;;;;;;;;;
;;;;;;;;;;;;;;;;;;;;
;;;;;;;;;;;;;;;;;;;;
;;;;;;;;;;;;;;;;;;;;
;;;;;;;;;;;;;;;;;;;;
;;;;;;;;;;;;;;;;;;;;
;;;;;;;;;;;;;;;;;;;;
;;;;;;;;;;;;;;;;;;;;
;;;;;;;;;;;;;;;;;;;;
;;;;;;;;;;;;;;;;;;;;
;;;;;;;;;;;;;;;;;;;;
;;;;;;;;;;;;;;;;;;;;
;;;;;;;;;;;;;;;;;;;;
;;;;;;;;;;;;;;;;;;;;
;;;;;;;;;;;;;;;;;;;;
;;;;;;;;;;;;;;;;;;;;
;;;;;;;;;;;;;;;;;;;;
;;;;;;;;;;;;;;;;;;;;
;;;;;;;;;;;;;;;;;;;;
;;;;;;;;;;;;;;;;;;;;
;;;;;;;;;;;;;;;;;;;;
;;;;;;;;;;;;;;;;;;;;
;;;;;;;;;;;;;;;;;;;;
;;;;;;;;;;;;;;;;;;;;
;;;;;;;;;;;;;;;;;;;;
;;;;;;;;;;;;;;;;;;;;
;;;;;;;;;;;;;;;;;;;;
;;;;;;;;;;;;;;;;;;;;
;;;;;;;;;;;;;;;;;;;;
;;;;;;;;;;;;;;;;;;;;
;;;;;;;;;;;;;;;;;;;;
;;;;;;;;;;;;;;;;;;;;
;;;;;;;;;;;;;;;;;;;;
;;;;;;;;;;;;;;;;;;;;
;;;;;;;;;;;;;;;;;;;;
;;;;;;;;;;;;;;;;;;;;
;;;;;;;;;;;;;;;;;;;;
;;;;;;;;;;;;;;;;;;;;
;;;;;;;;;;;;;;;;;;;;
;;;;;;;;;;;;;;;;;;;;
;;;;;;;;;;;;;;;;;;;;
;;;;;;;;;;;;;;;;;;;;
;;;;;;;;;;;;;;;;;;;;
;;;;;;;;;;;;;;;;;;;;
;;;;;;;;;;;;;;;;;;;;
;;;;;;;;;;;;;;;;;;;;
;;;;;;;;;;;;;;;;;;;;
;;;;;;;;;;;;;;;;;;;;
;;;;;;;;;;;;;;;;;;;;
;;;;;;;;;;;;;;;;;;;;
;;;;;;;;;;;;;;;;;;;;
;;;;;;;;;;;;;;;;;;;;
;;;;;;;;;;;;;;;;;;;;
;;;;;;;;;;;;;;;;;;;;
;;;;;;;;;;;;;;;;;;;;
;;;;;;;;;;;;;;;;;;;;
;;;;;;;;;;;;;;;;;;;;
;;;;;;;;;;;;;;;;;;;;
;;;;;;;;;;;;;;;;;;;;
;;;;;;;;;;;;;;;;;;;;
;;;;;;;;;;;;;;;;;;;;
;;;;;;;;;;;;;;;;;;;;
;;;;;;;;;;;;;;;;;;;;
;;;;;;;;;;;;;;;;;;;;
;;;;;;;;;;;;;;;;;;;;
;;;;;;;;;;;;;;;;;;;;
;;;;;;;;;;;;;;;;;;;;
;;;;;;;;;;;;;;;;;;;;
;;;;;;;;;;;;;;;;;;;;
;;;;;;;;;;;;;;;;;;;;
;;;;;;;;;;;;;;;;;;;;
;;;;;;;;;;;;;;;;;;;;
;;;;;;;;;;;;;;;;;;;;
;;;;;;;;;;;;;;;;;;;;
;;;;;;;;;;;;;;;;;;;;
;;;;;;;;;;;;;;;;;;;;
;;;;;;;;;;;;;;;;;;;;
;;;;;;;;;;;;;;;;;;;;
;;;;;;;;;;;;;;;;;;;;
;;;;;;;;;;;;;;;;;;;;
;;;;;;;;;;;;;;;;;;;;
;;;;;;;;;;;;;;;;;;;;
;;;;;;;;;;;;;;;;;;;;
;;;;;;;;;;;;;;;;;;;;
;;;;;;;;;;;;;;;;;;;;
;;;;;;;;;;;;;;;;;;;;
;;;;;;;;;;;;;;;;;;;;
;;;;;;;;;;;;;;;;;;;;
;;;;;;;;;;;;;;;;;;;;
;;;;;;;;;;;;;;;;;;;;
;;;;;;;;;;;;;;;;;;;;
;;;;;;;;;;;;;;;;;;;;
;;;;;;;;;;;;;;;;;;;;
;;;;;;;;;;;;;;;;;;;;
;;;;;;;;;;;;;;;;;;;;
;;;;;;;;;;;;;;;;;;;;
;;;;;;;;;;;;;;;;;;;;
;;;;;;;;;;;;;;;;;;;;
;;;;;;;;;;;;;;;;;;;;
;;;;;;;;;;;;;;;;;;;;
;;;;;;;;;;;;;;;;;;;;
;;;;;;;;;;;;;;;;;;;;
;;;;;;;;;;;;;;;;;;;;
;;;;;;;;;;;;;;;;;;;;
;;;;;;;;;;;;;;;;;;;;
;;;;;;;;;;;;;;;;;;;;
;;;;;;;;;;;;;;;;;;;;
;;;;;;;;;;;;;;;;;;;;
;;;;;;;;;;;;;;;;;;;;
;;;;;;;;;;;;;;;;;;;;
;;;;;;;;;;;;;;;;;;;;
;;;;;;;;;;;;;;;;;;;;
;;;;;;;;;;;;;;;;;;;;
;;;;;;;;;;;;;;;;;;;;
;;;;;;;;;;;;;;;;;;;;
;;;;;;;;;;;;;;;;;;;;
;;;;;;;;;;;;;;;;;;;;
;;;;;;;;;;;;;;;;;;;;
;;;;;;;;;;;;;;;;;;;;
;;;;;;;;;;;;;;;;;;;;
;;;;;;;;;;;;;;;;;;;;
;;;;;;;;;;;;;;;;;;;;
;;;;;;;;;;;;;;;;;;;;
;;;;;;;;;;;;;;;;;;;;
;;;;;;;;;;;;;;;;;;;;
;;;;;;;;;;;;;;;;;;;;
;;;;;;;;;;;;;;;;;;;;
;;;;;;;;;;;;;;;;;;;;
;;;;;;;;;;;;;;;;;;;;
;;;;;;;;;;;;;;;;;;;;
;;;;;;;;;;;;;;;;;;;;
;;;;;;;;;;;;;;;;;;;;
;;;;;;;;;;;;;;;;;;;;
;;;;;;;;;;;;;;;;;;;;
;;;;;;;;;;;;;;;;;;;;
;;;;;;;;;;;;;;;;;;;;
;;;;;;;;;;;;;;;;;;;;
;;;;;;;;;;;;;;;;;;;;
;;;;;;;;;;;;;;;;;;;;
;;;;;;;;;;;;;;;;;;;;
;;;;;;;;;;;;;;;;;;;;
;;;;;;;;;;;;;;;;;;;;
;;;;;;;;;;;;;;;;;;;;
;;;;;;;;;;;;;;;;;;;;
;;;;;;;;;;;;;;;;;;;;
;;;;;;;;;;;;;;;;;;;;
;;;;;;;;;;;;;;;;;;;;
;;;;;;;;;;;;;;;;;;;;
;;;;;;;;;;;;;;;;;;;;
;;;;;;;;;;;;;;;;;;;;
;;;;;;;;;;;;;;;;;;;;
;;;;;;;;;;;;;;;;;;;;
;;;;;;;;;;;;;;;;;;;;
;;;;;;;;;;;;;;;;;;;;
;;;;;;;;;;;;;;;;;;;;
;;;;;;;;;;;;;;;;;;;;
;;;;;;;;;;;;;;;;;;;;
;;;;;;;;;;;;;;;;;;;;
;;;;;;;;;;;;;;;;;;;;
;;;;;;;;;;;;;;;;;;;;
;;;;;;;;;;;;;;;;;;;;
;;;;;;;;;;;;;;;;;;;;
;;;;;;;;;;;;;;;;;;;;
;;;;;;;;;;;;;;;;;;;;
;;;;;;;;;;;;;;;;;;;;
;;;;;;;;;;;;;;;;;;;;
;;;;;;;;;;;;;;;;;;;;
;;;;;;;;;;;;;;;;;;;;
;;;;;;;;;;;;;;;;;;;;
;;;;;;;;;;;;;;;;;;;;
;;;;;;;;;;;;;;;;;;;;
;;;;;;;;;;;;;;;;;;;;
;;;;;;;;;;;;;;;;;;;;
;;;;;;;;;;;;;;;;;;;;
;;;;;;;;;;;;;;;;;;;;
;;;;;;;;;;;;;;;;;;;;
;;;;;;;;;;;;;;;;;;;;
;;;;;;;;;;;;;;;;;;;;
;;;;;;;;;;;;;;;;;;;;
;;;;;;;;;;;;;;;;;;;;
;;;;;;;;;;;;;;;;;;;;
;;;;;;;;;;;;;;;;;;;;
;;;;;;;;;;;;;;;;;;;;
;;;;;;;;;;;;;;;;;;;;
;;;;;;;;;;;;;;;;;;;;
;;;;;;;;;;;;;;;;;;;;
;;;;;;;;;;;;;;;;;;;;
;;;;;;;;;;;;;;;;;;;;
;;;;;;;;;;;;;;;;;;;;
;;;;;;;;;;;;;;;;;;;;
;;;;;;;;;;;;;;;;;;;;
;;;;;;;;;;;;;;;;;;;;
;;;;;;;;;;;;;;;;;;;;
;;;;;;;;;;;;;;;;;;;;
;;;;;;;;;;;;;;;;;;;;
;;;;;;;;;;;;;;;;;;;;
;;;;;;;;;;;;;;;;;;;;
;;;;;;;;;;;;;;;;;;;;
;;;;;;;;;;;;;;;;;;;;
;;;;;;;;;;;;;;;;;;;;
;;;;;;;;;;;;;;;;;;;;
;;;;;;;;;;;;;;;;;;;;
;;;;;;;;;;;;;;;;;;;;
;;;;;;;;;;;;;;;;;;;;
;;;;;;;;;;;;;;;;;;;;
;;;;;;;;;;;;;;;;;;;;
;;;;;;;;;;;;;;;;;;;;
;;;;;;;;;;;;;;;;;;;;
;;;;;;;;;;;;;;;;;;;;
;;;;;;;;;;;;;;;;;;;;
;;;;;;;;;;;;;;;;;;;;
;;;;;;;;;;;;;;;;;;;;
;;;;;;;;;;;;;;;;;;;;
;;;;;;;;;;;;;;;;;;;;
;;;;;;;;;;;;;;;;;;;;
;;;;;;;;;;;;;;;;;;;;
;;;;;;;;;;;;;;;;;;;;
;;;;;;;;;;;;;;;;;;;;
;;;;;;;;;;;;;;;;;;;;
;;;;;;;;;;;;;;;;;;;;
;;;;;;;;;;;;;;;;;;;;
;;;;;;;;;;;;;;;;;;;;
;;;;;;;;;;;;;;;;;;;;
;;;;;;;;;;;;;;;;;;;;
;;;;;;;;;;;;;;;;;;;;
;;;;;;;;;;;;;;;;;;;;
;;;;;;;;;;;;;;;;;;;;
;;;;;;;;;;;;;;;;;;;;
;;;;;;;;;;;;;;;;;;;;
;;;;;;;;;;;;;;;;;;;;
;;;;;;;;;;;;;;;;;;;;
;;;;;;;;;;;;;;;;;;;;
;;;;;;;;;;;;;;;;;;;;
;;;;;;;;;;;;;;;;;;;;
;;;;;;;;;;;;;;;;;;;;
;;;;;;;;;;;;;;;;;;;;
;;;;;;;;;;;;;;;;;;;;
;;;;;;;;;;;;;;;;;;;;
;;;;;;;;;;;;;;;;;;;;
;;;;;;;;;;;;;;;;;;;;
;;;;;;;;;;;;;;;;;;;;
;;;;;;;;;;;;;;;;;;;;
;;;;;;;;;;;;;;;;;;;;
;;;;;;;;;;;;;;;;;;;;
;;;;;;;;;;;;;;;;;;;;
;;;;;;;;;;;;;;;;;;;;
;;;;;;;;;;;;;;;;;;;;
;;;;;;;;;;;;;;;;;;;;
;;;;;;;;;;;;;;;;;;;;
;;;;;;;;;;;;;;;;;;;;
;;;;;;;;;;;;;;;;;;;;
;;;;;;;;;;;;;;;;;;;;
;;;;;;;;;;;;;;;;;;;;
;;;;;;;;;;;;;;;;;;;;
;;;;;;;;;;;;;;;;;;;;
;;;;;;;;;;;;;;;;;;;;
;;;;;;;;;;;;;;;;;;;;
;;;;;;;;;;;;;;;;;;;;
;;;;;;;;;;;;;;;;;;;;
;;;;;;;;;;;;;;;;;;;;
;;;;;;;;;;;;;;;;;;;;
;;;;;;;;;;;;;;;;;;;;
;;;;;;;;;;;;;;;;;;;;
;;;;;;;;;;;;;;;;;;;;
;;;;;;;;;;;;;;;;;;;;
;;;;;;;;;;;;;;;;;;;;
;;;;;;;;;;;;;;;;;;;;
;;;;;;;;;;;;;;;;;;;;
;;;;;;;;;;;;;;;;;;;;
;;;;;;;;;;;;;;;;;;;;
;;;;;;;;;;;;;;;;;;;;
;;;;;;;;;;;;;;;;;;;;
;;;;;;;;;;;;;;;;;;;;
;;;;;;;;;;;;;;;;;;;;
;;;;;;;;;;;;;;;;;;;;
;;;;;;;;;;;;;;;;;;;;
;;;;;;;;;;;;;;;;;;;;
;;;;;;;;;;;;;;;;;;;;
;;;;;;;;;;;;;;;;;;;;
;;;;;;;;;;;;;;;;;;;;
;;;;;;;;;;;;;;;;;;;;
;;;;;;;;;;;;;;;;;;;;
;;;;;;;;;;;;;;;;;;;;
;;;;;;;;;;;;;;;;;;;;
;;;;;;;;;;;;;;;;;;;;
;;;;;;;;;;;;;;;;;;;;
;;;;;;;;;;;;;;;;;;;;
;;;;;;;;;;;;;;;;;;;;
;;;;;;;;;;;;;;;;;;;;
;;;;;;;;;;;;;;;;;;;;
;;;;;;;;;;;;;;;;;;;;
;;;;;;;;;;;;;;;;;;;;
;;;;;;;;;;;;;;;;;;;;
;;;;;;;;;;;;;;;;;;;;
;;;;;;;;;;;;;;;;;;;;
;;;;;;;;;;;;;;;;;;;;
;;;;;;;;;;;;;;;;;;;;
;;;;;;;;;;;;;;;;;;;;
;;;;;;;;;;;;;;;;;;;;
;;;;;;;;;;;;;;;;;;;;
;;;;;;;;;;;;;;;;;;;;
;;;;;;;;;;;;;;;;;;;;
;;;;;;;;;;;;;;;;;;;;
;;;;;;;;;;;;;;;;;;;;
;;;;;;;;;;;;;;;;;;;;
;;;;;;;;;;;;;;;;;;;;
;;;;;;;;;;;;;;;;;;;;
;;;;;;;;;;;;;;;;;;;;
;;;;;;;;;;;;;;;;;;;;
;;;;;;;;;;;;;;;;;;;;
;;;;;;;;;;;;;;;;;;;;
;;;;;;;;;;;;;;;;;;;;
;;;;;;;;;;;;;;;;;;;;
;;;;;;;;;;;;;;;;;;;;
;;;;;;;;;;;;;;;;;;;;
;;;;;;;;;;;;;;;;;;;;
;;;;;;;;;;;;;;;;;;;;
;;;;;;;;;;;;;;;;;;;;
;;;;;;;;;;;;;;;;;;;;
;;;;;;;;;;;;;;;;;;;;
;;;;;;;;;;;;;;;;;;;;
;;;;;;;;;;;;;;;;;;;;
;;;;;;;;;;;;;;;;;;;;
;;;;;;;;;;;;;;;;;;;;
;;;;;;;;;;;;;;;;;;;;
;;;;;;;;;;;;;;;;;;;;
;;;;;;;;;;;;;;;;;;;;
;;;;;;;;;;;;;;;;;;;;
;;;;;;;;;;;;;;;;;;;;
;;;;;;;;;;;;;;;;;;;;
;;;;;;;;;;;;;;;;;;;;
;;;;;;;;;;;;;;;;;;;;
;;;;;;;;;;;;;;;;;;;;
;;;;;;;;;;;;;;;;;;;;
;;;;;;;;;;;;;;;;;;;;
;;;;;;;;;;;;;;;;;;;;
;;;;;;;;;;;;;;;;;;;;
;;;;;;;;;;;;;;;;;;;;
;;;;;;;;;;;;;;;;;;;;
;;;;;;;;;;;;;;;;;;;;
;;;;;;;;;;;;;;;;;;;;
;;;;;;;;;;;;;;;;;;;;
;;;;;;;;;;;;;;;;;;;;
;;;;;;;;;;;;;;;;;;;;
;;;;;;;;;;;;;;;;;;;;
;;;;;;;;;;;;;;;;;;;;
;;;;;;;;;;;;;;;;;;;;
;;;;;;;;;;;;;;;;;;;;
;;;;;;;;;;;;;;;;;;;;
;;;;;;;;;;;;;;;;;;;;
;;;;;;;;;;;;;;;;;;;;
;;;;;;;;;;;;;;;;;;;;
;;;;;;;;;;;;;;;;;;;;
;;;;;;;;;;;;;;;;;;;;
;;;;;;;;;;;;;;;;;;;;
;;;;;;;;;;;;;;;;;;;;
;;;;;;;;;;;;;;;;;;;;
;;;;;;;;;;;;;;;;;;;;
;;;;;;;;;;;;;;;;;;;;
;;;;;;;;;;;;;;;;;;;;
;;;;;;;;;;;;;;;;;;;;
;;;;;;;;;;;;;;;;;;;;
;;;;;;;;;;;;;;;;;;;;
;;;;;;;;;;;;;;;;;;;;
;;;;;;;;;;;;;;;;;;;;
;;;;;;;;;;;;;;;;;;;;
;;;;;;;;;;;;;;;;;;;;
;;;;;;;;;;;;;;;;;;;;
;;;;;;;;;;;;;;;;;;;;
;;;;;;;;;;;;;;;;;;;;
;;;;;;;;;;;;;;;;;;;;
;;;;;;;;;;;;;;;;;;;;
;;;;;;;;;;;;;;;;;;;;
;;;;;;;;;;;;;;;;;;;;
;;;;;;;;;;;;;;;;;;;;
;;;;;;;;;;;;;;;;;;;;
;;;;;;;;;;;;;;;;;;;;
;;;;;;;;;;;;;;;;;;;;
;;;;;;;;;;;;;;;;;;;;
;;;;;;;;;;;;;;;;;;;;
;;;;;;;;;;;;;;;;;;;;
;;;;;;;;;;;;;;;;;;;;
;;;;;;;;;;;;;;;;;;;;
;;;;;;;;;;;;;;;;;;;;
;;;;;;;;;;;;;;;;;;;;
;;;;;;;;;;;;;;;;;;;;
;;;;;;;;;;;;;;;;;;;;
;;;;;;;;;;;;;;;;;;;;
;;;;;;;;;;;;;;;;;;;;
;;;;;;;;;;;;;;;;;;;;
;;;;;;;;;;;;;;;;;;;;
;;;;;;;;;;;;;;;;;;;;
;;;;;;;;;;;;;;;;;;;;
;;;;;;;;;;;;;;;;;;;;
;;;;;;;;;;;;;;;;;;;;
;;;;;;;;;;;;;;;;;;;;
;;;;;;;;;;;;;;;;;;;;
;;;;;;;;;;;;;;;;;;;;
;;;;;;;;;;;;;;;;;;;;
;;;;;;;;;;;;;;;;;;;;
;;;;;;;;;;;;;;;;;;;;
;;;;;;;;;;;;;;;;;;;;
;;;;;;;;;;;;;;;;;;;;
;;;;;;;;;;;;;;;;;;;;
;;;;;;;;;;;;;;;;;;;;
;;;;;;;;;;;;;;;;;;;;
;;;;;;;;;;;;;;;;;;;;
;;;;;;;;;;;;;;;;;;;;
;;;;;;;;;;;;;;;;;;;;
;;;;;;;;;;;;;;;;;;;;
;;;;;;;;;;;;;;;;;;;;
;;;;;;;;;;;;;;;;;;;;
;;;;;;;;;;;;;;;;;;;;
;;;;;;;;;;;;;;;;;;;;
;;;;;;;;;;;;;;;;;;;;
;;;;;;;;;;;;;;;;;;;;
;;;;;;;;;;;;;;;;;;;;
;;;;;;;;;;;;;;;;;;;;
;;;;;;;;;;;;;;;;;;;;
;;;;;;;;;;;;;;;;;;;;
;;;;;;;;;;;;;;;;;;;;
;;;;;;;;;;;;;;;;;;;;
;;;;;;;;;;;;;;;;;;;;
;;;;;;;;;;;;;;;;;;;;
;;;;;;;;;;;;;;;;;;;;
;;;;;;;;;;;;;;;;;;;;
;;;;;;;;;;;;;;;;;;;;
;;;;;;;;;;;;;;;;;;;;
;;;;;;;;;;;;;;;;;;;;
;;;;;;;;;;;;;;;;;;;;
;;;;;;;;;;;;;;;;;;;;
;;;;;;;;;;;;;;;;;;;;
;;;;;;;;;;;;;;;;;;;;
;;;;;;;;;;;;;;;;;;;;
;;;;;;;;;;;;;;;;;;;;
;;;;;;;;;;;;;;;;;;;;
;;;;;;;;;;;;;;;;;;;;
;;;;;;;;;;;;;;;;;;;;
;;;;;;;;;;;;;;;;;;;;
;;;;;;;;;;;;;;;;;;;;
;;;;;;;;;;;;;;;;;;;;
;;;;;;;;;;;;;;;;;;;;
;;;;;;;;;;;;;;;;;;;;
;;;;;;;;;;;;;;;;;;;;
;;;;;;;;;;;;;;;;;;;;
;;;;;;;;;;;;;;;;;;;;
;;;;;;;;;;;;;;;;;;;;
;;;;;;;;;;;;;;;;;;;;
;;;;;;;;;;;;;;;;;;;;
;;;;;;;;;;;;;;;;;;;;
;;;;;;;;;;;;;;;;;;;;
;;;;;;;;;;;;;;;;;;;;
;;;;;;;;;;;;;;;;;;;;
;;;;;;;;;;;;;;;;;;;;
;;;;;;;;;;;;;;;;;;;;
;;;;;;;;;;;;;;;;;;;;
;;;;;;;;;;;;;;;;;;;;
;;;;;;;;;;;;;;;;;;;;
;;;;;;;;;;;;;;;;;;;;
;;;;;;;;;;;;;;;;;;;;
;;;;;;;;;;;;;;;;;;;;
;;;;;;;;;;;;;;;;;;;;
;;;;;;;;;;;;;;;;;;;;
;;;;;;;;;;;;;;;;;;;;
;;;;;;;;;;;;;;;;;;;;
;;;;;;;;;;;;;;;;;;;;
;;;;;;;;;;;;;;;;;;;;
;;;;;;;;;;;;;;;;;;;;
;;;;;;;;;;;;;;;;;;;;
;;;;;;;;;;;;;;;;;;;;
;;;;;;;;;;;;;;;;;;;;
;;;;;;;;;;;;;;;;;;;;
;;;;;;;;;;;;;;;;;;;;
;;;;;;;;;;;;;;;;;;;;
;;;;;;;;;;;;;;;;;;;;
;;;;;;;;;;;;;;;;;;;;
;;;;;;;;;;;;;;;;;;;;
;;;;;;;;;;;;;;;;;;;;
;;;;;;;;;;;;;;;;;;;;
;;;;;;;;;;;;;;;;;;;;
;;;;;;;;;;;;;;;;;;;;
;;;;;;;;;;;;;;;;;;;;
;;;;;;;;;;;;;;;;;;;;
;;;;;;;;;;;;;;;;;;;;
;;;;;;;;;;;;;;;;;;;;
;;;;;;;;;;;;;;;;;;;;
;;;;;;;;;;;;;;;;;;;;
;;;;;;;;;;;;;;;;;;;;
;;;;;;;;;;;;;;;;;;;;
;;;;;;;;;;;;;;;;;;;;
;;;;;;;;;;;;;;;;;;;;
;;;;;;;;;;;;;;;;;;;;
;;;;;;;;;;;;;;;;;;;;
;;;;;;;;;;;;;;;;;;;;
;;;;;;;;;;;;;;;;;;;;
;;;;;;;;;;;;;;;;;;;;
;;;;;;;;;;;;;;;;;;;;
;;;;;;;;;;;;;;;;;;;;
;;;;;;;;;;;;;;;;;;;;
;;;;;;;;;;;;;;;;;;;;
;;;;;;;;;;;;;;;;;;;;
;;;;;;;;;;;;;;;;;;;;
;;;;;;;;;;;;;;;;;;;;
;;;;;;;;;;;;;;;;;;;;
;;;;;;;;;;;;;;;;;;;;
;;;;;;;;;;;;;;;;;;;;
;;;;;;;;;;;;;;;;;;;;
;;;;;;;;;;;;;;;;;;;;
;;;;;;;;;;;;;;;;;;;;
;;;;;;;;;;;;;;;;;;;;
;;;;;;;;;;;;;;;;;;;;
;;;;;;;;;;;;;;;;;;;;
;;;;;;;;;;;;;;;;;;;;
;;;;;;;;;;;;;;;;;;;;
;;;;;;;;;;;;;;;;;;;;
;;;;;;;;;;;;;;;;;;;;
;;;;;;;;;;;;;;;;;;;;
;;;;;;;;;;;;;;;;;;;;
;;;;;;;;;;;;;;;;;;;;
;;;;;;;;;;;;;;;;;;;;
;;;;;;;;;;;;;;;;;;;;
;;;;;;;;;;;;;;;;;;;;
;;;;;;;;;;;;;;;;;;;;
;;;;;;;;;;;;;;;;;;;;
;;;;;;;;;;;;;;;;;;;;
;;;;;;;;;;;;;;;;;;;;
;;;;;;;;;;;;;;;;;;;;
;;;;;;;;;;;;;;;;;;;;
;;;;;;;;;;;;;;;;;;;;
;;;;;;;;;;;;;;;;;;;;
;;;;;;;;;;;;;;;;;;;;
;;;;;;;;;;;;;;;;;;;;
;;;;;;;;;;;;;;;;;;;;
;;;;;;;;;;;;;;;;;;;;
;;;;;;;;;;;;;;;;;;;;
;;;;;;;;;;;;;;;;;;;;
;;;;;;;;;;;;;;;;;;;;
;;;;;;;;;;;;;;;;;;;;
;;;;;;;;;;;;;;;;;;;;
;;;;;;;;;;;;;;;;;;;;
;;;;;;;;;;;;;;;;;;;;
;;;;;;;;;;;;;;;;;;;;
;;;;;;;;;;;;;;;;;;;;
;;;;;;;;;;;;;;;;;;;;
;;;;;;;;;;;;;;;;;;;;
;;;;;;;;;;;;;;;;;;;;
;;;;;;;;;;;;;;;;;;;;
;;;;;;;;;;;;;;;;;;;;
;;;;;;;;;;;;;;;;;;;;
;;;;;;;;;;;;;;;;;;;;
;;;;;;;;;;;;;;;;;;;;
;;;;;;;;;;;;;;;;;;;;
;;;;;;;;;;;;;;;;;;;;
;;;;;;;;;;;;;;;;;;;;
;;;;;;;;;;;;;;;;;;;;
;;;;;;;;;;;;;;;;;;;;
;;;;;;;;;;;;;;;;;;;;
;;;;;;;;;;;;;;;;;;;;
;;;;;;;;;;;;;;;;;;;;
;;;;;;;;;;;;;;;;;;;;
;;;;;;;;;;;;;;;;;;;;
;;;;;;;;;;;;;;;;;;;;
;;;;;;;;;;;;;;;;;;;;
;;;;;;;;;;;;;;;;;;;;
;;;;;;;;;;;;;;;;;;;;
;;;;;;;;;;;;;;;;;;;;
;;;;;;;;;;;;;;;;;;;;
;;;;;;;;;;;;;;;;;;;;
;;;;;;;;;;;;;;;;;;;;
;;;;;;;;;;;;;;;;;;;;
;;;;;;;;;;;;;;;;;;;;
;;;;;;;;;;;;;;;;;;;;
;;;;;;;;;;;;;;;;;;;;
;;;;;;;;;;;;;;;;;;;;
;;;;;;;;;;;;;;;;;;;;
;;;;;;;;;;;;;;;;;;;;
;;;;;;;;;;;;;;;;;;;;
;;;;;;;;;;;;;;;;;;;;
;;;;;;;;;;;;;;;;;;;;
;;;;;;;;;;;;;;;;;;;;
;;;;;;;;;;;;;;;;;;;;
;;;;;;;;;;;;;;;;;;;;
;;;;;;;;;;;;;;;;;;;;
;;;;;;;;;;;;;;;;;;;;
;;;;;;;;;;;;;;;;;;;;
;;;;;;;;;;;;;;;;;;;;
;;;;;;;;;;;;;;;;;;;;
;;;;;;;;;;;;;;;;;;;;
;;;;;;;;;;;;;;;;;;;;
;;;;;;;;;;;;;;;;;;;;
;;;;;;;;;;;;;;;;;;;;
;;;;;;;;;;;;;;;;;;;;
;;;;;;;;;;;;;;;;;;;;
;;;;;;;;;;;;;;;;;;;;
;;;;;;;;;;;;;;;;;;;;
;;;;;;;;;;;;;;;;;;;;
;;;;;;;;;;;;;;;;;;;;
;;;;;;;;;;;;;;;;;;;;
;;;;;;;;;;;;;;;;;;;;
;;;;;;;;;;;;;;;;;;;;
;;;;;;;;;;;;;;;;;;;;
;;;;;;;;;;;;;;;;;;;;
;;;;;;;;;;;;;;;;;;;;
;;;;;;;;;;;;;;;;;;;;
;;;;;;;;;;;;;;;;;;;;
;;;;;;;;;;;;;;;;;;;;
;;;;;;;;;;;;;;;;;;;;
;;;;;;;;;;;;;;;;;;;;
;;;;;;;;;;;;;;;;;;;;
;;;;;;;;;;;;;;;;;;;;
;;;;;;;;;;;;;;;;;;;;
;;;;;;;;;;;;;;;;;;;;
;;;;;;;;;;;;;;;;;;;;
;;;;;;;;;;;;;;;;;;;;
;;;;;;;;;;;;;;;;;;;;
;;;;;;;;;;;;;;;;;;;;
;;;;;;;;;;;;;;;;;;;;
;;;;;;;;;;;;;;;;;;;;
;;;;;;;;;;;;;;;;;;;;
;;;;;;;;;;;;;;;;;;;;
;;;;;;;;;;;;;;;;;;;;
;;;;;;;;;;;;;;;;;;;;
;;;;;;;;;;;;;;;;;;;;
;;;;;;;;;;;;;;;;;;;;
;;;;;;;;;;;;;;;;;;;;
;;;;;;;;;;;;;;;;;;;;
;;;;;;;;;;;;;;;;;;;;
;;;;;;;;;;;;;;;;;;;;
;;;;;;;;;;;;;;;;;;;;
;;;;;;;;;;;;;;;;;;;;
;;;;;;;;;;;;;;;;;;;;
;;;;;;;;;;;;;;;;;;;;
;;;;;;;;;;;;;;;;;;;;
;;;;;;;;;;;;;;;;;;;;
;;;;;;;;;;;;;;;;;;;;
;;;;;;;;;;;;;;;;;;;;
;;;;;;;;;;;;;;;;;;;;
;;;;;;;;;;;;;;;;;;;;
;;;;;;;;;;;;;;;;;;;;
;;;;;;;;;;;;;;;;;;;;
;;;;;;;;;;;;;;;;;;;;
;;;;;;;;;;;;;;;;;;;;
;;;;;;;;;;;;;;;;;;;;
;;;;;;;;;;;;;;;;;;;;
;;;;;;;;;;;;;;;;;;;;
;;;;;;;;;;;;;;;;;;;;
;;;;;;;;;;;;;;;;;;;;
;;;;;;;;;;;;;;;;;;;;
;;;;;;;;;;;;;;;;;;;;
;;;;;;;;;;;;;;;;;;;;
;;;;;;;;;;;;;;;;;;;;
;;;;;;;;;;;;;;;;;;;;
;;;;;;;;;;;;;;;;;;;;
;;;;;;;;;;;;;;;;;;;;
;;;;;;;;;;;;;;;;;;;;
;;;;;;;;;;;;;;;;;;;;
;;;;;;;;;;;;;;;;;;;;
;;;;;;;;;;;;;;;;;;;;
;;;;;;;;;;;;;;;;;;;;
;;;;;;;;;;;;;;;;;;;;
;;;;;;;;;;;;;;;;;;;;
;;;;;;;;;;;;;;;;;;;;
;;;;;;;;;;;;;;;;;;;;
;;;;;;;;;;;;;;;;;;;;
;;;;;;;;;;;;;;;;;;;;
;;;;;;;;;;;;;;;;;;;;
;;;;;;;;;;;;;;;;;;;;
;;;;;;;;;;;;;;;;;;;;
;;;;;;;;;;;;;;;;;;;;
;;;;;;;;;;;;;;;;;;;;
;;;;;;;;;;;;;;;;;;;;
;;;;;;;;;;;;;;;;;;;;
;;;;;;;;;;;;;;;;;;;;
;;;;;;;;;;;;;;;;;;;;
;;;;;;;;;;;;;;;;;;;;
;;;;;;;;;;;;;;;;;;;;
;;;;;;;;;;;;;;;;;;;;
;;;;;;;;;;;;;;;;;;;;
;;;;;;;;;;;;;;;;;;;;
;;;;;;;;;;;;;;;;;;;;
;;;;;;;;;;;;;;;;;;;;
;;;;;;;;;;;;;;;;;;;;
;;;;;;;;;;;;;;;;;;;;
;;;;;;;;;;;;;;;;;;;;
;;;;;;;;;;;;;;;;;;;;
;;;;;;;;;;;;;;;;;;;;
;;;;;;;;;;;;;;;;;;;;
;;;;;;;;;;;;;;;;;;;;
;;;;;;;;;;;;;;;;;;;;
;;;;;;;;;;;;;;;;;;;;
;;;;;;;;;;;;;;;;;;;;
;;;;;;;;;;;;;;;;;;;;
;;;;;;;;;;;;;;;;;;;;
;;;;;;;;;;;;;;;;;;;;
;;;;;;;;;;;;;;;;;;;;
;;;;;;;;;;;;;;;;;;;;
;;;;;;;;;;;;;;;;;;;;
;;;;;;;;;;;;;;;;;;;;
;;;;;;;;;;;;;;;;;;;;
;;;;;;;;;;;;;;;;;;;;
;;;;;;;;;;;;;;;;;;;;
;;;;;;;;;;;;;;;;;;;;
;;;;;;;;;;;;;;;;;;;;
;;;;;;;;;;;;;;;;;;;;
;;;;;;;;;;;;;;;;;;;;
;;;;;;;;;;;;;;;;;;;;
;;;;;;;;;;;;;;;;;;;;
;;;;;;;;;;;;;;;;;;;;
;;;;;;;;;;;;;;;;;;;;
;;;;;;;;;;;;;;;;;;;;
;;;;;;;;;;;;;;;;;;;;
;;;;;;;;;;;;;;;;;;;;
;;;;;;;;;;;;;;;;;;;;
;;;;;;;;;;;;;;;;;;;;
;;;;;;;;;;;;;;;;;;;;
;;;;;;;;;;;;;;;;;;;;
;;;;;;;;;;;;;;;;;;;;
;;;;;;;;;;;;;;;;;;;;
;;;;;;;;;;;;;;;;;;;;
;;;;;;;;;;;;;;;;;;;;
;;;;;;;;;;;;;;;;;;;;
;;;;;;;;;;;;;;;;;;;;
;;;;;;;;;;;;;;;;;;;;
;;;;;;;;;;;;;;;;;;;;
;;;;;;;;;;;;;;;;;;;;
;;;;;;;;;;;;;;;;;;;;
;;;;;;;;;;;;;;;;;;;;
;;;;;;;;;;;;;;;;;;;;
;;;;;;;;;;;;;;;;;;;;
;;;;;;;;;;;;;;;;;;;;
;;;;;;;;;;;;;;;;;;;;
;;;;;;;;;;;;;;;;;;;;
;;;;;;;;;;;;;;;;;;;;
;;;;;;;;;;;;;;;;;;;;
;;;;;;;;;;;;;;;;;;;;
;;;;;;;;;;;;;;;;;;;;
;;;;;;;;;;;;;;;;;;;;
;;;;;;;;;;;;;;;;;;;;
;;;;;;;;;;;;;;;;;;;;
;;;;;;;;;;;;;;;;;;;;
;;;;;;;;;;;;;;;;;;;;
;;;;;;;;;;;;;;;;;;;;
;;;;;;;;;;;;;;;;;;;;
;;;;;;;;;;;;;;;;;;;;
;;;;;;;;;;;;;;;;;;;;
;;;;;;;;;;;;;;;;;;;;
;;;;;;;;;;;;;;;;;;;;
;;;;;;;;;;;;;;;;;;;;
;;;;;;;;;;;;;;;;;;;;
;;;;;;;;;;;;;;;;;;;;
;;;;;;;;;;;;;;;;;;;;
;;;;;;;;;;;;;;;;;;;;
;;;;;;;;;;;;;;;;;;;;
;;;;;;;;;;;;;;;;;;;;
;;;;;;;;;;;;;;;;;;;;
;;;;;;;;;;;;;;;;;;;;
;;;;;;;;;;;;;;;;;;;;
;;;;;;;;;;;;;;;;;;;;
;;;;;;;;;;;;;;;;;;;;
;;;;;;;;;;;;;;;;;;;;
;;;;;;;;;;;;;;;;;;;;
;;;;;;;;;;;;;;;;;;;;
;;;;;;;;;;;;;;;;;;;;
;;;;;;;;;;;;;;;;;;;;
;;;;;;;;;;;;;;;;;;;;
;;;;;;;;;;;;;;;;;;;;
;;;;;;;;;;;;;;;;;;;;
;;;;;;;;;;;;;;;;;;;;
;;;;;;;;;;;;;;;;;;;;
;;;;;;;;;;;;;;;;;;;;
;;;;;;;;;;;;;;;;;;;;
;;;;;;;;;;;;;;;;;;;;
;;;;;;;;;;;;;;;;;;;;
;;;;;;;;;;;;;;;;;;;;
;;;;;;;;;;;;;;;;;;;;
;;;;;;;;;;;;;;;;;;;;
;;;;;;;;;;;;;;;;;;;;
;;;;;;;;;;;;;;;;;;;;
;;;;;;;;;;;;;;;;;;;;
;;;;;;;;;;;;;;;;;;;;
;;;;;;;;;;;;;;;;;;;;
;;;;;;;;;;;;;;;;;;;;
;;;;;;;;;;;;;;;;;;;;
;;;;;;;;;;;;;;;;;;;;
;;;;;;;;;;;;;;;;;;;;
;;;;;;;;;;;;;;;;;;;;
;;;;;;;;;;;;;;;;;;;;
;;;;;;;;;;;;;;;;;;;;
;;;;;;;;;;;;;;;;;;;;
;;;;;;;;;;;;;;;;;;;;
;;;;;;;;;;;;;;;;;;;;
;;;;;;;;;;;;;;;;;;;;
;;;;;;;;;;;;;;;;;;;;
;;;;;;;;;;;;;;;;;;;;
;;;;;;;;;;;;;;;;;;;;
;;;;;;;;;;;;;;;;;;;;
;;;;;;;;;;;;;;;;;;;;
;;;;;;;;;;;;;;;;;;;;
;;;;;;;;;;;;;;;;;;;;
;;;;;;;;;;;;;;;;;;;;
;;;;;;;;;;;;;;;;;;;;
;;;;;;;;;;;;;;;;;;;;
;;;;;;;;;;;;;;;;;;;;
;;;;;;;;;;;;;;;;;;;;
;;;;;;;;;;;;;;;;;;;;
;;;;;;;;;;;;;;;;;;;;
;;;;;;;;;;;;;;;;;;;;
;;;;;;;;;;;;;;;;;;;;
;;;;;;;;;;;;;;;;;;;;
;;;;;;;;;;;;;;;;;;;;
;;;;;;;;;;;;;;;;;;;;
;;;;;;;;;;;;;;;;;;;;
;;;;;;;;;;;;;;;;;;;;
;;;;;;;;;;;;;;;;;;;;
;;;;;;;;;;;;;;;;;;;;
;;;;;;;;;;;;;;;;;;;;
;;;;;;;;;;;;;;;;;;;;
;;;;;;;;;;;;;;;;;;;;
;;;;;;;;;;;;;;;;;;;;
;;;;;;;;;;;;;;;;;;;;
;;;;;;;;;;;;;;;;;;;;
;;;;;;;;;;;;;;;;;;;;
;;;;;;;;;;;;;;;;;;;;
;;;;;;;;;;;;;;;;;;;;
;;;;;;;;;;;;;;;;;;;;
;;;;;;;;;;;;;;;;;;;;
;;;;;;;;;;;;;;;;;;;;
;;;;;;;;;;;;;;;;;;;;
;;;;;;;;;;;;;;;;;;;;
;;;;;;;;;;;;;;;;;;;;
;;;;;;;;;;;;;;;;;;;;
;;;;;;;;;;;;;;;;;;;;
;;;;;;;;;;;;;;;;;;;;
;;;;;;;;;;;;;;;;;;;;
;;;;;;;;;;;;;;;;;;;;
;;;;;;;;;;;;;;;;;;;;
;;;;;;;;;;;;;;;;;;;;
;;;;;;;;;;;;;;;;;;;;
;;;;;;;;;;;;;;;;;;;;
;;;;;;;;;;;;;;;;;;;;
;;;;;;;;;;;;;;;;;;;;
;;;;;;;;;;;;;;;;;;;;
;;;;;;;;;;;;;;;;;;;;
;;;;;;;;;;;;;;;;;;;;
;;;;;;;;;;;;;;;;;;;;
;;;;;;;;;;;;;;;;;;;;
;;;;;;;;;;;;;;;;;;;;
;;;;;;;;;;;;;;;;;;;;
;;;;;;;;;;;;;;;;;;;;
;;;;;;;;;;;;;;;;;;;;
;;;;;;;;;;;;;;;;;;;;
;;;;;;;;;;;;;;;;;;;;
;;;;;;;;;;;;;;;;;;;;
;;;;;;;;;;;;;;;;;;;;
;;;;;;;;;;;;;;;;;;;;
;;;;;;;;;;;;;;;;;;;;
;;;;;;;;;;;;;;;;;;;;
;;;;;;;;;;;;;;;;;;;;
;;;;;;;;;;;;;;;;;;;;
;;;;;;;;;;;;;;;;;;;;
;;;;;;;;;;;;;;;;;;;;
;;;;;;;;;;;;;;;;;;;;
;;;;;;;;;;;;;;;;;;;;
;;;;;;;;;;;;;;;;;;;;
;;;;;;;;;;;;;;;;;;;;
;;;;;;;;;;;;;;;;;;;;
;;;;;;;;;;;;;;;;;;;;
;;;;;;;;;;;;;;;;;;;;
;;;;;;;;;;;;;;;;;;;;
;;;;;;;;;;;;;;;;;;;;
;;;;;;;;;;;;;;;;;;;;
;;;;;;;;;;;;;;;;;;;;
;;;;;;;;;;;;;;;;;;;;
;;;;;;;;;;;;;;;;;;;;
;;;;;;;;;;;;;;;;;;;;
;;;;;;;;;;;;;;;;;;;;
;;;;;;;;;;;;;;;;;;;;
;;;;;;;;;;;;;;;;;;;;
;;;;;;;;;;;;;;;;;;;;
;;;;;;;;;;;;;;;;;;;;
;;;;;;;;;;;;;;;;;;;;
;;;;;;;;;;;;;;;;;;;;
;;;;;;;;;;;;;;;;;;;;
;;;;;;;;;;;;;;;;;;;;
;;;;;;;;;;;;;;;;;;;;
;;;;;;;;;;;;;;;;;;;;
;;;;;;;;;;;;;;;;;;;;
;;;;;;;;;;;;;;;;;;;;
;;;;;;;;;;;;;;;;;;;;
;;;;;;;;;;;;;;;;;;;;
;;;;;;;;;;;;;;;;;;;;
;;;;;;;;;;;;;;;;;;;;
;;;;;;;;;;;;;;;;;;;;
;;;;;;;;;;;;;;;;;;;;
;;;;;;;;;;;;;;;;;;;;
;;;;;;;;;;;;;;;;;;;;
;;;;;;;;;;;;;;;;;;;;
;;;;;;;;;;;;;;;;;;;;
;;;;;;;;;;;;;;;;;;;;
;;;;;;;;;;;;;;;;;;;;
;;;;;;;;;;;;;;;;;;;;
;;;;;;;;;;;;;;;;;;;;
;;;;;;;;;;;;;;;;;;;;
;;;;;;;;;;;;;;;;;;;;
;;;;;;;;;;;;;;;;;;;;
;;;;;;;;;;;;;;;;;;;;
;;;;;;;;;;;;;;;;;;;;
;;;;;;;;;;;;;;;;;;;;
;;;;;;;;;;;;;;;;;;;;
;;;;;;;;;;;;;;;;;;;;
;;;;;;;;;;;;;;;;;;;;
;;;;;;;;;;;;;;;;;;;;
;;;;;;;;;;;;;;;;;;;;
;;;;;;;;;;;;;;;;;;;;
;;;;;;;;;;;;;;;;;;;;
;;;;;;;;;;;;;;;;;;;;
;;;;;;;;;;;;;;;;;;;;
;;;;;;;;;;;;;;;;;;;;
;;;;;;;;;;;;;;;;;;;;
;;;;;;;;;;;;;;;;;;;;
;;;;;;;;;;;;;;;;;;;;
;;;;;;;;;;;;;;;;;;;;
;;;;;;;;;;;;;;;;;;;;
;;;;;;;;;;;;;;;;;;;;
;;;;;;;;;;;;;;;;;;;;
;;;;;;;;;;;;;;;;;;;;
;;;;;;;;;;;;;;;;;;;;
;;;;;;;;;;;;;;;;;;;;
;;;;;;;;;;;;;;;;;;;;
;;;;;;;;;;;;;;;;;;;;
;;;;;;;;;;;;;;;;;;;;
;;;;;;;;;;;;;;;;;;;;
;;;;;;;;;;;;;;;;;;;;
;;;;;;;;;;;;;;;;;;;;
;;;;;;;;;;;;;;;;;;;;
;;;;;;;;;;;;;;;;;;;;
;;;;;;;;;;;;;;;;;;;;
;;;;;;;;;;;;;;;;;;;;
;;;;;;;;;;;;;;;;;;;;
;;;;;;;;;;;;;;;;;;;;
;;;;;;;;;;;;;;;;;;;;
;;;;;;;;;;;;;;;;;;;;
;;;;;;;;;;;;;;;;;;;;
;;;;;;;;;;;;;;;;;;;;
;;;;;;;;;;;;;;;;;;;;
;;;;;;;;;;;;;;;;;;;;
;;;;;;;;;;;;;;;;;;;;
;;;;;;;;;;;;;;;;;;;;
;;;;;;;;;;;;;;;;;;;;
;;;;;;;;;;;;;;;;;;;;
;;;;;;;;;;;;;;;;;;;;
;;;;;;;;;;;;;;;;;;;;
;;;;;;;;;;;;;;;;;;;;
;;;;;;;;;;;;;;;;;;;;
;;;;;;;;;;;;;;;;;;;;
;;;;;;;;;;;;;;;;;;;;
;;;;;;;;;;;;;;;;;;;;
;;;;;;;;;;;;;;;;;;;;
;;;;;;;;;;;;;;;;;;;;
;;;;;;;;;;;;;;;;;;;;
;;;;;;;;;;;;;;;;;;;;
;;;;;;;;;;;;;;;;;;;;
;;;;;;;;;;;;;;;;;;;;
;;;;;;;;;;;;;;;;;;;;
;;;;;;;;;;;;;;;;;;;;
;;;;;;;;;;;;;;;;;;;;
;;;;;;;;;;;;;;;;;;;;
;;;;;;;;;;;;;;;;;;;;
;;;;;;;;;;;;;;;;;;;;
;;;;;;;;;;;;;;;;;;;;
;;;;;;;;;;;;;;;;;;;;
;;;;;;;;;;;;;;;;;;;;
;;;;;;;;;;;;;;;;;;;;
;;;;;;;;;;;;;;;;;;;;
;;;;;;;;;;;;;;;;;;;;
;;;;;;;;;;;;;;;;;;;;
;;;;;;;;;;;;;;;;;;;;
;;;;;;;;;;;;;;;;;;;;
;;;;;;;;;;;;;;;;;;;;
;;;;;;;;;;;;;;;;;;;;
;;;;;;;;;;;;;;;;;;;;
;;;;;;;;;;;;;;;;;;;;
;;;;;;;;;;;;;;;;;;;;
;;;;;;;;;;;;;;;;;;;;
;;;;;;;;;;;;;;;;;;;;
;;;;;;;;;;;;;;;;;;;;
;;;;;;;;;;;;;;;;;;;;
;;;;;;;;;;;;;;;;;;;;
;;;;;;;;;;;;;;;;;;;;
;;;;;;;;;;;;;;;;;;;;
;;;;;;;;;;;;;;;;;;;;
;;;;;;;;;;;;;;;;;;;;
;;;;;;;;;;;;;;;;;;;;
;;;;;;;;;;;;;;;;;;;;
;;;;;;;;;;;;;;;;;;;;
;;;;;;;;;;;;;;;;;;;;
;;;;;;;;;;;;;;;;;;;;
;;;;;;;;;;;;;;;;;;;;
;;;;;;;;;;;;;;;;;;;;
;;;;;;;;;;;;;;;;;;;;
;;;;;;;;;;;;;;;;;;;;
;;;;;;;;;;;;;;;;;;;;
;;;;;;;;;;;;;;;;;;;;
;;;;;;;;;;;;;;;;;;;;
;;;;;;;;;;;;;;;;;;;;
;;;;;;;;;;;;;;;;;;;;
;;;;;;;;;;;;;;;;;;;;
;;;;;;;;;;;;;;;;;;;;
;;;;;;;;;;;;;;;;;;;;
;;;;;;;;;;;;;;;;;;;;
;;;;;;;;;;;;;;;;;;;;
;;;;;;;;;;;;;;;;;;;;
;;;;;;;;;;;;;;;;;;;;
;;;;;;;;;;;;;;;;;;;;
;;;;;;;;;;;;;;;;;;;;
;;;;;;;;;;;;;;;;;;;;
;;;;;;;;;;;;;;;;;;;;
;;;;;;;;;;;;;;;;;;;;
;;;;;;;;;;;;;;;;;;;;
;;;;;;;;;;;;;;;;;;;;
;;;;;;;;;;;;;;;;;;;;
;;;;;;;;;;;;;;;;;;;;
;;;;;;;;;;;;;;;;;;;;
;;;;;;;;;;;;;;;;;;;;
;;;;;;;;;;;;;;;;;;;;
;;;;;;;;;;;;;;;;;;;;
;;;;;;;;;;;;;;;;;;;;
;;;;;;;;;;;;;;;;;;;;
;;;;;;;;;;;;;;;;;;;;
;;;;;;;;;;;;;;;;;;;;
;;;;;;;;;;;;;;;;;;;;
;;;;;;;;;;;;;;;;;;;;
;;;;;;;;;;;;;;;;;;;;
;;;;;;;;;;;;;;;;;;;;
;;;;;;;;;;;;;;;;;;;;
;;;;;;;;;;;;;;;;;;;;
;;;;;;;;;;;;;;;;;;;;
;;;;;;;;;;;;;;;;;;;;
;;;;;;;;;;;;;;;;;;;;
;;;;;;;;;;;;;;;;;;;;
;;;;;;;;;;;;;;;;;;;;
;;;;;;;;;;;;;;;;;;;;
;;;;;;;;;;;;;;;;;;;;
;;;;;;;;;;;;;;;;;;;;
;;;;;;;;;;;;;;;;;;;;
;;;;;;;;;;;;;;;;;;;;
;;;;;;;;;;;;;;;;;;;;
;;;;;;;;;;;;;;;;;;;;
;;;;;;;;;;;;;;;;;;;;
;;;;;;;;;;;;;;;;;;;;
;;;;;;;;;;;;;;;;;;;;
;;;;;;;;;;;;;;;;;;;;
;;;;;;;;;;;;;;;;;;;;
;;;;;;;;;;;;;;;;;;;;
;;;;;;;;;;;;;;;;;;;;
;;;;;;;;;;;;;;;;;;;;
;;;;;;;;;;;;;;;;;;;;
;;;;;;;;;;;;;;;;;;;;
;;;;;;;;;;;;;;;;;;;;
;;;;;;;;;;;;;;;;;;;;
;;;;;;;;;;;;;;;;;;;;
;;;;;;;;;;;;;;;;;;;;
;;;;;;;;;;;;;;;;;;;;
;;;;;;;;;;;;;;;;;;;;
;;;;;;;;;;;;;;;;;;;;
;;;;;;;;;;;;;;;;;;;;
;;;;;;;;;;;;;;;;;;;;
;;;;;;;;;;;;;;;;;;;;
;;;;;;;;;;;;;;;;;;;;
;;;;;;;;;;;;;;;;;;;;
;;;;;;;;;;;;;;;;;;;;
;;;;;;;;;;;;;;;;;;;;
;;;;;;;;;;;;;;;;;;;;
;;;;;;;;;;;;;;;;;;;;
;;;;;;;;;;;;;;;;;;;;
;;;;;;;;;;;;;;;;;;;;
;;;;;;;;;;;;;;;;;;;;
;;;;;;;;;;;;;;;;;;;;
;;;;;;;;;;;;;;;;;;;;
;;;;;;;;;;;;;;;;;;;;
;;;;;;;;;;;;;;;;;;;;
;;;;;;;;;;;;;;;;;;;;
;;;;;;;;;;;;;;;;;;;;
;;;;;;;;;;;;;;;;;;;;
;;;;;;;;;;;;;;;;;;;;
;;;;;;;;;;;;;;;;;;;;
;;;;;;;;;;;;;;;;;;;;
;;;;;;;;;;;;;;;;;;;;
;;;;;;;;;;;;;;;;;;;;
;;;;;;;;;;;;;;;;;;;;
;;;;;;;;;;;;;;;;;;;;
;;;;;;;;;;;;;;;;;;;;
;;;;;;;;;;;;;;;;;;;;
;;;;;;;;;;;;;;;;;;;;
;;;;;;;;;;;;;;;;;;;;
;;;;;;;;;;;;;;;;;;;;
;;;;;;;;;;;;;;;;;;;;
;;;;;;;;;;;;;;;;;;;;
;;;;;;;;;;;;;;;;;;;;
;;;;;;;;;;;;;;;;;;;;
;;;;;;;;;;;;;;;;;;;;
;;;;;;;;;;;;;;;;;;;;
;;;;;;;;;;;;;;;;;;;;
;;;;;;;;;;;;;;;;;;;;
;;;;;;;;;;;;;;;;;;;;
;;;;;;;;;;;;;;;;;;;;
;;;;;;;;;;;;;;;;;;;;
;;;;;;;;;;;;;;;;;;;;
;;;;;;;;;;;;;;;;;;;;
;;;;;;;;;;;;;;;;;;;;
;;;;;;;;;;;;;;;;;;;;
;;;;;;;;;;;;;;;;;;;;
;;;;;;;;;;;;;;;;;;;;
;;;;;;;;;;;;;;;;;;;;
;;;;;;;;;;;;;;;;;;;;
;;;;;;;;;;;;;;;;;;;;
;;;;;;;;;;;;;;;;;;;;
;;;;;;;;;;;;;;;;;;;;
;;;;;;;;;;;;;;;;;;;;
;;;;;;;;;;;;;;;;;;;;
;;;;;;;;;;;;;;;;;;;;
;;;;;;;;;;;;;;;;;;;;
;;;;;;;;;;;;;;;;;;;;
;;;;;;;;;;;;;;;;;;;;
;;;;;;;;;;;;;;;;;;;;
;;;;;;;;;;;;;;;;;;;;
;;;;;;;;;;;;;;;;;;;;
;;;;;;;;;;;;;;;;;;;;
;;;;;;;;;;;;;;;;;;;;
;;;;;;;;;;;;;;;;;;;;
;;;;;;;;;;;;;;;;;;;;
;;;;;;;;;;;;;;;;;;;;
;;;;;;;;;;;;;;;;;;;;
;;;;;;;;;;;;;;;;;;;;
;;;;;;;;;;;;;;;;;;;;
;;;;;;;;;;;;;;;;;;;;
;;;;;;;;;;;;;;;;;;;;
;;;;;;;;;;;;;;;;;;;;
;;;;;;;;;;;;;;;;;;;;
;;;;;;;;;;;;;;;;;;;;
;;;;;;;;;;;;;;;;;;;;
;;;;;;;;;;;;;;;;;;;;
;;;;;;;;;;;;;;;;;;;;
;;;;;;;;;;;;;;;;;;;;
;;;;;;;;;;;;;;;;;;;;
;;;;;;;;;;;;;;;;;;;;
;;;;;;;;;;;;;;;;;;;;
;;;;;;;;;;;;;;;;;;;;
;;;;;;;;;;;;;;;;;;;;
;;;;;;;;;;;;;;;;;;;;
;;;;;;;;;;;;;;;;;;;;
;;;;;;;;;;;;;;;;;;;;
;;;;;;;;;;;;;;;;;;;;
;;;;;;;;;;;;;;;;;;;;
;;;;;;;;;;;;;;;;;;;;
;;;;;;;;;;;;;;;;;;;;
;;;;;;;;;;;;;;;;;;;;
;;;;;;;;;;;;;;;;;;;;
;;;;;;;;;;;;;;;;;;;;
;;;;;;;;;;;;;;;;;;;;
;;;;;;;;;;;;;;;;;;;;
;;;;;;;;;;;;;;;;;;;;
;;;;;;;;;;;;;;;;;;;;
;;;;;;;;;;;;;;;;;;;;
;;;;;;;;;;;;;;;;;;;;
;;;;;;;;;;;;;;;;;;;;
;;;;;;;;;;;;;;;;;;;;
;;;;;;;;;;;;;;;;;;;;
;;;;;;;;;;;;;;;;;;;;
;;;;;;;;;;;;;;;;;;;;
;;;;;;;;;;;;;;;;;;;;
;;;;;;;;;;;;;;;;;;;;
;;;;;;;;;;;;;;;;;;;;
;;;;;;;;;;;;;;;;;;;;
;;;;;;;;;;;;;;;;;;;;
;;;;;;;;;;;;;;;;;;;;
;;;;;;;;;;;;;;;;;;;;
;;;;;;;;;;;;;;;;;;;;
;;;;;;;;;;;;;;;;;;;;
;;;;;;;;;;;;;;;;;;;;
;;;;;;;;;;;;;;;;;;;;
;;;;;;;;;;;;;;;;;;;;
;;;;;;;;;;;;;;;;;;;;
;;;;;;;;;;;;;;;;;;;;
;;;;;;;;;;;;;;;;;;;;
;;;;;;;;;;;;;;;;;;;;
;;;;;;;;;;;;;;;;;;;;
;;;;;;;;;;;;;;;;;;;;
;;;;;;;;;;;;;;;;;;;;
;;;;;;;;;;;;;;;;;;;;
;;;;;;;;;;;;;;;;;;;;
;;;;;;;;;;;;;;;;;;;;
;;;;;;;;;;;;;;;;;;;;
;;;;;;;;;;;;;;;;;;;;
;;;;;;;;;;;;;;;;;;;;
;;;;;;;;;;;;;;;;;;;;
;;;;;;;;;;;;;;;;;;;;
;;;;;;;;;;;;;;;;;;;;
;;;;;;;;;;;;;;;;;;;;
;;;;;;;;;;;;;;;;;;;;
;;;;;;;;;;;;;;;;;;;;
;;;;;;;;;;;;;;;;;;;;
;;;;;;;;;;;;;;;;;;;;
;;;;;;;;;;;;;;;;;;;;
;;;;;;;;;;;;;;;;;;;;
;;;;;;;;;;;;;;;;;;;;
;;;;;;;;;;;;;;;;;;;;
;;;;;;;;;;;;;;;;;;;;
;;;;;;;;;;;;;;;;;;;;
;;;;;;;;;;;;;;;;;;;;
;;;;;;;;;;;;;;;;;;;;
;;;;;;;;;;;;;;;;;;;;
;;;;;;;;;;;;;;;;;;;;
;;;;;;;;;;;;;;;;;;;;
;;;;;;;;;;;;;;;;;;;;
;;;;;;;;;;;;;;;;;;;;
;;;;;;;;;;;;;;;;;;;;
;;;;;;;;;;;;;;;;;;;;
;;;;;;;;;;;;;;;;;;;;
;;;;;;;;;;;;;;;;;;;;
;;;;;;;;;;;;;;;;;;;;
;;;;;;;;;;;;;;;;;;;;
;;;;;;;;;;;;;;;;;;;;
;;;;;;;;;;;;;;;;;;;;
;;;;;;;;;;;;;;;;;;;;
;;;;;;;;;;;;;;;;;;;;
;;;;;;;;;;;;;;;;;;;;
;;;;;;;;;;;;;;;;;;;;
;;;;;;;;;;;;;;;;;;;;
;;;;;;;;;;;;;;;;;;;;
;;;;;;;;;;;;;;;;;;;;
;;;;;;;;;;;;;;;;;;;;
;;;;;;;;;;;;;;;;;;;;
;;;;;;;;;;;;;;;;;;;;
;;;;;;;;;;;;;;;;;;;;
;;;;;;;;;;;;;;;;;;;;
;;;;;;;;;;;;;;;;;;;;
;;;;;;;;;;;;;;;;;;;;
;;;;;;;;;;;;;;;;;;;;
;;;;;;;;;;;;;;;;;;;;
;;;;;;;;;;;;;;;;;;;;
;;;;;;;;;;;;;;;;;;;;
;;;;;;;;;;;;;;;;;;;;
;;;;;;;;;;;;;;;;;;;;
;;;;;;;;;;;;;;;;;;;;
;;;;;;;;;;;;;;;;;;;;
;;;;;;;;;;;;;;;;;;;;
;;;;;;;;;;;;;;;;;;;;
;;;;;;;;;;;;;;;;;;;;
;;;;;;;;;;;;;;;;;;;;
;;;;;;;;;;;;;;;;;;;;
;;;;;;;;;;;;;;;;;;;;
;;;;;;;;;;;;;;;;;;;;
;;;;;;;;;;;;;;;;;;;;
;;;;;;;;;;;;;;;;;;;;
;;;;;;;;;;;;;;;;;;;;
;;;;;;;;;;;;;;;;;;;;
;;;;;;;;;;;;;;;;;;;;
;;;;;;;;;;;;;;;;;;;;
;;;;;;;;;;;;;;;;;;;;
;;;;;;;;;;;;;;;;;;;;
;;;;;;;;;;;;;;;;;;;;
;;;;;;;;;;;;;;;;;;;;
;;;;;;;;;;;;;;;;;;;;
;;;;;;;;;;;;;;;;;;;;
;;;;;;;;;;;;;;;;;;;;
;;;;;;;;;;;;;;;;;;;;
;;;;;;;;;;;;;;;;;;;;
;;;;;;;;;;;;;;;;;;;;
;;;;;;;;;;;;;;;;;;;;
;;;;;;;;;;;;;;;;;;;;
;;;;;;;;;;;;;;;;;;;;
;;;;;;;;;;;;;;;;;;;;
;;;;;;;;;;;;;;;;;;;;
;;;;;;;;;;;;;;;;;;;;
;;;;;;;;;;;;;;;;;;;;
;;;;;;;;;;;;;;;;;;;;
;;;;;;;;;;;;;;;;;;;;
;;;;;;;;;;;;;;;;;;;;
;;;;;;;;;;;;;;;;;;;;
;;;;;;;;;;;;;;;;;;;;
;;;;;;;;;;;;;;;;;;;;
;;;;;;;;;;;;;;;;;;;;
;;;;;;;;;;;;;;;;;;;;
;;;;;;;;;;;;;;;;;;;;
;;;;;;;;;;;;;;;;;;;;
;;;;;;;;;;;;;;;;;;;;
;;;;;;;;;;;;;;;;;;;;
;;;;;;;;;;;;;;;;;;;;
;;;;;;;;;;;;;;;;;;;;
;;;;;;;;;;;;;;;;;;;;
;;;;;;;;;;;;;;;;;;;;
;;;;;;;;;;;;;;;;;;;;
;;;;;;;;;;;;;;;;;;;;
;;;;;;;;;;;;;;;;;;;;
;;;;;;;;;;;;;;;;;;;;
;;;;;;;;;;;;;;;;;;;;
;;;;;;;;;;;;;;;;;;;;
;;;;;;;;;;;;;;;;;;;;
;;;;;;;;;;;;;;;;;;;;
;;;;;;;;;;;;;;;;;;;;
;;;;;;;;;;;;;;;;;;;;
;;;;;;;;;;;;;;;;;;;;
;;;;;;;;;;;;;;;;;;;;
;;;;;;;;;;;;;;;;;;;;
;;;;;;;;;;;;;;;;;;;;
;;;;;;;;;;;;;;;;;;;;
;;;;;;;;;;;;;;;;;;;;
;;;;;;;;;;;;;;;;;;;;
;;;;;;;;;;;;;;;;;;;;
;;;;;;;;;;;;;;;;;;;;
;;;;;;;;;;;;;;;;;;;;
;;;;;;;;;;;;;;;;;;;;
;;;;;;;;;;;;;;;;;;;;
;;;;;;;;;;;;;;;;;;;;
;;;;;;;;;;;;;;;;;;;;
;;;;;;;;;;;;;;;;;;;;
;;;;;;;;;;;;;;;;;;;;
;;;;;;;;;;;;;;;;;;;;
;;;;;;;;;;;;;;;;;;;;
;;;;;;;;;;;;;;;;;;;;
;;;;;;;;;;;;;;;;;;;;
;;;;;;;;;;;;;;;;;;;;
;;;;;;;;;;;;;;;;;;;;
;;;;;;;;;;;;;;;;;;;;
;;;;;;;;;;;;;;;;;;;;
;;;;;;;;;;;;;;;;;;;;
;;;;;;;;;;;;;;;;;;;;
;;;;;;;;;;;;;;;;;;;;
;;;;;;;;;;;;;;;;;;;;
;;;;;;;;;;;;;;;;;;;;
;;;;;;;;;;;;;;;;;;;;
;;;;;;;;;;;;;;;;;;;;
;;;;;;;;;;;;;;;;;;;;
;;;;;;;;;;;;;;;;;;;;
;;;;;;;;;;;;;;;;;;;;
;;;;;;;;;;;;;;;;;;;;
;;;;;;;;;;;;;;;;;;;;
;;;;;;;;;;;;;;;;;;;;
;;;;;;;;;;;;;;;;;;;;
;;;;;;;;;;;;;;;;;;;;
;;;;;;;;;;;;;;;;;;;;
;;;;;;;;;;;;;;;;;;;;
;;;;;;;;;;;;;;;;;;;;
;;;;;;;;;;;;;;;;;;;;
;;;;;;;;;;;;;;;;;;;;
;;;;;;;;;;;;;;;;;;;;
;;;;;;;;;;;;;;;;;;;;
;;;;;;;;;;;;;;;;;;;;
;;;;;;;;;;;;;;;;;;;;
;;;;;;;;;;;;;;;;;;;;
;;;;;;;;;;;;;;;;;;;;
;;;;;;;;;;;;;;;;;;;;
;;;;;;;;;;;;;;;;;;;;
;;;;;;;;;;;;;;;;;;;;
;;;;;;;;;;;;;;;;;;;;
;;;;;;;;;;;;;;;;;;;;
;;;;;;;;;;;;;;;;;;;;
;;;;;;;;;;;;;;;;;;;;
;;;;;;;;;;;;;;;;;;;;
;;;;;;;;;;;;;;;;;;;;
;;;;;;;;;;;;;;;;;;;;
;;;;;;;;;;;;;;;;;;;;
;;;;;;;;;;;;;;;;;;;;
;;;;;;;;;;;;;;;;;;;;
;;;;;;;;;;;;;;;;;;;;
;;;;;;;;;;;;;;;;;;;;
;;;;;;;;;;;;;;;;;;;;
;;;;;;;;;;;;;;;;;;;;
;;;;;;;;;;;;;;;;;;;;
;;;;;;;;;;;;;;;;;;;;
;;;;;;;;;;;;;;;;;;;;
;;;;;;;;;;;;;;;;;;;;
;;;;;;;;;;;;;;;;;;;;
;;;;;;;;;;;;;;;;;;;;
;;;;;;;;;;;;;;;;;;;;
;;;;;;;;;;;;;;;;;;;;
;;;;;;;;;;;;;;;;;;;;
;;;;;;;;;;;;;;;;;;;;
;;;;;;;;;;;;;;;;;;;;
;;;;;;;;;;;;;;;;;;;;
;;;;;;;;;;;;;;;;;;;;
;;;;;;;;;;;;;;;;;;;;
;;;;;;;;;;;;;;;;;;;;
;;;;;;;;;;;;;;;;;;;;
;;;;;;;;;;;;;;;;;;;;
;;;;;;;;;;;;;;;;;;;;
;;;;;;;;;;;;;;;;;;;;
;;;;;;;;;;;;;;;;;;;;
;;;;;;;;;;;;;;;;;;;;
;;;;;;;;;;;;;;;;;;;;
;;;;;;;;;;;;;;;;;;;;
;;;;;;;;;;;;;;;;;;;;
;;;;;;;;;;;;;;;;;;;;
;;;;;;;;;;;;;;;;;;;;
;;;;;;;;;;;;;;;;;;;;
;;;;;;;;;;;;;;;;;;;;
;;;;;;;;;;;;;;;;;;;;
;;;;;;;;;;;;;;;;;;;;
;;;;;;;;;;;;;;;;;;;;
;;;;;;;;;;;;;;;;;;;;
;;;;;;;;;;;;;;;;;;;;
;;;;;;;;;;;;;;;;;;;;
;;;;;;;;;;;;;;;;;;;;
;;;;;;;;;;;;;;;;;;;;
;;;;;;;;;;;;;;;;;;;;
;;;;;;;;;;;;;;;;;;;;
;;;;;;;;;;;;;;;;;;;;
;;;;;;;;;;;;;;;;;;;;
;;;;;;;;;;;;;;;;;;;;
;;;;;;;;;;;;;;;;;;;;
;;;;;;;;;;;;;;;;;;;;
;;;;;;;;;;;;;;;;;;;;
;;;;;;;;;;;;;;;;;;;;
;;;;;;;;;;;;;;;;;;;;
;;;;;;;;;;;;;;;;;;;;
;;;;;;;;;;;;;;;;;;;;
;;;;;;;;;;;;;;;;;;;;
;;;;;;;;;;;;;;;;;;;;
;;;;;;;;;;;;;;;;;;;;
;;;;;;;;;;;;;;;;;;;;
;;;;;;;;;;;;;;;;;;;;
;;;;;;;;;;;;;;;;;;;;
;;;;;;;;;;;;;;;;;;;;
;;;;;;;;;;;;;;;;;;;;
;;;;;;;;;;;;;;;;;;;;
;;;;;;;;;;;;;;;;;;;;
;;;;;;;;;;;;;;;;;;;;
;;;;;;;;;;;;;;;;;;;;
;;;;;;;;;;;;;;;;;;;;
;;;;;;;;;;;;;;;;;;;;
;;;;;;;;;;;;;;;;;;;;
;;;;;;;;;;;;;;;;;;;;
;;;;;;;;;;;;;;;;;;;;
;;;;;;;;;;;;;;;;;;;;
;;;;;;;;;;;;;;;;;;;;
;;;;;;;;;;;;;;;;;;;;
;;;;;;;;;;;;;;;;;;;;
;;;;;;;;;;;;;;;;;;;;
;;;;;;;;;;;;;;;;;;;;
;;;;;;;;;;;;;;;;;;;;
;;;;;;;;;;;;;;;;;;;;
;;;;;;;;;;;;;;;;;;;;
;;;;;;;;;;;;;;;;;;;;
;;;;;;;;;;;;;;;;;;;;
;;;;;;;;;;;;;;;;;;;;
;;;;;;;;;;;;;;;;;;;;
;;;;;;;;;;;;;;;;;;;;
;;;;;;;;;;;;;;;;;;;;
;;;;;;;;;;;;;;;;;;;;
;;;;;;;;;;;;;;;;;;;;
;;;;;;;;;;;;;;;;;;;;
;;;;;;;;;;;;;;;;;;;;
;;;;;;;;;;;;;;;;;;;;
;;;;;;;;;;;;;;;;;;;;
;;;;;;;;;;;;;;;;;;;;
;;;;;;;;;;;;;;;;;;;;
;;;;;;;;;;;;;;;;;;;;
;;;;;;;;;;;;;;;;;;;;
;;;;;;;;;;;;;;;;;;;;
;;;;;;;;;;;;;;;;;;;;
;;;;;;;;;;;;;;;;;;;;
;;;;;;;;;;;;;;;;;;;;
;;;;;;;;;;;;;;;;;;;;
;;;;;;;;;;;;;;;;;;;;
;;;;;;;;;;;;;;;;;;;;
;;;;;;;;;;;;;;;;;;;;
;;;;;;;;;;;;;;;;;;;;
;;;;;;;;;;;;;;;;;;;;
;;;;;;;;;;;;;;;;;;;;
;;;;;;;;;;;;;;;;;;;;
;;;;;;;;;;;;;;;;;;;;
;;;;;;;;;;;;;;;;;;;;
;;;;;;;;;;;;;;;;;;;;
;;;;;;;;;;;;;;;;;;;;
;;;;;;;;;;;;;;;;;;;;
;;;;;;;;;;;;;;;;;;;;
;;;;;;;;;;;;;;;;;;;;
;;;;;;;;;;;;;;;;;;;;
;;;;;;;;;;;;;;;;;;;;
;;;;;;;;;;;;;;;;;;;;
;;;;;;;;;;;;;;;;;;;;
;;;;;;;;;;;;;;;;;;;;
;;;;;;;;;;;;;;;;;;;;
;;;;;;;;;;;;;;;;;;;;
;;;;;;;;;;;;;;;;;;;;
;;;;;;;;;;;;;;;;;;;;
;;;;;;;;;;;;;;;;;;;;
;;;;;;;;;;;;;;;;;;;;
;;;;;;;;;;;;;;;;;;;;
;;;;;;;;;;;;;;;;;;;;
;;;;;;;;;;;;;;;;;;;;
;;;;;;;;;;;;;;;;;;;;
;;;;;;;;;;;;;;;;;;;;
;;;;;;;;;;;;;;;;;;;;
;;;;;;;;;;;;;;;;;;;;
;;;;;;;;;;;;;;;;;;;;
;;;;;;;;;;;;;;;;;;;;
;;;;;;;;;;;;;;;;;;;;
;;;;;;;;;;;;;;;;;;;;
;;;;;;;;;;;;;;;;;;;;
;;;;;;;;;;;;;;;;;;;;
;;;;;;;;;;;;;;;;;;;;
;;;;;;;;;;;;;;;;;;;;
;;;;;;;;;;;;;;;;;;;;
;;;;;;;;;;;;;;;;;;;;
;;;;;;;;;;;;;;;;;;;;
;;;;;;;;;;;;;;;;;;;;
;;;;;;;;;;;;;;;;;;;;
;;;;;;;;;;;;;;;;;;;;
;;;;;;;;;;;;;;;;;;;;
;;;;;;;;;;;;;;;;;;;;
;;;;;;;;;;;;;;;;;;;;
;;;;;;;;;;;;;;;;;;;;
;;;;;;;;;;;;;;;;;;;;
;;;;;;;;;;;;;;;;;;;;
;;;;;;;;;;;;;;;;;;;;
;;;;;;;;;;;;;;;;;;;;
;;;;;;;;;;;;;;;;;;;;
;;;;;;;;;;;;;;;;;;;;
;;;;;;;;;;;;;;;;;;;;
;;;;;;;;;;;;;;;;;;;;
;;;;;;;;;;;;;;;;;;;;
;;;;;;;;;;;;;;;;;;;;
;;;;;;;;;;;;;;;;;;;;
;;;;;;;;;;;;;;;;;;;;
;;;;;;;;;;;;;;;;;;;;
;;;;;;;;;;;;;;;;;;;;
;;;;;;;;;;;;;;;;;;;;
;;;;;;;;;;;;;;;;;;;;
;;;;;;;;;;;;;;;;;;;;
;;;;;;;;;;;;;;;;;;;;
;;;;;;;;;;;;;;;;;;;;
;;;;;;;;;;;;;;;;;;;;
;;;;;;;;;;;;;;;;;;;;
;;;;;;;;;;;;;;;;;;;;
;;;;;;;;;;;;;;;;;;;;
;;;;;;;;;;;;;;;;;;;;
;;;;;;;;;;;;;;;;;;;;
;;;;;;;;;;;;;;;;;;;;
;;;;;;;;;;;;;;;;;;;;
;;;;;;;;;;;;;;;;;;;;
;;;;;;;;;;;;;;;;;;;;
;;;;;;;;;;;;;;;;;;;;
;;;;;;;;;;;;;;;;;;;;
;;;;;;;;;;;;;;;;;;;;
;;;;;;;;;;;;;;;;;;;;
;;;;;;;;;;;;;;;;;;;;
;;;;;;;;;;;;;;;;;;;;
;;;;;;;;;;;;;;;;;;;;
;;;;;;;;;;;;;;;;;;;;
;;;;;;;;;;;;;;;;;;;;
;;;;;;;;;;;;;;;;;;;;
;;;;;;;;;;;;;;;;;;;;
;;;;;;;;;;;;;;;;;;;;
;;;;;;;;;;;;;;;;;;;;
;;;;;;;;;;;;;;;;;;;;
;;;;;;;;;;;;;;;;;;;;
;;;;;;;;;;;;;;;;;;;;
;;;;;;;;;;;;;;;;;;;;
;;;;;;;;;;;;;;;;;;;;
;;;;;;;;;;;;;;;;;;;;
;;;;;;;;;;;;;;;;;;;;
;;;;;;;;;;;;;;;;;;;;
;;;;;;;;;;;;;;;;;;;;
;;;;;;;;;;;;;;;;;;;;
;;;;;;;;;;;;;;;;;;;;
;;;;;;;;;;;;;;;;;;;;
;;;;;;;;;;;;;;;;;;;;
;;;;;;;;;;;;;;;;;;;;
;;;;;;;;;;;;;;;;;;;;
;;;;;;;;;;;;;;;;;;;;
;;;;;;;;;;;;;;;;;;;;
;;;;;;;;;;;;;;;;;;;;
;;;;;;;;;;;;;;;;;;;;
;;;;;;;;;;;;;;;;;;;;
;;;;;;;;;;;;;;;;;;;;
;;;;;;;;;;;;;;;;;;;;
;;;;;;;;;;;;;;;;;;;;
;;;;;;;;;;;;;;;;;;;;
;;;;;;;;;;;;;;;;;;;;
;;;;;;;;;;;;;;;;;;;;
;;;;;;;;;;;;;;;;;;;;
;;;;;;;;;;;;;;;;;;;;
;;;;;;;;;;;;;;;;;;;;
;;;;;;;;;;;;;;;;;;;;
;;;;;;;;;;;;;;;;;;;;
;;;;;;;;;;;;;;;;;;;;
;;;;;;;;;;;;;;;;;;;;
;;;;;;;;;;;;;;;;;;;;
;;;;;;;;;;;;;;;;;;;;
;;;;;;;;;;;;;;;;;;;;
;;;;;;;;;;;;;;;;;;;;
;;;;;;;;;;;;;;;;;;;;
;;;;;;;;;;;;;;;;;;;;
;;;;;;;;;;;;;;;;;;;;
;;;;;;;;;;;;;;;;;;;;
;;;;;;;;;;;;;;;;;;;;
;;;;;;;;;;;;;;;;;;;;
;;;;;;;;;;;;;;;;;;;;
;;;;;;;;;;;;;;;;;;;;
;;;;;;;;;;;;;;;;;;;;
;;;;;;;;;;;;;;;;;;;;
;;;;;;;;;;;;;;;;;;;;
;;;;;;;;;;;;;;;;;;;;
;;;;;;;;;;;;;;;;;;;;
;;;;;;;;;;;;;;;;;;;;
;;;;;;;;;;;;;;;;;;;;
;;;;;;;;;;;;;;;;;;;;
;;;;;;;;;;;;;;;;;;;;
;;;;;;;;;;;;;;;;;;;;
;;;;;;;;;;;;;;;;;;;;
;;;;;;;;;;;;;;;;;;;;
;;;;;;;;;;;;;;;;;;;;
;;;;;;;;;;;;;;;;;;;;
;;;;;;;;;;;;;;;;;;;;
;;;;;;;;;;;;;;;;;;;;
;;;;;;;;;;;;;;;;;;;;
;;;;;;;;;;;;;;;;;;;;
;;;;;;;;;;;;;;;;;;;;
;;;;;;;;;;;;;;;;;;;;
;;;;;;;;;;;;;;;;;;;;
;;;;;;;;;;;;;;;;;;;;
;;;;;;;;;;;;;;;;;;;;
;;;;;;;;;;;;;;;;;;;;
;;;;;;;;;;;;;;;;;;;;
;;;;;;;;;;;;;;;;;;;;
;;;;;;;;;;;;;;;;;;;;
;;;;;;;;;;;;;;;;;;;;
;;;;;;;;;;;;;;;;;;;;
;;;;;;;;;;;;;;;;;;;;
;;;;;;;;;;;;;;;;;;;;
;;;;;;;;;;;;;;;;;;;;
;;;;;;;;;;;;;;;;;;;;
;;;;;;;;;;;;;;;;;;;;
;;;;;;;;;;;;;;;;;;;;
;;;;;;;;;;;;;;;;;;;;
;;;;;;;;;;;;;;;;;;;;
;;;;;;;;;;;;;;;;;;;;
;;;;;;;;;;;;;;;;;;;;
;;;;;;;;;;;;;;;;;;;;
;;;;;;;;;;;;;;;;;;;;
;;;;;;;;;;;;;;;;;;;;
;;;;;;;;;;;;;;;;;;;;
;;;;;;;;;;;;;;;;;;;;
;;;;;;;;;;;;;;;;;;;;
;;;;;;;;;;;;;;;;;;;;
;;;;;;;;;;;;;;;;;;;;
;;;;;;;;;;;;;;;;;;;;
;;;;;;;;;;;;;;;;;;;;
;;;;;;;;;;;;;;;;;;;;
;;;;;;;;;;;;;;;;;;;;
;;;;;;;;;;;;;;;;;;;;
;;;;;;;;;;;;;;;;;;;;
;;;;;;;;;;;;;;;;;;;;
;;;;;;;;;;;;;;;;;;;;
;;;;;;;;;;;;;;;;;;;;
;;;;;;;;;;;;;;;;;;;;
;;;;;;;;;;;;;;;;;;;;
;;;;;;;;;;;;;;;;;;;;
;;;;;;;;;;;;;;;;;;;;
;;;;;;;;;;;;;;;;;;;;
;;;;;;;;;;;;;;;;;;;;
;;;;;;;;;;;;;;;;;;;;
;;;;;;;;;;;;;;;;;;;;
;;;;;;;;;;;;;;;;;;;;
;;;;;;;;;;;;;;;;;;;;
;;;;;;;;;;;;;;;;;;;;
;;;;;;;;;;;;;;;;;;;;
;;;;;;;;;;;;;;;;;;;;
;;;;;;;;;;;;;;;;;;;;
;;;;;;;;;;;;;;;;;;;;
;;;;;;;;;;;;;;;;;;;;
;;;;;;;;;;;;;;;;;;;;
;;;;;;;;;;;;;;;;;;;;
;;;;;;;;;;;;;;;;;;;;
;;;;;;;;;;;;;;;;;;;;
;;;;;;;;;;;;;;;;;;;;
;;;;;;;;;;;;;;;;;;;;
;;;;;;;;;;;;;;;;;;;;
;;;;;;;;;;;;;;;;;;;;
;;;;;;;;;;;;;;;;;;;;
;;;;;;;;;;;;;;;;;;;;
;;;;;;;;;;;;;;;;;;;;
;;;;;;;;;;;;;;;;;;;;
;;;;;;;;;;;;;;;;;;;;
;;;;;;;;;;;;;;;;;;;;
;;;;;;;;;;;;;;;;;;;;
;;;;;;;;;;;;;;;;;;;;
;;;;;;;;;;;;;;;;;;;;
;;;;;;;;;;;;;;;;;;;;
;;;;;;;;;;;;;;;;;;;;
;;;;;;;;;;;;;;;;;;;;
;;;;;;;;;;;;;;;;;;;;
;;;;;;;;;;;;;;;;;;;;
;;;;;;;;;;;;;;;;;;;;
;;;;;;;;;;;;;;;;;;;;
;;;;;;;;;;;;;;;;;;;;
;;;;;;;;;;;;;;;;;;;;
;;;;;;;;;;;;;;;;;;;;
;;;;;;;;;;;;;;;;;;;;
;;;;;;;;;;;;;;;;;;;;
;;;;;;;;;;;;;;;;;;;;
;;;;;;;;;;;;;;;;;;;;
;;;;;;;;;;;;;;;;;;;;
;;;;;;;;;;;;;;;;;;;;
;;;;;;;;;;;;;;;;;;;;
;;;;;;;;;;;;;;;;;;;;
;;;;;;;;;;;;;;;;;;;;
;;;;;;;;;;;;;;;;;;;;
;;;;;;;;;;;;;;;;;;;;
;;;;;;;;;;;;;;;;;;;;
;;;;;;;;;;;;;;;;;;;;
;;;;;;;;;;;;;;;;;;;;
;;;;;;;;;;;;;;;;;;;;
;;;;;;;;;;;;;;;;;;;;
;;;;;;;;;;;;;;;;;;;;
;;;;;;;;;;;;;;;;;;;;
;;;;;;;;;;;;;;;;;;;;
;;;;;;;;;;;;;;;;;;;;
;;;;;;;;;;;;;;;;;;;;
;;;;;;;;;;;;;;;;;;;;
;;;;;;;;;;;;;;;;;;;;
;;;;;;;;;;;;;;;;;;;;
;;;;;;;;;;;;;;;;;;;;
;;;;;;;;;;;;;;;;;;;;
;;;;;;;;;;;;;;;;;;;;
;;;;;;;;;;;;;;;;;;;;
;;;;;;;;;;;;;;;;;;;;
;;;;;;;;;;;;;;;;;;;;
;;;;;;;;;;;;;;;;;;;;
;;;;;;;;;;;;;;;;;;;;
;;;;;;;;;;;;;;;;;;;;
;;;;;;;;;;;;;;;;;;;;
;;;;;;;;;;;;;;;;;;;;
;;;;;;;;;;;;;;;;;;;;
;;;;;;;;;;;;;;;;;;;;
;;;;;;;;;;;;;;;;;;;;
;;;;;;;;;;;;;;;;;;;;
;;;;;;;;;;;;;;;;;;;;
;;;;;;;;;;;;;;;;;;;;
;;;;;;;;;;;;;;;;;;;;
;;;;;;;;;;;;;;;;;;;;
;;;;;;;;;;;;;;;;;;;;
;;;;;;;;;;;;;;;;;;;;
;;;;;;;;;;;;;;;;;;;;
;;;;;;;;;;;;;;;;;;;;
;;;;;;;;;;;;;;;;;;;;
;;;;;;;;;;;;;;;;;;;;
;;;;;;;;;;;;;;;;;;;;
;;;;;;;;;;;;;;;;;;;;
;;;;;;;;;;;;;;;;;;;;
;;;;;;;;;;;;;;;;;;;;
;;;;;;;;;;;;;;;;;;;;
;;;;;;;;;;;;;;;;;;;;
;;;;;;;;;;;;;;;;;;;;
;;;;;;;;;;;;;;;;;;;;
;;;;;;;;;;;;;;;;;;;;
;;;;;;;;;;;;;;;;;;;;
;;;;;;;;;;;;;;;;;;;;
;;;;;;;;;;;;;;;;;;;;
;;;;;;;;;;;;;;;;;;;;
;;;;;;;;;;;;;;;;;;;;
;;;;;;;;;;;;;;;;;;;;
;;;;;;;;;;;;;;;;;;;;
;;;;;;;;;;;;;;;;;;;;
;;;;;;;;;;;;;;;;;;;;
;;;;;;;;;;;;;;;;;;;;
;;;;;;;;;;;;;;;;;;;;
;;;;;;;;;;;;;;;;;;;;
;;;;;;;;;;;;;;;;;;;;
;;;;;;;;;;;;;;;;;;;;
;;;;;;;;;;;;;;;;;;;;
;;;;;;;;;;;;;;;;;;;;
;;;;;;;;;;;;;;;;;;;;
;;;;;;;;;;;;;;;;;;;;
;;;;;;;;;;;;;;;;;;;;
;;;;;;;;;;;;;;;;;;;;
;;;;;;;;;;;;;;;;;;;;
;;;;;;;;;;;;;;;;;;;;
;;;;;;;;;;;;;;;;;;;;
;;;;;;;;;;;;;;;;;;;;
;;;;;;;;;;;;;;;;;;;;
;;;;;;;;;;;;;;;;;;;;
;;;;;;;;;;;;;;;;;;;;
;;;;;;;;;;;;;;;;;;;;
;;;;;;;;;;;;;;;;;;;;
;;;;;;;;;;;;;;;;;;;;
;;;;;;;;;;;;;;;;;;;;
;;;;;;;;;;;;;;;;;;;;
;;;;;;;;;;;;;;;;;;;;
;;;;;;;;;;;;;;;;;;;;
;;;;;;;;;;;;;;;;;;;;
;;;;;;;;;;;;;;;;;;;;
;;;;;;;;;;;;;;;;;;;;
;;;;;;;;;;;;;;;;;;;;
;;;;;;;;;;;;;;;;;;;;
;;;;;;;;;;;;;;;;;;;;
;;;;;;;;;;;;;;;;;;;;
;;;;;;;;;;;;;;;;;;;;
;;;;;;;;;;;;;;;;;;;;
;;;;;;;;;;;;;;;;;;;;
;;;;;;;;;;;;;;;;;;;;
;;;;;;;;;;;;;;;;;;;;
;;;;;;;;;;;;;;;;;;;;
;;;;;;;;;;;;;;;;;;;;
;;;;;;;;;;;;;;;;;;;;
;;;;;;;;;;;;;;;;;;;;
;;;;;;;;;;;;;;;;;;;;
;;;;;;;;;;;;;;;;;;;;
;;;;;;;;;;;;;;;;;;;;
;;;;;;;;;;;;;;;;;;;;
;;;;;;;;;;;;;;;;;;;;
;;;;;;;;;;;;;;;;;;;;
;;;;;;;;;;;;;;;;;;;;
;;;;;;;;;;;;;;;;;;;;
;;;;;;;;;;;;;;;;;;;;
;;;;;;;;;;;;;;;;;;;;
;;;;;;;;;;;;;;;;;;;;
;;;;;;;;;;;;;;;;;;;;
;;;;;;;;;;;;;;;;;;;;
;;;;;;;;;;;;;;;;;;;;
;;;;;;;;;;;;;;;;;;;;
;;;;;;;;;;;;;;;;;;;;
;;;;;;;;;;;;;;;;;;;;
;;;;;;;;;;;;;;;;;;;;
;;;;;;;;;;;;;;;;;;;;
;;;;;;;;;;;;;;;;;;;;
;;;;;;;;;;;;;;;;;;;;
;;;;;;;;;;;;;;;;;;;;
;;;;;;;;;;;;;;;;;;;;
;;;;;;;;;;;;;;;;;;;;
;;;;;;;;;;;;;;;;;;;;
;;;;;;;;;;;;;;;;;;;;
;;;;;;;;;;;;;;;;;;;;
;;;;;;;;;;;;;;;;;;;;
;;;;;;;;;;;;;;;;;;;;
;;;;;;;;;;;;;;;;;;;;
;;;;;;;;;;;;;;;;;;;;
;;;;;;;;;;;;;;;;;;;;
;;;;;;;;;;;;;;;;;;;;
;;;;;;;;;;;;;;;;;;;;
;;;;;;;;;;;;;;;;;;;;
;;;;;;;;;;;;;;;;;;;;
;;;;;;;;;;;;;;;;;;;;
;;;;;;;;;;;;;;;;;;;;
;;;;;;;;;;;;;;;;;;;;
;;;;;;;;;;;;;;;;;;;;
;;;;;;;;;;;;;;;;;;;;
;;;;;;;;;;;;;;;;;;;;
;;;;;;;;;;;;;;;;;;;;
;;;;;;;;;;;;;;;;;;;;
;;;;;;;;;;;;;;;;;;;;
;;;;;;;;;;;;;;;;;;;;
;;;;;;;;;;;;;;;;;;;;
;;;;;;;;;;;;;;;;;;;;
;;;;;;;;;;;;;;;;;;;;
;;;;;;;;;;;;;;;;;;;;
;;;;;;;;;;;;;;;;;;;;
;;;;;;;;;;;;;;;;;;;;
;;;;;;;;;;;;;;;;;;;;
;;;;;;;;;;;;;;;;;;;;
;;;;;;;;;;;;;;;;;;;;
;;;;;;;;;;;;;;;;;;;;
;;;;;;;;;;;;;;;;;;;;
;;;;;;;;;;;;;;;;;;;;
;;;;;;;;;;;;;;;;;;;;
;;;;;;;;;;;;;;;;;;;;
;;;;;;;;;;;;;;;;;;;;
;;;;;;;;;;;;;;;;;;;;
;;;;;;;;;;;;;;;;;;;;
;;;;;;;;;;;;;;;;;;;;
;;;;;;;;;;;;;;;;;;;;
;;;;;;;;;;;;;;;;;;;;
;;;;;;;;;;;;;;;;;;;;
;;;;;;;;;;;;;;;;;;;;
;;;;;;;;;;;;;;;;;;;;
;;;;;;;;;;;;;;;;;;;;
;;;;;;;;;;;;;;;;;;;;
;;;;;;;;;;;;;;;;;;;;
;;;;;;;;;;;;;;;;;;;;
;;;;;;;;;;;;;;;;;;;;
;;;;;;;;;;;;;;;;;;;;
;;;;;;;;;;;;;;;;;;;;
;;;;;;;;;;;;;;;;;;;;
;;;;;;;;;;;;;;;;;;;;
;;;;;;;;;;;;;;;;;;;;
;;;;;;;;;;;;;;;;;;;;
;;;;;;;;;;;;;;;;;;;;
;;;;;;;;;;;;;;;;;;;;
;;;;;;;;;;;;;;;;;;;;
;;;;;;;;;;;;;;;;;;;;
;;;;;;;;;;;;;;;;;;;;
;;;;;;;;;;;;;;;;;;;;
;;;;;;;;;;;;;;;;;;;;
;;;;;;;;;;;;;;;;;;;;
;;;;;;;;;;;;;;;;;;;;
;;;;;;;;;;;;;;;;;;;;
;;;;;;;;;;;;;;;;;;;;
;;;;;;;;;;;;;;;;;;;;
;;;;;;;;;;;;;;;;;;;;
;;;;;;;;;;;;;;;;;;;;
;;;;;;;;;;;;;;;;;;;;
;;;;;;;;;;;;;;;;;;;;
;;;;;;;;;;;;;;;;;;;;
;;;;;;;;;;;;;;;;;;;;
;;;;;;;;;;;;;;;;;;;;
;;;;;;;;;;;;;;;;;;;;
;;;;;;;;;;;;;;;;;;;;
;;;;;;;;;;;;;;;;;;;;
;;;;;;;;;;;;;;;;;;;;
;;;;;;;;;;;;;;;;;;;;
;;;;;;;;;;;;;;;;;;;;
;;;;;;;;;;;;;;;;;;;;
;;;;;;;;;;;;;;;;;;;;
;;;;;;;;;;;;;;;;;;;;
;;;;;;;;;;;;;;;;;;;;
;;;;;;;;;;;;;;;;;;;;
;;;;;;;;;;;;;;;;;;;;
;;;;;;;;;;;;;;;;;;;;
;;;;;;;;;;;;;;;;;;;;
;;;;;;;;;;;;;;;;;;;;
;;;;;;;;;;;;;;;;;;;;
;;;;;;;;;;;;;;;;;;;;
;;;;;;;;;;;;;;;;;;;;
;;;;;;;;;;;;;;;;;;;;
;;;;;;;;;;;;;;;;;;;;
;;;;;;;;;;;;;;;;;;;;
;;;;;;;;;;;;;;;;;;;;
;;;;;;;;;;;;;;;;;;;;
;;;;;;;;;;;;;;;;;;;;
;;;;;;;;;;;;;;;;;;;;
;;;;;;;;;;;;;;;;;;;;
;;;;;;;;;;;;;;;;;;;;
;;;;;;;;;;;;;;;;;;;;
;;;;;;;;;;;;;;;;;;;;
;;;;;;;;;;;;;;;;;;;;
;;;;;;;;;;;;;;;;;;;;
;;;;;;;;;;;;;;;;;;;;
;;;;;;;;;;;;;;;;;;;;
;;;;;;;;;;;;;;;;;;;;
;;;;;;;;;;;;;;;;;;;;
;;;;;;;;;;;;;;;;;;;;
;;;;;;;;;;;;;;;;;;;;
;;;;;;;;;;;;;;;;;;;;
;;;;;;;;;;;;;;;;;;;;
;;;;;;;;;;;;;;;;;;;;
;;;;;;;;;;;;;;;;;;;;
;;;;;;;;;;;;;;;;;;;;
;;;;;;;;;;;;;;;;;;;;
;;;;;;;;;;;;;;;;;;;;
;;;;;;;;;;;;;;;;;;;;
;;;;;;;;;;;;;;;;;;;;
;;;;;;;;;;;;;;;;;;;;
;;;;;;;;;;;;;;;;;;;;
;;;;;;;;;;;;;;;;;;;;
;;;;;;;;;;;;;;;;;;;;
;;;;;;;;;;;;;;;;;;;;
;;;;;;;;;;;;;;;;;;;;
;;;;;;;;;;;;;;;;;;;;
;;;;;;;;;;;;;;;;;;;;
;;;;;;;;;;;;;;;;;;;;
;;;;;;;;;;;;;;;;;;;;
;;;;;;;;;;;;;;;;;;;;
;;;;;;;;;;;;;;;;;;;;
;;;;;;;;;;;;;;;;;;;;
;;;;;;;;;;;;;;;;;;;;
;;;;;;;;;;;;;;;;;;;;
;;;;;;;;;;;;;;;;;;;;
;;;;;;;;;;;;;;;;;;;;
;;;;;;;;;;;;;;;;;;;;
;;;;;;;;;;;;;;;;;;;;
;;;;;;;;;;;;;;;;;;;;
;;;;;;;;;;;;;;;;;;;;
;;;;;;;;;;;;;;;;;;;;
;;;;;;;;;;;;;;;;;;;;
;;;;;;;;;;;;;;;;;;;;
;;;;;;;;;;;;;;;;;;;;
;;;;;;;;;;;;;;;;;;;;
;;;;;;;;;;;;;;;;;;;;
;;;;;;;;;;;;;;;;;;;;
;;;;;;;;;;;;;;;;;;;;
;;;;;;;;;;;;;;;;;;;;
;;;;;;;;;;;;;;;;;;;;
;;;;;;;;;;;;;;;;;;;;
;;;;;;;;;;;;;;;;;;;;
;;;;;;;;;;;;;;;;;;;;
;;;;;;;;;;;;;;;;;;;;
;;;;;;;;;;;;;;;;;;;;
;;;;;;;;;;;;;;;;;;;;
;;;;;;;;;;;;;;;;;;;;
;;;;;;;;;;;;;;;;;;;;
;;;;;;;;;;;;;;;;;;;;
;;;;;;;;;;;;;;;;;;;;
;;;;;;;;;;;;;;;;;;;;
;;;;;;;;;;;;;;;;;;;;
;;;;;;;;;;;;;;;;;;;;
;;;;;;;;;;;;;;;;;;;;
;;;;;;;;;;;;;;;;;;;;
;;;;;;;;;;;;;;;;;;;;
;;;;;;;;;;;;;;;;;;;;
;;;;;;;;;;;;;;;;;;;;
;;;;;;;;;;;;;;;;;;;;
;;;;;;;;;;;;;;;;;;;;
;;;;;;;;;;;;;;;;;;;;
;;;;;;;;;;;;;;;;;;;;
;;;;;;;;;;;;;;;;;;;;
;;;;;;;;;;;;;;;;;;;;
;;;;;;;;;;;;;;;;;;;;
;;;;;;;;;;;;;;;;;;;;
;;;;;;;;;;;;;;;;;;;;
;;;;;;;;;;;;;;;;;;;;
;;;;;;;;;;;;;;;;;;;;
;;;;;;;;;;;;;;;;;;;;
;;;;;;;;;;;;;;;;;;;;
;;;;;;;;;;;;;;;;;;;;
;;;;;;;;;;;;;;;;;;;;
;;;;;;;;;;;;;;;;;;;;
;;;;;;;;;;;;;;;;;;;;
;;;;;;;;;;;;;;;;;;;;
;;;;;;;;;;;;;;;;;;;;
;;;;;;;;;;;;;;;;;;;;
;;;;;;;;;;;;;;;;;;;;
;;;;;;;;;;;;;;;;;;;;
;;;;;;;;;;;;;;;;;;;;
;;;;;;;;;;;;;;;;;;;;
;;;;;;;;;;;;;;;;;;;;
;;;;;;;;;;;;;;;;;;;;
;;;;;;;;;;;;;;;;;;;;
;;;;;;;;;;;;;;;;;;;;
;;;;;;;;;;;;;;;;;;;;
;;;;;;;;;;;;;;;;;;;;
;;;;;;;;;;;;;;;;;;;;
;;;;;;;;;;;;;;;;;;;;
;;;;;;;;;;;;;;;;;;;;
;;;;;;;;;;;;;;;;;;;;
;;;;;;;;;;;;;;;;;;;;
;;;;;;;;;;;;;;;;;;;;
;;;;;;;;;;;;;;;;;;;;
;;;;;;;;;;;;;;;;;;;;
;;;;;;;;;;;;;;;;;;;;
;;;;;;;;;;;;;;;;;;;;
;;;;;;;;;;;;;;;;;;;;
;;;;;;;;;;;;;;;;;;;;
;;;;;;;;;;;;;;;;;;;;
;;;;;;;;;;;;;;;;;;;;
;;;;;;;;;;;;;;;;;;;;
;;;;;;;;;;;;;;;;;;;;
;;;;;;;;;;;;;;;;;;;;
;;;;;;;;;;;;;;;;;;;;
;;;;;;;;;;;;;;;;;;;;
;;;;;;;;;;;;;;;;;;;;
;;;;;;;;;;;;;;;;;;;;
;;;;;;;;;;;;;;;;;;;;
;;;;;;;;;;;;;;;;;;;;
;;;;;;;;;;;;;;;;;;;;
;;;;;;;;;;;;;;;;;;;;
;;;;;;;;;;;;;;;;;;;;
;;;;;;;;;;;;;;;;;;;;
;;;;;;;;;;;;;;;;;;;;
;;;;;;;;;;;;;;;;;;;;
;;;;;;;;;;;;;;;;;;;;
;;;;;;;;;;;;;;;;;;;;
;;;;;;;;;;;;;;;;;;;;
;;;;;;;;;;;;;;;;;;;;
;;;;;;;;;;;;;;;;;;;;
;;;;;;;;;;;;;;;;;;;;
;;;;;;;;;;;;;;;;;;;;
;;;;;;;;;;;;;;;;;;;;
;;;;;;;;;;;;;;;;;;;;
;;;;;;;;;;;;;;;;;;;;
;;;;;;;;;;;;;;;;;;;;
;;;;;;;;;;;;;;;;;;;;
;;;;;;;;;;;;;;;;;;;;
;;;;;;;;;;;;;;;;;;;;
;;;;;;;;;;;;;;;;;;;;
;;;;;;;;;;;;;;;;;;;;
;;;;;;;;;;;;;;;;;;;;
;;;;;;;;;;;;;;;;;;;;
;;;;;;;;;;;;;;;;;;;;
;;;;;;;;;;;;;;;;;;;;
;;;;;;;;;;;;;;;;;;;;
;;;;;;;;;;;;;;;;;;;;
;;;;;;;;;;;;;;;;;;;;
;;;;;;;;;;;;;;;;;;;;
;;;;;;;;;;;;;;;;;;;;
;;;;;;;;;;;;;;;;;;;;
;;;;;;;;;;;;;;;;;;;;
;;;;;;;;;;;;;;;;;;;;
;;;;;;;;;;;;;;;;;;;;
;;;;;;;;;;;;;;;;;;;;
;;;;;;;;;;;;;;;;;;;;
;;;;;;;;;;;;;;;;;;;;
;;;;;;;;;;;;;;;;;;;;
;;;;;;;;;;;;;;;;;;;;
;;;;;;;;;;;;;;;;;;;;
;;;;;;;;;;;;;;;;;;;;
;;;;;;;;;;;;;;;;;;;;
;;;;;;;;;;;;;;;;;;;;
;;;;;;;;;;;;;;;;;;;;
;;;;;;;;;;;;;;;;;;;;
;;;;;;;;;;;;;;;;;;;;
;;;;;;;;;;;;;;;;;;;;
;;;;;;;;;;;;;;;;;;;;
;;;;;;;;;;;;;;;;;;;;
;;;;;;;;;;;;;;;;;;;;
;;;;;;;;;;;;;;;;;;;;
;;;;;;;;;;;;;;;;;;;;
;;;;;;;;;;;;;;;;;;;;
;;;;;;;;;;;;;;;;;;;;
;;;;;;;;;;;;;;;;;;;;
;;;;;;;;;;;;;;;;;;;;
;;;;;;;;;;;;;;;;;;;;
;;;;;;;;;;;;;;;;;;;;
;;;;;;;;;;;;;;;;;;;;
;;;;;;;;;;;;;;;;;;;;
;;;;;;;;;;;;;;;;;;;;
;;;;;;;;;;;;;;;;;;;;
;;;;;;;;;;;;;;;;;;;;
;;;;;;;;;;;;;;;;;;;;
;;;;;;;;;;;;;;;;;;;;
;;;;;;;;;;;;;;;;;;;;
;;;;;;;;;;;;;;;;;;;;
;;;;;;;;;;;;;;;;;;;;
;;;;;;;;;;;;;;;;;;;;
;;;;;;;;;;;;;;;;;;;;
;;;;;;;;;;;;;;;;;;;;
;;;;;;;;;;;;;;;;;;;;
;;;;;;;;;;;;;;;;;;;;
;;;;;;;;;;;;;;;;;;;;
;;;;;;;;;;;;;;;;;;;;
;;;;;;;;;;;;;;;;;;;;
;;;;;;;;;;;;;;;;;;;;
;;;;;;;;;;;;;;;;;;;;
;;;;;;;;;;;;;;;;;;;;
;;;;;;;;;;;;;;;;;;;;
;;;;;;;;;;;;;;;;;;;;
;;;;;;;;;;;;;;;;;;;;
;;;;;;;;;;;;;;;;;;;;
;;;;;;;;;;;;;;;;;;;;
;;;;;;;;;;;;;;;;;;;;
;;;;;;;;;;;;;;;;;;;;
;;;;;;;;;;;;;;;;;;;;
;;;;;;;;;;;;;;;;;;;;
;;;;;;;;;;;;;;;;;;;;
;;;;;;;;;;;;;;;;;;;;
;;;;;;;;;;;;;;;;;;;;
;;;;;;;;;;;;;;;;;;;;
;;;;;;;;;;;;;;;;;;;;
;;;;;;;;;;;;;;;;;;;;
;;;;;;;;;;;;;;;;;;;;
;;;;;;;;;;;;;;;;;;;;
;;;;;;;;;;;;;;;;;;;;
;;;;;;;;;;;;;;;;;;;;
;;;;;;;;;;;;;;;;;;;;
;;;;;;;;;;;;;;;;;;;;
;;;;;;;;;;;;;;;;;;;;
;;;;;;;;;;;;;;;;;;;;
;;;;;;;;;;;;;;;;;;;;
;;;;;;;;;;;;;;;;;;;;
;;;;;;;;;;;;;;;;;;;;
;;;;;;;;;;;;;;;;;;;;
;;;;;;;;;;;;;;;;;;;;
;;;;;;;;;;;;;;;;;;;;
;;;;;;;;;;;;;;;;;;;;
;;;;;;;;;;;;;;;;;;;;
;;;;;;;;;;;;;;;;;;;;
;;;;;;;;;;;;;;;;;;;;
;;;;;;;;;;;;;;;;;;;;
;;;;;;;;;;;;;;;;;;;;
;;;;;;;;;;;;;;;;;;;;
;;;;;;;;;;;;;;;;;;;;
;;;;;;;;;;;;;;;;;;;;
;;;;;;;;;;;;;;;;;;;;
;;;;;;;;;;;;;;;;;;;;
;;;;;;;;;;;;;;;;;;;;
;;;;;;;;;;;;;;;;;;;;
;;;;;;;;;;;;;;;;;;;;
;;;;;;;;;;;;;;;;;;;;
;;;;;;;;;;;;;;;;;;;;
;;;;;;;;;;;;;;;;;;;;
;;;;;;;;;;;;;;;;;;;;
;;;;;;;;;;;;;;;;;;;;
;;;;;;;;;;;;;;;;;;;;
;;;;;;;;;;;;;;;;;;;;
;;;;;;;;;;;;;;;;;;;;
;;;;;;;;;;;;;;;;;;;;
;;;;;;;;;;;;;;;;;;;;
;;;;;;;;;;;;;;;;;;;;
;;;;;;;;;;;;;;;;;;;;
;;;;;;;;;;;;;;;;;;;;
;;;;;;;;;;;;;;;;;;;;
;;;;;;;;;;;;;;;;;;;;
;;;;;;;;;;;;;;;;;;;;
;;;;;;;;;;;;;;;;;;;;
;;;;;;;;;;;;;;;;;;;;
;;;;;;;;;;;;;;;;;;;;
;;;;;;;;;;;;;;;;;;;;
;;;;;;;;;;;;;;;;;;;;
;;;;;;;;;;;;;;;;;;;;
;;;;;;;;;;;;;;;;;;;;
;;;;;;;;;;;;;;;;;;;;
;;;;;;;;;;;;;;;;;;;;
;;;;;;;;;;;;;;;;;;;;
;;;;;;;;;;;;;;;;;;;;
;;;;;;;;;;;;;;;;;;;;
;;;;;;;;;;;;;;;;;;;;
;;;;;;;;;;;;;;;;;;;;
;;;;;;;;;;;;;;;;;;;;
;;;;;;;;;;;;;;;;;;;;
;;;;;;;;;;;;;;;;;;;;
;;;;;;;;;;;;;;;;;;;;
;;;;;;;;;;;;;;;;;;;;
;;;;;;;;;;;;;;;;;;;;
;;;;;;;;;;;;;;;;;;;;
;;;;;;;;;;;;;;;;;;;;
;;;;;;;;;;;;;;;;;;;;
;;;;;;;;;;;;;;;;;;;;
;;;;;;;;;;;;;;;;;;;;
;;;;;;;;;;;;;;;;;;;;
;;;;;;;;;;;;;;;;;;;;
;;;;;;;;;;;;;;;;;;;;
;;;;;;;;;;;;;;;;;;;;
;;;;;;;;;;;;;;;;;;;;
;;;;;;;;;;;;;;;;;;;;
;;;;;;;;;;;;;;;;;;;;
;;;;;;;;;;;;;;;;;;;;
;;;;;;;;;;;;;;;;;;;;
;;;;;;;;;;;;;;;;;;;;
;;;;;;;;;;;;;;;;;;;;
;;;;;;;;;;;;;;;;;;;;
;;;;;;;;;;;;;;;;;;;;
;;;;;;;;;;;;;;;;;;;;
;;;;;;;;;;;;;;;;;;;;
;;;;;;;;;;;;;;;;;;;;
;;;;;;;;;;;;;;;;;;;;
;;;;;;;;;;;;;;;;;;;;
;;;;;;;;;;;;;;;;;;;;
;;;;;;;;;;;;;;;;;;;;
;;;;;;;;;;;;;;;;;;;;
;;;;;;;;;;;;;;;;;;;;
;;;;;;;;;;;;;;;;;;;;
;;;;;;;;;;;;;;;;;;;;
;;;;;;;;;;;;;;;;;;;;
;;;;;;;;;;;;;;;;;;;;
;;;;;;;;;;;;;;;;;;;;
;;;;;;;;;;;;;;;;;;;;
;;;;;;;;;;;;;;;;;;;;
;;;;;;;;;;;;;;;;;;;;
;;;;;;;;;;;;;;;;;;;;
;;;;;;;;;;;;;;;;;;;;
;;;;;;;;;;;;;;;;;;;;
;;;;;;;;;;;;;;;;;;;;
;;;;;;;;;;;;;;;;;;;;
;;;;;;;;;;;;;;;;;;;;
;;;;;;;;;;;;;;;;;;;;
;;;;;;;;;;;;;;;;;;;;
;;;;;;;;;;;;;;;;;;;;
;;;;;;;;;;;;;;;;;;;;
;;;;;;;;;;;;;;;;;;;;
;;;;;;;;;;;;;;;;;;;;
;;;;;;;;;;;;;;;;;;;;
;;;;;;;;;;;;;;;;;;;;
;;;;;;;;;;;;;;;;;;;;
;;;;;;;;;;;;;;;;;;;;
;;;;;;;;;;;;;;;;;;;;
;;;;;;;;;;;;;;;;;;;;
;;;;;;;;;;;;;;;;;;;;
;;;;;;;;;;;;;;;;;;;;
;;;;;;;;;;;;;;;;;;;;
;;;;;;;;;;;;;;;;;;;;
;;;;;;;;;;;;;;;;;;;;
;;;;;;;;;;;;;;;;;;;;
;;;;;;;;;;;;;;;;;;;;
;;;;;;;;;;;;;;;;;;;;
;;;;;;;;;;;;;;;;;;;;
;;;;;;;;;;;;;;;;;;;;
;;;;;;;;;;;;;;;;;;;;
;;;;;;;;;;;;;;;;;;;;
;;;;;;;;;;;;;;;;;;;;
;;;;;;;;;;;;;;;;;;;;
;;;;;;;;;;;;;;;;;;;;
;;;;;;;;;;;;;;;;;;;;
;;;;;;;;;;;;;;;;;;;;
;;;;;;;;;;;;;;;;;;;;
;;;;;;;;;;;;;;;;;;;;
;;;;;;;;;;;;;;;;;;;;
;;;;;;;;;;;;;;;;;;;;
;;;;;;;;;;;;;;;;;;;;
;;;;;;;;;;;;;;;;;;;;
;;;;;;;;;;;;;;;;;;;;
;;;;;;;;;;;;;;;;;;;;
;;;;;;;;;;;;;;;;;;;;
;;;;;;;;;;;;;;;;;;;;
;;;;;;;;;;;;;;;;;;;;
;;;;;;;;;;;;;;;;;;;;
;;;;;;;;;;;;;;;;;;;;
;;;;;;;;;;;;;;;;;;;;
;;;;;;;;;;;;;;;;;;;;
;;;;;;;;;;;;;;;;;;;;
;;;;;;;;;;;;;;;;;;;;
;;;;;;;;;;;;;;;;;;;;
;;;;;;;;;;;;;;;;;;;;
;;;;;;;;;;;;;;;;;;;;
;;;;;;;;;;;;;;;;;;;;
;;;;;;;;;;;;;;;;;;;;
;;;;;;;;;;;;;;;;;;;;
;;;;;;;;;;;;;;;;;;;;
;;;;;;;;;;;;;;;;;;;;
;;;;;;;;;;;;;;;;;;;;
;;;;;;;;;;;;;;;;;;;;
;;;;;;;;;;;;;;;;;;;;
;;;;;;;;;;;;;;;;;;;;
;;;;;;;;;;;;;;;;;;;;
;;;;;;;;;;;;;;;;;;;;
;;;;;;;;;;;;;;;;;;;;
;;;;;;;;;;;;;;;;;;;;
;;;;;;;;;;;;;;;;;;;;
;;;;;;;;;;;;;;;;;;;;
;;;;;;;;;;;;;;;;;;;;
;;;;;;;;;;;;;;;;;;;;
;;;;;;;;;;;;;;;;;;;;
;;;;;;;;;;;;;;;;;;;;
;;;;;;;;;;;;;;;;;;;;
;;;;;;;;;;;;;;;;;;;;
;;;;;;;;;;;;;;;;;;;;
;;;;;;;;;;;;;;;;;;;;
;;;;;;;;;;;;;;;;;;;;
;;;;;;;;;;;;;;;;;;;;
;;;;;;;;;;;;;;;;;;;;
;;;;;;;;;;;;;;;;;;;;
;;;;;;;;;;;;;;;;;;;;
;;;;;;;;;;;;;;;;;;;;
;;;;;;;;;;;;;;;;;;;;
;;;;;;;;;;;;;;;;;;;;
;;;;;;;;;;;;;;;;;;;;
;;;;;;;;;;;;;;;;;;;;
;;;;;;;;;;;;;;;;;;;;
;;;;;;;;;;;;;;;;;;;;
;;;;;;;;;;;;;;;;;;;;
;;;;;;;;;;;;;;;;;;;;
;;;;;;;;;;;;;;;;;;;;
;;;;;;;;;;;;;;;;;;;;
;;;;;;;;;;;;;;;;;;;;
;;;;;;;;;;;;;;;;;;;;
;;;;;;;;;;;;;;;;;;;;
;;;;;;;;;;;;;;;;;;;;
;;;;;;;;;;;;;;;;;;;;
;;;;;;;;;;;;;;;;;;;;
;;;;;;;;;;;;;;;;;;;;
;;;;;;;;;;;;;;;;;;;;
;;;;;;;;;;;;;;;;;;;;
;;;;;;;;;;;;;;;;;;;;
;;;;;;;;;;;;;;;;;;;;
;;;;;;;;;;;;;;;;;;;;
;;;;;;;;;;;;;;;;;;;;
;;;;;;;;;;;;;;;;;;;;
;;;;;;;;;;;;;;;;;;;;
;;;;;;;;;;;;;;;;;;;;
;;;;;;;;;;;;;;;;;;;;
;;;;;;;;;;;;;;;;;;;;
;;;;;;;;;;;;;;;;;;;;
;;;;;;;;;;;;;;;;;;;;
;;;;;;;;;;;;;;;;;;;;
;;;;;;;;;;;;;;;;;;;;
;;;;;;;;;;;;;;;;;;;;
;;;;;;;;;;;;;;;;;;;;
;;;;;;;;;;;;;;;;;;;;
;;;;;;;;;;;;;;;;;;;;
;;;;;;;;;;;;;;;;;;;;
;;;;;;;;;;;;;;;;;;;;
;;;;;;;;;;;;;;;;;;;;
;;;;;;;;;;;;;;;;;;;;
;;;;;;;;;;;;;;;;;;;;
;;;;;;;;;;;;;;;;;;;;
;;;;;;;;;;;;;;;;;;;;
;;;;;;;;;;;;;;;;;;;;
;;;;;;;;;;;;;;;;;;;;
;;;;;;;;;;;;;;;;;;;;
;;;;;;;;;;;;;;;;;;;;
;;;;;;;;;;;;;;;;;;;;
;;;;;;;;;;;;;;;;;;;;
;;;;;;;;;;;;;;;;;;;;
;;;;;;;;;;;;;;;;;;;;
;;;;;;;;;;;;;;;;;;;;
;;;;;;;;;;;;;;;;;;;;
;;;;;;;;;;;;;;;;;;;;
;;;;;;;;;;;;;;;;;;;;
;;;;;;;;;;;;;;;;;;;;
;;;;;;;;;;;;;;;;;;;;
;;;;;;;;;;;;;;;;;;;;
;;;;;;;;;;;;;;;;;;;;
;;;;;;;;;;;;;;;;;;;;
;;;;;;;;;;;;;;;;;;;;
;;;;;;;;;;;;;;;;;;;;
;;;;;;;;;;;;;;;;;;;;
;;;;;;;;;;;;;;;;;;;;
;;;;;;;;;;;;;;;;;;;;
;;;;;;;;;;;;;;;;;;;;
;;;;;;;;;;;;;;;;;;;;
;;;;;;;;;;;;;;;;;;;;
;;;;;;;;;;;;;;;;;;;;
;;;;;;;;;;;;;;;;;;;;
;;;;;;;;;;;;;;;;;;;;
;;;;;;;;;;;;;;;;;;;;
;;;;;;;;;;;;;;;;;;;;
;;;;;;;;;;;;;;;;;;;;
;;;;;;;;;;;;;;;;;;;;
;;;;;;;;;;;;;;;;;;;;
;;;;;;;;;;;;;;;;;;;;
;;;;;;;;;;;;;;;;;;;;
;;;;;;;;;;;;;;;;;;;;
;;;;;;;;;;;;;;;;;;;;
;;;;;;;;;;;;;;;;;;;;
;;;;;;;;;;;;;;;;;;;;
;;;;;;;;;;;;;;;;;;;;
;;;;;;;;;;;;;;;;;;;;
;;;;;;;;;;;;;;;;;;;;
;;;;;;;;;;;;;;;;;;;;
;;;;;;;;;;;;;;;;;;;;
;;;;;;;;;;;;;;;;;;;;
;;;;;;;;;;;;;;;;;;;;
;;;;;;;;;;;;;;;;;;;;
;;;;;;;;;;;;;;;;;;;;
;;;;;;;;;;;;;;;;;;;;
;;;;;;;;;;;;;;;;;;;;
;;;;;;;;;;;;;;;;;;;;
;;;;;;;;;;;;;;;;;;;;
;;;;;;;;;;;;;;;;;;;;
;;;;;;;;;;;;;;;;;;;;
;;;;;;;;;;;;;;;;;;;;
;;;;;;;;;;;;;;;;;;;;
;;;;;;;;;;;;;;;;;;;;
;;;;;;;;;;;;;;;;;;;;
;;;;;;;;;;;;;;;;;;;;
;;;;;;;;;;;;;;;;;;;;
;;;;;;;;;;;;;;;;;;;;
;;;;;;;;;;;;;;;;;;;;
;;;;;;;;;;;;;;;;;;;;
;;;;;;;;;;;;;;;;;;;;
;;;;;;;;;;;;;;;;;;;;
;;;;;;;;;;;;;;;;;;;;
;;;;;;;;;;;;;;;;;;;;
;;;;;;;;;;;;;;;;;;;;
;;;;;;;;;;;;;;;;;;;;
;;;;;;;;;;;;;;;;;;;;
;;;;;;;;;;;;;;;;;;;;
;;;;;;;;;;;;;;;;;;;;
;;;;;;;;;;;;;;;;;;;;
;;;;;;;;;;;;;;;;;;;;
;;;;;;;;;;;;;;;;;;;;
;;;;;;;;;;;;;;;;;;;;
;;;;;;;;;;;;;;;;;;;;
;;;;;;;;;;;;;;;;;;;;
;;;;;;;;;;;;;;;;;;;;
;;;;;;;;;;;;;;;;;;;;
;;;;;;;;;;;;;;;;;;;;
;;;;;;;;;;;;;;;;;;;;
;;;;;;;;;;;;;;;;;;;;
;;;;;;;;;;;;;;;;;;;;
;;;;;;;;;;;;;;;;;;;;
;;;;;;;;;;;;;;;;;;;;
;;;;;;;;;;;;;;;;;;;;
;;;;;;;;;;;;;;;;;;;;
;;;;;;;;;;;;;;;;;;;;
;;;;;;;;;;;;;;;;;;;;
;;;;;;;;;;;;;;;;;;;;
;;;;;;;;;;;;;;;;;;;;
;;;;;;;;;;;;;;;;;;;;
;;;;;;;;;;;;;;;;;;;;
;;;;;;;;;;;;;;;;;;;;
;;;;;;;;;;;;;;;;;;;;
;;;;;;;;;;;;;;;;;;;;
;;;;;;;;;;;;;;;;;;;;
;;;;;;;;;;;;;;;;;;;;
;;;;;;;;;;;;;;;;;;;;
;;;;;;;;;;;;;;;;;;;;
;;;;;;;;;;;;;;;;;;;;
;;;;;;;;;;;;;;;;;;;;
;;;;;;;;;;;;;;;;;;;;
;;;;;;;;;;;;;;;;;;;;
;;;;;;;;;;;;;;;;;;;;
;;;;;;;;;;;;;;;;;;;;
;;;;;;;;;;;;;;;;;;;;
;;;;;;;;;;;;;;;;;;;;
;;;;;;;;;;;;;;;;;;;;
;;;;;;;;;;;;;;;;;;;;
;;;;;;;;;;;;;;;;;;;;
;;;;;;;;;;;;;;;;;;;;
;;;;;;;;;;;;;;;;;;;;
;;;;;;;;;;;;;;;;;;;;
;;;;;;;;;;;;;;;;;;;;
;;;;;;;;;;;;;;;;;;;;
;;;;;;;;;;;;;;;;;;;;
;;;;;;;;;;;;;;;;;;;;
;;;;;;;;;;;;;;;;;;;;
;;;;;;;;;;;;;;;;;;;;
;;;;;;;;;;;;;;;;;;;;
;;;;;;;;;;;;;;;;;;;;
;;;;;;;;;;;;;;;;;;;;
;;;;;;;;;;;;;;;;;;;;
;;;;;;;;;;;;;;;;;;;;
;;;;;;;;;;;;;;;;;;;;
;;;;;;;;;;;;;;;;;;;;
;;;;;;;;;;;;;;;;;;;;
;;;;;;;;;;;;;;;;;;;;
;;;;;;;;;;;;;;;;;;;;
;;;;;;;;;;;;;;;;;;;;
;;;;;;;;;;;;;;;;;;;;
;;;;;;;;;;;;;;;;;;;;
;;;;;;;;;;;;;;;;;;;;
;;;;;;;;;;;;;;;;;;;;
;;;;;;;;;;;;;;;;;;;;
;;;;;;;;;;;;;;;;;;;;
;;;;;;;;;;;;;;;;;;;;
;;;;;;;;;;;;;;;;;;;;
;;;;;;;;;;;;;;;;;;;;
;;;;;;;;;;;;;;;;;;;;
;;;;;;;;;;;;;;;;;;;;
;;;;;;;;;;;;;;;;;;;;
;;;;;;;;;;;;;;;;;;;;
;;;;;;;;;;;;;;;;;;;;
;;;;;;;;;;;;;;;;;;;;
;;;;;;;;;;;;;;;;;;;;
;;;;;;;;;;;;;;;;;;;;
;;;;;;;;;;;;;;;;;;;;
;;;;;;;;;;;;;;;;;;;;
;;;;;;;;;;;;;;;;;;;;
;;;;;;;;;;;;;;;;;;;;
;;;;;;;;;;;;;;;;;;;;
;;;;;;;;;;;;;;;;;;;;
;;;;;;;;;;;;;;;;;;;;
;;;;;;;;;;;;;;;;;;;;
;;;;;;;;;;;;;;;;;;;;
;;;;;;;;;;;;;;;;;;;;
;;;;;;;;;;;;;;;;;;;;
;;;;;;;;;;;;;;;;;;;;
;;;;;;;;;;;;;;;;;;;;
;;;;;;;;;;;;;;;;;;;;
;;;;;;;;;;;;;;;;;;;;
;;;;;;;;;;;;;;;;;;;;
;;;;;;;;;;;;;;;;;;;;
;;;;;;;;;;;;;;;;;;;;
;;;;;;;;;;;;;;;;;;;;
;;;;;;;;;;;;;;;;;;;;
;;;;;;;;;;;;;;;;;;;;
;;;;;;;;;;;;;;;;;;;;
;;;;;;;;;;;;;;;;;;;;
;;;;;;;;;;;;;;;;;;;;
;;;;;;;;;;;;;;;;;;;;
;;;;;;;;;;;;;;;;;;;;
;;;;;;;;;;;;;;;;;;;;
;;;;;;;;;;;;;;;;;;;;
;;;;;;;;;;;;;;;;;;;;
;;;;;;;;;;;;;;;;;;;;
;;;;;;;;;;;;;;;;;;;;
;;;;;;;;;;;;;;;;;;;;
;;;;;;;;;;;;;;;;;;;;
;;;;;;;;;;;;;;;;;;;;
;;;;;;;;;;;;;;;;;;;;
;;;;;;;;;;;;;;;;;;;;
;;;;;;;;;;;;;;;;;;;;
;;;;;;;;;;;;;;;;;;;;
;;;;;;;;;;;;;;;;;;;;
;;;;;;;;;;;;;;;;;;;;
;;;;;;;;;;;;;;;;;;;;
;;;;;;;;;;;;;;;;;;;;
;;;;;;;;;;;;;;;;;;;;
;;;;;;;;;;;;;;;;;;;;
;;;;;;;;;;;;;;;;;;;;
;;;;;;;;;;;;;;;;;;;;
;;;;;;;;;;;;;;;;;;;;
;;;;;;;;;;;;;;;;;;;;
;;;;;;;;;;;;;;;;;;;;
;;;;;;;;;;;;;;;;;;;;
;;;;;;;;;;;;;;;;;;;;
;;;;;;;;;;;;;;;;;;;;
;;;;;;;;;;;;;;;;;;;;
;;;;;;;;;;;;;;;;;;;;
;;;;;;;;;;;;;;;;;;;;
;;;;;;;;;;;;;;;;;;;;
;;;;;;;;;;;;;;;;;;;;
;;;;;;;;;;;;;;;;;;;;
;;;;;;;;;;;;;;;;;;;;
;;;;;;;;;;;;;;;;;;;;
;;;;;;;;;;;;;;;;;;;;
;;;;;;;;;;;;;;;;;;;;
;;;;;;;;;;;;;;;;;;;;
;;;;;;;;;;;;;;;;;;;;
;;;;;;;;;;;;;;;;;;;;
;;;;;;;;;;;;;;;;;;;;
;;;;;;;;;;;;;;;;;;;;
;;;;;;;;;;;;;;;;;;;;
;;;;;;;;;;;;;;;;;;;;
;;;;;;;;;;;;;;;;;;;;
;;;;;;;;;;;;;;;;;;;;
;;;;;;;;;;;;;;;;;;;;
;;;;;;;;;;;;;;;;;;;;
;;;;;;;;;;;;;;;;;;;;
;;;;;;;;;;;;;;;;;;;;
;;;;;;;;;;;;;;;;;;;;
;;;;;;;;;;;;;;;;;;;;
;;;;;;;;;;;;;;;;;;;;
;;;;;;;;;;;;;;;;;;;;
;;;;;;;;;;;;;;;;;;;;
;;;;;;;;;;;;;;;;;;;;
;;;;;;;;;;;;;;;;;;;;
;;;;;;;;;;;;;;;;;;;;
;;;;;;;;;;;;;;;;;;;;
;;;;;;;;;;;;;;;;;;;;
;;;;;;;;;;;;;;;;;;;;
;;;;;;;;;;;;;;;;;;;;
;;;;;;;;;;;;;;;;;;;;
;;;;;;;;;;;;;;;;;;;;
;;;;;;;;;;;;;;;;;;;;
;;;;;;;;;;;;;;;;;;;;
;;;;;;;;;;;;;;;;;;;;
;;;;;;;;;;;;;;;;;;;;
;;;;;;;;;;;;;;;;;;;;
;;;;;;;;;;;;;;;;;;;;
;;;;;;;;;;;;;;;;;;;;
;;;;;;;;;;;;;;;;;;;;
;;;;;;;;;;;;;;;;;;;;
;;;;;;;;;;;;;;;;;;;;
;;;;;;;;;;;;;;;;;;;;
;;;;;;;;;;;;;;;;;;;;
;;;;;;;;;;;;;;;;;;;;
;;;;;;;;;;;;;;;;;;;;
;;;;;;;;;;;;;;;;;;;;
;;;;;;;;;;;;;;;;;;;;
;;;;;;;;;;;;;;;;;;;;
;;;;;;;;;;;;;;;;;;;;
;;;;;;;;;;;;;;;;;;;;
;;;;;;;;;;;;;;;;;;;;
;;;;;;;;;;;;;;;;;;;;
;;;;;;;;;;;;;;;;;;;;
;;;;;;;;;;;;;;;;;;;;
;;;;;;;;;;;;;;;;;;;;
;;;;;;;;;;;;;;;;;;;;
;;;;;;;;;;;;;;;;;;;;
;;;;;;;;;;;;;;;;;;;;
;;;;;;;;;;;;;;;;;;;;
;;;;;;;;;;;;;;;;;;;;
;;;;;;;;;;;;;;;;;;;;
;;;;;;;;;;;;;;;;;;;;
;;;;;;;;;;;;;;;;;;;;
;;;;;;;;;;;;;;;;;;;;
;;;;;;;;;;;;;;;;;;;;
;;;;;;;;;;;;;;;;;;;;
;;;;;;;;;;;;;;;;;;;;
;;;;;;;;;;;;;;;;;;;;
;;;;;;;;;;;;;;;;;;;;
;;;;;;;;;;;;;;;;;;;;
;;;;;;;;;;;;;;;;;;;;
;;;;;;;;;;;;;;;;;;;;
;;;;;;;;;;;;;;;;;;;;
;;;;;;;;;;;;;;;;;;;;
;;;;;;;;;;;;;;;;;;;;
;;;;;;;;;;;;;;;;;;;;
;;;;;;;;;;;;;;;;;;;;
;;;;;;;;;;;;;;;;;;;;
;;;;;;;;;;;;;;;;;;;;
;;;;;;;;;;;;;;;;;;;;
;;;;;;;;;;;;;;;;;;;;
;;;;;;;;;;;;;;;;;;;;
;;;;;;;;;;;;;;;;;;;;
;;;;;;;;;;;;;;;;;;;;
;;;;;;;;;;;;;;;;;;;;
;;;;;;;;;;;;;;;;;;;;
;;;;;;;;;;;;;;;;;;;;
;;;;;;;;;;;;;;;;;;;;
;;;;;;;;;;;;;;;;;;;;
;;;;;;;;;;;;;;;;;;;;
;;;;;;;;;;;;;;;;;;;;
;;;;;;;;;;;;;;;;;;;;
;;;;;;;;;;;;;;;;;;;;
;;;;;;;;;;;;;;;;;;;;
;;;;;;;;;;;;;;;;;;;;
;;;;;;;;;;;;;;;;;;;;
;;;;;;;;;;;;;;;;;;;;
;;;;;;;;;;;;;;;;;;;;
;;;;;;;;;;;;;;;;;;;;
;;;;;;;;;;;;;;;;;;;;
;;;;;;;;;;;;;;;;;;;;
;;;;;;;;;;;;;;;;;;;;
;;;;;;;;;;;;;;;;;;;;
;;;;;;;;;;;;;;;;;;;;
;;;;;;;;;;;;;;;;;;;;
;;;;;;;;;;;;;;;;;;;;
;;;;;;;;;;;;;;;;;;;;
;;;;;;;;;;;;;;;;;;;;
;;;;;;;;;;;;;;;;;;;;
;;;;;;;;;;;;;;;;;;;;
;;;;;;;;;;;;;;;;;;;;
;;;;;;;;;;;;;;;;;;;;
;;;;;;;;;;;;;;;;;;;;
;;;;;;;;;;;;;;;;;;;;
;;;;;;;;;;;;;;;;;;;;
;;;;;;;;;;;;;;;;;;;;
;;;;;;;;;;;;;;;;;;;;
;;;;;;;;;;;;;;;;;;;;
;;;;;;;;;;;;;;;;;;;;
;;;;;;;;;;;;;;;;;;;;
;;;;;;;;;;;;;;;;;;;;
;;;;;;;;;;;;;;;;;;;;
;;;;;;;;;;;;;;;;;;;;
;;;;;;;;;;;;;;;;;;;;
;;;;;;;;;;;;;;;;;;;;
;;;;;;;;;;;;;;;;;;;;
;;;;;;;;;;;;;;;;;;;;
;;;;;;;;;;;;;;;;;;;;
;;;;;;;;;;;;;;;;;;;;
;;;;;;;;;;;;;;;;;;;;
;;;;;;;;;;;;;;;;;;;;
;;;;;;;;;;;;;;;;;;;;
;;;;;;;;;;;;;;;;;;;;
;;;;;;;;;;;;;;;;;;;;
;;;;;;;;;;;;;;;;;;;;
;;;;;;;;;;;;;;;;;;;;
;;;;;;;;;;;;;;;;;;;;
;;;;;;;;;;;;;;;;;;;;
;;;;;;;;;;;;;;;;;;;;
;;;;;;;;;;;;;;;;;;;;
;;;;;;;;;;;;;;;;;;;;
;;;;;;;;;;;;;;;;;;;;
;;;;;;;;;;;;;;;;;;;;
;;;;;;;;;;;;;;;;;;;;
;;;;;;;;;;;;;;;;;;;;
;;;;;;;;;;;;;;;;;;;;
;;;;;;;;;;;;;;;;;;;;
;;;;;;;;;;;;;;;;;;;;
;;;;;;;;;;;;;;;;;;;;
;;;;;;;;;;;;;;;;;;;;
;;;;;;;;;;;;;;;;;;;;
;;;;;;;;;;;;;;;;;;;;
;;;;;;;;;;;;;;;;;;;;
;;;;;;;;;;;;;;;;;;;;
;;;;;;;;;;;;;;;;;;;;
;;;;;;;;;;;;;;;;;;;;
;;;;;;;;;;;;;;;;;;;;
;;;;;;;;;;;;;;;;;;;;
;;;;;;;;;;;;;;;;;;;;
;;;;;;;;;;;;;;;;;;;;
;;;;;;;;;;;;;;;;;;;;
;;;;;;;;;;;;;;;;;;;;
;;;;;;;;;;;;;;;;;;;;
;;;;;;;;;;;;;;;;;;;;
;;;;;;;;;;;;;;;;;;;;
;;;;;;;;;;;;;;;;;;;;
;;;;;;;;;;;;;;;;;;;;
;;;;;;;;;;;;;;;;;;;;
;;;;;;;;;;;;;;;;;;;;
;;;;;;;;;;;;;;;;;;;;
;;;;;;;;;;;;;;;;;;;;
;;;;;;;;;;;;;;;;;;;;
;;;;;;;;;;;;;;;;;;;;
;;;;;;;;;;;;;;;;;;;;
;;;;;;;;;;;;;;;;;;;;
;;;;;;;;;;;;;;;;;;;;
;;;;;;;;;;;;;;;;;;;;
;;;;;;;;;;;;;;;;;;;;
;;;;;;;;;;;;;;;;;;;;
;;;;;;;;;;;;;;;;;;;;
;;;;;;;;;;;;;;;;;;;;
;;;;;;;;;;;;;;;;;;;;
;;;;;;;;;;;;;;;;;;;;
;;;;;;;;;;;;;;;;;;;;
;;;;;;;;;;;;;;;;;;;;
;;;;;;;;;;;;;;;;;;;;
;;;;;;;;;;;;;;;;;;;;
;;;;;;;;;;;;;;;;;;;;
;;;;;;;;;;;;;;;;;;;;
;;;;;;;;;;;;;;;;;;;;
;;;;;;;;;;;;;;;;;;;;
;;;;;;;;;;;;;;;;;;;;
;;;;;;;;;;;;;;;;;;;;
;;;;;;;;;;;;;;;;;;;;
;;;;;;;;;;;;;;;;;;;;
;;;;;;;;;;;;;;;;;;;;
;;;;;;;;;;;;;;;;;;;;
;;;;;;;;;;;;;;;;;;;;
;;;;;;;;;;;;;;;;;;;;
;;;;;;;;;;;;;;;;;;;;
;;;;;;;;;;;;;;;;;;;;
;;;;;;;;;;;;;;;;;;;;
;;;;;;;;;;;;;;;;;;;;
;;;;;;;;;;;;;;;;;;;;
;;;;;;;;;;;;;;;;;;;;
;;;;;;;;;;;;;;;;;;;;
;;;;;;;;;;;;;;;;;;;;
;;;;;;;;;;;;;;;;;;;;
;;;;;;;;;;;;;;;;;;;;
;;;;;;;;;;;;;;;;;;;;
;;;;;;;;;;;;;;;;;;;;
;;;;;;;;;;;;;;;;;;;;
;;;;;;;;;;;;;;;;;;;;
;;;;;;;;;;;;;;;;;;;;
;;;;;;;;;;;;;;;;;;;;
;;;;;;;;;;;;;;;;;;;;
;;;;;;;;;;;;;;;;;;;;
;;;;;;;;;;;;;;;;;;;;
;;;;;;;;;;;;;;;;;;;;
;;;;;;;;;;;;;;;;;;;;
;;;;;;;;;;;;;;;;;;;;
;;;;;;;;;;;;;;;;;;;;
;;;;;;;;;;;;;;;;;;;;
;;;;;;;;;;;;;;;;;;;;
;;;;;;;;;;;;;;;;;;;;
;;;;;;;;;;;;;;;;;;;;
;;;;;;;;;;;;;;;;;;;;
;;;;;;;;;;;;;;;;;;;;
;;;;;;;;;;;;;;;;;;;;
;;;;;;;;;;;;;;;;;;;;
;;;;;;;;;;;;;;;;;;;;
;;;;;;;;;;;;;;;;;;;;
;;;;;;;;;;;;;;;;;;;;
;;;;;;;;;;;;;;;;;;;;
;;;;;;;;;;;;;;;;;;;;
;;;;;;;;;;;;;;;;;;;;
;;;;;;;;;;;;;;;;;;;;
;;;;;;;;;;;;;;;;;;;;
;;;;;;;;;;;;;;;;;;;;
;;;;;;;;;;;;;;;;;;;;
;;;;;;;;;;;;;;;;;;;;
;;;;;;;;;;;;;;;;;;;;
;;;;;;;;;;;;;;;;;;;;
;;;;;;;;;;;;;;;;;;;;
;;;;;;;;;;;;;;;;;;;;
;;;;;;;;;;;;;;;;;;;;
;;;;;;;;;;;;;;;;;;;;
;;;;;;;;;;;;;;;;;;;;
;;;;;;;;;;;;;;;;;;;;
;;;;;;;;;;;;;;;;;;;;
;;;;;;;;;;;;;;;;;;;;
;;;;;;;;;;;;;;;;;;;;
;;;;;;;;;;;;;;;;;;;;
;;;;;;;;;;;;;;;;;;;;
;;;;;;;;;;;;;;;;;;;;
;;;;;;;;;;;;;;;;;;;;
;;;;;;;;;;;;;;;;;;;;
;;;;;;;;;;;;;;;;;;;;
;;;;;;;;;;;;;;;;;;;;
;;;;;;;;;;;;;;;;;;;;
;;;;;;;;;;;;;;;;;;;;
;;;;;;;;;;;;;;;;;;;;
;;;;;;;;;;;;;;;;;;;;
;;;;;;;;;;;;;;;;;;;;
;;;;;;;;;;;;;;;;;;;;
;;;;;;;;;;;;;;;;;;;;
;;;;;;;;;;;;;;;;;;;;
;;;;;;;;;;;;;;;;;;;;
;;;;;;;;;;;;;;;;;;;;
;;;;;;;;;;;;;;;;;;;;
;;;;;;;;;;;;;;;;;;;;
;;;;;;;;;;;;;;;;;;;;
;;;;;;;;;;;;;;;;;;;;
;;;;;;;;;;;;;;;;;;;;
;;;;;;;;;;;;;;;;;;;;
;;;;;;;;;;;;;;;;;;;;
;;;;;;;;;;;;;;;;;;;;
;;;;;;;;;;;;;;;;;;;;
;;;;;;;;;;;;;;;;;;;;
;;;;;;;;;;;;;;;;;;;;
;;;;;;;;;;;;;;;;;;;;
;;;;;;;;;;;;;;;;;;;;
;;;;;;;;;;;;;;;;;;;;
;;;;;;;;;;;;;;;;;;;;
;;;;;;;;;;;;;;;;;;;;
;;;;;;;;;;;;;;;;;;;;
;;;;;;;;;;;;;;;;;;;;
;;;;;;;;;;;;;;;;;;;;
;;;;;;;;;;;;;;;;;;;;
;;;;;;;;;;;;;;;;;;;;
;;;;;;;;;;;;;;;;;;;;
;;;;;;;;;;;;;;;;;;;;
;;;;;;;;;;;;;;;;;;;;
;;;;;;;;;;;;;;;;;;;;
;;;;;;;;;;;;;;;;;;;;
;;;;;;;;;;;;;;;;;;;;
;;;;;;;;;;;;;;;;;;;;
;;;;;;;;;;;;;;;;;;;;
;;;;;;;;;;;;;;;;;;;;
;;;;;;;;;;;;;;;;;;;;
;;;;;;;;;;;;;;;;;;;;
;;;;;;;;;;;;;;;;;;;;
;;;;;;;;;;;;;;;;;;;;
;;;;;;;;;;;;;;;;;;;;
;;;;;;;;;;;;;;;;;;;;
;;;;;;;;;;;;;;;;;;;;
;;;;;;;;;;;;;;;;;;;;
;;;;;;;;;;;;;;;;;;;;
;;;;;;;;;;;;;;;;;;;;
;;;;;;;;;;;;;;;;;;;;
;;;;;;;;;;;;;;;;;;;;
;;;;;;;;;;;;;;;;;;;;
;;;;;;;;;;;;;;;;;;;;
;;;;;;;;;;;;;;;;;;;;
;;;;;;;;;;;;;;;;;;;;
;;;;;;;;;;;;;;;;;;;;
;;;;;;;;;;;;;;;;;;;;
;;;;;;;;;;;;;;;;;;;;
;;;;;;;;;;;;;;;;;;;;
;;;;;;;;;;;;;;;;;;;;
;;;;;;;;;;;;;;;;;;;;
;;;;;;;;;;;;;;;;;;;;
;;;;;;;;;;;;;;;;;;;;
;;;;;;;;;;;;;;;;;;;;
;;;;;;;;;;;;;;;;;;;;
;;;;;;;;;;;;;;;;;;;;
;;;;;;;;;;;;;;;;;;;;
;;;;;;;;;;;;;;;;;;;;
;;;;;;;;;;;;;;;;;;;;
;;;;;;;;;;;;;;;;;;;;
;;;;;;;;;;;;;;;;;;;;
;;;;;;;;;;;;;;;;;;;;
;;;;;;;;;;;;;;;;;;;;
;;;;;;;;;;;;;;;;;;;;
;;;;;;;;;;;;;;;;;;;;
;;;;;;;;;;;;;;;;;;;;
;;;;;;;;;;;;;;;;;;;;
;;;;;;;;;;;;;;;;;;;;
;;;;;;;;;;;;;;;;;;;;
;;;;;;;;;;;;;;;;;;;;
;;;;;;;;;;;;;;;;;;;;
;;;;;;;;;;;;;;;;;;;;
;;;;;;;;;;;;;;;;;;;;
;;;;;;;;;;;;;;;;;;;;
;;;;;;;;;;;;;;;;;;;;
;;;;;;;;;;;;;;;;;;;;
;;;;;;;;;;;;;;;;;;;;
;;;;;;;;;;;;;;;;;;;;
;;;;;;;;;;;;;;;;;;;;
;;;;;;;;;;;;;;;;;;;;
;;;;;;;;;;;;;;;;;;;;
;;;;;;;;;;;;;;;;;;;;
;;;;;;;;;;;;;;;;;;;;
;;;;;;;;;;;;;;;;;;;;
;;;;;;;;;;;;;;;;;;;;
;;;;;;;;;;;;;;;;;;;;
;;;;;;;;;;;;;;;;;;;;
;;;;;;;;;;;;;;;;;;;;
;;;;;;;;;;;;;;;;;;;;
;;;;;;;;;;;;;;;;;;;;
;;;;;;;;;;;;;;;;;;;;
;;;;;;;;;;;;;;;;;;;;
;;;;;;;;;;;;;;;;;;;;
;;;;;;;;;;;;;;;;;;;;
;;;;;;;;;;;;;;;;;;;;
;;;;;;;;;;;;;;;;;;;;
;;;;;;;;;;;;;;;;;;;;
;;;;;;;;;;;;;;;;;;;;
;;;;;;;;;;;;;;;;;;;;
;;;;;;;;;;;;;;;;;;;;
;;;;;;;;;;;;;;;;;;;;
;;;;;;;;;;;;;;;;;;;;
;;;;;;;;;;;;;;;;;;;;
;;;;;;;;;;;;;;;;;;;;
;;;;;;;;;;;;;;;;;;;;
;;;;;;;;;;;;;;;;;;;;
;;;;;;;;;;;;;;;;;;;;
;;;;;;;;;;;;;;;;;;;;
;;;;;;;;;;;;;;;;;;;;
;;;;;;;;;;;;;;;;;;;;
;;;;;;;;;;;;;;;;;;;;
;;;;;;;;;;;;;;;;;;;;
;;;;;;;;;;;;;;;;;;;;
;;;;;;;;;;;;;;;;;;;;
;;;;;;;;;;;;;;;;;;;;
;;;;;;;;;;;;;;;;;;;;
;;;;;;;;;;;;;;;;;;;;
;;;;;;;;;;;;;;;;;;;;
;;;;;;;;;;;;;;;;;;;;
;;;;;;;;;;;;;;;;;;;;
;;;;;;;;;;;;;;;;;;;;
;;;;;;;;;;;;;;;;;;;;
;;;;;;;;;;;;;;;;;;;;
;;;;;;;;;;;;;;;;;;;;
;;;;;;;;;;;;;;;;;;;;
;;;;;;;;;;;;;;;;;;;;
;;;;;;;;;;;;;;;;;;;;
;;;;;;;;;;;;;;;;;;;;
;;;;;;;;;;;;;;;;;;;;
;;;;;;;;;;;;;;;;;;;;
;;;;;;;;;;;;;;;;;;;;
;;;;;;;;;;;;;;;;;;;;
;;;;;;;;;;;;;;;;;;;;
;;;;;;;;;;;;;;;;;;;;
;;;;;;;;;;;;;;;;;;;;
;;;;;;;;;;;;;;;;;;;;
;;;;;;;;;;;;;;;;;;;;
;;;;;;;;;;;;;;;;;;;;
;;;;;;;;;;;;;;;;;;;;
;;;;;;;;;;;;;;;;;;;;
;;;;;;;;;;;;;;;;;;;;
;;;;;;;;;;;;;;;;;;;;
;;;;;;;;;;;;;;;;;;;;
;;;;;;;;;;;;;;;;;;;;
;;;;;;;;;;;;;;;;;;;;
;;;;;;;;;;;;;;;;;;;;
;;;;;;;;;;;;;;;;;;;;
;;;;;;;;;;;;;;;;;;;;
;;;;;;;;;;;;;;;;;;;;
;;;;;;;;;;;;;;;;;;;;
;;;;;;;;;;;;;;;;;;;;
;;;;;;;;;;;;;;;;;;;;
;;;;;;;;;;;;;;;;;;;;
;;;;;;;;;;;;;;;;;;;;
;;;;;;;;;;;;;;;;;;;;
;;;;;;;;;;;;;;;;;;;;
;;;;;;;;;;;;;;;;;;;;
;;;;;;;;;;;;;;;;;;;;
;;;;;;;;;;;;;;;;;;;;
;;;;;;;;;;;;;;;;;;;;
;;;;;;;;;;;;;;;;;;;;
;;;;;;;;;;;;;;;;;;;;
;;;;;;;;;;;;;;;;;;;;
;;;;;;;;;;;;;;;;;;;;
;;;;;;;;;;;;;;;;;;;;
;;;;;;;;;;;;;;;;;;;;
;;;;;;;;;;;;;;;;;;;;
;;;;;;;;;;;;;;;;;;;;
;;;;;;;;;;;;;;;;;;;;
;;;;;;;;;;;;;;;;;;;;
;;;;;;;;;;;;;;;;;;;;
;;;;;;;;;;;;;;;;;;;;
;;;;;;;;;;;;;;;;;;;;
;;;;;;;;;;;;;;;;;;;;
;;;;;;;;;;;;;;;;;;;;
;;;;;;;;;;;;;;;;;;;;
;;;;;;;;;;;;;;;;;;;;
;;;;;;;;;;;;;;;;;;;;
;;;;;;;;;;;;;;;;;;;;
;;;;;;;;;;;;;;;;;;;;
;;;;;;;;;;;;;;;;;;;;
;;;;;;;;;;;;;;;;;;;;
;;;;;;;;;;;;;;;;;;;;
;;;;;;;;;;;;;;;;;;;;
;;;;;;;;;;;;;;;;;;;;
;;;;;;;;;;;;;;;;;;;;
;;;;;;;;;;;;;;;;;;;;
;;;;;;;;;;;;;;;;;;;;
;;;;;;;;;;;;;;;;;;;;
;;;;;;;;;;;;;;;;;;;;
;;;;;;;;;;;;;;;;;;;;
;;;;;;;;;;;;;;;;;;;;
;;;;;;;;;;;;;;;;;;;;
;;;;;;;;;;;;;;;;;;;;
;;;;;;;;;;;;;;;;;;;;
;;;;;;;;;;;;;;;;;;;;
;;;;;;;;;;;;;;;;;;;;
;;;;;;;;;;;;;;;;;;;;
;;;;;;;;;;;;;;;;;;;;
;;;;;;;;;;;;;;;;;;;;
;;;;;;;;;;;;;;;;;;;;
;;;;;;;;;;;;;;;;;;;;
;;;;;;;;;;;;;;;;;;;;
;;;;;;;;;;;;;;;;;;;;
;;;;;;;;;;;;;;;;;;;;
;;;;;;;;;;;;;;;;;;;;
;;;;;;;;;;;;;;;;;;;;
;;;;;;;;;;;;;;;;;;;;
;;;;;;;;;;;;;;;;;;;;
;;;;;;;;;;;;;;;;;;;;
;;;;;;;;;;;;;;;;;;;;
;;;;;;;;;;;;;;;;;;;;
;;;;;;;;;;;;;;;;;;;;
;;;;;;;;;;;;;;;;;;;;
;;;;;;;;;;;;;;;;;;;;
;;;;;;;;;;;;;;;;;;;;
;;;;;;;;;;;;;;;;;;;;
;;;;;;;;;;;;;;;;;;;;
;;;;;;;;;;;;;;;;;;;;
;;;;;;;;;;;;;;;;;;;;
;;;;;;;;;;;;;;;;;;;;
;;;;;;;;;;;;;;;;;;;;
;;;;;;;;;;;;;;;;;;;;
;;;;;;;;;;;;;;;;;;;;
;;;;;;;;;;;;;;;;;;;;
;;;;;;;;;;;;;;;;;;;;
;;;;;;;;;;;;;;;;;;;;
;;;;;;;;;;;;;;;;;;;;
;;;;;;;;;;;;;;;;;;;;
;;;;;;;;;;;;;;;;;;;;
;;;;;;;;;;;;;;;;;;;;
;;;;;;;;;;;;;;;;;;;;
;;;;;;;;;;;;;;;;;;;;
;;;;;;;;;;;;;;;;;;;;
;;;;;;;;;;;;;;;;;;;;
;;;;;;;;;;;;;;;;;;;;
;;;;;;;;;;;;;;;;;;;;
;;;;;;;;;;;;;;;;;;;;
;;;;;;;;;;;;;;;;;;;;
;;;;;;;;;;;;;;;;;;;;
;;;;;;;;;;;;;;;;;;;;
;;;;;;;;;;;;;;;;;;;;
;;;;;;;;;;;;;;;;;;;;
;;;;;;;;;;;;;;;;;;;;
;;;;;;;;;;;;;;;;;;;;
;;;;;;;;;;;;;;;;;;;;
;;;;;;;;;;;;;;;;;;;;
;;;;;;;;;;;;;;;;;;;;
;;;;;;;;;;;;;;;;;;;;
;;;;;;;;;;;;;;;;;;;;
;;;;;;;;;;;;;;;;;;;;
;;;;;;;;;;;;;;;;;;;;
;;;;;;;;;;;;;;;;;;;;
;;;;;;;;;;;;;;;;;;;;
;;;;;;;;;;;;;;;;;;;;
;;;;;;;;;;;;;;;;;;;;
;;;;;;;;;;;;;;;;;;;;
;;;;;;;;;;;;;;;;;;;;
;;;;;;;;;;;;;;;;;;;;
;;;;;;;;;;;;;;;;;;;;
;;;;;;;;;;;;;;;;;;;;
;;;;;;;;;;;;;;;;;;;;
;;;;;;;;;;;;;;;;;;;;
;;;;;;;;;;;;;;;;;;;;
;;;;;;;;;;;;;;;;;;;;
;;;;;;;;;;;;;;;;;;;;
;;;;;;;;;;;;;;;;;;;;
;;;;;;;;;;;;;;;;;;;;
;;;;;;;;;;;;;;;;;;;;
;;;;;;;;;;;;;;;;;;;;
;;;;;;;;;;;;;;;;;;;;
;;;;;;;;;;;;;;;;;;;;
;;;;;;;;;;;;;;;;;;;;
;;;;;;;;;;;;;;;;;;;;
;;;;;;;;;;;;;;;;;;;;
;;;;;;;;;;;;;;;;;;;;
;;;;;;;;;;;;;;;;;;;;
;;;;;;;;;;;;;;;;;;;;
;;;;;;;;;;;;;;;;;;;;
;;;;;;;;;;;;;;;;;;;;
;;;;;;;;;;;;;;;;;;;;
;;;;;;;;;;;;;;;;;;;;
;;;;;;;;;;;;;;;;;;;;
;;;;;;;;;;;;;;;;;;;;
;;;;;;;;;;;;;;;;;;;;
;;;;;;;;;;;;;;;;;;;;
;;;;;;;;;;;;;;;;;;;;
;;;;;;;;;;;;;;;;;;;;
;;;;;;;;;;;;;;;;;;;;
;;;;;;;;;;;;;;;;;;;;
;;;;;;;;;;;;;;;;;;;;
;;;;;;;;;;;;;;;;;;;;
;;;;;;;;;;;;;;;;;;;;
;;;;;;;;;;;;;;;;;;;;
;;;;;;;;;;;;;;;;;;;;
;;;;;;;;;;;;;;;;;;;;
;;;;;;;;;;;;;;;;;;;;
;;;;;;;;;;;;;;;;;;;;
;;;;;;;;;;;;;;;;;;;;
;;;;;;;;;;;;;;;;;;;;
;;;;;;;;;;;;;;;;;;;;
;;;;;;;;;;;;;;;;;;;;
;;;;;;;;;;;;;;;;;;;;
;;;;;;;;;;;;;;;;;;;;
;;;;;;;;;;;;;;;;;;;;
;;;;;;;;;;;;;;;;;;;;
;;;;;;;;;;;;;;;;;;;;
;;;;;;;;;;;;;;;;;;;;
;;;;;;;;;;;;;;;;;;;;
;;;;;;;;;;;;;;;;;;;;
;;;;;;;;;;;;;;;;;;;;
;;;;;;;;;;;;;;;;;;;;
;;;;;;;;;;;;;;;;;;;;
;;;;;;;;;;;;;;;;;;;;
;;;;;;;;;;;;;;;;;;;;
;;;;;;;;;;;;;;;;;;;;
;;;;;;;;;;;;;;;;;;;;
;;;;;;;;;;;;;;;;;;;;
;;;;;;;;;;;;;;;;;;;;
;;;;;;;;;;;;;;;;;;;;
;;;;;;;;;;;;;;;;;;;;
;;;;;;;;;;;;;;;;;;;;
;;;;;;;;;;;;;;;;;;;;
;;;;;;;;;;;;;;;;;;;;
;;;;;;;;;;;;;;;;;;;;
;;;;;;;;;;;;;;;;;;;;
;;;;;;;;;;;;;;;;;;;;
;;;;;;;;;;;;;;;;;;;;
;;;;;;;;;;;;;;;;;;;;
;;;;;;;;;;;;;;;;;;;;
;;;;;;;;;;;;;;;;;;;;
;;;;;;;;;;;;;;;;;;;;
;;;;;;;;;;;;;;;;;;;;
;;;;;;;;;;;;;;;;;;;;
;;;;;;;;;;;;;;;;;;;;
;;;;;;;;;;;;;;;;;;;;
;;;;;;;;;;;;;;;;;;;;
;;;;;;;;;;;;;;;;;;;;
;;;;;;;;;;;;;;;;;;;;
;;;;;;;;;;;;;;;;;;;;
;;;;;;;;;;;;;;;;;;;;
;;;;;;;;;;;;;;;;;;;;
;;;;;;;;;;;;;;;;;;;;
;;;;;;;;;;;;;;;;;;;;
;;;;;;;;;;;;;;;;;;;;
;;;;;;;;;;;;;;;;;;;;
;;;;;;;;;;;;;;;;;;;;
;;;;;;;;;;;;;;;;;;;;
;;;;;;;;;;;;;;;;;;;;
;;;;;;;;;;;;;;;;;;;;
;;;;;;;;;;;;;;;;;;;;
;;;;;;;;;;;;;;;;;;;;
;;;;;;;;;;;;;;;;;;;;
;;;;;;;;;;;;;;;;;;;;
;;;;;;;;;;;;;;;;;;;;
;;;;;;;;;;;;;;;;;;;;
;;;;;;;;;;;;;;;;;;;;
;;;;;;;;;;;;;;;;;;;;
;;;;;;;;;;;;;;;;;;;;
;;;;;;;;;;;;;;;;;;;;
;;;;;;;;;;;;;;;;;;;;
;;;;;;;;;;;;;;;;;;;;
;;;;;;;;;;;;;;;;;;;;
;;;;;;;;;;;;;;;;;;;;
;;;;;;;;;;;;;;;;;;;;
;;;;;;;;;;;;;;;;;;;;
;;;;;;;;;;;;;;;;;;;;
;;;;;;;;;;;;;;;;;;;;
;;;;;;;;;;;;;;;;;;;;
;;;;;;;;;;;;;;;;;;;;
;;;;;;;;;;;;;;;;;;;;
;;;;;;;;;;;;;;;;;;;;
;;;;;;;;;;;;;;;;;;;;
;;;;;;;;;;;;;;;;;;;;
;;;;;;;;;;;;;;;;;;;;
;;;;;;;;;;;;;;;;;;;;
;;;;;;;;;;;;;;;;;;;;
;;;;;;;;;;;;;;;;;;;;
;;;;;;;;;;;;;;;;;;;;
;;;;;;;;;;;;;;;;;;;;
;;;;;;;;;;;;;;;;;;;;
;;;;;;;;;;;;;;;;;;;;
;;;;;;;;;;;;;;;;;;;;
;;;;;;;;;;;;;;;;;;;;
;;;;;;;;;;;;;;;;;;;;
;;;;;;;;;;;;;;;;;;;;
;;;;;;;;;;;;;;;;;;;;
;;;;;;;;;;;;;;;;;;;;
;;;;;;;;;;;;;;;;;;;;
;;;;;;;;;;;;;;;;;;;;
;;;;;;;;;;;;;;;;;;;;
;;;;;;;;;;;;;;;;;;;;
;;;;;;;;;;;;;;;;;;;;
;;;;;;;;;;;;;;;;;;;;
;;;;;;;;;;;;;;;;;;;;
;;;;;;;;;;;;;;;;;;;;
;;;;;;;;;;;;;;;;;;;;
;;;;;;;;;;;;;;;;;;;;
;;;;;;;;;;;;;;;;;;;;
;;;;;;;;;;;;;;;;;;;;
;;;;;;;;;;;;;;;;;;;;
;;;;;;;;;;;;;;;;;;;;
;;;;;;;;;;;;;;;;;;;;
;;;;;;;;;;;;;;;;;;;;
;;;;;;;;;;;;;;;;;;;;
;;;;;;;;;;;;;;;;;;;;
;;;;;;;;;;;;;;;;;;;;
;;;;;;;;;;;;;;;;;;;;
;;;;;;;;;;;;;;;;;;;;
;;;;;;;;;;;;;;;;;;;;
;;;;;;;;;;;;;;;;;;;;
;;;;;;;;;;;;;;;;;;;;
;;;;;;;;;;;;;;;;;;;;
;;;;;;;;;;;;;;;;;;;;
;;;;;;;;;;;;;;;;;;;;
;;;;;;;;;;;;;;;;;;;;
;;;;;;;;;;;;;;;;;;;;
;;;;;;;;;;;;;;;;;;;;
;;;;;;;;;;;;;;;;;;;;
;;;;;;;;;;;;;;;;;;;;
;;;;;;;;;;;;;;;;;;;;
;;;;;;;;;;;;;;;;;;;;
;;;;;;;;;;;;;;;;;;;;
;;;;;;;;;;;;;;;;;;;;
;;;;;;;;;;;;;;;;;;;;
;;;;;;;;;;;;;;;;;;;;
;;;;;;;;;;;;;;;;;;;;
;;;;;;;;;;;;;;;;;;;;
;;;;;;;;;;;;;;;;;;;;
;;;;;;;;;;;;;;;;;;;;
;;;;;;;;;;;;;;;;;;;;
;;;;;;;;;;;;;;;;;;;;
;;;;;;;;;;;;;;;;;;;;
;;;;;;;;;;;;;;;;;;;;
;;;;;;;;;;;;;;;;;;;;
;;;;;;;;;;;;;;;;;;;;
;;;;;;;;;;;;;;;;;;;;
;;;;;;;;;;;;;;;;;;;;
;;;;;;;;;;;;;;;;;;;;
;;;;;;;;;;;;;;;;;;;;
;;;;;;;;;;;;;;;;;;;;
;;;;;;;;;;;;;;;;;;;;
;;;;;;;;;;;;;;;;;;;;
;;;;;;;;;;;;;;;;;;;;
;;;;;;;;;;;;;;;;;;;;
;;;;;;;;;;;;;;;;;;;;
;;;;;;;;;;;;;;;;;;;;
;;;;;;;;;;;;;;;;;;;;
;;;;;;;;;;;;;;;;;;;;
;;;;;;;;;;;;;;;;;;;;
;;;;;;;;;;;;;;;;;;;;
;;;;;;;;;;;;;;;;;;;;
;;;;;;;;;;;;;;;;;;;;
;;;;;;;;;;;;;;;;;;;;
;;;;;;;;;;;;;;;;;;;;
;;;;;;;;;;;;;;;;;;;;
;;;;;;;;;;;;;;;;;;;;
;;;;;;;;;;;;;;;;;;;;
;;;;;;;;;;;;;;;;;;;;
;;;;;;;;;;;;;;;;;;;;
;;;;;;;;;;;;;;;;;;;;
;;;;;;;;;;;;;;;;;;;;
;;;;;;;;;;;;;;;;;;;;
;;;;;;;;;;;;;;;;;;;;
;;;;;;;;;;;;;;;;;;;;
;;;;;;;;;;;;;;;;;;;;
;;;;;;;;;;;;;;;;;;;;
;;;;;;;;;;;;;;;;;;;;
;;;;;;;;;;;;;;;;;;;;
;;;;;;;;;;;;;;;;;;;;
;;;;;;;;;;;;;;;;;;;;
;;;;;;;;;;;;;;;;;;;;
;;;;;;;;;;;;;;;;;;;;
;;;;;;;;;;;;;;;;;;;;
;;;;;;;;;;;;;;;;;;;;
;;;;;;;;;;;;;;;;;;;;
;;;;;;;;;;;;;;;;;;;;
;;;;;;;;;;;;;;;;;;;;
;;;;;;;;;;;;;;;;;;;;
;;;;;;;;;;;;;;;;;;;;
;;;;;;;;;;;;;;;;;;;;
;;;;;;;;;;;;;;;;;;;;
;;;;;;;;;;;;;;;;;;;;
;;;;;;;;;;;;;;;;;;;;
;;;;;;;;;;;;;;;;;;;;
;;;;;;;;;;;;;;;;;;;;
;;;;;;;;;;;;;;;;;;;;
;;;;;;;;;;;;;;;;;;;;
;;;;;;;;;;;;;;;;;;;;
;;;;;;;;;;;;;;;;;;;;
;;;;;;;;;;;;;;;;;;;;
;;;;;;;;;;;;;;;;;;;;
;;;;;;;;;;;;;;;;;;;;
;;;;;;;;;;;;;;;;;;;;
;;;;;;;;;;;;;;;;;;;;
;;;;;;;;;;;;;;;;;;;;
;;;;;;;;;;;;;;;;;;;;
;;;;;;;;;;;;;;;;;;;;
;;;;;;;;;;;;;;;;;;;;
;;;;;;;;;;;;;;;;;;;;
;;;;;;;;;;;;;;;;;;;;
;;;;;;;;;;;;;;;;;;;;
;;;;;;;;;;;;;;;;;;;;
;;;;;;;;;;;;;;;;;;;;
;;;;;;;;;;;;;;;;;;;;
;;;;;;;;;;;;;;;;;;;;
;;;;;;;;;;;;;;;;;;;;
;;;;;;;;;;;;;;;;;;;;
;;;;;;;;;;;;;;;;;;;;
;;;;;;;;;;;;;;;;;;;;
;;;;;;;;;;;;;;;;;;;;
;;;;;;;;;;;;;;;;;;;;
;;;;;;;;;;;;;;;;;;;;
;;;;;;;;;;;;;;;;;;;;
;;;;;;;;;;;;;;;;;;;;
;;;;;;;;;;;;;;;;;;;;
;;;;;;;;;;;;;;;;;;;;
;;;;;;;;;;;;;;;;;;;;
;;;;;;;;;;;;;;;;;;;;
;;;;;;;;;;;;;;;;;;;;
;;;;;;;;;;;;;;;;;;;;
;;;;;;;;;;;;;;;;;;;;
;;;;;;;;;;;;;;;;;;;;
;;;;;;;;;;;;;;;;;;;;
;;;;;;;;;;;;;;;;;;;;
;;;;;;;;;;;;;;;;;;;;
;;;;;;;;;;;;;;;;;;;;
;;;;;;;;;;;;;;;;;;;;
;;;;;;;;;;;;;;;;;;;;
;;;;;;;;;;;;;;;;;;;;
;;;;;;;;;;;;;;;;;;;;
;;;;;;;;;;;;;;;;;;;;
;;;;;;;;;;;;;;;;;;;;
;;;;;;;;;;;;;;;;;;;;
;;;;;;;;;;;;;;;;;;;;
;;;;;;;;;;;;;;;;;;;;
;;;;;;;;;;;;;;;;;;;;
;;;;;;;;;;;;;;;;;;;;
;;;;;;;;;;;;;;;;;;;;
;;;;;;;;;;;;;;;;;;;;
;;;;;;;;;;;;;;;;;;;;
;;;;;;;;;;;;;;;;;;;;
;;;;;;;;;;;;;;;;;;;;
;;;;;;;;;;;;;;;;;;;;
;;;;;;;;;;;;;;;;;;;;
;;;;;;;;;;;;;;;;;;;;
;;;;;;;;;;;;;;;;;;;;
;;;;;;;;;;;;;;;;;;;;
;;;;;;;;;;;;;;;;;;;;
;;;;;;;;;;;;;;;;;;;;
;;;;;;;;;;;;;;;;;;;;
;;;;;;;;;;;;;;;;;;;;
;;;;;;;;;;;;;;;;;;;;
;;;;;;;;;;;;;;;;;;;;
;;;;;;;;;;;;;;;;;;;;
;;;;;;;;;;;;;;;;;;;;
;;;;;;;;;;;;;;;;;;;;
;;;;;;;;;;;;;;;;;;;;
;;;;;;;;;;;;;;;;;;;;
;;;;;;;;;;;;;;;;;;;;
;;;;;;;;;;;;;;;;;;;;
;;;;;;;;;;;;;;;;;;;;
;;;;;;;;;;;;;;;;;;;;
;;;;;;;;;;;;;;;;;;;;
;;;;;;;;;;;;;;;;;;;;
;;;;;;;;;;;;;;;;;;;;
;;;;;;;;;;;;;;;;;;;;
;;;;;;;;;;;;;;;;;;;;
;;;;;;;;;;;;;;;;;;;;
;;;;;;;;;;;;;;;;;;;;
;;;;;;;;;;;;;;;;;;;;
;;;;;;;;;;;;;;;;;;;;
;;;;;;;;;;;;;;;;;;;;
;;;;;;;;;;;;;;;;;;;;
;;;;;;;;;;;;;;;;;;;;
;;;;;;;;;;;;;;;;;;;;
;;;;;;;;;;;;;;;;;;;;
;;;;;;;;;;;;;;;;;;;;
;;;;;;;;;;;;;;;;;;;;
;;;;;;;;;;;;;;;;;;;;
;;;;;;;;;;;;;;;;;;;;
;;;;;;;;;;;;;;;;;;;;
;;;;;;;;;;;;;;;;;;;;
;;;;;;;;;;;;;;;;;;;;
;;;;;;;;;;;;;;;;;;;;
;;;;;;;;;;;;;;;;;;;;
;;;;;;;;;;;;;;;;;;;;
;;;;;;;;;;;;;;;;;;;;
;;;;;;;;;;;;;;;;;;;;
;;;;;;;;;;;;;;;;;;;;
;;;;;;;;;;;;;;;;;;;;
;;;;;;;;;;;;;;;;;;;;
;;;;;;;;;;;;;;;;;;;;
;;;;;;;;;;;;;;;;;;;;
;;;;;;;;;;;;;;;;;;;;
;;;;;;;;;;;;;;;;;;;;
;;;;;;;;;;;;;;;;;;;;
;;;;;;;;;;;;;;;;;;;;
;;;;;;;;;;;;;;;;;;;;
;;;;;;;;;;;;;;;;;;;;
;;;;;;;;;;;;;;;;;;;;
;;;;;;;;;;;;;;;;;;;;
;;;;;;;;;;;;;;;;;;;;
;;;;;;;;;;;;;;;;;;;;
;;;;;;;;;;;;;;;;;;;;
;;;;;;;;;;;;;;;;;;;;
;;;;;;;;;;;;;;;;;;;;
;;;;;;;;;;;;;;;;;;;;
;;;;;;;;;;;;;;;;;;;;
;;;;;;;;;;;;;;;;;;;;
;;;;;;;;;;;;;;;;;;;;
;;;;;;;;;;;;;;;;;;;;
;;;;;;;;;;;;;;;;;;;;
;;;;;;;;;;;;;;;;;;;;
;;;;;;;;;;;;;;;;;;;;
;;;;;;;;;;;;;;;;;;;;
;;;;;;;;;;;;;;;;;;;;
;;;;;;;;;;;;;;;;;;;;
;;;;;;;;;;;;;;;;;;;;
;;;;;;;;;;;;;;;;;;;;
;;;;;;;;;;;;;;;;;;;;
;;;;;;;;;;;;;;;;;;;;
;;;;;;;;;;;;;;;;;;;;
;;;;;;;;;;;;;;;;;;;;
;;;;;;;;;;;;;;;;;;;;
;;;;;;;;;;;;;;;;;;;;
;;;;;;;;;;;;;;;;;;;;
;;;;;;;;;;;;;;;;;;;;
;;;;;;;;;;;;;;;;;;;;
;;;;;;;;;;;;;;;;;;;;
;;;;;;;;;;;;;;;;;;;;
;;;;;;;;;;;;;;;;;;;;
;;;;;;;;;;;;;;;;;;;;
;;;;;;;;;;;;;;;;;;;;
;;;;;;;;;;;;;;;;;;;;
;;;;;;;;;;;;;;;;;;;;
;;;;;;;;;;;;;;;;;;;;
;;;;;;;;;;;;;;;;;;;;
;;;;;;;;;;;;;;;;;;;;
;;;;;;;;;;;;;;;;;;;;
;;;;;;;;;;;;;;;;;;;;
;;;;;;;;;;;;;;;;;;;;
;;;;;;;;;;;;;;;;;;;;
;;;;;;;;;;;;;;;;;;;;
;;;;;;;;;;;;;;;;;;;;
;;;;;;;;;;;;;;;;;;;;
;;;;;;;;;;;;;;;;;;;;
;;;;;;;;;;;;;;;;;;;;
;;;;;;;;;;;;;;;;;;;;
;;;;;;;;;;;;;;;;;;;;
;;;;;;;;;;;;;;;;;;;;
;;;;;;;;;;;;;;;;;;;;
;;;;;;;;;;;;;;;;;;;;
;;;;;;;;;;;;;;;;;;;;
;;;;;;;;;;;;;;;;;;;;
;;;;;;;;;;;;;;;;;;;;
;;;;;;;;;;;;;;;;;;;;
;;;;;;;;;;;;;;;;;;;;
;;;;;;;;;;;;;;;;;;;;
;;;;;;;;;;;;;;;;;;;;
;;;;;;;;;;;;;;;;;;;;
;;;;;;;;;;;;;;;;;;;;
;;;;;;;;;;;;;;;;;;;;
;;;;;;;;;;;;;;;;;;;;
;;;;;;;;;;;;;;;;;;;;
;;;;;;;;;;;;;;;;;;;;
;;;;;;;;;;;;;;;;;;;;
;;;;;;;;;;;;;;;;;;;;
;;;;;;;;;;;;;;;;;;;;
;;;;;;;;;;;;;;;;;;;;
;;;;;;;;;;;;;;;;;;;;
;;;;;;;;;;;;;;;;;;;;
;;;;;;;;;;;;;;;;;;;;
;;;;;;;;;;;;;;;;;;;;
;;;;;;;;;;;;;;;;;;;;
;;;;;;;;;;;;;;;;;;;;
;;;;;;;;;;;;;;;;;;;;
;;;;;;;;;;;;;;;;;;;;
;;;;;;;;;;;;;;;;;;;;
;;;;;;;;;;;;;;;;;;;;
;;;;;;;;;;;;;;;;;;;;
;;;;;;;;;;;;;;;;;;;;
;;;;;;;;;;;;;;;;;;;;
;;;;;;;;;;;;;;;;;;;;
;;;;;;;;;;;;;;;;;;;;
;;;;;;;;;;;;;;;;;;;;
;;;;;;;;;;;;;;;;;;;;
;;;;;;;;;;;;;;;;;;;;
;;;;;;;;;;;;;;;;;;;;
;;;;;;;;;;;;;;;;;;;;
;;;;;;;;;;;;;;;;;;;;
;;;;;;;;;;;;;;;;;;;;
;;;;;;;;;;;;;;;;;;;;
;;;;;;;;;;;;;;;;;;;;
;;;;;;;;;;;;;;;;;;;;
;;;;;;;;;;;;;;;;;;;;
;;;;;;;;;;;;;;;;;;;;
;;;;;;;;;;;;;;;;;;;;
;;;;;;;;;;;;;;;;;;;;
;;;;;;;;;;;;;;;;;;;;
;;;;;;;;;;;;;;;;;;;;
;;;;;;;;;;;;;;;;;;;;
;;;;;;;;;;;;;;;;;;;;
;;;;;;;;;;;;;;;;;;;;
;;;;;;;;;;;;;;;;;;;;
;;;;;;;;;;;;;;;;;;;;
;;;;;;;;;;;;;;;;;;;;
;;;;;;;;;;;;;;;;;;;;
;;;;;;;;;;;;;;;;;;;;
;;;;;;;;;;;;;;;;;;;;
;;;;;;;;;;;;;;;;;;;;
;;;;;;;;;;;;;;;;;;;;
;;;;;;;;;;;;;;;;;;;;
;;;;;;;;;;;;;;;;;;;;
;;;;;;;;;;;;;;;;;;;;
;;;;;;;;;;;;;;;;;;;;
;;;;;;;;;;;;;;;;;;;;
;;;;;;;;;;;;;;;;;;;;
;;;;;;;;;;;;;;;;;;;;
;;;;;;;;;;;;;;;;;;;;
;;;;;;;;;;;;;;;;;;;;
;;;;;;;;;;;;;;;;;;;;
;;;;;;;;;;;;;;;;;;;;
;;;;;;;;;;;;;;;;;;;;
;;;;;;;;;;;;;;;;;;;;
;;;;;;;;;;;;;;;;;;;;
;;;;;;;;;;;;;;;;;;;;
;;;;;;;;;;;;;;;;;;;;
;;;;;;;;;;;;;;;;;;;;
;;;;;;;;;;;;;;;;;;;;
;;;;;;;;;;;;;;;;;;;;
;;;;;;;;;;;;;;;;;;;;
;;;;;;;;;;;;;;;;;;;;
;;;;;;;;;;;;;;;;;;;;
;;;;;;;;;;;;;;;;;;;;
;;;;;;;;;;;;;;;;;;;;
;;;;;;;;;;;;;;;;;;;;
;;;;;;;;;;;;;;;;;;;;
;;;;;;;;;;;;;;;;;;;;
;;;;;;;;;;;;;;;;;;;;
;;;;;;;;;;;;;;;;;;;;
;;;;;;;;;;;;;;;;;;;;
;;;;;;;;;;;;;;;;;;;;
;;;;;;;;;;;;;;;;;;;;
;;;;;;;;;;;;;;;;;;;;
;;;;;;;;;;;;;;;;;;;;
;;;;;;;;;;;;;;;;;;;;
;;;;;;;;;;;;;;;;;;;;
;;;;;;;;;;;;;;;;;;;;
;;;;;;;;;;;;;;;;;;;;
;;;;;;;;;;;;;;;;;;;;
;;;;;;;;;;;;;;;;;;;;
;;;;;;;;;;;;;;;;;;;;
;;;;;;;;;;;;;;;;;;;;
;;;;;;;;;;;;;;;;;;;;
;;;;;;;;;;;;;;;;;;;;
;;;;;;;;;;;;;;;;;;;;
;;;;;;;;;;;;;;;;;;;;
;;;;;;;;;;;;;;;;;;;;
;;;;;;;;;;;;;;;;;;;;
;;;;;;;;;;;;;;;;;;;;
;;;;;;;;;;;;;;;;;;;;
;;;;;;;;;;;;;;;;;;;;
;;;;;;;;;;;;;;;;;;;;
;;;;;;;;;;;;;;;;;;;;
;;;;;;;;;;;;;;;;;;;;
;;;;;;;;;;;;;;;;;;;;
;;;;;;;;;;;;;;;;;;;;
;;;;;;;;;;;;;;;;;;;;
;;;;;;;;;;;;;;;;;;;;
;;;;;;;;;;;;;;;;;;;;
;;;;;;;;;;;;;;;;;;;;
;;;;;;;;;;;;;;;;;;;;
;;;;;;;;;;;;;;;;;;;;
;;;;;;;;;;;;;;;;;;;;
;;;;;;;;;;;;;;;;;;;;
;;;;;;;;;;;;;;;;;;;;
;;;;;;;;;;;;;;;;;;;;
;;;;;;;;;;;;;;;;;;;;
;;;;;;;;;;;;;;;;;;;;
;;;;;;;;;;;;;;;;;;;;
;;;;;;;;;;;;;;;;;;;;
;;;;;;;;;;;;;;;;;;;;
;;;;;;;;;;;;;;;;;;;;
;;;;;;;;;;;;;;;;;;;;
;;;;;;;;;;;;;;;;;;;;
;;;;;;;;;;;;;;;;;;;;
;;;;;;;;;;;;;;;;;;;;
;;;;;;;;;;;;;;;;;;;;
;;;;;;;;;;;;;;;;;;;;
;;;;;;;;;;;;;;;;;;;;
;;;;;;;;;;;;;;;;;;;;
;;;;;;;;;;;;;;;;;;;;
;;;;;;;;;;;;;;;;;;;;
;;;;;;;;;;;;;;;;;;;;
;;;;;;;;;;;;;;;;;;;;
;;;;;;;;;;;;;;;;;;;;
;;;;;;;;;;;;;;;;;;;;
;;;;;;;;;;;;;;;;;;;;
;;;;;;;;;;;;;;;;;;;;
;;;;;;;;;;;;;;;;;;;;
;;;;;;;;;;;;;;;;;;;;
;;;;;;;;;;;;;;;;;;;;
;;;;;;;;;;;;;;;;;;;;
;;;;;;;;;;;;;;;;;;;;
;;;;;;;;;;;;;;;;;;;;
;;;;;;;;;;;;;;;;;;;;
;;;;;;;;;;;;;;;;;;;;
;;;;;;;;;;;;;;;;;;;;
;;;;;;;;;;;;;;;;;;;;
;;;;;;;;;;;;;;;;;;;;
;;;;;;;;;;;;;;;;;;;;
;;;;;;;;;;;;;;;;;;;;
;;;;;;;;;;;;;;;;;;;;
;;;;;;;;;;;;;;;;;;;;
;;;;;;;;;;;;;;;;;;;;
;;;;;;;;;;;;;;;;;;;;
;;;;;;;;;;;;;;;;;;;;
;;;;;;;;;;;;;;;;;;;;
;;;;;;;;;;;;;;;;;;;;
;;;;;;;;;;;;;;;;;;;;
;;;;;;;;;;;;;;;;;;;;
;;;;;;;;;;;;;;;;;;;;
;;;;;;;;;;;;;;;;;;;;
;;;;;;;;;;;;;;;;;;;;
;;;;;;;;;;;;;;;;;;;;
;;;;;;;;;;;;;;;;;;;;
;;;;;;;;;;;;;;;;;;;;
;;;;;;;;;;;;;;;;;;;;
;;;;;;;;;;;;;;;;;;;;
;;;;;;;;;;;;;;;;;;;;
;;;;;;;;;;;;;;;;;;;;
;;;;;;;;;;;;;;;;;;;;
;;;;;;;;;;;;;;;;;;;;
;;;;;;;;;;;;;;;;;;;;
;;;;;;;;;;;;;;;;;;;;
;;;;;;;;;;;;;;;;;;;;
;;;;;;;;;;;;;;;;;;;;
;;;;;;;;;;;;;;;;;;;;
;;;;;;;;;;;;;;;;;;;;
;;;;;;;;;;;;;;;;;;;;
;;;;;;;;;;;;;;;;;;;;
;;;;;;;;;;;;;;;;;;;;
;;;;;;;;;;;;;;;;;;;;
;;;;;;;;;;;;;;;;;;;;
;;;;;;;;;;;;;;;;;;;;
;;;;;;;;;;;;;;;;;;;;
;;;;;;;;;;;;;;;;;;;;
;;;;;;;;;;;;;;;;;;;;
;;;;;;;;;;;;;;;;;;;;
;;;;;;;;;;;;;;;;;;;;
;;;;;;;;;;;;;;;;;;;;
;;;;;;;;;;;;;;;;;;;;
;;;;;;;;;;;;;;;;;;;;
;;;;;;;;;;;;;;;;;;;;
;;;;;;;;;;;;;;;;;;;;
;;;;;;;;;;;;;;;;;;;;
;;;;;;;;;;;;;;;;;;;;
;;;;;;;;;;;;;;;;;;;;
;;;;;;;;;;;;;;;;;;;;
;;;;;;;;;;;;;;;;;;;;
;;;;;;;;;;;;;;;;;;;;
;;;;;;;;;;;;;;;;;;;;
;;;;;;;;;;;;;;;;;;;;
;;;;;;;;;;;;;;;;;;;;
;;;;;;;;;;;;;;;;;;;;
;;;;;;;;;;;;;;;;;;;;
;;;;;;;;;;;;;;;;;;;;
;;;;;;;;;;;;;;;;;;;;
;;;;;;;;;;;;;;;;;;;;
;;;;;;;;;;;;;;;;;;;;
;;;;;;;;;;;;;;;;;;;;
;;;;;;;;;;;;;;;;;;;;
;;;;;;;;;;;;;;;;;;;;
;;;;;;;;;;;;;;;;;;;;
;;;;;;;;;;;;;;;;;;;;
;;;;;;;;;;;;;;;;;;;;
;;;;;;;;;;;;;;;;;;;;
;;;;;;;;;;;;;;;;;;;;
;;;;;;;;;;;;;;;;;;;;
;;;;;;;;;;;;;;;;;;;;
;;;;;;;;;;;;;;;;;;;;
;;;;;;;;;;;;;;;;;;;;
;;;;;;;;;;;;;;;;;;;;
;;;;;;;;;;;;;;;;;;;;
;;;;;;;;;;;;;;;;;;;;
;;;;;;;;;;;;;;;;;;;;
;;;;;;;;;;;;;;;;;;;;
;;;;;;;;;;;;;;;;;;;;
;;;;;;;;;;;;;;;;;;;;
;;;;;;;;;;;;;;;;;;;;
;;;;;;;;;;;;;;;;;;;;
;;;;;;;;;;;;;;;;;;;;
;;;;;;;;;;;;;;;;;;;;
;;;;;;;;;;;;;;;;;;;;
;;;;;;;;;;;;;;;;;;;;
;;;;;;;;;;;;;;;;;;;;
;;;;;;;;;;;;;;;;;;;;
;;;;;;;;;;;;;;;;;;;;
;;;;;;;;;;;;;;;;;;;;
;;;;;;;;;;;;;;;;;;;;
;;;;;;;;;;;;;;;;;;;;
;;;;;;;;;;;;;;;;;;;;
;;;;;;;;;;;;;;;;;;;;
;;;;;;;;;;;;;;;;;;;;
;;;;;;;;;;;;;;;;;;;;
;;;;;;;;;;;;;;;;;;;;
;;;;;;;;;;;;;;;;;;;;
;;;;;;;;;;;;;;;;;;;;
;;;;;;;;;;;;;;;;;;;;
;;;;;;;;;;;;;;;;;;;;
;;;;;;;;;;;;;;;;;;;;
;;;;;;;;;;;;;;;;;;;;
;;;;;;;;;;;;;;;;;;;;
;;;;;;;;;;;;;;;;;;;;
;;;;;;;;;;;;;;;;;;;;
;;;;;;;;;;;;;;;;;;;;
;;;;;;;;;;;;;;;;;;;;
;;;;;;;;;;;;;;;;;;;;
;;;;;;;;;;;;;;;;;;;;
;;;;;;;;;;;;;;;;;;;;
;;;;;;;;;;;;;;;;;;;;
;;;;;;;;;;;;;;;;;;;;
;;;;;;;;;;;;;;;;;;;;
;;;;;;;;;;;;;;;;;;;;
;;;;;;;;;;;;;;;;;;;;
;;;;;;;;;;;;;;;;;;;;
;;;;;;;;;;;;;;;;;;;;
;;;;;;;;;;;;;;;;;;;;
;;;;;;;;;;;;;;;;;;;;
;;;;;;;;;;;;;;;;;;;;
;;;;;;;;;;;;;;;;;;;;
;;;;;;;;;;;;;;;;;;;;
;;;;;;;;;;;;;;;;;;;;
;;;;;;;;;;;;;;;;;;;;
;;;;;;;;;;;;;;;;;;;;
;;;;;;;;;;;;;;;;;;;;
;;;;;;;;;;;;;;;;;;;;
;;;;;;;;;;;;;;;;;;;;
;;;;;;;;;;;;;;;;;;;;
;;;;;;;;;;;;;;;;;;;;
;;;;;;;;;;;;;;;;;;;;
;;;;;;;;;;;;;;;;;;;;
;;;;;;;;;;;;;;;;;;;;
;;;;;;;;;;;;;;;;;;;;
;;;;;;;;;;;;;;;;;;;;
;;;;;;;;;;;;;;;;;;;;
;;;;;;;;;;;;;;;;;;;;
;;;;;;;;;;;;;;;;;;;;
;;;;;;;;;;;;;;;;;;;;
;;;;;;;;;;;;;;;;;;;;
;;;;;;;;;;;;;;;;;;;;
;;;;;;;;;;;;;;;;;;;;
;;;;;;;;;;;;;;;;;;;;
;;;;;;;;;;;;;;;;;;;;
;;;;;;;;;;;;;;;;;;;;
;;;;;;;;;;;;;;;;;;;;
;;;;;;;;;;;;;;;;;;;;
;;;;;;;;;;;;;;;;;;;;
;;;;;;;;;;;;;;;;;;;;
;;;;;;;;;;;;;;;;;;;;
;;;;;;;;;;;;;;;;;;;;
;;;;;;;;;;;;;;;;;;;;
;;;;;;;;;;;;;;;;;;;;
;;;;;;;;;;;;;;;;;;;;
;;;;;;;;;;;;;;;;;;;;
;;;;;;;;;;;;;;;;;;;;
;;;;;;;;;;;;;;;;;;;;
;;;;;;;;;;;;;;;;;;;;
;;;;;;;;;;;;;;;;;;;;
;;;;;;;;;;;;;;;;;;;;
;;;;;;;;;;;;;;;;;;;;
;;;;;;;;;;;;;;;;;;;;
;;;;;;;;;;;;;;;;;;;;
;;;;;;;;;;;;;;;;;;;;
;;;;;;;;;;;;;;;;;;;;
;;;;;;;;;;;;;;;;;;;;
;;;;;;;;;;;;;;;;;;;;
;;;;;;;;;;;;;;;;;;;;
;;;;;;;;;;;;;;;;;;;;
;;;;;;;;;;;;;;;;;;;;
;;;;;;;;;;;;;;;;;;;;
;;;;;;;;;;;;;;;;;;;;
;;;;;;;;;;;;;;;;;;;;
;;;;;;;;;;;;;;;;;;;;
;;;;;;;;;;;;;;;;;;;;
;;;;;;;;;;;;;;;;;;;;
;;;;;;;;;;;;;;;;;;;;
;;;;;;;;;;;;;;;;;;;;
;;;;;;;;;;;;;;;;;;;;
;;;;;;;;;;;;;;;;;;;;
;;;;;;;;;;;;;;;;;;;;
;;;;;;;;;;;;;;;;;;;;
;;;;;;;;;;;;;;;;;;;;
;;;;;;;;;;;;;;;;;;;;
;;;;;;;;;;;;;;;;;;;;
;;;;;;;;;;;;;;;;;;;;
;;;;;;;;;;;;;;;;;;;;
;;;;;;;;;;;;;;;;;;;;
;;;;;;;;;;;;;;;;;;;;
;;;;;;;;;;;;;;;;;;;;
;;;;;;;;;;;;;;;;;;;;
;;;;;;;;;;;;;;;;;;;;
;;;;;;;;;;;;;;;;;;;;
;;;;;;;;;;;;;;;;;;;;
;;;;;;;;;;;;;;;;;;;;
;;;;;;;;;;;;;;;;;;;;
;;;;;;;;;;;;;;;;;;;;
;;;;;;;;;;;;;;;;;;;;
;;;;;;;;;;;;;;;;;;;;
;;;;;;;;;;;;;;;;;;;;
;;;;;;;;;;;;;;;;;;;;
;;;;;;;;;;;;;;;;;;;;
;;;;;;;;;;;;;;;;;;;;
;;;;;;;;;;;;;;;;;;;;
;;;;;;;;;;;;;;;;;;;;
;;;;;;;;;;;;;;;;;;;;
;;;;;;;;;;;;;;;;;;;;
;;;;;;;;;;;;;;;;;;;;
;;;;;;;;;;;;;;;;;;;;
;;;;;;;;;;;;;;;;;;;;
;;;;;;;;;;;;;;;;;;;;
;;;;;;;;;;;;;;;;;;;;
;;;;;;;;;;;;;;;;;;;;
;;;;;;;;;;;;;;;;;;;;
;;;;;;;;;;;;;;;;;;;;
;;;;;;;;;;;;;;;;;;;;
;;;;;;;;;;;;;;;;;;;;
;;;;;;;;;;;;;;;;;;;;
;;;;;;;;;;;;;;;;;;;;
;;;;;;;;;;;;;;;;;;;;
;;;;;;;;;;;;;;;;;;;;
;;;;;;;;;;;;;;;;;;;;
;;;;;;;;;;;;;;;;;;;;
;;;;;;;;;;;;;;;;;;;;
;;;;;;;;;;;;;;;;;;;;
;;;;;;;;;;;;;;;;;;;;
;;;;;;;;;;;;;;;;;;;;
;;;;;;;;;;;;;;;;;;;;
;;;;;;;;;;;;;;;;;;;;
;;;;;;;;;;;;;;;;;;;;
;;;;;;;;;;;;;;;;;;;;
;;;;;;;;;;;;;;;;;;;;
;;;;;;;;;;;;;;;;;;;;
;;;;;;;;;;;;;;;;;;;;
;;;;;;;;;;;;;;;;;;;;
;;;;;;;;;;;;;;;;;;;;
;;;;;;;;;;;;;;;;;;;;
;;;;;;;;;;;;;;;;;;;;
;;;;;;;;;;;;;;;;;;;;
;;;;;;;;;;;;;;;;;;;;
;;;;;;;;;;;;;;;;;;;;
;;;;;;;;;;;;;;;;;;;;
;;;;;;;;;;;;;;;;;;;;
;;;;;;;;;;;;;;;;;;;;
;;;;;;;;;;;;;;;;;;;;
;;;;;;;;;;;;;;;;;;;;
;;;;;;;;;;;;;;;;;;;;
;;;;;;;;;;;;;;;;;;;;
;;;;;;;;;;;;;;;;;;;;
;;;;;;;;;;;;;;;;;;;;
;;;;;;;;;;;;;;;;;;;;
;;;;;;;;;;;;;;;;;;;;
;;;;;;;;;;;;;;;;;;;;
;;;;;;;;;;;;;;;;;;;;
;;;;;;;;;;;;;;;;;;;;
;;;;;;;;;;;;;;;;;;;;
;;;;;;;;;;;;;;;;;;;;
;;;;;;;;;;;;;;;;;;;;
;;;;;;;;;;;;;;;;;;;;
;;;;;;;;;;;;;;;;;;;;
;;;;;;;;;;;;;;;;;;;;
;;;;;;;;;;;;;;;;;;;;
;;;;;;;;;;;;;;;;;;;;
;;;;;;;;;;;;;;;;;;;;
;;;;;;;;;;;;;;;;;;;;
;;;;;;;;;;;;;;;;;;;;
;;;;;;;;;;;;;;;;;;;;
;;;;;;;;;;;;;;;;;;;;
;;;;;;;;;;;;;;;;;;;;
;;;;;;;;;;;;;;;;;;;;
;;;;;;;;;;;;;;;;;;;;
;;;;;;;;;;;;;;;;;;;;
;;;;;;;;;;;;;;;;;;;;
;;;;;;;;;;;;;;;;;;;;
;;;;;;;;;;;;;;;;;;;;
;;;;;;;;;;;;;;;;;;;;
;;;;;;;;;;;;;;;;;;;;
;;;;;;;;;;;;;;;;;;;;
;;;;;;;;;;;;;;;;;;;;
;;;;;;;;;;;;;;;;;;;;
;;;;;;;;;;;;;;;;;;;;
;;;;;;;;;;;;;;;;;;;;
;;;;;;;;;;;;;;;;;;;;
;;;;;;;;;;;;;;;;;;;;
;;;;;;;;;;;;;;;;;;;;
;;;;;;;;;;;;;;;;;;;;
;;;;;;;;;;;;;;;;;;;;
;;;;;;;;;;;;;;;;;;;;
;;;;;;;;;;;;;;;;;;;;
;;;;;;;;;;;;;;;;;;;;
;;;;;;;;;;;;;;;;;;;;
;;;;;;;;;;;;;;;;;;;;
;;;;;;;;;;;;;;;;;;;;
;;;;;;;;;;;;;;;;;;;;
;;;;;;;;;;;;;;;;;;;;
;;;;;;;;;;;;;;;;;;;;
;;;;;;;;;;;;;;;;;;;;
;;;;;;;;;;;;;;;;;;;;
;;;;;;;;;;;;;;;;;;;;
;;;;;;;;;;;;;;;;;;;;
;;;;;;;;;;;;;;;;;;;;
;;;;;;;;;;;;;;;;;;;;
;;;;;;;;;;;;;;;;;;;;
;;;;;;;;;;;;;;;;;;;;
;;;;;;;;;;;;;;;;;;;;
;;;;;;;;;;;;;;;;;;;;
;;;;;;;;;;;;;;;;;;;;
;;;;;;;;;;;;;;;;;;;;
;;;;;;;;;;;;;;;;;;;;
;;;;;;;;;;;;;;;;;;;;
;;;;;;;;;;;;;;;;;;;;
;;;;;;;;;;;;;;;;;;;;
;;;;;;;;;;;;;;;;;;;;
;;;;;;;;;;;;;;;;;;;;
;;;;;;;;;;;;;;;;;;;;
;;;;;;;;;;;;;;;;;;;;
;;;;;;;;;;;;;;;;;;;;
;;;;;;;;;;;;;;;;;;;;
;;;;;;;;;;;;;;;;;;;;
;;;;;;;;;;;;;;;;;;;;
;;;;;;;;;;;;;;;;;;;;
;;;;;;;;;;;;;;;;;;;;
;;;;;;;;;;;;;;;;;;;;
;;;;;;;;;;;;;;;;;;;;
;;;;;;;;;;;;;;;;;;;;
;;;;;;;;;;;;;;;;;;;;
;;;;;;;;;;;;;;;;;;;;
;;;;;;;;;;;;;;;;;;;;
;;;;;;;;;;;;;;;;;;;;
;;;;;;;;;;;;;;;;;;;;
;;;;;;;;;;;;;;;;;;;;
;;;;;;;;;;;;;;;;;;;;
;;;;;;;;;;;;;;;;;;;;
;;;;;;;;;;;;;;;;;;;;
;;;;;;;;;;;;;;;;;;;;
;;;;;;;;;;;;;;;;;;;;
;;;;;;;;;;;;;;;;;;;;
;;;;;;;;;;;;;;;;;;;;
;;;;;;;;;;;;;;;;;;;;
;;;;;;;;;;;;;;;;;;;;
;;;;;;;;;;;;;;;;;;;;
;;;;;;;;;;;;;;;;;;;;
;;;;;;;;;;;;;;;;;;;;
;;;;;;;;;;;;;;;;;;;;
;;;;;;;;;;;;;;;;;;;;
;;;;;;;;;;;;;;;;;;;;
;;;;;;;;;;;;;;;;;;;;
;;;;;;;;;;;;;;;;;;;;
;;;;;;;;;;;;;;;;;;;;
;;;;;;;;;;;;;;;;;;;;
;;;;;;;;;;;;;;;;;;;;
;;;;;;;;;;;;;;;;;;;;
;;;;;;;;;;;;;;;;;;;;
;;;;;;;;;;;;;;;;;;;;
;;;;;;;;;;;;;;;;;;;;
;;;;;;;;;;;;;;;;;;;;
;;;;;;;;;;;;;;;;;;;;
;;;;;;;;;;;;;;;;;;;;
;;;;;;;;;;;;;;;;;;;;
;;;;;;;;;;;;;;;;;;;;
;;;;;;;;;;;;;;;;;;;;
;;;;;;;;;;;;;;;;;;;;
;;;;;;;;;;;;;;;;;;;;
;;;;;;;;;;;;;;;;;;;;
;;;;;;;;;;;;;;;;;;;;
;;;;;;;;;;;;;;;;;;;;
;;;;;;;;;;;;;;;;;;;;
;;;;;;;;;;;;;;;;;;;;
;;;;;;;;;;;;;;;;;;;;
;;;;;;;;;;;;;;;;;;;;
;;;;;;;;;;;;;;;;;;;;
;;;;;;;;;;;;;;;;;;;;
;;;;;;;;;;;;;;;;;;;;
;;;;;;;;;;;;;;;;;;;;
;;;;;;;;;;;;;;;;;;;;
;;;;;;;;;;;;;;;;;;;;
;;;;;;;;;;;;;;;;;;;;
;;;;;;;;;;;;;;;;;;;;
;;;;;;;;;;;;;;;;;;;;
;;;;;;;;;;;;;;;;;;;;
;;;;;;;;;;;;;;;;;;;;
;;;;;;;;;;;;;;;;;;;;
;;;;;;;;;;;;;;;;;;;;
;;;;;;;;;;;;;;;;;;;;
;;;;;;;;;;;;;;;;;;;;
;;;;;;;;;;;;;;;;;;;;
;;;;;;;;;;;;;;;;;;;;
;;;;;;;;;;;;;;;;;;;;
;;;;;;;;;;;;;;;;;;;;
;;;;;;;;;;;;;;;;;;;;
;;;;;;;;;;;;;;;;;;;;
;;;;;;;;;;;;;;;;;;;;
;;;;;;;;;;;;;;;;;;;;
;;;;;;;;;;;;;;;;;;;;
;;;;;;;;;;;;;;;;;;;;
;;;;;;;;;;;;;;;;;;;;
;;;;;;;;;;;;;;;;;;;;
;;;;;;;;;;;;;;;;;;;;
;;;;;;;;;;;;;;;;;;;;
;;;;;;;;;;;;;;;;;;;;
;;;;;;;;;;;;;;;;;;;;
;;;;;;;;;;;;;;;;;;;;
;;;;;;;;;;;;;;;;;;;;
;;;;;;;;;;;;;;;;;;;;
;;;;;;;;;;;;;;;;;;;;
;;;;;;;;;;;;;;;;;;;;
;;;;;;;;;;;;;;;;;;;;
;;;;;;;;;;;;;;;;;;;;
;;;;;;;;;;;;;;;;;;;;
;;;;;;;;;;;;;;;;;;;;
;;;;;;;;;;;;;;;;;;;;
;;;;;;;;;;;;;;;;;;;;
;;;;;;;;;;;;;;;;;;;;
;;;;;;;;;;;;;;;;;;;;
;;;;;;;;;;;;;;;;;;;;
;;;;;;;;;;;;;;;;;;;;
;;;;;;;;;;;;;;;;;;;;
;;;;;;;;;;;;;;;;;;;;
;;;;;;;;;;;;;;;;;;;;
;;;;;;;;;;;;;;;;;;;;
;;;;;;;;;;;;;;;;;;;;
;;;;;;;;;;;;;;;;;;;;
;;;;;;;;;;;;;;;;;;;;
;;;;;;;;;;;;;;;;;;;;
;;;;;;;;;;;;;;;;;;;;
;;;;;;;;;;;;;;;;;;;;
;;;;;;;;;;;;;;;;;;;;
;;;;;;;;;;;;;;;;;;;;
;;;;;;;;;;;;;;;;;;;;
;;;;;;;;;;;;;;;;;;;;
;;;;;;;;;;;;;;;;;;;;
;;;;;;;;;;;;;;;;;;;;
;;;;;;;;;;;;;;;;;;;;
;;;;;;;;;;;;;;;;;;;;
;;;;;;;;;;;;;;;;;;;;
;;;;;;;;;;;;;;;;;;;;
;;;;;;;;;;;;;;;;;;;;
;;;;;;;;;;;;;;;;;;;;
;;;;;;;;;;;;;;;;;;;;
;;;;;;;;;;;;;;;;;;;;
;;;;;;;;;;;;;;;;;;;;
;;;;;;;;;;;;;;;;;;;;
;;;;;;;;;;;;;;;;;;;;
;;;;;;;;;;;;;;;;;;;;
;;;;;;;;;;;;;;;;;;;;
;;;;;;;;;;;;;;;;;;;;
;;;;;;;;;;;;;;;;;;;;
;;;;;;;;;;;;;;;;;;;;
;;;;;;;;;;;;;;;;;;;;
;;;;;;;;;;;;;;;;;;;;
;;;;;;;;;;;;;;;;;;;;
;;;;;;;;;;;;;;;;;;;;
;;;;;;;;;;;;;;;;;;;;
;;;;;;;;;;;;;;;;;;;;
;;;;;;;;;;;;;;;;;;;;
;;;;;;;;;;;;;;;;;;;;
;;;;;;;;;;;;;;;;;;;;
;;;;;;;;;;;;;;;;;;;;
;;;;;;;;;;;;;;;;;;;;
;;;;;;;;;;;;;;;;;;;;
;;;;;;;;;;;;;;;;;;;;
;;;;;;;;;;;;;;;;;;;;
;;;;;;;;;;;;;;;;;;;;
;;;;;;;;;;;;;;;;;;;;
;;;;;;;;;;;;;;;;;;;;
;;;;;;;;;;;;;;;;;;;;
;;;;;;;;;;;;;;;;;;;;
;;;;;;;;;;;;;;;;;;;;
;;;;;;;;;;;;;;;;;;;;
;;;;;;;;;;;;;;;;;;;;
;;;;;;;;;;;;;;;;;;;;
;;;;;;;;;;;;;;;;;;;;
;;;;;;;;;;;;;;;;;;;;
;;;;;;;;;;;;;;;;;;;;
;;;;;;;;;;;;;;;;;;;;
;;;;;;;;;;;;;;;;;;;;
;;;;;;;;;;;;;;;;;;;;
;;;;;;;;;;;;;;;;;;;;
;;;;;;;;;;;;;;;;;;;;
;;;;;;;;;;;;;;;;;;;;
;;;;;;;;;;;;;;;;;;;;
;;;;;;;;;;;;;;;;;;;;
;;;;;;;;;;;;;;;;;;;;
;;;;;;;;;;;;;;;;;;;;
;;;;;;;;;;;;;;;;;;;;
;;;;;;;;;;;;;;;;;;;;
;;;;;;;;;;;;;;;;;;;;
;;;;;;;;;;;;;;;;;;;;
;;;;;;;;;;;;;;;;;;;;
;;;;;;;;;;;;;;;;;;;;
;;;;;;;;;;;;;;;;;;;;
;;;;;;;;;;;;;;;;;;;;
;;;;;;;;;;;;;;;;;;;;
;;;;;;;;;;;;;;;;;;;;
;;;;;;;;;;;;;;;;;;;;
;;;;;;;;;;;;;;;;;;;;
;;;;;;;;;;;;;;;;;;;;
;;;;;;;;;;;;;;;;;;;;
;;;;;;;;;;;;;;;;;;;;
;;;;;;;;;;;;;;;;;;;;
;;;;;;;;;;;;;;;;;;;;
;;;;;;;;;;;;;;;;;;;;
;;;;;;;;;;;;;;;;;;;;
;;;;;;;;;;;;;;;;;;;;
;;;;;;;;;;;;;;;;;;;;
;;;;;;;;;;;;;;;;;;;;
;;;;;;;;;;;;;;;;;;;;
;;;;;;;;;;;;;;;;;;;;
;;;;;;;;;;;;;;;;;;;;
;;;;;;;;;;;;;;;;;;;;
;;;;;;;;;;;;;;;;;;;;
;;;;;;;;;;;;;;;;;;;;
;;;;;;;;;;;;;;;;;;;;
;;;;;;;;;;;;;;;;;;;;
;;;;;;;;;;;;;;;;;;;;
;;;;;;;;;;;;;;;;;;;;
;;;;;;;;;;;;;;;;;;;;
;;;;;;;;;;;;;;;;;;;;
;;;;;;;;;;;;;;;;;;;;
;;;;;;;;;;;;;;;;;;;;
;;;;;;;;;;;;;;;;;;;;
;;;;;;;;;;;;;;;;;;;;
;;;;;;;;;;;;;;;;;;;;
;;;;;;;;;;;;;;;;;;;;
;;;;;;;;;;;;;;;;;;;;
;;;;;;;;;;;;;;;;;;;;
;;;;;;;;;;;;;;;;;;;;
;;;;;;;;;;;;;;;;;;;;
;;;;;;;;;;;;;;;;;;;;
;;;;;;;;;;;;;;;;;;;;
;;;;;;;;;;;;;;;;;;;;
;;;;;;;;;;;;;;;;;;;;
;;;;;;;;;;;;;;;;;;;;
;;;;;;;;;;;;;;;;;;;;
;;;;;;;;;;;;;;;;;;;;
;;;;;;;;;;;;;;;;;;;;
;;;;;;;;;;;;;;;;;;;;
;;;;;;;;;;;;;;;;;;;;
;;;;;;;;;;;;;;;;;;;;
;;;;;;;;;;;;;;;;;;;;
;;;;;;;;;;;;;;;;;;;;
;;;;;;;;;;;;;;;;;;;;
;;;;;;;;;;;;;;;;;;;;
;;;;;;;;;;;;;;;;;;;;
;;;;;;;;;;;;;;;;;;;;
;;;;;;;;;;;;;;;;;;;;
;;;;;;;;;;;;;;;;;;;;
;;;;;;;;;;;;;;;;;;;;
;;;;;;;;;;;;;;;;;;;;
;;;;;;;;;;;;;;;;;;;;
;;;;;;;;;;;;;;;;;;;;
;;;;;;;;;;;;;;;;;;;;
;;;;;;;;;;;;;;;;;;;;
;;;;;;;;;;;;;;;;;;;;
;;;;;;;;;;;;;;;;;;;;
;;;;;;;;;;;;;;;;;;;;
;;;;;;;;;;;;;;;;;;;;
;;;;;;;;;;;;;;;;;;;;
;;;;;;;;;;;;;;;;;;;;
;;;;;;;;;;;;;;;;;;;;
;;;;;;;;;;;;;;;;;;;;
;;;;;;;;;;;;;;;;;;;;
;;;;;;;;;;;;;;;;;;;;
;;;;;;;;;;;;;;;;;;;;
;;;;;;;;;;;;;;;;;;;;
;;;;;;;;;;;;;;;;;;;;
;;;;;;;;;;;;;;;;;;;;
;;;;;;;;;;;;;;;;;;;;
;;;;;;;;;;;;;;;;;;;;
;;;;;;;;;;;;;;;;;;;;
;;;;;;;;;;;;;;;;;;;;
;;;;;;;;;;;;;;;;;;;;
;;;;;;;;;;;;;;;;;;;;
;;;;;;;;;;;;;;;;;;;;
;;;;;;;;;;;;;;;;;;;;
;;;;;;;;;;;;;;;;;;;;
;;;;;;;;;;;;;;;;;;;;
;;;;;;;;;;;;;;;;;;;;
;;;;;;;;;;;;;;;;;;;;
;;;;;;;;;;;;;;;;;;;;
;;;;;;;;;;;;;;;;;;;;
;;;;;;;;;;;;;;;;;;;;
;;;;;;;;;;;;;;;;;;;;
;;;;;;;;;;;;;;;;;;;;
;;;;;;;;;;;;;;;;;;;;
;;;;;;;;;;;;;;;;;;;;
;;;;;;;;;;;;;;;;;;;;
;;;;;;;;;;;;;;;;;;;;
;;;;;;;;;;;;;;;;;;;;
;;;;;;;;;;;;;;;;;;;;
;;;;;;;;;;;;;;;;;;;;
;;;;;;;;;;;;;;;;;;;;
;;;;;;;;;;;;;;;;;;;;
;;;;;;;;;;;;;;;;;;;;
;;;;;;;;;;;;;;;;;;;;
;;;;;;;;;;;;;;;;;;;;
;;;;;;;;;;;;;;;;;;;;
;;;;;;;;;;;;;;;;;;;;
;;;;;;;;;;;;;;;;;;;;
;;;;;;;;;;;;;;;;;;;;
;;;;;;;;;;;;;;;;;;;;
;;;;;;;;;;;;;;;;;;;;
;;;;;;;;;;;;;;;;;;;;
;;;;;;;;;;;;;;;;;;;;
;;;;;;;;;;;;;;;;;;;;
;;;;;;;;;;;;;;;;;;;;
;;;;;;;;;;;;;;;;;;;;
;;;;;;;;;;;;;;;;;;;;
;;;;;;;;;;;;;;;;;;;;
;;;;;;;;;;;;;;;;;;;;
;;;;;;;;;;;;;;;;;;;;
;;;;;;;;;;;;;;;;;;;;
;;;;;;;;;;;;;;;;;;;;
;;;;;;;;;;;;;;;;;;;;
;;;;;;;;;;;;;;;;;;;;
;;;;;;;;;;;;;;;;;;;;
;;;;;;;;;;;;;;;;;;;;
;;;;;;;;;;;;;;;;;;;;
;;;;;;;;;;;;;;;;;;;;
;;;;;;;;;;;;;;;;;;;;
;;;;;;;;;;;;;;;;;;;;
;;;;;;;;;;;;;;;;;;;;
;;;;;;;;;;;;;;;;;;;;
;;;;;;;;;;;;;;;;;;;;
;;;;;;;;;;;;;;;;;;;;
;;;;;;;;;;;;;;;;;;;;
;;;;;;;;;;;;;;;;;;;;
;;;;;;;;;;;;;;;;;;;;
;;;;;;;;;;;;;;;;;;;;
;;;;;;;;;;;;;;;;;;;;
;;;;;;;;;;;;;;;;;;;;
;;;;;;;;;;;;;;;;;;;;
;;;;;;;;;;;;;;;;;;;;
;;;;;;;;;;;;;;;;;;;;
;;;;;;;;;;;;;;;;;;;;
;;;;;;;;;;;;;;;;;;;;
;;;;;;;;;;;;;;;;;;;;
;;;;;;;;;;;;;;;;;;;;
;;;;;;;;;;;;;;;;;;;;
;;;;;;;;;;;;;;;;;;;;
;;;;;;;;;;;;;;;;;;;;
;;;;;;;;;;;;;;;;;;;;
;;;;;;;;;;;;;;;;;;;;
;;;;;;;;;;;;;;;;;;;;
;;;;;;;;;;;;;;;;;;;;
;;;;;;;;;;;;;;;;;;;;
;;;;;;;;;;;;;;;;;;;;
;;;;;;;;;;;;;;;;;;;;
;;;;;;;;;;;;;;;;;;;;
;;;;;;;;;;;;;;;;;;;;
;;;;;;;;;;;;;;;;;;;;
;;;;;;;;;;;;;;;;;;;;
;;;;;;;;;;;;;;;;;;;;
;;;;;;;;;;;;;;;;;;;;
;;;;;;;;;;;;;;;;;;;;
;;;;;;;;;;;;;;;;;;;;
;;;;;;;;;;;;;;;;;;;;
;;;;;;;;;;;;;;;;;;;;
;;;;;;;;;;;;;;;;;;;;
;;;;;;;;;;;;;;;;;;;;
;;;;;;;;;;;;;;;;;;;;
;;;;;;;;;;;;;;;;;;;;
;;;;;;;;;;;;;;;;;;;;
;;;;;;;;;;;;;;;;;;;;
;;;;;;;;;;;;;;;;;;;;
;;;;;;;;;;;;;;;;;;;;
;;;;;;;;;;;;;;;;;;;;
;;;;;;;;;;;;;;;;;;;;
;;;;;;;;;;;;;;;;;;;;
;;;;;;;;;;;;;;;;;;;;
;;;;;;;;;;;;;;;;;;;;
;;;;;;;;;;;;;;;;;;;;
;;;;;;;;;;;;;;;;;;;;
;;;;;;;;;;;;;;;;;;;;
;;;;;;;;;;;;;;;;;;;;
;;;;;;;;;;;;;;;;;;;;
;;;;;;;;;;;;;;;;;;;;
;;;;;;;;;;;;;;;;;;;;
;;;;;;;;;;;;;;;;;;;;
;;;;;;;;;;;;;;;;;;;;
;;;;;;;;;;;;;;;;;;;;
;;;;;;;;;;;;;;;;;;;;
;;;;;;;;;;;;;;;;;;;;
;;;;;;;;;;;;;;;;;;;;
;;;;;;;;;;;;;;;;;;;;
;;;;;;;;;;;;;;;;;;;;
;;;;;;;;;;;;;;;;;;;;
;;;;;;;;;;;;;;;;;;;;
;;;;;;;;;;;;;;;;;;;;
;;;;;;;;;;;;;;;;;;;;
;;;;;;;;;;;;;;;;;;;;
;;;;;;;;;;;;;;;;;;;;
;;;;;;;;;;;;;;;;;;;;
;;;;;;;;;;;;;;;;;;;;
;;;;;;;;;;;;;;;;;;;;
;;;;;;;;;;;;;;;;;;;;
;;;;;;;;;;;;;;;;;;;;
;;;;;;;;;;;;;;;;;;;;
;;;;;;;;;;;;;;;;;;;;
;;;;;;;;;;;;;;;;;;;;
;;;;;;;;;;;;;;;;;;;;
;;;;;;;;;;;;;;;;;;;;
;;;;;;;;;;;;;;;;;;;;
;;;;;;;;;;;;;;;;;;;;
;;;;;;;;;;;;;;;;;;;;
;;;;;;;;;;;;;;;;;;;;
;;;;;;;;;;;;;;;;;;;;
;;;;;;;;;;;;;;;;;;;;
;;;;;;;;;;;;;;;;;;;;
;;;;;;;;;;;;;;;;;;;;
;;;;;;;;;;;;;;;;;;;;
;;;;;;;;;;;;;;;;;;;;
;;;;;;;;;;;;;;;;;;;;
;;;;;;;;;;;;;;;;;;;;
;;;;;;;;;;;;;;;;;;;;
;;;;;;;;;;;;;;;;;;;;
;;;;;;;;;;;;;;;;;;;;
;;;;;;;;;;;;;;;;;;;;
;;;;;;;;;;;;;;;;;;;;
;;;;;;;;;;;;;;;;;;;;
;;;;;;;;;;;;;;;;;;;;
;;;;;;;;;;;;;;;;;;;;
;;;;;;;;;;;;;;;;;;;;
;;;;;;;;;;;;;;;;;;;;
;;;;;;;;;;;;;;;;;;;;
;;;;;;;;;;;;;;;;;;;;
;;;;;;;;;;;;;;;;;;;;
;;;;;;;;;;;;;;;;;;;;
;;;;;;;;;;;;;;;;;;;;
;;;;;;;;;;;;;;;;;;;;
;;;;;;;;;;;;;;;;;;;;
;;;;;;;;;;;;;;;;;;;;
;;;;;;;;;;;;;;;;;;;;
;;;;;;;;;;;;;;;;;;;;
;;;;;;;;;;;;;;;;;;;;
;;;;;;;;;;;;;;;;;;;;
;;;;;;;;;;;;;;;;;;;;
;;;;;;;;;;;;;;;;;;;;
;;;;;;;;;;;;;;;;;;;;
;;;;;;;;;;;;;;;;;;;;
;;;;;;;;;;;;;;;;;;;;
;;;;;;;;;;;;;;;;;;;;
;;;;;;;;;;;;;;;;;;;;
;;;;;;;;;;;;;;;;;;;;
;;;;;;;;;;;;;;;;;;;;
;;;;;;;;;;;;;;;;;;;;
;;;;;;;;;;;;;;;;;;;;
;;;;;;;;;;;;;;;;;;;;
;;;;;;;;;;;;;;;;;;;;
;;;;;;;;;;;;;;;;;;;;
;;;;;;;;;;;;;;;;;;;;
;;;;;;;;;;;;;;;;;;;;
;;;;;;;;;;;;;;;;;;;;
;;;;;;;;;;;;;;;;;;;;
;;;;;;;;;;;;;;;;;;;;
;;;;;;;;;;;;;;;;;;;;
;;;;;;;;;;;;;;;;;;;;
;;;;;;;;;;;;;;;;;;;;
;;;;;;;;;;;;;;;;;;;;
;;;;;;;;;;;;;;;;;;;;
;;;;;;;;;;;;;;;;;;;;
;;;;;;;;;;;;;;;;;;;;
;;;;;;;;;;;;;;;;;;;;
;;;;;;;;;;;;;;;;;;;;
;;;;;;;;;;;;;;;;;;;;
;;;;;;;;;;;;;;;;;;;;
;;;;;;;;;;;;;;;;;;;;
;;;;;;;;;;;;;;;;;;;;
;;;;;;;;;;;;;;;;;;;;
;;;;;;;;;;;;;;;;;;;;
;;;;;;;;;;;;;;;;;;;;
;;;;;;;;;;;;;;;;;;;;
;;;;;;;;;;;;;;;;;;;;
;;;;;;;;;;;;;;;;;;;;
;;;;;;;;;;;;;;;;;;;;
;;;;;;;;;;;;;;;;;;;;
;;;;;;;;;;;;;;;;;;;;
;;;;;;;;;;;;;;;;;;;;
;;;;;;;;;;;;;;;;;;;;
;;;;;;;;;;;;;;;;;;;;
;;;;;;;;;;;;;;;;;;;;
;;;;;;;;;;;;;;;;;;;;
;;;;;;;;;;;;;;;;;;;;
;;;;;;;;;;;;;;;;;;;;
;;;;;;;;;;;;;;;;;;;;
;;;;;;;;;;;;;;;;;;;;
;;;;;;;;;;;;;;;;;;;;
;;;;;;;;;;;;;;;;;;;;
;;;;;;;;;;;;;;;;;;;;
;;;;;;;;;;;;;;;;;;;;
;;;;;;;;;;;;;;;;;;;;
;;;;;;;;;;;;;;;;;;;;
;;;;;;;;;;;;;;;;;;;;
;;;;;;;;;;;;;;;;;;;;
;;;;;;;;;;;;;;;;;;;;
;;;;;;;;;;;;;;;;;;;;
;;;;;;;;;;;;;;;;;;;;
;;;;;;;;;;;;;;;;;;;;
;;;;;;;;;;;;;;;;;;;;
;;;;;;;;;;;;;;;;;;;;
;;;;;;;;;;;;;;;;;;;;
;;;;;;;;;;;;;;;;;;;;
;;;;;;;;;;;;;;;;;;;;
;;;;;;;;;;;;;;;;;;;;
;;;;;;;;;;;;;;;;;;;;
;;;;;;;;;;;;;;;;;;;;
;;;;;;;;;;;;;;;;;;;;
;;;;;;;;;;;;;;;;;;;;
;;;;;;;;;;;;;;;;;;;;
;;;;;;;;;;;;;;;;;;;;
;;;;;;;;;;;;;;;;;;;;
;;;;;;;;;;;;;;;;;;;;
;;;;;;;;;;;;;;;;;;;;
;;;;;;;;;;;;;;;;;;;;
;;;;;;;;;;;;;;;;;;;;
;;;;;;;;;;;;;;;;;;;;
;;;;;;;;;;;;;;;;;;;;
;;;;;;;;;;;;;;;;;;;;
;;;;;;;;;;;;;;;;;;;;
;;;;;;;;;;;;;;;;;;;;
;;;;;;;;;;;;;;;;;;;;
;;;;;;;;;;;;;;;;;;;;
;;;;;;;;;;;;;;;;;;;;
;;;;;;;;;;;;;;;;;;;;
;;;;;;;;;;;;;;;;;;;;
;;;;;;;;;;;;;;;;;;;;
;;;;;;;;;;;;;;;;;;;;
;;;;;;;;;;;;;;;;;;;;
;;;;;;;;;;;;;;;;;;;;
;;;;;;;;;;;;;;;;;;;;
;;;;;;;;;;;;;;;;;;;;
;;;;;;;;;;;;;;;;;;;;
;;;;;;;;;;;;;;;;;;;;
;;;;;;;;;;;;;;;;;;;;
;;;;;;;;;;;;;;;;;;;;
;;;;;;;;;;;;;;;;;;;;
;;;;;;;;;;;;;;;;;;;;
;;;;;;;;;;;;;;;;;;;;
;;;;;;;;;;;;;;;;;;;;
;;;;;;;;;;;;;;;;;;;;
;;;;;;;;;;;;;;;;;;;;
;;;;;;;;;;;;;;;;;;;;
;;;;;;;;;;;;;;;;;;;;
;;;;;;;;;;;;;;;;;;;;
;;;;;;;;;;;;;;;;;;;;
;;;;;;;;;;;;;;;;;;;;
;;;;;;;;;;;;;;;;;;;;
;;;;;;;;;;;;;;;;;;;;
;;;;;;;;;;;;;;;;;;;;
;;;;;;;;;;;;;;;;;;;;
;;;;;;;;;;;;;;;;;;;;
;;;;;;;;;;;;;;;;;;;;
;;;;;;;;;;;;;;;;;;;;
;;;;;;;;;;;;;;;;;;;;
;;;;;;;;;;;;;;;;;;;;
;;;;;;;;;;;;;;;;;;;;
;;;;;;;;;;;;;;;;;;;;
;;;;;;;;;;;;;;;;;;;;
;;;;;;;;;;;;;;;;;;;;
;;;;;;;;;;;;;;;;;;;;
;;;;;;;;;;;;;;;;;;;;
;;;;;;;;;;;;;;;;;;;;
;;;;;;;;;;;;;;;;;;;;
;;;;;;;;;;;;;;;;;;;;
;;;;;;;;;;;;;;;;;;;;
;;;;;;;;;;;;;;;;;;;;
;;;;;;;;;;;;;;;;;;;;
;;;;;;;;;;;;;;;;;;;;
;;;;;;;;;;;;;;;;;;;;
;;;;;;;;;;;;;;;;;;;;
;;;;;;;;;;;;;;;;;;;;
;;;;;;;;;;;;;;;;;;;;
;;;;;;;;;;;;;;;;;;;;
;;;;;;;;;;;;;;;;;;;;
;;;;;;;;;;;;;;;;;;;;
;;;;;;;;;;;;;;;;;;;;
;;;;;;;;;;;;;;;;;;;;
;;;;;;;;;;;;;;;;;;;;
;;;;;;;;;;;;;;;;;;;;
;;;;;;;;;;;;;;;;;;;;
;;;;;;;;;;;;;;;;;;;;
;;;;;;;;;;;;;;;;;;;;
;;;;;;;;;;;;;;;;;;;;
;;;;;;;;;;;;;;;;;;;;
;;;;;;;;;;;;;;;;;;;;
;;;;;;;;;;;;;;;;;;;;
;;;;;;;;;;;;;;;;;;;;
;;;;;;;;;;;;;;;;;;;;
;;;;;;;;;;;;;;;;;;;;
;;;;;;;;;;;;;;;;;;;;
;;;;;;;;;;;;;;;;;;;;
;;;;;;;;;;;;;;;;;;;;
;;;;;;;;;;;;;;;;;;;;
;;;;;;;;;;;;;;;;;;;;
;;;;;;;;;;;;;;;;;;;;
;;;;;;;;;;;;;;;;;;;;
;;;;;;;;;;;;;;;;;;;;
;;;;;;;;;;;;;;;;;;;;
;;;;;;;;;;;;;;;;;;;;
;;;;;;;;;;;;;;;;;;;;
;;;;;;;;;;;;;;;;;;;;
;;;;;;;;;;;;;;;;;;;;
;;;;;;;;;;;;;;;;;;;;
;;;;;;;;;;;;;;;;;;;;
;;;;;;;;;;;;;;;;;;;;
;;;;;;;;;;;;;;;;;;;;
;;;;;;;;;;;;;;;;;;;;
;;;;;;;;;;;;;;;;;;;;
;;;;;;;;;;;;;;;;;;;;
;;;;;;;;;;;;;;;;;;;;
;;;;;;;;;;;;;;;;;;;;
;;;;;;;;;;;;;;;;;;;;
;;;;;;;;;;;;;;;;;;;;
;;;;;;;;;;;;;;;;;;;;
;;;;;;;;;;;;;;;;;;;;
;;;;;;;;;;;;;;;;;;;;
;;;;;;;;;;;;;;;;;;;;
;;;;;;;;;;;;;;;;;;;;
;;;;;;;;;;;;;;;;;;;;
;;;;;;;;;;;;;;;;;;;;
;;;;;;;;;;;;;;;;;;;;
;;;;;;;;;;;;;;;;;;;;
;;;;;;;;;;;;;;;;;;;;
;;;;;;;;;;;;;;;;;;;;
;;;;;;;;;;;;;;;;;;;;
;;;;;;;;;;;;;;;;;;;;
;;;;;;;;;;;;;;;;;;;;
;;;;;;;;;;;;;;;;;;;;
;;;;;;;;;;;;;;;;;;;;
;;;;;;;;;;;;;;;;;;;;
;;;;;;;;;;;;;;;;;;;;
;;;;;;;;;;;;;;;;;;;;
;;;;;;;;;;;;;;;;;;;;
;;;;;;;;;;;;;;;;;;;;
;;;;;;;;;;;;;;;;;;;;
;;;;;;;;;;;;;;;;;;;;
;;;;;;;;;;;;;;;;;;;;
;;;;;;;;;;;;;;;;;;;;
;;;;;;;;;;;;;;;;;;;;
;;;;;;;;;;;;;;;;;;;;
;;;;;;;;;;;;;;;;;;;;
;;;;;;;;;;;;;;;;;;;;
;;;;;;;;;;;;;;;;;;;;
;;;;;;;;;;;;;;;;;;;;
;;;;;;;;;;;;;;;;;;;;
;;;;;;;;;;;;;;;;;;;;
;;;;;;;;;;;;;;;;;;;;
;;;;;;;;;;;;;;;;;;;;
;;;;;;;;;;;;;;;;;;;;
;;;;;;;;;;;;;;;;;;;;
;;;;;;;;;;;;;;;;;;;;
;;;;;;;;;;;;;;;;;;;;
;;;;;;;;;;;;;;;;;;;;
;;;;;;;;;;;;;;;;;;;;
;;;;;;;;;;;;;;;;;;;;
;;;;;;;;;;;;;;;;;;;;
;;;;;;;;;;;;;;;;;;;;
;;;;;;;;;;;;;;;;;;;;
;;;;;;;;;;;;;;;;;;;;
;;;;;;;;;;;;;;;;;;;;
;;;;;;;;;;;;;;;;;;;;
;;;;;;;;;;;;;;;;;;;;
;;;;;;;;;;;;;;;;;;;;
;;;;;;;;;;;;;;;;;;;;
;;;;;;;;;;;;;;;;;;;;
;;;;;;;;;;;;;;;;;;;;
;;;;;;;;;;;;;;;;;;;;
;;;;;;;;;;;;;;;;;;;;
;;;;;;;;;;;;;;;;;;;;
;;;;;;;;;;;;;;;;;;;;
;;;;;;;;;;;;;;;;;;;;
;;;;;;;;;;;;;;;;;;;;
;;;;;;;;;;;;;;;;;;;;
;;;;;;;;;;;;;;;;;;;;
;;;;;;;;;;;;;;;;;;;;
;;;;;;;;;;;;;;;;;;;;
;;;;;;;;;;;;;;;;;;;;
;;;;;;;;;;;;;;;;;;;;
;;;;;;;;;;;;;;;;;;;;
;;;;;;;;;;;;;;;;;;;;
;;;;;;;;;;;;;;;;;;;;
;;;;;;;;;;;;;;;;;;;;
;;;;;;;;;;;;;;;;;;;;
;;;;;;;;;;;;;;;;;;;;
;;;;;;;;;;;;;;;;;;;;
;;;;;;;;;;;;;;;;;;;;
;;;;;;;;;;;;;;;;;;;;
;;;;;;;;;;;;;;;;;;;;
;;;;;;;;;;;;;;;;;;;;
;;;;;;;;;;;;;;;;;;;;
;;;;;;;;;;;;;;;;;;;;
;;;;;;;;;;;;;;;;;;;;
;;;;;;;;;;;;;;;;;;;;
;;;;;;;;;;;;;;;;;;;;
;;;;;;;;;;;;;;;;;;;;
;;;;;;;;;;;;;;;;;;;;
;;;;;;;;;;;;;;;;;;;;
;;;;;;;;;;;;;;;;;;;;
;;;;;;;;;;;;;;;;;;;;
;;;;;;;;;;;;;;;;;;;;
;;;;;;;;;;;;;;;;;;;;
;;;;;;;;;;;;;;;;;;;;
;;;;;;;;;;;;;;;;;;;;
;;;;;;;;;;;;;;;;;;;;
;;;;;;;;;;;;;;;;;;;;
;;;;;;;;;;;;;;;;;;;;
;;;;;;;;;;;;;;;;;;;;
;;;;;;;;;;;;;;;;;;;;
;;;;;;;;;;;;;;;;;;;;
;;;;;;;;;;;;;;;;;;;;
;;;;;;;;;;;;;;;;;;;;
;;;;;;;;;;;;;;;;;;;;
;;;;;;;;;;;;;;;;;;;;
;;;;;;;;;;;;;;;;;;;;
;;;;;;;;;;;;;;;;;;;;
;;;;;;;;;;;;;;;;;;;;
;;;;;;;;;;;;;;;;;;;;
;;;;;;;;;;;;;;;;;;;;
;;;;;;;;;;;;;;;;;;;;
;;;;;;;;;;;;;;;;;;;;
;;;;;;;;;;;;;;;;;;;;
;;;;;;;;;;;;;;;;;;;;
;;;;;;;;;;;;;;;;;;;;
;;;;;;;;;;;;;;;;;;;;
;;;;;;;;;;;;;;;;;;;;
;;;;;;;;;;;;;;;;;;;;
;;;;;;;;;;;;;;;;;;;;
;;;;;;;;;;;;;;;;;;;;
;;;;;;;;;;;;;;;;;;;;
;;;;;;;;;;;;;;;;;;;;
;;;;;;;;;;;;;;;;;;;;
;;;;;;;;;;;;;;;;;;;;
;;;;;;;;;;;;;;;;;;;;
;;;;;;;;;;;;;;;;;;;;
;;;;;;;;;;;;;;;;;;;;
;;;;;;;;;;;;;;;;;;;;
;;;;;;;;;;;;;;;;;;;;
;;;;;;;;;;;;;;;;;;;;
;;;;;;;;;;;;;;;;;;;;
;;;;;;;;;;;;;;;;;;;;
;;;;;;;;;;;;;;;;;;;;
;;;;;;;;;;;;;;;;;;;;
;;;;;;;;;;;;;;;;;;;;
;;;;;;;;;;;;;;;;;;;;
;;;;;;;;;;;;;;;;;;;;
;;;;;;;;;;;;;;;;;;;;
;;;;;;;;;;;;;;;;;;;;
;;;;;;;;;;;;;;;;;;;;
;;;;;;;;;;;;;;;;;;;;
;;;;;;;;;;;;;;;;;;;;
;;;;;;;;;;;;;;;;;;;;
;;;;;;;;;;;;;;;;;;;;
;;;;;;;;;;;;;;;;;;;;
;;;;;;;;;;;;;;;;;;;;
;;;;;;;;;;;;;;;;;;;;
;;;;;;;;;;;;;;;;;;;;
;;;;;;;;;;;;;;;;;;;;
;;;;;;;;;;;;;;;;;;;;
;;;;;;;;;;;;;;;;;;;;
;;;;;;;;;;;;;;;;;;;;
;;;;;;;;;;;;;;;;;;;;
;;;;;;;;;;;;;;;;;;;;
;;;;;;;;;;;;;;;;;;;;
;;;;;;;;;;;;;;;;;;;;
;;;;;;;;;;;;;;;;;;;;
;;;;;;;;;;;;;;;;;;;;
;;;;;;;;;;;;;;;;;;;;
;;;;;;;;;;;;;;;;;;;;
;;;;;;;;;;;;;;;;;;;;
;;;;;;;;;;;;;;;;;;;;
;;;;;;;;;;;;;;;;;;;;
;;;;;;;;;;;;;;;;;;;;
;;;;;;;;;;;;;;;;;;;;
;;;;;;;;;;;;;;;;;;;;
;;;;;;;;;;;;;;;;;;;;
;;;;;;;;;;;;;;;;;;;;
;;;;;;;;;;;;;;;;;;;;
;;;;;;;;;;;;;;;;;;;;
;;;;;;;;;;;;;;;;;;;;
;;;;;;;;;;;;;;;;;;;;
;;;;;;;;;;;;;;;;;;;;
;;;;;;;;;;;;;;;;;;;;
;;;;;;;;;;;;;;;;;;;;
;;;;;;;;;;;;;;;;;;;;
;;;;;;;;;;;;;;;;;;;;
;;;;;;;;;;;;;;;;;;;;
;;;;;;;;;;;;;;;;;;;;
;;;;;;;;;;;;;;;;;;;;
;;;;;;;;;;;;;;;;;;;;
;;;;;;;;;;;;;;;;;;;;
;;;;;;;;;;;;;;;;;;;;
;;;;;;;;;;;;;;;;;;;;
;;;;;;;;;;;;;;;;;;;;
;;;;;;;;;;;;;;;;;;;;
;;;;;;;;;;;;;;;;;;;;
;;;;;;;;;;;;;;;;;;;;
;;;;;;;;;;;;;;;;;;;;
;;;;;;;;;;;;;;;;;;;;
;;;;;;;;;;;;;;;;;;;;
;;;;;;;;;;;;;;;;;;;;
;;;;;;;;;;;;;;;;;;;;
;;;;;;;;;;;;;;;;;;;;
;;;;;;;;;;;;;;;;;;;;
;;;;;;;;;;;;;;;;;;;;
;;;;;;;;;;;;;;;;;;;;
;;;;;;;;;;;;;;;;;;;;
;;;;;;;;;;;;;;;;;;;;
;;;;;;;;;;;;;;;;;;;;
;;;;;;;;;;;;;;;;;;;;
;;;;;;;;;;;;;;;;;;;;
;;;;;;;;;;;;;;;;;;;;
;;;;;;;;;;;;;;;;;;;;
;;;;;;;;;;;;;;;;;;;;
;;;;;;;;;;;;;;;;;;;;
;;;;;;;;;;;;;;;;;;;;
;;;;;;;;;;;;;;;;;;;;
;;;;;;;;;;;;;;;;;;;;
;;;;;;;;;;;;;;;;;;;;
;;;;;;;;;;;;;;;;;;;;
;;;;;;;;;;;;;;;;;;;;
;;;;;;;;;;;;;;;;;;;;
;;;;;;;;;;;;;;;;;;;;
;;;;;;;;;;;;;;;;;;;;
;;;;;;;;;;;;;;;;;;;;
;;;;;;;;;;;;;;;;;;;;
;;;;;;;;;;;;;;;;;;;;
;;;;;;;;;;;;;;;;;;;;
;;;;;;;;;;;;;;;;;;;;
;;;;;;;;;;;;;;;;;;;;
;;;;;;;;;;;;;;;;;;;;
;;;;;;;;;;;;;;;;;;;;
;;;;;;;;;;;;;;;;;;;;
;;;;;;;;;;;;;;;;;;;;
;;;;;;;;;;;;;;;;;;;;
;;;;;;;;;;;;;;;;;;;;
;;;;;;;;;;;;;;;;;;;;
;;;;;;;;;;;;;;;;;;;;
;;;;;;;;;;;;;;;;;;;;
;;;;;;;;;;;;;;;;;;;;
;;;;;;;;;;;;;;;;;;;;
;;;;;;;;;;;;;;;;;;;;
;;;;;;;;;;;;;;;;;;;;
;;;;;;;;;;;;;;;;;;;;
;;;;;;;;;;;;;;;;;;;;
;;;;;;;;;;;;;;;;;;;;
;;;;;;;;;;;;;;;;;;;;
;;;;;;;;;;;;;;;;;;;;
;;;;;;;;;;;;;;;;;;;;
;;;;;;;;;;;;;;;;;;;;
;;;;;;;;;;;;;;;;;;;;
;;;;;;;;;;;;;;;;;;;;
;;;;;;;;;;;;;;;;;;;;
;;;;;;;;;;;;;;;;;;;;
;;;;;;;;;;;;;;;;;;;;
;;;;;;;;;;;;;;;;;;;;
;;;;;;;;;;;;;;;;;;;;
;;;;;;;;;;;;;;;;;;;;
;;;;;;;;;;;;;;;;;;;;
;;;;;;;;;;;;;;;;;;;;
;;;;;;;;;;;;;;;;;;;;
;;;;;;;;;;;;;;;;;;;;
;;;;;;;;;;;;;;;;;;;;
;;;;;;;;;;;;;;;;;;;;
;;;;;;;;;;;;;;;;;;;;
;;;;;;;;;;;;;;;;;;;;
;;;;;;;;;;;;;;;;;;;;
;;;;;;;;;;;;;;;;;;;;
;;;;;;;;;;;;;;;;;;;;
;;;;;;;;;;;;;;;;;;;;
;;;;;;;;;;;;;;;;;;;;
;;;;;;;;;;;;;;;;;;;;
;;;;;;;;;;;;;;;;;;;;
;;;;;;;;;;;;;;;;;;;;
;;;;;;;;;;;;;;;;;;;;
;;;;;;;;;;;;;;;;;;;;
;;;;;;;;;;;;;;;;;;;;
;;;;;;;;;;;;;;;;;;;;
;;;;;;;;;;;;;;;;;;;;
;;;;;;;;;;;;;;;;;;;;
;;;;;;;;;;;;;;;;;;;;
;;;;;;;;;;;;;;;;;;;;
;;;;;;;;;;;;;;;;;;;;
;;;;;;;;;;;;;;;;;;;;
;;;;;;;;;;;;;;;;;;;;
;;;;;;;;;;;;;;;;;;;;
;;;;;;;;;;;;;;;;;;;;
;;;;;;;;;;;;;;;;;;;;
;;;;;;;;;;;;;;;;;;;;
;;;;;;;;;;;;;;;;;;;;
;;;;;;;;;;;;;;;;;;;;
;;;;;;;;;;;;;;;;;;;;
;;;;;;;;;;;;;;;;;;;;
;;;;;;;;;;;;;;;;;;;;
;;;;;;;;;;;;;;;;;;;;
;;;;;;;;;;;;;;;;;;;;
;;;;;;;;;;;;;;;;;;;;
;;;;;;;;;;;;;;;;;;;;
;;;;;;;;;;;;;;;;;;;;
;;;;;;;;;;;;;;;;;;;;
;;;;;;;;;;;;;;;;;;;;
;;;;;;;;;;;;;;;;;;;;
;;;;;;;;;;;;;;;;;;;;
;;;;;;;;;;;;;;;;;;;;
;;;;;;;;;;;;;;;;;;;;
;;;;;;;;;;;;;;;;;;;;
;;;;;;;;;;;;;;;;;;;;
;;;;;;;;;;;;;;;;;;;;
;;;;;;;;;;;;;;;;;;;;
;;;;;;;;;;;;;;;;;;;;
;;;;;;;;;;;;;;;;;;;;
;;;;;;;;;;;;;;;;;;;;
;;;;;;;;;;;;;;;;;;;;
;;;;;;;;;;;;;;;;;;;;
;;;;;;;;;;;;;;;;;;;;
;;;;;;;;;;;;;;;;;;;;
;;;;;;;;;;;;;;;;;;;;
;;;;;;;;;;;;;;;;;;;;
;;;;;;;;;;;;;;;;;;;;
;;;;;;;;;;;;;;;;;;;;
;;;;;;;;;;;;;;;;;;;;
;;;;;;;;;;;;;;;;;;;;
;;;;;;;;;;;;;;;;;;;;
;;;;;;;;;;;;;;;;;;;;
;;;;;;;;;;;;;;;;;;;;
;;;;;;;;;;;;;;;;;;;;
;;;;;;;;;;;;;;;;;;;;
;;;;;;;;;;;;;;;;;;;;
;;;;;;;;;;;;;;;;;;;;
;;;;;;;;;;;;;;;;;;;;
;;;;;;;;;;;;;;;;;;;;
;;;;;;;;;;;;;;;;;;;;
;;;;;;;;;;;;;;;;;;;;
;;;;;;;;;;;;;;;;;;;;
;;;;;;;;;;;;;;;;;;;;
;;;;;;;;;;;;;;;;;;;;
;;;;;;;;;;;;;;;;;;;;
;;;;;;;;;;;;;;;;;;;;
;;;;;;;;;;;;;;;;;;;;
;;;;;;;;;;;;;;;;;;;;
;;;;;;;;;;;;;;;;;;;;
;;;;;;;;;;;;;;;;;;;;
;;;;;;;;;;;;;;;;;;;;
;;;;;;;;;;;;;;;;;;;;
;;;;;;;;;;;;;;;;;;;;
;;;;;;;;;;;;;;;;;;;;
;;;;;;;;;;;;;;;;;;;;
;;;;;;;;;;;;;;;;;;;;
;;;;;;;;;;;;;;;;;;;;
;;;;;;;;;;;;;;;;;;;;
;;;;;;;;;;;;;;;;;;;;
;;;;;;;;;;;;;;;;;;;;
;;;;;;;;;;;;;;;;;;;;
;;;;;;;;;;;;;;;;;;;;
;;;;;;;;;;;;;;;;;;;;
;;;;;;;;;;;;;;;;;;;;
;;;;;;;;;;;;;;;;;;;;
;;;;;;;;;;;;;;;;;;;;
;;;;;;;;;;;;;;;;;;;;
;;;;;;;;;;;;;;;;;;;;
;;;;;;;;;;;;;;;;;;;;
;;;;;;;;;;;;;;;;;;;;
;;;;;;;;;;;;;;;;;;;;
;;;;;;;;;;;;;;;;;;;;
;;;;;;;;;;;;;;;;;;;;
;;;;;;;;;;;;;;;;;;;;
;;;;;;;;;;;;;;;;;;;;
;;;;;;;;;;;;;;;;;;;;
;;;;;;;;;;;;;;;;;;;;
;;;;;;;;;;;;;;;;;;;;
;;;;;;;;;;;;;;;;;;;;
;;;;;;;;;;;;;;;;;;;;
;;;;;;;;;;;;;;;;;;;;
;;;;;;;;;;;;;;;;;;;;
;;;;;;;;;;;;;;;;;;;;
;;;;;;;;;;;;;;;;;;;;
;;;;;;;;;;;;;;;;;;;;
;;;;;;;;;;;;;;;;;;;;
;;;;;;;;;;;;;;;;;;;;
;;;;;;;;;;;;;;;;;;;;
;;;;;;;;;;;;;;;;;;;;
;;;;;;;;;;;;;;;;;;;;
;;;;;;;;;;;;;;;;;;;;
;;;;;;;;;;;;;;;;;;;;
;;;;;;;;;;;;;;;;;;;;
;;;;;;;;;;;;;;;;;;;;
;;;;;;;;;;;;;;;;;;;;
;;;;;;;;;;;;;;;;;;;;
;;;;;;;;;;;;;;;;;;;;
;;;;;;;;;;;;;;;;;;;;
;;;;;;;;;;;;;;;;;;;;
;;;;;;;;;;;;;;;;;;;;
;;;;;;;;;;;;;;;;;;;;
;;;;;;;;;;;;;;;;;;;;
;;;;;;;;;;;;;;;;;;;;
;;;;;;;;;;;;;;;;;;;;
;;;;;;;;;;;;;;;;;;;;
;;;;;;;;;;;;;;;;;;;;
;;;;;;;;;;;;;;;;;;;;
;;;;;;;;;;;;;;;;;;;;
;;;;;;;;;;;;;;;;;;;;
;;;;;;;;;;;;;;;;;;;;
;;;;;;;;;;;;;;;;;;;;
;;;;;;;;;;;;;;;;;;;;
;;;;;;;;;;;;;;;;;;;;
;;;;;;;;;;;;;;;;;;;;
;;;;;;;;;;;;;;;;;;;;
;;;;;;;;;;;;;;;;;;;;
;;;;;;;;;;;;;;;;;;;;
;;;;;;;;;;;;;;;;;;;;
;;;;;;;;;;;;;;;;;;;;
;;;;;;;;;;;;;;;;;;;;
;;;;;;;;;;;;;;;;;;;;
;;;;;;;;;;;;;;;;;;;;
;;;;;;;;;;;;;;;;;;;;
;;;;;;;;;;;;;;;;;;;;
;;;;;;;;;;;;;;;;;;;;
;;;;;;;;;;;;;;;;;;;;
;;;;;;;;;;;;;;;;;;;;
;;;;;;;;;;;;;;;;;;;;
;;;;;;;;;;;;;;;;;;;;
;;;;;;;;;;;;;;;;;;;;
;;;;;;;;;;;;;;;;;;;;
;;;;;;;;;;;;;;;;;;;;
;;;;;;;;;;;;;;;;;;;;
;;;;;;;;;;;;;;;;;;;;
;;;;;;;;;;;;;;;;;;;;
;;;;;;;;;;;;;;;;;;;;
;;;;;;;;;;;;;;;;;;;;
;;;;;;;;;;;;;;;;;;;;
;;;;;;;;;;;;;;;;;;;;
;;;;;;;;;;;;;;;;;;;;
;;;;;;;;;;;;;;;;;;;;
;;;;;;;;;;;;;;;;;;;;
;;;;;;;;;;;;;;;;;;;;
;;;;;;;;;;;;;;;;;;;;
;;;;;;;;;;;;;;;;;;;;
;;;;;;;;;;;;;;;;;;;;
;;;;;;;;;;;;;;;;;;;;
;;;;;;;;;;;;;;;;;;;;
;;;;;;;;;;;;;;;;;;;;
;;;;;;;;;;;;;;;;;;;;
;;;;;;;;;;;;;;;;;;;;
;;;;;;;;;;;;;;;;;;;;
;;;;;;;;;;;;;;;;;;;;
;;;;;;;;;;;;;;;;;;;;
;;;;;;;;;;;;;;;;;;;;
;;;;;;;;;;;;;;;;;;;;
;;;;;;;;;;;;;;;;;;;;
;;;;;;;;;;;;;;;;;;;;
;;;;;;;;;;;;;;;;;;;;
;;;;;;;;;;;;;;;;;;;;
;;;;;;;;;;;;;;;;;;;;
;;;;;;;;;;;;;;;;;;;;
;;;;;;;;;;;;;;;;;;;;
;;;;;;;;;;;;;;;;;;;;
;;;;;;;;;;;;;;;;;;;;
;;;;;;;;;;;;;;;;;;;;
;;;;;;;;;;;;;;;;;;;;
;;;;;;;;;;;;;;;;;;;;
;;;;;;;;;;;;;;;;;;;;
;;;;;;;;;;;;;;;;;;;;
;;;;;;;;;;;;;;;;;;;;
;;;;;;;;;;;;;;;;;;;;
;;;;;;;;;;;;;;;;;;;;
;;;;;;;;;;;;;;;;;;;;
;;;;;;;;;;;;;;;;;;;;
;;;;;;;;;;;;;;;;;;;;
;;;;;;;;;;;;;;;;;;;;
;;;;;;;;;;;;;;;;;;;;
;;;;;;;;;;;;;;;;;;;;
;;;;;;;;;;;;;;;;;;;;
;;;;;;;;;;;;;;;;;;;;
;;;;;;;;;;;;;;;;;;;;
;;;;;;;;;;;;;;;;;;;;
;;;;;;;;;;;;;;;;;;;;
;;;;;;;;;;;;;;;;;;;;
;;;;;;;;;;;;;;;;;;;;
;;;;;;;;;;;;;;;;;;;;
;;;;;;;;;;;;;;;;;;;;
;;;;;;;;;;;;;;;;;;;;
;;;;;;;;;;;;;;;;;;;;
;;;;;;;;;;;;;;;;;;;;
;;;;;;;;;;;;;;;;;;;;
;;;;;;;;;;;;;;;;;;;;
;;;;;;;;;;;;;;;;;;;;
;;;;;;;;;;;;;;;;;;;;
;;;;;;;;;;;;;;;;;;;;
;;;;;;;;;;;;;;;;;;;;
;;;;;;;;;;;;;;;;;;;;
;;;;;;;;;;;;;;;;;;;;
;;;;;;;;;;;;;;;;;;;;
;;;;;;;;;;;;;;;;;;;;
;;;;;;;;;;;;;;;;;;;;
;;;;;;;;;;;;;;;;;;;;
;;;;;;;;;;;;;;;;;;;;
;;;;;;;;;;;;;;;;;;;;
;;;;;;;;;;;;;;;;;;;;
;;;;;;;;;;;;;;;;;;;;
;;;;;;;;;;;;;;;;;;;;
;;;;;;;;;;;;;;;;;;;;
;;;;;;;;;;;;;;;;;;;;
;;;;;;;;;;;;;;;;;;;;
;;;;;;;;;;;;;;;;;;;;
;;;;;;;;;;;;;;;;;;;;
;;;;;;;;;;;;;;;;;;;;
;;;;;;;;;;;;;;;;;;;;
;;;;;;;;;;;;;;;;;;;;
;;;;;;;;;;;;;;;;;;;;
;;;;;;;;;;;;;;;;;;;;
;;;;;;;;;;;;;;;;;;;;
;;;;;;;;;;;;;;;;;;;;
;;;;;;;;;;;;;;;;;;;;
;;;;;;;;;;;;;;;;;;;;
;;;;;;;;;;;;;;;;;;;;
;;;;;;;;;;;;;;;;;;;;
;;;;;;;;;;;;;;;;;;;;
;;;;;;;;;;;;;;;;;;;;
;;;;;;;;;;;;;;;;;;;;
;;;;;;;;;;;;;;;;;;;;
;;;;;;;;;;;;;;;;;;;;
;;;;;;;;;;;;;;;;;;;;
;;;;;;;;;;;;;;;;;;;;
;;;;;;;;;;;;;;;;;;;;
;;;;;;;;;;;;;;;;;;;;
;;;;;;;;;;;;;;;;;;;;
;;;;;;;;;;;;;;;;;;;;
;;;;;;;;;;;;;;;;;;;;
;;;;;;;;;;;;;;;;;;;;
;;;;;;;;;;;;;;;;;;;;
;;;;;;;;;;;;;;;;;;;;
;;;;;;;;;;;;;;;;;;;;
;;;;;;;;;;;;;;;;;;;;
;;;;;;;;;;;;;;;;;;;;
;;;;;;;;;;;;;;;;;;;;
;;;;;;;;;;;;;;;;;;;;
;;;;;;;;;;;;;;;;;;;;
;;;;;;;;;;;;;;;;;;;;
;;;;;;;;;;;;;;;;;;;;
;;;;;;;;;;;;;;;;;;;;
;;;;;;;;;;;;;;;;;;;;
;;;;;;;;;;;;;;;;;;;;
;;;;;;;;;;;;;;;;;;;;
;;;;;;;;;;;;;;;;;;;;
;;;;;;;;;;;;;;;;;;;;
;;;;;;;;;;;;;;;;;;;;
;;;;;;;;;;;;;;;;;;;;
;;;;;;;;;;;;;;;;;;;;
;;;;;;;;;;;;;;;;;;;;
;;;;;;;;;;;;;;;;;;;;
;;;;;;;;;;;;;;;;;;;;
;;;;;;;;;;;;;;;;;;;;
;;;;;;;;;;;;;;;;;;;;
;;;;;;;;;;;;;;;;;;;;
;;;;;;;;;;;;;;;;;;;;
;;;;;;;;;;;;;;;;;;;;
;;;;;;;;;;;;;;;;;;;;
;;;;;;;;;;;;;;;;;;;;
;;;;;;;;;;;;;;;;;;;;
;;;;;;;;;;;;;;;;;;;;
;;;;;;;;;;;;;;;;;;;;
;;;;;;;;;;;;;;;;;;;;
;;;;;;;;;;;;;;;;;;;;
;;;;;;;;;;;;;;;;;;;;
;;;;;;;;;;;;;;;;;;;;
;;;;;;;;;;;;;;;;;;;;
;;;;;;;;;;;;;;;;;;;;
;;;;;;;;;;;;;;;;;;;;
;;;;;;;;;;;;;;;;;;;;
;;;;;;;;;;;;;;;;;;;;
;;;;;;;;;;;;;;;;;;;;
;;;;;;;;;;;;;;;;;;;;
;;;;;;;;;;;;;;;;;;;;
;;;;;;;;;;;;;;;;;;;;
;;;;;;;;;;;;;;;;;;;;
;;;;;;;;;;;;;;;;;;;;
;;;;;;;;;;;;;;;;;;;;
;;;;;;;;;;;;;;;;;;;;
;;;;;;;;;;;;;;;;;;;;
;;;;;;;;;;;;;;;;;;;;
;;;;;;;;;;;;;;;;;;;;
;;;;;;;;;;;;;;;;;;;;
;;;;;;;;;;;;;;;;;;;;
;;;;;;;;;;;;;;;;;;;;
;;;;;;;;;;;;;;;;;;;;
;;;;;;;;;;;;;;;;;;;;
;;;;;;;;;;;;;;;;;;;;
;;;;;;;;;;;;;;;;;;;;
;;;;;;;;;;;;;;;;;;;;
;;;;;;;;;;;;;;;;;;;;
;;;;;;;;;;;;;;;;;;;;
;;;;;;;;;;;;;;;;;;;;
;;;;;;;;;;;;;;;;;;;;
;;;;;;;;;;;;;;;;;;;;
;;;;;;;;;;;;;;;;;;;;
;;;;;;;;;;;;;;;;;;;;
;;;;;;;;;;;;;;;;;;;;
;;;;;;;;;;;;;;;;;;;;
;;;;;;;;;;;;;;;;;;;;
;;;;;;;;;;;;;;;;;;;;
;;;;;;;;;;;;;;;;;;;;
;;;;;;;;;;;;;;;;;;;;
;;;;;;;;;;;;;;;;;;;;
;;;;;;;;;;;;;;;;;;;;
;;;;;;;;;;;;;;;;;;;;
;;;;;;;;;;;;;;;;;;;;
;;;;;;;;;;;;;;;;;;;;
;;;;;;;;;;;;;;;;;;;;
;;;;;;;;;;;;;;;;;;;;
;;;;;;;;;;;;;;;;;;;;
;;;;;;;;;;;;;;;;;;;;
;;;;;;;;;;;;;;;;;;;;
;;;;;;;;;;;;;;;;;;;;
;;;;;;;;;;;;;;;;;;;;
;;;;;;;;;;;;;;;;;;;;
;;;;;;;;;;;;;;;;;;;;
;;;;;;;;;;;;;;;;;;;;
;;;;;;;;;;;;;;;;;;;;
;;;;;;;;;;;;;;;;;;;;
;;;;;;;;;;;;;;;;;;;;
;;;;;;;;;;;;;;;;;;;;
;;;;;;;;;;;;;;;;;;;;
;;;;;;;;;;;;;;;;;;;;
;;;;;;;;;;;;;;;;;;;;
;;;;;;;;;;;;;;;;;;;;
;;;;;;;;;;;;;;;;;;;;
;;;;;;;;;;;;;;;;;;;;
;;;;;;;;;;;;;;;;;;;;
;;;;;;;;;;;;;;;;;;;;
;;;;;;;;;;;;;;;;;;;;
;;;;;;;;;;;;;;;;;;;;
;;;;;;;;;;;;;;;;;;;;
;;;;;;;;;;;;;;;;;;;;
;;;;;;;;;;;;;;;;;;;;
;;;;;;;;;;;;;;;;;;;;
;;;;;;;;;;;;;;;;;;;;
;;;;;;;;;;;;;;;;;;;;
;;;;;;;;;;;;;;;;;;;;
;;;;;;;;;;;;;;;;;;;;
;;;;;;;;;;;;;;;;;;;;
;;;;;;;;;;;;;;;;;;;;
;;;;;;;;;;;;;;;;;;;;
;;;;;;;;;;;;;;;;;;;;
;;;;;;;;;;;;;;;;;;;;
;;;;;;;;;;;;;;;;;;;;
;;;;;;;;;;;;;;;;;;;;
;;;;;;;;;;;;;;;;;;;;
;;;;;;;;;;;;;;;;;;;;
;;;;;;;;;;;;;;;;;;;;
;;;;;;;;;;;;;;;;;;;;
;;;;;;;;;;;;;;;;;;;;
;;;;;;;;;;;;;;;;;;;;
;;;;;;;;;;;;;;;;;;;;
;;;;;;;;;;;;;;;;;;;;
;;;;;;;;;;;;;;;;;;;;
;;;;;;;;;;;;;;;;;;;;
;;;;;;;;;;;;;;;;;;;;
;;;;;;;;;;;;;;;;;;;;
;;;;;;;;;;;;;;;;;;;;
;;;;;;;;;;;;;;;;;;;;
;;;;;;;;;;;;;;;;;;;;
;;;;;;;;;;;;;;;;;;;;
;;;;;;;;;;;;;;;;;;;;
;;;;;;;;;;;;;;;;;;;;
;;;;;;;;;;;;;;;;;;;;
;;;;;;;;;;;;;;;;;;;;
;;;;;;;;;;;;;;;;;;;;
;;;;;;;;;;;;;;;;;;;;
;;;;;;;;;;;;;;;;;;;;
;;;;;;;;;;;;;;;;;;;;
;;;;;;;;;;;;;;;;;;;;
;;;;;;;;;;;;;;;;;;;;
;;;;;;;;;;;;;;;;;;;;
;;;;;;;;;;;;;;;;;;;;
;;;;;;;;;;;;;;;;;;;;
;;;;;;;;;;;;;;;;;;;;
;;;;;;;;;;;;;;;;;;;;
;;;;;;;;;;;;;;;;;;;;
;;;;;;;;;;;;;;;;;;;;
;;;;;;;;;;;;;;;;;;;;
;;;;;;;;;;;;;;;;;;;;
;;;;;;;;;;;;;;;;;;;;
;;;;;;;;;;;;;;;;;;;;
;;;;;;;;;;;;;;;;;;;;
;;;;;;;;;;;;;;;;;;;;
;;;;;;;;;;;;;;;;;;;;
;;;;;;;;;;;;;;;;;;;;
;;;;;;;;;;;;;;;;;;;;
;;;;;;;;;;;;;;;;;;;;
;;;;;;;;;;;;;;;;;;;;
;;;;;;;;;;;;;;;;;;;;
;;;;;;;;;;;;;;;;;;;;
;;;;;;;;;;;;;;;;;;;;
;;;;;;;;;;;;;;;;;;;;
;;;;;;;;;;;;;;;;;;;;
;;;;;;;;;;;;;;;;;;;;
;;;;;;;;;;;;;;;;;;;;
;;;;;;;;;;;;;;;;;;;;
;;;;;;;;;;;;;;;;;;;;
;;;;;;;;;;;;;;;;;;;;
;;;;;;;;;;;;;;;;;;;;
;;;;;;;;;;;;;;;;;;;;
;;;;;;;;;;;;;;;;;;;;
;;;;;;;;;;;;;;;;;;;;
;;;;;;;;;;;;;;;;;;;;
;;;;;;;;;;;;;;;;;;;;
;;;;;;;;;;;;;;;;;;;;
;;;;;;;;;;;;;;;;;;;;
;;;;;;;;;;;;;;;;;;;;
;;;;;;;;;;;;;;;;;;;;
;;;;;;;;;;;;;;;;;;;;
;;;;;;;;;;;;;;;;;;;;
;;;;;;;;;;;;;;;;;;;;
;;;;;;;;;;;;;;;;;;;;
;;;;;;;;;;;;;;;;;;;;
;;;;;;;;;;;;;;;;;;;;
;;;;;;;;;;;;;;;;;;;;
;;;;;;;;;;;;;;;;;;;;
;;;;;;;;;;;;;;;;;;;;
;;;;;;;;;;;;;;;;;;;;
;;;;;;;;;;;;;;;;;;;;
;;;;;;;;;;;;;;;;;;;;
;;;;;;;;;;;;;;;;;;;;
;;;;;;;;;;;;;;;;;;;;
;;;;;;;;;;;;;;;;;;;;
;;;;;;;;;;;;;;;;;;;;
;;;;;;;;;;;;;;;;;;;;
;;;;;;;;;;;;;;;;;;;;
;;;;;;;;;;;;;;;;;;;;
;;;;;;;;;;;;;;;;;;;;
;;;;;;;;;;;;;;;;;;;;
;;;;;;;;;;;;;;;;;;;;
;;;;;;;;;;;;;;;;;;;;
;;;;;;;;;;;;;;;;;;;;
;;;;;;;;;;;;;;;;;;;;
;;;;;;;;;;;;;;;;;;;;
;;;;;;;;;;;;;;;;;;;;
;;;;;;;;;;;;;;;;;;;;
;;;;;;;;;;;;;;;;;;;;
;;;;;;;;;;;;;;;;;;;;
;;;;;;;;;;;;;;;;;;;;
;;;;;;;;;;;;;;;;;;;;
;;;;;;;;;;;;;;;;;;;;
;;;;;;;;;;;;;;;;;;;;
;;;;;;;;;;;;;;;;;;;;
;;;;;;;;;;;;;;;;;;;;
;;;;;;;;;;;;;;;;;;;;
;;;;;;;;;;;;;;;;;;;;
;;;;;;;;;;;;;;;;;;;;
;;;;;;;;;;;;;;;;;;;;
;;;;;;;;;;;;;;;;;;;;
;;;;;;;;;;;;;;;;;;;;
;;;;;;;;;;;;;;;;;;;;
;;;;;;;;;;;;;;;;;;;;
;;;;;;;;;;;;;;;;;;;;
;;;;;;;;;;;;;;;;;;;;
;;;;;;;;;;;;;;;;;;;;
;;;;;;;;;;;;;;;;;;;;
;;;;;;;;;;;;;;;;;;;;
;;;;;;;;;;;;;;;;;;;;
;;;;;;;;;;;;;;;;;;;;
;;;;;;;;;;;;;;;;;;;;
;;;;;;;;;;;;;;;;;;;;
;;;;;;;;;;;;;;;;;;;;
;;;;;;;;;;;;;;;;;;;;
;;;;;;;;;;;;;;;;;;;;
;;;;;;;;;;;;;;;;;;;;
;;;;;;;;;;;;;;;;;;;;
;;;;;;;;;;;;;;;;;;;;
;;;;;;;;;;;;;;;;;;;;
;;;;;;;;;;;;;;;;;;;;
;;;;;;;;;;;;;;;;;;;;
;;;;;;;;;;;;;;;;;;;;
;;;;;;;;;;;;;;;;;;;;
;;;;;;;;;;;;;;;;;;;;
;;;;;;;;;;;;;;;;;;;;
;;;;;;;;;;;;;;;;;;;;
;;;;;;;;;;;;;;;;;;;;
;;;;;;;;;;;;;;;;;;;;
;;;;;;;;;;;;;;;;;;;;
;;;;;;;;;;;;;;;;;;;;
;;;;;;;;;;;;;;;;;;;;
;;;;;;;;;;;;;;;;;;;;
;;;;;;;;;;;;;;;;;;;;
;;;;;;;;;;;;;;;;;;;;
;;;;;;;;;;;;;;;;;;;;
;;;;;;;;;;;;;;;;;;;;
;;;;;;;;;;;;;;;;;;;;
;;;;;;;;;;;;;;;;;;;;
;;;;;;;;;;;;;;;;;;;;
;;;;;;;;;;;;;;;;;;;;
;;;;;;;;;;;;;;;;;;;;
;;;;;;;;;;;;;;;;;;;;
;;;;;;;;;;;;;;;;;;;;
;;;;;;;;;;;;;;;;;;;;
;;;;;;;;;;;;;;;;;;;;
;;;;;;;;;;;;;;;;;;;;
;;;;;;;;;;;;;;;;;;;;
;;;;;;;;;;;;;;;;;;;;
;;;;;;;;;;;;;;;;;;;;
;;;;;;;;;;;;;;;;;;;;
;;;;;;;;;;;;;;;;;;;;
;;;;;;;;;;;;;;;;;;;;
;;;;;;;;;;;;;;;;;;;;
;;;;;;;;;;;;;;;;;;;;
;;;;;;;;;;;;;;;;;;;;
;;;;;;;;;;;;;;;;;;;;
;;;;;;;;;;;;;;;;;;;;
;;;;;;;;;;;;;;;;;;;;
;;;;;;;;;;;;;;;;;;;;
;;;;;;;;;;;;;;;;;;;;
;;;;;;;;;;;;;;;;;;;;
;;;;;;;;;;;;;;;;;;;;
;;;;;;;;;;;;;;;;;;;;
;;;;;;;;;;;;;;;;;;;;
;;;;;;;;;;;;;;;;;;;;
;;;;;;;;;;;;;;;;;;;;
;;;;;;;;;;;;;;;;;;;;
;;;;;;;;;;;;;;;;;;;;
;;;;;;;;;;;;;;;;;;;;
;;;;;;;;;;;;;;;;;;;;
;;;;;;;;;;;;;;;;;;;;
;;;;;;;;;;;;;;;;;;;;
;;;;;;;;;;;;;;;;;;;;
;;;;;;;;;;;;;;;;;;;;
;;;;;;;;;;;;;;;;;;;;
;;;;;;;;;;;;;;;;;;;;
;;;;;;;;;;;;;;;;;;;;
;;;;;;;;;;;;;;;;;;;;
;;;;;;;;;;;;;;;;;;;;
;;;;;;;;;;;;;;;;;;;;
;;;;;;;;;;;;;;;;;;;;
;;;;;;;;;;;;;;;;;;;;
;;;;;;;;;;;;;;;;;;;;
;;;;;;;;;;;;;;;;;;;;
;;;;;;;;;;;;;;;;;;;;
;;;;;;;;;;;;;;;;;;;;
;;;;;;;;;;;;;;;;;;;;
;;;;;;;;;;;;;;;;;;;;
;;;;;;;;;;;;;;;;;;;;
;;;;;;;;;;;;;;;;;;;;
;;;;;;;;;;;;;;;;;;;;
;;;;;;;;;;;;;;;;;;;;
;;;;;;;;;;;;;;;;;;;;
;;;;;;;;;;;;;;;;;;;;
;;;;;;;;;;;;;;;;;;;;
;;;;;;;;;;;;;;;;;;;;
;;;;;;;;;;;;;;;;;;;;
;;;;;;;;;;;;;;;;;;;;
;;;;;;;;;;;;;;;;;;;;
;;;;;;;;;;;;;;;;;;;;
;;;;;;;;;;;;;;;;;;;;
;;;;;;;;;;;;;;;;;;;;
;;;;;;;;;;;;;;;;;;;;
;;;;;;;;;;;;;;;;;;;;
;;;;;;;;;;;;;;;;;;;;
;;;;;;;;;;;;;;;;;;;;
;;;;;;;;;;;;;;;;;;;;
;;;;;;;;;;;;;;;;;;;;
;;;;;;;;;;;;;;;;;;;;
;;;;;;;;;;;;;;;;;;;;
;;;;;;;;;;;;;;;;;;;;
;;;;;;;;;;;;;;;;;;;;
;;;;;;;;;;;;;;;;;;;;
;;;;;;;;;;;;;;;;;;;;
;;;;;;;;;;;;;;;;;;;;
;;;;;;;;;;;;;;;;;;;;
;;;;;;;;;;;;;;;;;;;;
;;;;;;;;;;;;;;;;;;;;
;;;;;;;;;;;;;;;;;;;;
;;;;;;;;;;;;;;;;;;;;
;;;;;;;;;;;;;;;;;;;;
;;;;;;;;;;;;;;;;;;;;
;;;;;;;;;;;;;;;;;;;;
;;;;;;;;;;;;;;;;;;;;
;;;;;;;;;;;;;;;;;;;;
;;;;;;;;;;;;;;;;;;;;
;;;;;;;;;;;;;;;;;;;;
;;;;;;;;;;;;;;;;;;;;
;;;;;;;;;;;;;;;;;;;;
;;;;;;;;;;;;;;;;;;;;
;;;;;;;;;;;;;;;;;;;;
;;;;;;;;;;;;;;;;;;;;
;;;;;;;;;;;;;;;;;;;;
;;;;;;;;;;;;;;;;;;;;
;;;;;;;;;;;;;;;;;;;;
;;;;;;;;;;;;;;;;;;;;
;;;;;;;;;;;;;;;;;;;;
;;;;;;;;;;;;;;;;;;;;
;;;;;;;;;;;;;;;;;;;;
;;;;;;;;;;;;;;;;;;;;
;;;;;;;;;;;;;;;;;;;;
;;;;;;;;;;;;;;;;;;;;
;;;;;;;;;;;;;;;;;;;;
;;;;;;;;;;;;;;;;;;;;
;;;;;;;;;;;;;;;;;;;;
;;;;;;;;;;;;;;;;;;;;
;;;;;;;;;;;;;;;;;;;;
;;;;;;;;;;;;;;;;;;;;
;;;;;;;;;;;;;;;;;;;;
;;;;;;;;;;;;;;;;;;;;
;;;;;;;;;;;;;;;;;;;;
;;;;;;;;;;;;;;;;;;;;
;;;;;;;;;;;;;;;;;;;;
;;;;;;;;;;;;;;;;;;;;
;;;;;;;;;;;;;;;;;;;;
;;;;;;;;;;;;;;;;;;;;
;;;;;;;;;;;;;;;;;;;;
;;;;;;;;;;;;;;;;;;;;
;;;;;;;;;;;;;;;;;;;;
;;;;;;;;;;;;;;;;;;;;
;;;;;;;;;;;;;;;;;;;;
;;;;;;;;;;;;;;;;;;;;
;;;;;;;;;;;;;;;;;;;;
;;;;;;;;;;;;;;;;;;;;
;;;;;;;;;;;;;;;;;;;;
;;;;;;;;;;;;;;;;;;;;
;;;;;;;;;;;;;;;;;;;;
;;;;;;;;;;;;;;;;;;;;
;;;;;;;;;;;;;;;;;;;;
;;;;;;;;;;;;;;;;;;;;
;;;;;;;;;;;;;;;;;;;;
;;;;;;;;;;;;;;;;;;;;
;;;;;;;;;;;;;;;;;;;;
;;;;;;;;;;;;;;;;;;;;
;;;;;;;;;;;;;;;;;;;;
;;;;;;;;;;;;;;;;;;;;
;;;;;;;;;;;;;;;;;;;;
;;;;;;;;;;;;;;;;;;;;
;;;;;;;;;;;;;;;;;;;;
;;;;;;;;;;;;;;;;;;;;
;;;;;;;;;;;;;;;;;;;;
;;;;;;;;;;;;;;;;;;;;
;;;;;;;;;;;;;;;;;;;;
;;;;;;;;;;;;;;;;;;;;
;;;;;;;;;;;;;;;;;;;;
;;;;;;;;;;;;;;;;;;;;
;;;;;;;;;;;;;;;;;;;;
;;;;;;;;;;;;;;;;;;;;
;;;;;;;;;;;;;;;;;;;;
;;;;;;;;;;;;;;;;;;;;
;;;;;;;;;;;;;;;;;;;;
;;;;;;;;;;;;;;;;;;;;
;;;;;;;;;;;;;;;;;;;;
;;;;;;;;;;;;;;;;;;;;
;;;;;;;;;;;;;;;;;;;;
;;;;;;;;;;;;;;;;;;;;
;;;;;;;;;;;;;;;;;;;;
;;;;;;;;;;;;;;;;;;;;
;;;;;;;;;;;;;;;;;;;;
;;;;;;;;;;;;;;;;;;;;
;;;;;;;;;;;;;;;;;;;;
;;;;;;;;;;;;;;;;;;;;
;;;;;;;;;;;;;;;;;;;;
;;;;;;;;;;;;;;;;;;;;
;;;;;;;;;;;;;;;;;;;;
;;;;;;;;;;;;;;;;;;;;
;;;;;;;;;;;;;;;;;;;;
;;;;;;;;;;;;;;;;;;;;
;;;;;;;;;;;;;;;;;;;;
;;;;;;;;;;;;;;;;;;;;
;;;;;;;;;;;;;;;;;;;;
;;;;;;;;;;;;;;;;;;;;
;;;;;;;;;;;;;;;;;;;;
;;;;;;;;;;;;;;;;;;;;
;;;;;;;;;;;;;;;;;;;;
;;;;;;;;;;;;;;;;;;;;
;;;;;;;;;;;;;;;;;;;;
;;;;;;;;;;;;;;;;;;;;
;;;;;;;;;;;;;;;;;;;;
;;;;;;;;;;;;;;;;;;;;
;;;;;;;;;;;;;;;;;;;;
;;;;;;;;;;;;;;;;;;;;
;;;;;;;;;;;;;;;;;;;;
;;;;;;;;;;;;;;;;;;;;
;;;;;;;;;;;;;;;;;;;;
;;;;;;;;;;;;;;;;;;;;
;;;;;;;;;;;;;;;;;;;;
;;;;;;;;;;;;;;;;;;;;
;;;;;;;;;;;;;;;;;;;;
;;;;;;;;;;;;;;;;;;;;
;;;;;;;;;;;;;;;;;;;;
;;;;;;;;;;;;;;;;;;;;
;;;;;;;;;;;;;;;;;;;;
;;;;;;;;;;;;;;;;;;;;
;;;;;;;;;;;;;;;;;;;;
;;;;;;;;;;;;;;;;;;;;
;;;;;;;;;;;;;;;;;;;;
;;;;;;;;;;;;;;;;;;;;
;;;;;;;;;;;;;;;;;;;;
;;;;;;;;;;;;;;;;;;;;
;;;;;;;;;;;;;;;;;;;;
;;;;;;;;;;;;;;;;;;;;
;;;;;;;;;;;;;;;;;;;;
;;;;;;;;;;;;;;;;;;;;
;;;;;;;;;;;;;;;;;;;;
;;;;;;;;;;;;;;;;;;;;
;;;;;;;;;;;;;;;;;;;;
;;;;;;;;;;;;;;;;;;;;
;;;;;;;;;;;;;;;;;;;;
;;;;;;;;;;;;;;;;;;;;
;;;;;;;;;;;;;;;;;;;;
;;;;;;;;;;;;;;;;;;;;
;;;;;;;;;;;;;;;;;;;;
;;;;;;;;;;;;;;;;;;;;
;;;;;;;;;;;;;;;;;;;;
;;;;;;;;;;;;;;;;;;;;
;;;;;;;;;;;;;;;;;;;;
;;;;;;;;;;;;;;;;;;;;
;;;;;;;;;;;;;;;;;;;;
;;;;;;;;;;;;;;;;;;;;
;;;;;;;;;;;;;;;;;;;;
;;;;;;;;;;;;;;;;;;;;
;;;;;;;;;;;;;;;;;;;;
;;;;;;;;;;;;;;;;;;;;
;;;;;;;;;;;;;;;;;;;;
;;;;;;;;;;;;;;;;;;;;
;;;;;;;;;;;;;;;;;;;;
;;;;;;;;;;;;;;;;;;;;
;;;;;;;;;;;;;;;;;;;;
;;;;;;;;;;;;;;;;;;;;
;;;;;;;;;;;;;;;;;;;;
;;;;;;;;;;;;;;;;;;;;
;;;;;;;;;;;;;;;;;;;;
;;;;;;;;;;;;;;;;;;;;
;;;;;;;;;;;;;;;;;;;;
;;;;;;;;;;;;;;;;;;;;
;;;;;;;;;;;;;;;;;;;;
;;;;;;;;;;;;;;;;;;;;
;;;;;;;;;;;;;;;;;;;;
;;;;;;;;;;;;;;;;;;;;
;;;;;;;;;;;;;;;;;;;;
;;;;;;;;;;;;;;;;;;;;
;;;;;;;;;;;;;;;;;;;;
;;;;;;;;;;;;;;;;;;;;
;;;;;;;;;;;;;;;;;;;;
;;;;;;;;;;;;;;;;;;;;
;;;;;;;;;;;;;;;;;;;;
;;;;;;;;;;;;;;;;;;;;
;;;;;;;;;;;;;;;;;;;;
;;;;;;;;;;;;;;;;;;;;
;;;;;;;;;;;;;;;;;;;;
;;;;;;;;;;;;;;;;;;;;
;;;;;;;;;;;;;;;;;;;;
;;;;;;;;;;;;;;;;;;;;
;;;;;;;;;;;;;;;;;;;;
;;;;;;;;;;;;;;;;;;;;
;;;;;;;;;;;;;;;;;;;;
;;;;;;;;;;;;;;;;;;;;
;;;;;;;;;;;;;;;;;;;;
;;;;;;;;;;;;;;;;;;;;
;;;;;;;;;;;;;;;;;;;;
;;;;;;;;;;;;;;;;;;;;
;;;;;;;;;;;;;;;;;;;;
;;;;;;;;;;;;;;;;;;;;
;;;;;;;;;;;;;;;;;;;;
;;;;;;;;;;;;;;;;;;;;
;;;;;;;;;;;;;;;;;;;;
;;;;;;;;;;;;;;;;;;;;
;;;;;;;;;;;;;;;;;;;;
;;;;;;;;;;;;;;;;;;;;
;;;;;;;;;;;;;;;;;;;;
;;;;;;;;;;;;;;;;;;;;
;;;;;;;;;;;;;;;;;;;;
;;;;;;;;;;;;;;;;;;;;
;;;;;;;;;;;;;;;;;;;;
;;;;;;;;;;;;;;;;;;;;
;;;;;;;;;;;;;;;;;;;;
;;;;;;;;;;;;;;;;;;;;
;;;;;;;;;;;;;;;;;;;;
;;;;;;;;;;;;;;;;;;;;
;;;;;;;;;;;;;;;;;;;;
;;;;;;;;;;;;;;;;;;;;
;;;;;;;;;;;;;;;;;;;;
;;;;;;;;;;;;;;;;;;;;
;;;;;;;;;;;;;;;;;;;;
;;;;;;;;;;;;;;;;;;;;
;;;;;;;;;;;;;;;;;;;;
;;;;;;;;;;;;;;;;;;;;
;;;;;;;;;;;;;;;;;;;;
;;;;;;;;;;;;;;;;;;;;
;;;;;;;;;;;;;;;;;;;;
;;;;;;;;;;;;;;;;;;;;
;;;;;;;;;;;;;;;;;;;;
;;;;;;;;;;;;;;;;;;;;
;;;;;;;;;;;;;;;;;;;;
;;;;;;;;;;;;;;;;;;;;
;;;;;;;;;;;;;;;;;;;;
;;;;;;;;;;;;;;;;;;;;
;;;;;;;;;;;;;;;;;;;;
;;;;;;;;;;;;;;;;;;;;
;;;;;;;;;;;;;;;;;;;;
;;;;;;;;;;;;;;;;;;;;
;;;;;;;;;;;;;;;;;;;;
;;;;;;;;;;;;;;;;;;;;
;;;;;;;;;;;;;;;;;;;;
;;;;;;;;;;;;;;;;;;;;
;;;;;;;;;;;;;;;;;;;;
;;;;;;;;;;;;;;;;;;;;
;;;;;;;;;;;;;;;;;;;;
;;;;;;;;;;;;;;;;;;;;
;;;;;;;;;;;;;;;;;;;;
;;;;;;;;;;;;;;;;;;;;
;;;;;;;;;;;;;;;;;;;;
;;;;;;;;;;;;;;;;;;;;
;;;;;;;;;;;;;;;;;;;;
;;;;;;;;;;;;;;;;;;;;
;;;;;;;;;;;;;;;;;;;;
;;;;;;;;;;;;;;;;;;;;
;;;;;;;;;;;;;;;;;;;;
;;;;;;;;;;;;;;;;;;;;
;;;;;;;;;;;;;;;;;;;;
;;;;;;;;;;;;;;;;;;;;
;;;;;;;;;;;;;;;;;;;;
;;;;;;;;;;;;;;;;;;;;
;;;;;;;;;;;;;;;;;;;;
;;;;;;;;;;;;;;;;;;;;
;;;;;;;;;;;;;;;;;;;;
;;;;;;;;;;;;;;;;;;;;
;;;;;;;;;;;;;;;;;;;;
;;;;;;;;;;;;;;;;;;;;
;;;;;;;;;;;;;;;;;;;;
;;;;;;;;;;;;;;;;;;;;
;;;;;;;;;;;;;;;;;;;;
;;;;;;;;;;;;;;;;;;;;
;;;;;;;;;;;;;;;;;;;;
;;;;;;;;;;;;;;;;;;;;
;;;;;;;;;;;;;;;;;;;;
;;;;;;;;;;;;;;;;;;;;
;;;;;;;;;;;;;;;;;;;;
;;;;;;;;;;;;;;;;;;;;
;;;;;;;;;;;;;;;;;;;;
;;;;;;;;;;;;;;;;;;;;
;;;;;;;;;;;;;;;;;;;;
;;;;;;;;;;;;;;;;;;;;
;;;;;;;;;;;;;;;;;;;;
;;;;;;;;;;;;;;;;;;;;
;;;;;;;;;;;;;;;;;;;;
;;;;;;;;;;;;;;;;;;;;
;;;;;;;;;;;;;;;;;;;;
;;;;;;;;;;;;;;;;;;;;
;;;;;;;;;;;;;;;;;;;;
;;;;;;;;;;;;;;;;;;;;
;;;;;;;;;;;;;;;;;;;;
;;;;;;;;;;;;;;;;;;;;
;;;;;;;;;;;;;;;;;;;;
;;;;;;;;;;;;;;;;;;;;
;;;;;;;;;;;;;;;;;;;;
;;;;;;;;;;;;;;;;;;;;
;;;;;;;;;;;;;;;;;;;;
;;;;;;;;;;;;;;;;;;;;
;;;;;;;;;;;;;;;;;;;;
;;;;;;;;;;;;;;;;;;;;
;;;;;;;;;;;;;;;;;;;;
;;;;;;;;;;;;;;;;;;;;
;;;;;;;;;;;;;;;;;;;;
;;;;;;;;;;;;;;;;;;;;
;;;;;;;;;;;;;;;;;;;;
;;;;;;;;;;;;;;;;;;;;
;;;;;;;;;;;;;;;;;;;;
;;;;;;;;;;;;;;;;;;;;
;;;;;;;;;;;;;;;;;;;;
;;;;;;;;;;;;;;;;;;;;
;;;;;;;;;;;;;;;;;;;;
;;;;;;;;;;;;;;;;;;;;
;;;;;;;;;;;;;;;;;;;;
;;;;;;;;;;;;;;;;;;;;
;;;;;;;;;;;;;;;;;;;;
;;;;;;;;;;;;;;;;;;;;
;;;;;;;;;;;;;;;;;;;;
;;;;;;;;;;;;;;;;;;;;
;;;;;;;;;;;;;;;;;;;;
;;;;;;;;;;;;;;;;;;;;
;;;;;;;;;;;;;;;;;;;;
;;;;;;;;;;;;;;;;;;;;
;;;;;;;;;;;;;;;;;;;;
;;;;;;;;;;;;;;;;;;;;
;;;;;;;;;;;;;;;;;;;;
;;;;;;;;;;;;;;;;;;;;
;;;;;;;;;;;;;;;;;;;;
;;;;;;;;;;;;;;;;;;;;
;;;;;;;;;;;;;;;;;;;;
;;;;;;;;;;;;;;;;;;;;
;;;;;;;;;;;;;;;;;;;;
;;;;;;;;;;;;;;;;;;;;
;;;;;;;;;;;;;;;;;;;;
;;;;;;;;;;;;;;;;;;;;
;;;;;;;;;;;;;;;;;;;;
;;;;;;;;;;;;;;;;;;;;
;;;;;;;;;;;;;;;;;;;;
;;;;;;;;;;;;;;;;;;;;
;;;;;;;;;;;;;;;;;;;;
;;;;;;;;;;;;;;;;;;;;
;;;;;;;;;;;;;;;;;;;;
;;;;;;;;;;;;;;;;;;;;
;;;;;;;;;;;;;;;;;;;;
;;;;;;;;;;;;;;;;;;;;
;;;;;;;;;;;;;;;;;;;;
;;;;;;;;;;;;;;;;;;;;
;;;;;;;;;;;;;;;;;;;;
;;;;;;;;;;;;;;;;;;;;
;;;;;;;;;;;;;;;;;;;;
;;;;;;;;;;;;;;;;;;;;
;;;;;;;;;;;;;;;;;;;;
;;;;;;;;;;;;;;;;;;;;
;;;;;;;;;;;;;;;;;;;;
;;;;;;;;;;;;;;;;;;;;
;;;;;;;;;;;;;;;;;;;;
;;;;;;;;;;;;;;;;;;;;
;;;;;;;;;;;;;;;;;;;;
;;;;;;;;;;;;;;;;;;;;
;;;;;;;;;;;;;;;;;;;;
;;;;;;;;;;;;;;;;;;;;
;;;;;;;;;;;;;;;;;;;;
;;;;;;;;;;;;;;;;;;;;
;;;;;;;;;;;;;;;;;;;;
;;;;;;;;;;;;;;;;;;;;
;;;;;;;;;;;;;;;;;;;;
;;;;;;;;;;;;;;;;;;;;
;;;;;;;;;;;;;;;;;;;;
;;;;;;;;;;;;;;;;;;;;
;;;;;;;;;;;;;;;;;;;;
;;;;;;;;;;;;;;;;;;;;
;;;;;;;;;;;;;;;;;;;;
;;;;;;;;;;;;;;;;;;;;
;;;;;;;;;;;;;;;;;;;;
;;;;;;;;;;;;;;;;;;;;
;;;;;;;;;;;;;;;;;;;;
;;;;;;;;;;;;;;;;;;;;
;;;;;;;;;;;;;;;;;;;;
;;;;;;;;;;;;;;;;;;;;
;;;;;;;;;;;;;;;;;;;;
;;;;;;;;;;;;;;;;;;;;
;;;;;;;;;;;;;;;;;;;;
;;;;;;;;;;;;;;;;;;;;
;;;;;;;;;;;;;;;;;;;;
;;;;;;;;;;;;;;;;;;;;
;;;;;;;;;;;;;;;;;;;;
;;;;;;;;;;;;;;;;;;;;
;;;;;;;;;;;;;;;;;;;;
;;;;;;;;;;;;;;;;;;;;
;;;;;;;;;;;;;;;;;;;;
;;;;;;;;;;;;;;;;;;;;
;;;;;;;;;;;;;;;;;;;;
;;;;;;;;;;;;;;;;;;;;
;;;;;;;;;;;;;;;;;;;;
;;;;;;;;;;;;;;;;;;;;
;;;;;;;;;;;;;;;;;;;;
;;;;;;;;;;;;;;;;;;;;
;;;;;;;;;;;;;;;;;;;;
;;;;;;;;;;;;;;;;;;;;
;;;;;;;;;;;;;;;;;;;;
;;;;;;;;;;;;;;;;;;;;
;;;;;;;;;;;;;;;;;;;;
;;;;;;;;;;;;;;;;;;;;
;;;;;;;;;;;;;;;;;;;;
;;;;;;;;;;;;;;;;;;;;
;;;;;;;;;;;;;;;;;;;;
;;;;;;;;;;;;;;;;;;;;
;;;;;;;;;;;;;;;;;;;;
;;;;;;;;;;;;;;;;;;;;
;;;;;;;;;;;;;;;;;;;;
;;;;;;;;;;;;;;;;;;;;
;;;;;;;;;;;;;;;;;;;;
;;;;;;;;;;;;;;;;;;;;
;;;;;;;;;;;;;;;;;;;;
;;;;;;;;;;;;;;;;;;;;
;;;;;;;;;;;;;;;;;;;;
;;;;;;;;;;;;;;;;;;;;
;;;;;;;;;;;;;;;;;;;;
;;;;;;;;;;;;;;;;;;;;
;;;;;;;;;;;;;;;;;;;;
;;;;;;;;;;;;;;;;;;;;
;;;;;;;;;;;;;;;;;;;;
;;;;;;;;;;;;;;;;;;;;
;;;;;;;;;;;;;;;;;;;;
;;;;;;;;;;;;;;;;;;;;
;;;;;;;;;;;;;;;;;;;;
;;;;;;;;;;;;;;;;;;;;
;;;;;;;;;;;;;;;;;;;;
;;;;;;;;;;;;;;;;;;;;
;;;;;;;;;;;;;;;;;;;;
;;;;;;;;;;;;;;;;;;;;
;;;;;;;;;;;;;;;;;;;;
;;;;;;;;;;;;;;;;;;;;
;;;;;;;;;;;;;;;;;;;;
;;;;;;;;;;;;;;;;;;;;
;;;;;;;;;;;;;;;;;;;;
;;;;;;;;;;;;;;;;;;;;
;;;;;;;;;;;;;;;;;;;;
;;;;;;;;;;;;;;;;;;;;
;;;;;;;;;;;;;;;;;;;;
;;;;;;;;;;;;;;;;;;;;
;;;;;;;;;;;;;;;;;;;;
;;;;;;;;;;;;;;;;;;;;
;;;;;;;;;;;;;;;;;;;;
;;;;;;;;;;;;;;;;;;;;
;;;;;;;;;;;;;;;;;;;;
;;;;;;;;;;;;;;;;;;;;
;;;;;;;;;;;;;;;;;;;;
;;;;;;;;;;;;;;;;;;;;
;;;;;;;;;;;;;;;;;;;;
;;;;;;;;;;;;;;;;;;;;
;;;;;;;;;;;;;;;;;;;;
;;;;;;;;;;;;;;;;;;;;
;;;;;;;;;;;;;;;;;;;;
;;;;;;;;;;;;;;;;;;;;
;;;;;;;;;;;;;;;;;;;;
;;;;;;;;;;;;;;;;;;;;
;;;;;;;;;;;;;;;;;;;;
;;;;;;;;;;;;;;;;;;;;
;;;;;;;;;;;;;;;;;;;;
;;;;;;;;;;;;;;;;;;;;
;;;;;;;;;;;;;;;;;;;;
;;;;;;;;;;;;;;;;;;;;
;;;;;;;;;;;;;;;;;;;;
;;;;;;;;;;;;;;;;;;;;
;;;;;;;;;;;;;;;;;;;;
;;;;;;;;;;;;;;;;;;;;
;;;;;;;;;;;;;;;;;;;;
;;;;;;;;;;;;;;;;;;;;
;;;;;;;;;;;;;;;;;;;;
;;;;;;;;;;;;;;;;;;;;
;;;;;;;;;;;;;;;;;;;;
;;;;;;;;;;;;;;;;;;;;
;;;;;;;;;;;;;;;;;;;;
;;;;;;;;;;;;;;;;;;;;
;;;;;;;;;;;;;;;;;;;;
;;;;;;;;;;;;;;;;;;;;
;;;;;;;;;;;;;;;;;;;;
;;;;;;;;;;;;;;;;;;;;
;;;;;;;;;;;;;;;;;;;;
;;;;;;;;;;;;;;;;;;;;
;;;;;;;;;;;;;;;;;;;;
;;;;;;;;;;;;;;;;;;;;
;;;;;;;;;;;;;;;;;;;;
;;;;;;;;;;;;;;;;;;;;
;;;;;;;;;;;;;;;;;;;;
;;;;;;;;;;;;;;;;;;;;
;;;;;;;;;;;;;;;;;;;;
;;;;;;;;;;;;;;;;;;;;
;;;;;;;;;;;;;;;;;;;;
;;;;;;;;;;;;;;;;;;;;
;;;;;;;;;;;;;;;;;;;;
;;;;;;;;;;;;;;;;;;;;
;;;;;;;;;;;;;;;;;;;;
;;;;;;;;;;;;;;;;;;;;
;;;;;;;;;;;;;;;;;;;;
;;;;;;;;;;;;;;;;;;;;
;;;;;;;;;;;;;;;;;;;;
;;;;;;;;;;;;;;;;;;;;
;;;;;;;;;;;;;;;;;;;;
;;;;;;;;;;;;;;;;;;;;
;;;;;;;;;;;;;;;;;;;;
;;;;;;;;;;;;;;;;;;;;
;;;;;;;;;;;;;;;;;;;;
;;;;;;;;;;;;;;;;;;;;
;;;;;;;;;;;;;;;;;;;;
;;;;;;;;;;;;;;;;;;;;
;;;;;;;;;;;;;;;;;;;;
;;;;;;;;;;;;;;;;;;;;
;;;;;;;;;;;;;;;;;;;;
;;;;;;;;;;;;;;;;;;;;
;;;;;;;;;;;;;;;;;;;;
;;;;;;;;;;;;;;;;;;;;
;;;;;;;;;;;;;;;;;;;;
;;;;;;;;;;;;;;;;;;;;
;;;;;;;;;;;;;;;;;;;;
;;;;;;;;;;;;;;;;;;;;
;;;;;;;;;;;;;;;;;;;;
;;;;;;;;;;;;;;;;;;;;
;;;;;;;;;;;;;;;;;;;;
;;;;;;;;;;;;;;;;;;;;
;;;;;;;;;;;;;;;;;;;;
;;;;;;;;;;;;;;;;;;;;
;;;;;;;;;;;;;;;;;;;;
;;;;;;;;;;;;;;;;;;;;
;;;;;;;;;;;;;;;;;;;;
;;;;;;;;;;;;;;;;;;;;
;;;;;;;;;;;;;;;;;;;;
;;;;;;;;;;;;;;;;;;;;
;;;;;;;;;;;;;;;;;;;;
;;;;;;;;;;;;;;;;;;;;
;;;;;;;;;;;;;;;;;;;;
;;;;;;;;;;;;;;;;;;;;
;;;;;;;;;;;;;;;;;;;;
;;;;;;;;;;;;;;;;;;;;
;;;;;;;;;;;;;;;;;;;;
;;;;;;;;;;;;;;;;;;;;
;;;;;;;;;;;;;;;;;;;;
;;;;;;;;;;;;;;;;;;;;
;;;;;;;;;;;;;;;;;;;;
;;;;;;;;;;;;;;;;;;;;
;;;;;;;;;;;;;;;;;;;;
;;;;;;;;;;;;;;;;;;;;
;;;;;;;;;;;;;;;;;;;;
;;;;;;;;;;;;;;;;;;;;
;;;;;;;;;;;;;;;;;;;;
;;;;;;;;;;;;;;;;;;;;
;;;;;;;;;;;;;;;;;;;;
;;;;;;;;;;;;;;;;;;;;
;;;;;;;;;;;;;;;;;;;;
;;;;;;;;;;;;;;;;;;;;
;;;;;;;;;;;;;;;;;;;;
;;;;;;;;;;;;;;;;;;;;
;;;;;;;;;;;;;;;;;;;;
;;;;;;;;;;;;;;;;;;;;
;;;;;;;;;;;;;;;;;;;;
;;;;;;;;;;;;;;;;;;;;
;;;;;;;;;;;;;;;;;;;;
;;;;;;;;;;;;;;;;;;;;
;;;;;;;;;;;;;;;;;;;;
;;;;;;;;;;;;;;;;;;;;
;;;;;;;;;;;;;;;;;;;;
;;;;;;;;;;;;;;;;;;;;
;;;;;;;;;;;;;;;;;;;;
;;;;;;;;;;;;;;;;;;;;
;;;;;;;;;;;;;;;;;;;;
;;;;;;;;;;;;;;;;;;;;
;;;;;;;;;;;;;;;;;;;;
;;;;;;;;;;;;;;;;;;;;
;;;;;;;;;;;;;;;;;;;;
;;;;;;;;;;;;;;;;;;;;
;;;;;;;;;;;;;;;;;;;;
;;;;;;;;;;;;;;;;;;;;
;;;;;;;;;;;;;;;;;;;;
;;;;;;;;;;;;;;;;;;;;
;;;;;;;;;;;;;;;;;;;;
;;;;;;;;;;;;;;;;;;;;
;;;;;;;;;;;;;;;;;;;;
;;;;;;;;;;;;;;;;;;;;
;;;;;;;;;;;;;;;;;;;;
;;;;;;;;;;;;;;;;;;;;
;;;;;;;;;;;;;;;;;;;;
;;;;;;;;;;;;;;;;;;;;
;;;;;;;;;;;;;;;;;;;;
;;;;;;;;;;;;;;;;;;;;
;;;;;;;;;;;;;;;;;;;;
;;;;;;;;;;;;;;;;;;;;
;;;;;;;;;;;;;;;;;;;;
;;;;;;;;;;;;;;;;;;;;
;;;;;;;;;;;;;;;;;;;;
;;;;;;;;;;;;;;;;;;;;
;;;;;;;;;;;;;;;;;;;;
;;;;;;;;;;;;;;;;;;;;
;;;;;;;;;;;;;;;;;;;;
;;;;;;;;;;;;;;;;;;;;
;;;;;;;;;;;;;;;;;;;;
;;;;;;;;;;;;;;;;;;;;
;;;;;;;;;;;;;;;;;;;;
;;;;;;;;;;;;;;;;;;;;
;;;;;;;;;;;;;;;;;;;;
;;;;;;;;;;;;;;;;;;;;
;;;;;;;;;;;;;;;;;;;;
;;;;;;;;;;;;;;;;;;;;
;;;;;;;;;;;;;;;;;;;;
;;;;;;;;;;;;;;;;;;;;
;;;;;;;;;;;;;;;;;;;;
;;;;;;;;;;;;;;;;;;;;
;;;;;;;;;;;;;;;;;;;;
;;;;;;;;;;;;;;;;;;;;
;;;;;;;;;;;;;;;;;;;;
;;;;;;;;;;;;;;;;;;;;
;;;;;;;;;;;;;;;;;;;;
;;;;;;;;;;;;;;;;;;;;
;;;;;;;;;;;;;;;;;;;;
;;;;;;;;;;;;;;;;;;;;
;;;;;;;;;;;;;;;;;;;;
;;;;;;;;;;;;;;;;;;;;
;;;;;;;;;;;;;;;;;;;;
;;;;;;;;;;;;;;;;;;;;
;;;;;;;;;;;;;;;;;;;;
;;;;;;;;;;;;;;;;;;;;
;;;;;;;;;;;;;;;;;;;;
;;;;;;;;;;;;;;;;;;;;
;;;;;;;;;;;;;;;;;;;;
;;;;;;;;;;;;;;;;;;;;
;;;;;;;;;;;;;;;;;;;;
;;;;;;;;;;;;;;;;;;;;
;;;;;;;;;;;;;;;;;;;;
;;;;;;;;;;;;;;;;;;;;
;;;;;;;;;;;;;;;;;;;;
;;;;;;;;;;;;;;;;;;;;
;;;;;;;;;;;;;;;;;;;;
;;;;;;;;;;;;;;;;;;;;
;;;;;;;;;;;;;;;;;;;;
;;;;;;;;;;;;;;;;;;;;
;;;;;;;;;;;;;;;;;;;;
;;;;;;;;;;;;;;;;;;;;
;;;;;;;;;;;;;;;;;;;;
;;;;;;;;;;;;;;;;;;;;
;;;;;;;;;;;;;;;;;;;;
;;;;;;;;;;;;;;;;;;;;
;;;;;;;;;;;;;;;;;;;;
;;;;;;;;;;;;;;;;;;;;
;;;;;;;;;;;;;;;;;;;;
;;;;;;;;;;;;;;;;;;;;
;;;;;;;;;;;;;;;;;;;;
;;;;;;;;;;;;;;;;;;;;
;;;;;;;;;;;;;;;;;;;;
;;;;;;;;;;;;;;;;;;;;
;;;;;;;;;;;;;;;;;;;;
;;;;;;;;;;;;;;;;;;;;
;;;;;;;;;;;;;;;;;;;;
;;;;;;;;;;;;;;;;;;;;
;;;;;;;;;;;;;;;;;;;;
;;;;;;;;;;;;;;;;;;;;
;;;;;;;;;;;;;;;;;;;;
;;;;;;;;;;;;;;;;;;;;
;;;;;;;;;;;;;;;;;;;;
;;;;;;;;;;;;;;;;;;;;
;;;;;;;;;;;;;;;;;;;;
;;;;;;;;;;;;;;;;;;;;
;;;;;;;;;;;;;;;;;;;;
;;;;;;;;;;;;;;;;;;;;
;;;;;;;;;;;;;;;;;;;;
;;;;;;;;;;;;;;;;;;;;
;;;;;;;;;;;;;;;;;;;;
;;;;;;;;;;;;;;;;;;;;
;;;;;;;;;;;;;;;;;;;;
;;;;;;;;;;;;;;;;;;;;
;;;;;;;;;;;;;;;;;;;;
;;;;;;;;;;;;;;;;;;;;
;;;;;;;;;;;;;;;;;;;;
;;;;;;;;;;;;;;;;;;;;
;;;;;;;;;;;;;;;;;;;;
;;;;;;;;;;;;;;;;;;;;
;;;;;;;;;;;;;;;;;;;;
;;;;;;;;;;;;;;;;;;;;
;;;;;;;;;;;;;;;;;;;;
;;;;;;;;;;;;;;;;;;;;
;;;;;;;;;;;;;;;;;;;;
;;;;;;;;;;;;;;;;;;;;
;;;;;;;;;;;;;;;;;;;;
;;;;;;;;;;;;;;;;;;;;
;;;;;;;;;;;;;;;;;;;;
;;;;;;;;;;;;;;;;;;;;
;;;;;;;;;;;;;;;;;;;;
;;;;;;;;;;;;;;;;;;;;
;;;;;;;;;;;;;;;;;;;;
;;;;;;;;;;;;;;;;;;;;
;;;;;;;;;;;;;;;;;;;;
;;;;;;;;;;;;;;;;;;;;
;;;;;;;;;;;;;;;;;;;;
;;;;;;;;;;;;;;;;;;;;
;;;;;;;;;;;;;;;;;;;;
;;;;;;;;;;;;;;;;;;;;
;;;;;;;;;;;;;;;;;;;;
;;;;;;;;;;;;;;;;;;;;
;;;;;;;;;;;;;;;;;;;;
;;;;;;;;;;;;;;;;;;;;
;;;;;;;;;;;;;;;;;;;;
;;;;;;;;;;;;;;;;;;;;
;;;;;;;;;;;;;;;;;;;;
;;;;;;;;;;;;;;;;;;;;
;;;;;;;;;;;;;;;;;;;;
;;;;;;;;;;;;;;;;;;;;
;;;;;;;;;;;;;;;;;;;;
;;;;;;;;;;;;;;;;;;;;
;;;;;;;;;;;;;;;;;;;;
;;;;;;;;;;;;;;;;;;;;
;;;;;;;;;;;;;;;;;;;;
;;;;;;;;;;;;;;;;;;;;
;;;;;;;;;;;;;;;;;;;;
;;;;;;;;;;;;;;;;;;;;
;;;;;;;;;;;;;;;;;;;;
;;;;;;;;;;;;;;;;;;;;
;;;;;;;;;;;;;;;;;;;;
;;;;;;;;;;;;;;;;;;;;
;;;;;;;;;;;;;;;;;;;;
;;;;;;;;;;;;;;;;;;;;
;;;;;;;;;;;;;;;;;;;;
;;;;;;;;;;;;;;;;;;;;
;;;;;;;;;;;;;;;;;;;;
;;;;;;;;;;;;;;;;;;;;
;;;;;;;;;;;;;;;;;;;;
;;;;;;;;;;;;;;;;;;;;
;;;;;;;;;;;;;;;;;;;;
;;;;;;;;;;;;;;;;;;;;
;;;;;;;;;;;;;;;;;;;;
;;;;;;;;;;;;;;;;;;;;
;;;;;;;;;;;;;;;;;;;;
;;;;;;;;;;;;;;;;;;;;
;;;;;;;;;;;;;;;;;;;;
;;;;;;;;;;;;;;;;;;;;
;;;;;;;;;;;;;;;;;;;;
;;;;;;;;;;;;;;;;;;;;
;;;;;;;;;;;;;;;;;;;;
;;;;;;;;;;;;;;;;;;;;
;;;;;;;;;;;;;;;;;;;;
;;;;;;;;;;;;;;;;;;;;
;;;;;;;;;;;;;;;;;;;;
;;;;;;;;;;;;;;;;;;;;
;;;;;;;;;;;;;;;;;;;;
;;;;;;;;;;;;;;;;;;;;
;;;;;;;;;;;;;;;;;;;;
;;;;;;;;;;;;;;;;;;;;
;;;;;;;;;;;;;;;;;;;;
;;;;;;;;;;;;;;;;;;;;
;;;;;;;;;;;;;;;;;;;;
;;;;;;;;;;;;;;;;;;;;
;;;;;;;;;;;;;;;;;;;;
;;;;;;;;;;;;;;;;;;;;
;;;;;;;;;;;;;;;;;;;;
;;;;;;;;;;;;;;;;;;;;
;;;;;;;;;;;;;;;;;;;;
;;;;;;;;;;;;;;;;;;;;
;;;;;;;;;;;;;;;;;;;;
;;;;;;;;;;;;;;;;;;;;
;;;;;;;;;;;;;;;;;;;;
;;;;;;;;;;;;;;;;;;;;
;;;;;;;;;;;;;;;;;;;;
;;;;;;;;;;;;;;;;;;;;
;;;;;;;;;;;;;;;;;;;;
;;;;;;;;;;;;;;;;;;;;
;;;;;;;;;;;;;;;;;;;;
;;;;;;;;;;;;;;;;;;;;
;;;;;;;;;;;;;;;;;;;;
;;;;;;;;;;;;;;;;;;;;
;;;;;;;;;;;;;;;;;;;;
;;;;;;;;;;;;;;;;;;;;
;;;;;;;;;;;;;;;;;;;;
;;;;;;;;;;;;;;;;;;;;
;;;;;;;;;;;;;;;;;;;;
;;;;;;;;;;;;;;;;;;;;
;;;;;;;;;;;;;;;;;;;;
;;;;;;;;;;;;;;;;;;;;
;;;;;;;;;;;;;;;;;;;;
;;;;;;;;;;;;;;;;;;;;
;;;;;;;;;;;;;;;;;;;;
;;;;;;;;;;;;;;;;;;;;
;;;;;;;;;;;;;;;;;;;;
;;;;;;;;;;;;;;;;;;;;
;;;;;;;;;;;;;;;;;;;;
;;;;;;;;;;;;;;;;;;;;
;;;;;;;;;;;;;;;;;;;;
;;;;;;;;;;;;;;;;;;;;
;;;;;;;;;;;;;;;;;;;;
;;;;;;;;;;;;;;;;;;;;
;;;;;;;;;;;;;;;;;;;;
;;;;;;;;;;;;;;;;;;;;
;;;;;;;;;;;;;;;;;;;;
;;;;;;;;;;;;;;;;;;;;
;;;;;;;;;;;;;;;;;;;;
;;;;;;;;;;;;;;;;;;;;
;;;;;;;;;;;;;;;;;;;;
;;;;;;;;;;;;;;;;;;;;
;;;;;;;;;;;;;;;;;;;;
;;;;;;;;;;;;;;;;;;;;
;;;;;;;;;;;;;;;;;;;;
;;;;;;;;;;;;;;;;;;;;
;;;;;;;;;;;;;;;;;;;;
;;;;;;;;;;;;;;;;;;;;
;;;;;;;;;;;;;;;;;;;;
;;;;;;;;;;;;;;;;;;;;
;;;;;;;;;;;;;;;;;;;;
;;;;;;;;;;;;;;;;;;;;
;;;;;;;;;;;;;;;;;;;;
;;;;;;;;;;;;;;;;;;;;
;;;;;;;;;;;;;;;;;;;;
;;;;;;;;;;;;;;;;;;;;
;;;;;;;;;;;;;;;;;;;;
;;;;;;;;;;;;;;;;;;;;
;;;;;;;;;;;;;;;;;;;;
;;;;;;;;;;;;;;;;;;;;
;;;;;;;;;;;;;;;;;;;;
;;;;;;;;;;;;;;;;;;;;
;;;;;;;;;;;;;;;;;;;;
;;;;;;;;;;;;;;;;;;;;
;;;;;;;;;;;;;;;;;;;;
;;;;;;;;;;;;;;;;;;;;
;;;;;;;;;;;;;;;;;;;;
;;;;;;;;;;;;;;;;;;;;
;;;;;;;;;;;;;;;;;;;;
;;;;;;;;;;;;;;;;;;;;
;;;;;;;;;;;;;;;;;;;;
;;;;;;;;;;;;;;;;;;;;
;;;;;;;;;;;;;;;;;;;;
;;;;;;;;;;;;;;;;;;;;
;;;;;;;;;;;;;;;;;;;;
;;;;;;;;;;;;;;;;;;;;
;;;;;;;;;;;;;;;;;;;;
;;;;;;;;;;;;;;;;;;;;
;;;;;;;;;;;;;;;;;;;;
;;;;;;;;;;;;;;;;;;;;
;;;;;;;;;;;;;;;;;;;;
;;;;;;;;;;;;;;;;;;;;
;;;;;;;;;;;;;;;;;;;;
;;;;;;;;;;;;;;;;;;;;
;;;;;;;;;;;;;;;;;;;;
;;;;;;;;;;;;;;;;;;;;
;;;;;;;;;;;;;;;;;;;;
;;;;;;;;;;;;;;;;;;;;
;;;;;;;;;;;;;;;;;;;;
;;;;;;;;;;;;;;;;;;;;
;;;;;;;;;;;;;;;;;;;;
;;;;;;;;;;;;;;;;;;;;
;;;;;;;;;;;;;;;;;;;;
;;;;;;;;;;;;;;;;;;;;
;;;;;;;;;;;;;;;;;;;;
;;;;;;;;;;;;;;;;;;;;
;;;;;;;;;;;;;;;;;;;;
;;;;;;;;;;;;;;;;;;;;
;;;;;;;;;;;;;;;;;;;;
;;;;;;;;;;;;;;;;;;;;
;;;;;;;;;;;;;;;;;;;;
;;;;;;;;;;;;;;;;;;;;
;;;;;;;;;;;;;;;;;;;;
;;;;;;;;;;;;;;;;;;;;
;;;;;;;;;;;;;;;;;;;;
;;;;;;;;;;;;;;;;;;;;
;;;;;;;;;;;;;;;;;;;;
;;;;;;;;;;;;;;;;;;;;
;;;;;;;;;;;;;;;;;;;;
;;;;;;;;;;;;;;;;;;;;
;;;;;;;;;;;;;;;;;;;;
;;;;;;;;;;;;;;;;;;;;
;;;;;;;;;;;;;;;;;;;;
;;;;;;;;;;;;;;;;;;;;
;;;;;;;;;;;;;;;;;;;;
;;;;;;;;;;;;;;;;;;;;
;;;;;;;;;;;;;;;;;;;;
;;;;;;;;;;;;;;;;;;;;
;;;;;;;;;;;;;;;;;;;;
;;;;;;;;;;;;;;;;;;;;
;;;;;;;;;;;;;;;;;;;;
;;;;;;;;;;;;;;;;;;;;
;;;;;;;;;;;;;;;;;;;;
;;;;;;;;;;;;;;;;;;;;
;;;;;;;;;;;;;;;;;;;;
;;;;;;;;;;;;;;;;;;;;
;;;;;;;;;;;;;;;;;;;;
;;;;;;;;;;;;;;;;;;;;
;;;;;;;;;;;;;;;;;;;;
;;;;;;;;;;;;;;;;;;;;
;;;;;;;;;;;;;;;;;;;;
;;;;;;;;;;;;;;;;;;;;
;;;;;;;;;;;;;;;;;;;;
;;;;;;;;;;;;;;;;;;;;
;;;;;;;;;;;;;;;;;;;;
;;;;;;;;;;;;;;;;;;;;
;;;;;;;;;;;;;;;;;;;;
;;;;;;;;;;;;;;;;;;;;
;;;;;;;;;;;;;;;;;;;;
;;;;;;;;;;;;;;;;;;;;
;;;;;;;;;;;;;;;;;;;;
;;;;;;;;;;;;;;;;;;;;
;;;;;;;;;;;;;;;;;;;;
;;;;;;;;;;;;;;;;;;;;
;;;;;;;;;;;;;;;;;;;;
;;;;;;;;;;;;;;;;;;;;
;;;;;;;;;;;;;;;;;;;;
;;;;;;;;;;;;;;;;;;;;
;;;;;;;;;;;;;;;;;;;;
;;;;;;;;;;;;;;;;;;;;
;;;;;;;;;;;;;;;;;;;;
;;;;;;;;;;;;;;;;;;;;
;;;;;;;;;;;;;;;;;;;;
;;;;;;;;;;;;;;;;;;;;
;;;;;;;;;;;;;;;;;;;;
;;;;;;;;;;;;;;;;;;;;
;;;;;;;;;;;;;;;;;;;;
;;;;;;;;;;;;;;;;;;;;
;;;;;;;;;;;;;;;;;;;;
;;;;;;;;;;;;;;;;;;;;
;;;;;;;;;;;;;;;;;;;;
;;;;;;;;;;;;;;;;;;;;
;;;;;;;;;;;;;;;;;;;;
;;;;;;;;;;;;;;;;;;;;
;;;;;;;;;;;;;;;;;;;;
;;;;;;;;;;;;;;;;;;;;
;;;;;;;;;;;;;;;;;;;;
;;;;;;;;;;;;;;;;;;;;
;;;;;;;;;;;;;;;;;;;;
;;;;;;;;;;;;;;;;;;;;
;;;;;;;;;;;;;;;;;;;;
;;;;;;;;;;;;;;;;;;;;
;;;;;;;;;;;;;;;;;;;;
;;;;;;;;;;;;;;;;;;;;
;;;;;;;;;;;;;;;;;;;;
;;;;;;;;;;;;;;;;;;;;
;;;;;;;;;;;;;;;;;;;;
;;;;;;;;;;;;;;;;;;;;
;;;;;;;;;;;;;;;;;;;;
;;;;;;;;;;;;;;;;;;;;
;;;;;;;;;;;;;;;;;;;;
;;;;;;;;;;;;;;;;;;;;
;;;;;;;;;;;;;;;;;;;;
;;;;;;;;;;;;;;;;;;;;
;;;;;;;;;;;;;;;;;;;;
;;;;;;;;;;;;;;;;;;;;
;;;;;;;;;;;;;;;;;;;;
;;;;;;;;;;;;;;;;;;;;
;;;;;;;;;;;;;;;;;;;;
;;;;;;;;;;;;;;;;;;;;
;;;;;;;;;;;;;;;;;;;;
;;;;;;;;;;;;;;;;;;;;
;;;;;;;;;;;;;;;;;;;;
;;;;;;;;;;;;;;;;;;;;
;;;;;;;;;;;;;;;;;;;;
;;;;;;;;;;;;;;;;;;;;
;;;;;;;;;;;;;;;;;;;;
;;;;;;;;;;;;;;;;;;;;
;;;;;;;;;;;;;;;;;;;;
;;;;;;;;;;;;;;;;;;;;
;;;;;;;;;;;;;;;;;;;;
;;;;;;;;;;;;;;;;;;;;
;;;;;;;;;;;;;;;;;;;;
;;;;;;;;;;;;;;;;;;;;
;;;;;;;;;;;;;;;;;;;;
;;;;;;;;;;;;;;;;;;;;
;;;;;;;;;;;;;;;;;;;;
;;;;;;;;;;;;;;;;;;;;
;;;;;;;;;;;;;;;;;;;;
;;;;;;;;;;;;;;;;;;;;
;;;;;;;;;;;;;;;;;;;;
;;;;;;;;;;;;;;;;;;;;
;;;;;;;;;;;;;;;;;;;;
;;;;;;;;;;;;;;;;;;;;
;;;;;;;;;;;;;;;;;;;;
;;;;;;;;;;;;;;;;;;;;
;;;;;;;;;;;;;;;;;;;;
;;;;;;;;;;;;;;;;;;;;
;;;;;;;;;;;;;;;;;;;;
;;;;;;;;;;;;;;;;;;;;
;;;;;;;;;;;;;;;;;;;;
;;;;;;;;;;;;;;;;;;;;
;;;;;;;;;;;;;;;;;;;;
;;;;;;;;;;;;;;;;;;;;
;;;;;;;;;;;;;;;;;;;;
;;;;;;;;;;;;;;;;;;;;
;;;;;;;;;;;;;;;;;;;;
;;;;;;;;;;;;;;;;;;;;
;;;;;;;;;;;;;;;;;;;;
;;;;;;;;;;;;;;;;;;;;
;;;;;;;;;;;;;;;;;;;;
;;;;;;;;;;;;;;;;;;;;
;;;;;;;;;;;;;;;;;;;;
;;;;;;;;;;;;;;;;;;;;
;;;;;;;;;;;;;;;;;;;;
;;;;;;;;;;;;;;;;;;;;
;;;;;;;;;;;;;;;;;;;;
;;;;;;;;;;;;;;;;;;;;
;;;;;;;;;;;;;;;;;;;;
;;;;;;;;;;;;;;;;;;;;
;;;;;;;;;;;;;;;;;;;;
;;;;;;;;;;;;;;;;;;;;
;;;;;;;;;;;;;;;;;;;;
;;;;;;;;;;;;;;;;;;;;
;;;;;;;;;;;;;;;;;;;;
;;;;;;;;;;;;;;;;;;;;
;;;;;;;;;;;;;;;;;;;;
;;;;;;;;;;;;;;;;;;;;
;;;;;;;;;;;;;;;;;;;;
;;;;;;;;;;;;;;;;;;;;
;;;;;;;;;;;;;;;;;;;;
;;;;;;;;;;;;;;;;;;;;
;;;;;;;;;;;;;;;;;;;;
;;;;;;;;;;;;;;;;;;;;
;;;;;;;;;;;;;;;;;;;;
;;;;;;;;;;;;;;;;;;;;
;;;;;;;;;;;;;;;;;;;;
;;;;;;;;;;;;;;;;;;;;
;;;;;;;;;;;;;;;;;;;;
;;;;;;;;;;;;;;;;;;;;
;;;;;;;;;;;;;;;;;;;;
;;;;;;;;;;;;;;;;;;;;
;;;;;;;;;;;;;;;;;;;;
;;;;;;;;;;;;;;;;;;;;
;;;;;;;;;;;;;;;;;;;;
;;;;;;;;;;;;;;;;;;;;
;;;;;;;;;;;;;;;;;;;;
;;;;;;;;;;;;;;;;;;;;
;;;;;;;;;;;;;;;;;;;;
;;;;;;;;;;;;;;;;;;;;
;;;;;;;;;;;;;;;;;;;;
;;;;;;;;;;;;;;;;;;;;
;;;;;;;;;;;;;;;;;;;;
;;;;;;;;;;;;;;;;;;;;
;;;;;;;;;;;;;;;;;;;;
;;;;;;;;;;;;;;;;;;;;
;;;;;;;;;;;;;;;;;;;;
;;;;;;;;;;;;;;;;;;;;
;;;;;;;;;;;;;;;;;;;;
;;;;;;;;;;;;;;;;;;;;
;;;;;;;;;;;;;;;;;;;;
;;;;;;;;;;;;;;;;;;;;
;;;;;;;;;;;;;;;;;;;;
;;;;;;;;;;;;;;;;;;;;
;;;;;;;;;;;;;;;;;;;;
;;;;;;;;;;;;;;;;;;;;
;;;;;;;;;;;;;;;;;;;;
;;;;;;;;;;;;;;;;;;;;
;;;;;;;;;;;;;;;;;;;;
;;;;;;;;;;;;;;;;;;;;
;;;;;;;;;;;;;;;;;;;;
;;;;;;;;;;;;;;;;;;;;
;;;;;;;;;;;;;;;;;;;;
;;;;;;;;;;;;;;;;;;;;
;;;;;;;;;;;;;;;;;;;;
;;;;;;;;;;;;;;;;;;;;
;;;;;;;;;;;;;;;;;;;;
;;;;;;;;;;;;;;;;;;;;
;;;;;;;;;;;;;;;;;;;;
;;;;;;;;;;;;;;;;;;;;
;;;;;;;;;;;;;;;;;;;;
;;;;;;;;;;;;;;;;;;;;
;;;;;;;;;;;;;;;;;;;;
;;;;;;;;;;;;;;;;;;;;
;;;;;;;;;;;;;;;;;;;;
;;;;;;;;;;;;;;;;;;;;
;;;;;;;;;;;;;;;;;;;;
;;;;;;;;;;;;;;;;;;;;
;;;;;;;;;;;;;;;;;;;;
;;;;;;;;;;;;;;;;;;;;
;;;;;;;;;;;;;;;;;;;;
;;;;;;;;;;;;;;;;;;;;
;;;;;;;;;;;;;;;;;;;;
;;;;;;;;;;;;;;;;;;;;
;;;;;;;;;;;;;;;;;;;;
;;;;;;;;;;;;;;;;;;;;
;;;;;;;;;;;;;;;;;;;;
;;;;;;;;;;;;;;;;;;;;
;;;;;;;;;;;;;;;;;;;;
;;;;;;;;;;;;;;;;;;;;
;;;;;;;;;;;;;;;;;;;;
;;;;;;;;;;;;;;;;;;;;
;;;;;;;;;;;;;;;;;;;;
;;;;;;;;;;;;;;;;;;;;
;;;;;;;;;;;;;;;;;;;;
;;;;;;;;;;;;;;;;;;;;
;;;;;;;;;;;;;;;;;;;;
;;;;;;;;;;;;;;;;;;;;
;;;;;;;;;;;;;;;;;;;;
;;;;;;;;;;;;;;;;;;;;
;;;;;;;;;;;;;;;;;;;;
;;;;;;;;;;;;;;;;;;;;
;;;;;;;;;;;;;;;;;;;;
;;;;;;;;;;;;;;;;;;;;
;;;;;;;;;;;;;;;;;;;;
;;;;;;;;;;;;;;;;;;;;
;;;;;;;;;;;;;;;;;;;;
;;;;;;;;;;;;;;;;;;;;
;;;;;;;;;;;;;;;;;;;;
;;;;;;;;;;;;;;;;;;;;
;;;;;;;;;;;;;;;;;;;;
;;;;;;;;;;;;;;;;;;;;
;;;;;;;;;;;;;;;;;;;;
;;;;;;;;;;;;;;;;;;;;
;;;;;;;;;;;;;;;;;;;;
;;;;;;;;;;;;;;;;;;;;
;;;;;;;;;;;;;;;;;;;;
;;;;;;;;;;;;;;;;;;;;
;;;;;;;;;;;;;;;;;;;;
;;;;;;;;;;;;;;;;;;;;
;;;;;;;;;;;;;;;;;;;;
;;;;;;;;;;;;;;;;;;;;
;;;;;;;;;;;;;;;;;;;;
;;;;;;;;;;;;;;;;;;;;
;;;;;;;;;;;;;;;;;;;;
;;;;;;;;;;;;;;;;;;;;
;;;;;;;;;;;;;;;;;;;;
;;;;;;;;;;;;;;;;;;;;
;;;;;;;;;;;;;;;;;;;;
;;;;;;;;;;;;;;;;;;;;
;;;;;;;;;;;;;;;;;;;;
;;;;;;;;;;;;;;;;;;;;
;;;;;;;;;;;;;;;;;;;;
;;;;;;;;;;;;;;;;;;;;
;;;;;;;;;;;;;;;;;;;;
;;;;;;;;;;;;;;;;;;;;
;;;;;;;;;;;;;;;;;;;;
;;;;;;;;;;;;;;;;;;;;
;;;;;;;;;;;;;;;;;;;;
;;;;;;;;;;;;;;;;;;;;
;;;;;;;;;;;;;;;;;;;;
;;;;;;;;;;;;;;;;;;;;
;;;;;;;;;;;;;;;;;;;;
;;;;;;;;;;;;;;;;;;;;
;;;;;;;;;;;;;;;;;;;;
;;;;;;;;;;;;;;;;;;;;
;;;;;;;;;;;;;;;;;;;;
;;;;;;;;;;;;;;;;;;;;
;;;;;;;;;;;;;;;;;;;;
;;;;;;;;;;;;;;;;;;;;
;;;;;;;;;;;;;;;;;;;;
;;;;;;;;;;;;;;;;;;;;
;;;;;;;;;;;;;;;;;;;;
;;;;;;;;;;;;;;;;;;;;
;;;;;;;;;;;;;;;;;;;;
;;;;;;;;;;;;;;;;;;;;
;;;;;;;;;;;;;;;;;;;;
;;;;;;;;;;;;;;;;;;;;
;;;;;;;;;;;;;;;;;;;;
;;;;;;;;;;;;;;;;;;;;
;;;;;;;;;;;;;;;;;;;;
;;;;;;;;;;;;;;;;;;;;
;;;;;;;;;;;;;;;;;;;;
;;;;;;;;;;;;;;;;;;;;
;;;;;;;;;;;;;;;;;;;;
;;;;;;;;;;;;;;;;;;;;
;;;;;;;;;;;;;;;;;;;;
;;;;;;;;;;;;;;;;;;;;
;;;;;;;;;;;;;;;;;;;;
;;;;;;;;;;;;;;;;;;;;
;;;;;;;;;;;;;;;;;;;;
;;;;;;;;;;;;;;;;;;;;
;;;;;;;;;;;;;;;;;;;;
;;;;;;;;;;;;;;;;;;;;
;;;;;;;;;;;;;;;;;;;;
;;;;;;;;;;;;;;;;;;;;
;;;;;;;;;;;;;;;;;;;;
;;;;;;;;;;;;;;;;;;;;
;;;;;;;;;;;;;;;;;;;;
;;;;;;;;;;;;;;;;;;;;
;;;;;;;;;;;;;;;;;;;;
;;;;;;;;;;;;;;;;;;;;
;;;;;;;;;;;;;;;;;;;;
;;;;;;;;;;;;;;;;;;;;
;;;;;;;;;;;;;;;;;;;;
;;;;;;;;;;;;;;;;;;;;
;;;;;;;;;;;;;;;;;;;;
;;;;;;;;;;;;;;;;;;;;
;;;;;;;;;;;;;;;;;;;;
;;;;;;;;;;;;;;;;;;;;
;;;;;;;;;;;;;;;;;;;;
;;;;;;;;;;;;;;;;;;;;
;;;;;;;;;;;;;;;;;;;;
;;;;;;;;;;;;;;;;;;;;
;;;;;;;;;;;;;;;;;;;;
;;;;;;;;;;;;;;;;;;;;
;;;;;;;;;;;;;;;;;;;;
;;;;;;;;;;;;;;;;;;;;
;;;;;;;;;;;;;;;;;;;;
;;;;;;;;;;;;;;;;;;;;
;;;;;;;;;;;;;;;;;;;;
;;;;;;;;;;;;;;;;;;;;
;;;;;;;;;;;;;;;;;;;;
;;;;;;;;;;;;;;;;;;;;
;;;;;;;;;;;;;;;;;;;;
;;;;;;;;;;;;;;;;;;;;
;;;;;;;;;;;;;;;;;;;;
;;;;;;;;;;;;;;;;;;;;
;;;;;;;;;;;;;;;;;;;;
;;;;;;;;;;;;;;;;;;;;
;;;;;;;;;;;;;;;;;;;;
;;;;;;;;;;;;;;;;;;;;
;;;;;;;;;;;;;;;;;;;;
;;;;;;;;;;;;;;;;;;;;
;;;;;;;;;;;;;;;;;;;;
;;;;;;;;;;;;;;;;;;;;
;;;;;;;;;;;;;;;;;;;;
;;;;;;;;;;;;;;;;;;;;
;;;;;;;;;;;;;;;;;;;;
;;;;;;;;;;;;;;;;;;;;
;;;;;;;;;;;;;;;;;;;;
;;;;;;;;;;;;;;;;;;;;
;;;;;;;;;;;;;;;;;;;;
;;;;;;;;;;;;;;;;;;;;
;;;;;;;;;;;;;;;;;;;;
;;;;;;;;;;;;;;;;;;;;
;;;;;;;;;;;;;;;;;;;;
;;;;;;;;;;;;;;;;;;;;
;;;;;;;;;;;;;;;;;;;;
;;;;;;;;;;;;;;;;;;;;
;;;;;;;;;;;;;;;;;;;;
;;;;;;;;;;;;;;;;;;;;
;;;;;;;;;;;;;;;;;;;;
;;;;;;;;;;;;;;;;;;;;
;;;;;;;;;;;;;;;;;;;;
;;;;;;;;;;;;;;;;;;;;
;;;;;;;;;;;;;;;;;;;;
;;;;;;;;;;;;;;;;;;;;
;;;;;;;;;;;;;;;;;;;;
;;;;;;;;;;;;;;;;;;;;
;;;;;;;;;;;;;;;;;;;;
;;;;;;;;;;;;;;;;;;;;
;;;;;;;;;;;;;;;;;;;;
;;;;;;;;;;;;;;;;;;;;
;;;;;;;;;;;;;;;;;;;;
;;;;;;;;;;;;;;;;;;;;
;;;;;;;;;;;;;;;;;;;;
;;;;;;;;;;;;;;;;;;;;
;;;;;;;;;;;;;;;;;;;;
;;;;;;;;;;;;;;;;;;;;
;;;;;;;;;;;;;;;;;;;;
;;;;;;;;;;;;;;;;;;;;
;;;;;;;;;;;;;;;;;;;;
;;;;;;;;;;;;;;;;;;;;
;;;;;;;;;;;;;;;;;;;;
;;;;;;;;;;;;;;;;;;;;
;;;;;;;;;;;;;;;;;;;;
;;;;;;;;;;;;;;;;;;;;
;;;;;;;;;;;;;;;;;;;;
;;;;;;;;;;;;;;;;;;;;
;;;;;;;;;;;;;;;;;;;;
;;;;;;;;;;;;;;;;;;;;
;;;;;;;;;;;;;;;;;;;;
;;;;;;;;;;;;;;;;;;;;
;;;;;;;;;;;;;;;;;;;;
;;;;;;;;;;;;;;;;;;;;
;;;;;;;;;;;;;;;;;;;;
;;;;;;;;;;;;;;;;;;;;
;;;;;;;;;;;;;;;;;;;;
;;;;;;;;;;;;;;;;;;;;
;;;;;;;;;;;;;;;;;;;;
;;;;;;;;;;;;;;;;;;;;
;;;;;;;;;;;;;;;;;;;;
;;;;;;;;;;;;;;;;;;;;
;;;;;;;;;;;;;;;;;;;;
;;;;;;;;;;;;;;;;;;;;
;;;;;;;;;;;;;;;;;;;;
;;;;;;;;;;;;;;;;;;;;
;;;;;;;;;;;;;;;;;;;;
;;;;;;;;;;;;;;;;;;;;
;;;;;;;;;;;;;;;;;;;;
;;;;;;;;;;;;;;;;;;;;
;;;;;;;;;;;;;;;;;;;;
;;;;;;;;;;;;;;;;;;;;
;;;;;;;;;;;;;;;;;;;;
;;;;;;;;;;;;;;;;;;;;
;;;;;;;;;;;;;;;;;;;;
;;;;;;;;;;;;;;;;;;;;
;;;;;;;;;;;;;;;;;;;;
;;;;;;;;;;;;;;;;;;;;
;;;;;;;;;;;;;;;;;;;;
;;;;;;;;;;;;;;;;;;;;
;;;;;;;;;;;;;;;;;;;;
;;;;;;;;;;;;;;;;;;;;
;;;;;;;;;;;;;;;;;;;;
;;;;;;;;;;;;;;;;;;;;
;;;;;;;;;;;;;;;;;;;;
;;;;;;;;;;;;;;;;;;;;
;;;;;;;;;;;;;;;;;;;;
;;;;;;;;;;;;;;;;;;;;
;;;;;;;;;;;;;;;;;;;;
;;;;;;;;;;;;;;;;;;;;
;;;;;;;;;;;;;;;;;;;;
;;;;;;;;;;;;;;;;;;;;
;;;;;;;;;;;;;;;;;;;;
;;;;;;;;;;;;;;;;;;;;
;;;;;;;;;;;;;;;;;;;;
;;;;;;;;;;;;;;;;;;;;
;;;;;;;;;;;;;;;;;;;;
;;;;;;;;;;;;;;;;;;;;
;;;;;;;;;;;;;;;;;;;;
;;;;;;;;;;;;;;;;;;;;
;;;;;;;;;;;;;;;;;;;;
;;;;;;;;;;;;;;;;;;;;
;;;;;;;;;;;;;;;;;;;;
;;;;;;;;;;;;;;;;;;;;
;;;;;;;;;;;;;;;;;;;;
;;;;;;;;;;;;;;;;;;;;
;;;;;;;;;;;;;;;;;;;;
;;;;;;;;;;;;;;;;;;;;
;;;;;;;;;;;;;;;;;;;;
;;;;;;;;;;;;;;;;;;;;
;;;;;;;;;;;;;;;;;;;;
;;;;;;;;;;;;;;;;;;;;
;;;;;;;;;;;;;;;;;;;;
;;;;;;;;;;;;;;;;;;;;
;;;;;;;;;;;;;;;;;;;;
;;;;;;;;;;;;;;;;;;;;
;;;;;;;;;;;;;;;;;;;;
;;;;;;;;;;;;;;;;;;;;
;;;;;;;;;;;;;;;;;;;;
;;;;;;;;;;;;;;;;;;;;
;;;;;;;;;;;;;;;;;;;;
;;;;;;;;;;;;;;;;;;;;
;;;;;;;;;;;;;;;;;;;;
;;;;;;;;;;;;;;;;;;;;
;;;;;;;;;;;;;;;;;;;;
;;;;;;;;;;;;;;;;;;;;
;;;;;;;;;;;;;;;;;;;;
;;;;;;;;;;;;;;;;;;;;
;;;;;;;;;;;;;;;;;;;;
;;;;;;;;;;;;;;;;;;;;
;;;;;;;;;;;;;;;;;;;;
;;;;;;;;;;;;;;;;;;;;
;;;;;;;;;;;;;;;;;;;;
;;;;;;;;;;;;;;;;;;;;
;;;;;;;;;;;;;;;;;;;;
;;;;;;;;;;;;;;;;;;;;
;;;;;;;;;;;;;;;;;;;;
;;;;;;;;;;;;;;;;;;;;
;;;;;;;;;;;;;;;;;;;;
;;;;;;;;;;;;;;;;;;;;
;;;;;;;;;;;;;;;;;;;;
;;;;;;;;;;;;;;;;;;;;
;;;;;;;;;;;;;;;;;;;;
;;;;;;;;;;;;;;;;;;;;
;;;;;;;;;;;;;;;;;;;;
;;;;;;;;;;;;;;;;;;;;
;;;;;;;;;;;;;;;;;;;;
;;;;;;;;;;;;;;;;;;;;
;;;;;;;;;;;;;;;;;;;;
;;;;;;;;;;;;;;;;;;;;
;;;;;;;;;;;;;;;;;;;;
;;;;;;;;;;;;;;;;;;;;
;;;;;;;;;;;;;;;;;;;;
;;;;;;;;;;;;;;;;;;;;
;;;;;;;;;;;;;;;;;;;;
;;;;;;;;;;;;;;;;;;;;
;;;;;;;;;;;;;;;;;;;;
;;;;;;;;;;;;;;;;;;;;
;;;;;;;;;;;;;;;;;;;;
;;;;;;;;;;;;;;;;;;;;
;;;;;;;;;;;;;;;;;;;;
;;;;;;;;;;;;;;;;;;;;
;;;;;;;;;;;;;;;;;;;;
;;;;;;;;;;;;;;;;;;;;
;;;;;;;;;;;;;;;;;;;;
;;;;;;;;;;;;;;;;;;;;
;;;;;;;;;;;;;;;;;;;;
;;;;;;;;;;;;;;;;;;;;
;;;;;;;;;;;;;;;;;;;;
;;;;;;;;;;;;;;;;;;;;
;;;;;;;;;;;;;;;;;;;;
;;;;;;;;;;;;;;;;;;;;
;;;;;;;;;;;;;;;;;;;;
;;;;;;;;;;;;;;;;;;;;
;;;;;;;;;;;;;;;;;;;;
;;;;;;;;;;;;;;;;;;;;
;;;;;;;;;;;;;;;;;;;;
;;;;;;;;;;;;;;;;;;;;
;;;;;;;;;;;;;;;;;;;;
;;;;;;;;;;;;;;;;;;;;
;;;;;;;;;;;;;;;;;;;;
;;;;;;;;;;;;;;;;;;;;
;;;;;;;;;;;;;;;;;;;;
;;;;;;;;;;;;;;;;;;;;
;;;;;;;;;;;;;;;;;;;;
;;;;;;;;;;;;;;;;;;;;
;;;;;;;;;;;;;;;;;;;;
;;;;;;;;;;;;;;;;;;;;
;;;;;;;;;;;;;;;;;;;;
;;;;;;;;;;;;;;;;;;;;
;;;;;;;;;;;;;;;;;;;;
;;;;;;;;;;;;;;;;;;;;
;;;;;;;;;;;;;;;;;;;;
;;;;;;;;;;;;;;;;;;;;
;;;;;;;;;;;;;;;;;;;;
;;;;;;;;;;;;;;;;;;;;
;;;;;;;;;;;;;;;;;;;;
;;;;;;;;;;;;;;;;;;;;
;;;;;;;;;;;;;;;;;;;;
;;;;;;;;;;;;;;;;;;;;
;;;;;;;;;;;;;;;;;;;;
;;;;;;;;;;;;;;;;;;;;
;;;;;;;;;;;;;;;;;;;;
;;;;;;;;;;;;;;;;;;;;
;;;;;;;;;;;;;;;;;;;;
;;;;;;;;;;;;;;;;;;;;
;;;;;;;;;;;;;;;;;;;;
;;;;;;;;;;;;;;;;;;;;
;;;;;;;;;;;;;;;;;;;;
;;;;;;;;;;;;;;;;;;;;
;;;;;;;;;;;;;;;;;;;;
;;;;;;;;;;;;;;;;;;;;
;;;;;;;;;;;;;;;;;;;;
;;;;;;;;;;;;;;;;;;;;
;;;;;;;;;;;;;;;;;;;;
;;;;;;;;;;;;;;;;;;;;
;;;;;;;;;;;;;;;;;;;;
;;;;;;;;;;;;;;;;;;;;
;;;;;;;;;;;;;;;;;;;;
;;;;;;;;;;;;;;;;;;;;
;;;;;;;;;;;;;;;;;;;;
;;;;;;;;;;;;;;;;;;;;
;;;;;;;;;;;;;;;;;;;;
;;;;;;;;;;;;;;;;;;;;
;;;;;;;;;;;;;;;;;;;;
;;;;;;;;;;;;;;;;;;;;
;;;;;;;;;;;;;;;;;;;;
;;;;;;;;;;;;;;;;;;;;
;;;;;;;;;;;;;;;;;;;;
;;;;;;;;;;;;;;;;;;;;
;;;;;;;;;;;;;;;;;;;;
;;;;;;;;;;;;;;;;;;;;
;;;;;;;;;;;;;;;;;;;;
;;;;;;;;;;;;;;;;;;;;
;;;;;;;;;;;;;;;;;;;;
;;;;;;;;;;;;;;;;;;;;
;;;;;;;;;;;;;;;;;;;;
;;;;;;;;;;;;;;;;;;;;
;;;;;;;;;;;;;;;;;;;;
;;;;;;;;;;;;;;;;;;;;
;;;;;;;;;;;;;;;;;;;;
;;;;;;;;;;;;;;;;;;;;
;;;;;;;;;;;;;;;;;;;;
;;;;;;;;;;;;;;;;;;;;
;;;;;;;;;;;;;;;;;;;;
;;;;;;;;;;;;;;;;;;;;
;;;;;;;;;;;;;;;;;;;;
;;;;;;;;;;;;;;;;;;;;
;;;;;;;;;;;;;;;;;;;;
;;;;;;;;;;;;;;;;;;;;
;;;;;;;;;;;;;;;;;;;;
;;;;;;;;;;;;;;;;;;;;
;;;;;;;;;;;;;;;;;;;;
;;;;;;;;;;;;;;;;;;;;
;;;;;;;;;;;;;;;;;;;;
;;;;;;;;;;;;;;;;;;;;
;;;;;;;;;;;;;;;;;;;;
;;;;;;;;;;;;;;;;;;;;
;;;;;;;;;;;;;;;;;;;;
;;;;;;;;;;;;;;;;;;;;
;;;;;;;;;;;;;;;;;;;;
;;;;;;;;;;;;;;;;;;;;
;;;;;;;;;;;;;;;;;;;;
;;;;;;;;;;;;;;;;;;;;
;;;;;;;;;;;;;;;;;;;;
;;;;;;;;;;;;;;;;;;;;
;;;;;;;;;;;;;;;;;;;;
;;;;;;;;;;;;;;;;;;;;
;;;;;;;;;;;;;;;;;;;;
;;;;;;;;;;;;;;;;;;;;
;;;;;;;;;;;;;;;;;;;;
;;;;;;;;;;;;;;;;;;;;
;;;;;;;;;;;;;;;;;;;;
;;;;;;;;;;;;;;;;;;;;
;;;;;;;;;;;;;;;;;;;;
;;;;;;;;;;;;;;;;;;;;
;;;;;;;;;;;;;;;;;;;;
;;;;;;;;;;;;;;;;;;;;
;;;;;;;;;;;;;;;;;;;;
;;;;;;;;;;;;;;;;;;;;
;;;;;;;;;;;;;;;;;;;;
;;;;;;;;;;;;;;;;;;;;
;;;;;;;;;;;;;;;;;;;;
;;;;;;;;;;;;;;;;;;;;
;;;;;;;;;;;;;;;;;;;;
;;;;;;;;;;;;;;;;;;;;
;;;;;;;;;;;;;;;;;;;;
;;;;;;;;;;;;;;;;;;;;
;;;;;;;;;;;;;;;;;;;;
;;;;;;;;;;;;;;;;;;;;
;;;;;;;;;;;;;;;;;;;;
;;;;;;;;;;;;;;;;;;;;
;;;;;;;;;;;;;;;;;;;;
;;;;;;;;;;;;;;;;;;;;
;;;;;;;;;;;;;;;;;;;;
;;;;;;;;;;;;;;;;;;;;
;;;;;;;;;;;;;;;;;;;;
;;;;;;;;;;;;;;;;;;;;
;;;;;;;;;;;;;;;;;;;;
;;;;;;;;;;;;;;;;;;;;
;;;;;;;;;;;;;;;;;;;;
;;;;;;;;;;;;;;;;;;;;
;;;;;;;;;;;;;;;;;;;;
;;;;;;;;;;;;;;;;;;;;
;;;;;;;;;;;;;;;;;;;;
;;;;;;;;;;;;;;;;;;;;
;;;;;;;;;;;;;;;;;;;;
;;;;;;;;;;;;;;;;;;;;
;;;;;;;;;;;;;;;;;;;;
;;;;;;;;;;;;;;;;;;;;
;;;;;;;;;;;;;;;;;;;;
;;;;;;;;;;;;;;;;;;;;
;;;;;;;;;;;;;;;;;;;;
;;;;;;;;;;;;;;;;;;;;
;;;;;;;;;;;;;;;;;;;;
;;;;;;;;;;;;;;;;;;;;
;;;;;;;;;;;;;;;;;;;;
;;;;;;;;;;;;;;;;;;;;
;;;;;;;;;;;;;;;;;;;;
;;;;;;;;;;;;;;;;;;;;
;;;;;;;;;;;;;;;;;;;;
;;;;;;;;;;;;;;;;;;;;
;;;;;;;;;;;;;;;;;;;;
;;;;;;;;;;;;;;;;;;;;
;;;;;;;;;;;;;;;;;;;;
;;;;;;;;;;;;;;;;;;;;
;;;;;;;;;;;;;;;;;;;;
;;;;;;;;;;;;;;;;;;;;
;;;;;;;;;;;;;;;;;;;;
;;;;;;;;;;;;;;;;;;;;
;;;;;;;;;;;;;;;;;;;;
;;;;;;;;;;;;;;;;;;;;
;;;;;;;;;;;;;;;;;;;;
;;;;;;;;;;;;;;;;;;;;
;;;;;;;;;;;;;;;;;;;;
;;;;;;;;;;;;;;;;;;;;
;;;;;;;;;;;;;;;;;;;;
;;;;;;;;;;;;;;;;;;;;
;;;;;;;;;;;;;;;;;;;;
;;;;;;;;;;;;;;;;;;;;
;;;;;;;;;;;;;;;;;;;;
;;;;;;;;;;;;;;;;;;;;
;;;;;;;;;;;;;;;;;;;;
;;;;;;;;;;;;;;;;;;;;
;;;;;;;;;;;;;;;;;;;;
;;;;;;;;;;;;;;;;;;;;
;;;;;;;;;;;;;;;;;;;;
;;;;;;;;;;;;;;;;;;;;
;;;;;;;;;;;;;;;;;;;;
;;;;;;;;;;;;;;;;;;;;
;;;;;;;;;;;;;;;;;;;;
;;;;;;;;;;;;;;;;;;;;
;;;;;;;;;;;;;;;;;;;;
;;;;;;;;;;;;;;;;;;;;
;;;;;;;;;;;;;;;;;;;;
;;;;;;;;;;;;;;;;;;;;
;;;;;;;;;;;;;;;;;;;;
;;;;;;;;;;;;;;;;;;;;
;;;;;;;;;;;;;;;;;;;;
;;;;;;;;;;;;;;;;;;;;
;;;;;;;;;;;;;;;;;;;;
;;;;;;;;;;;;;;;;;;;;
;;;;;;;;;;;;;;;;;;;;
;;;;;;;;;;;;;;;;;;;;
;;;;;;;;;;;;;;;;;;;;
;;;;;;;;;;;;;;;;;;;;
;;;;;;;;;;;;;;;;;;;;
;;;;;;;;;;;;;;;;;;;;
;;;;;;;;;;;;;;;;;;;;
;;;;;;;;;;;;;;;;;;;;
;;;;;;;;;;;;;;;;;;;;
;;;;;;;;;;;;;;;;;;;;
;;;;;;;;;;;;;;;;;;;;
;;;;;;;;;;;;;;;;;;;;
;;;;;;;;;;;;;;;;;;;;
;;;;;;;;;;;;;;;;;;;;
;;;;;;;;;;;;;;;;;;;;
;;;;;;;;;;;;;;;;;;;;
;;;;;;;;;;;;;;;;;;;;
;;;;;;;;;;;;;;;;;;;;
;;;;;;;;;;;;;;;;;;;;
;;;;;;;;;;;;;;;;;;;;
;;;;;;;;;;;;;;;;;;;;
;;;;;;;;;;;;;;;;;;;;
;;;;;;;;;;;;;;;;;;;;
;;;;;;;;;;;;;;;;;;;;
;;;;;;;;;;;;;;;;;;;;
;;;;;;;;;;;;;;;;;;;;
;;;;;;;;;;;;;;;;;;;;
;;;;;;;;;;;;;;;;;;;;
;;;;;;;;;;;;;;;;;;;;
;;;;;;;;;;;;;;;;;;;;
;;;;;;;;;;;;;;;;;;;;
;;;;;;;;;;;;;;;;;;;;
;;;;;;;;;;;;;;;;;;;;
;;;;;;;;;;;;;;;;;;;;
;;;;;;;;;;;;;;;;;;;;
;;;;;;;;;;;;;;;;;;;;
;;;;;;;;;;;;;;;;;;;;
;;;;;;;;;;;;;;;;;;;;
;;;;;;;;;;;;;;;;;;;;
;;;;;;;;;;;;;;;;;;;;
;;;;;;;;;;;;;;;;;;;;
;;;;;;;;;;;;;;;;;;;;
;;;;;;;;;;;;;;;;;;;;
;;;;;;;;;;;;;;;;;;;;
;;;;;;;;;;;;;;;;;;;;
;;;;;;;;;;;;;;;;;;;;
;;;;;;;;;;;;;;;;;;;;
;;;;;;;;;;;;;;;;;;;;
;;;;;;;;;;;;;;;;;;;;
;;;;;;;;;;;;;;;;;;;;
;;;;;;;;;;;;;;;;;;;;
;;;;;;;;;;;;;;;;;;;;
;;;;;;;;;;;;;;;;;;;;
;;;;;;;;;;;;;;;;;;;;
;;;;;;;;;;;;;;;;;;;;
;;;;;;;;;;;;;;;;;;;;
;;;;;;;;;;;;;;;;;;;;
;;;;;;;;;;;;;;;;;;;;
;;;;;;;;;;;;;;;;;;;;
;;;;;;;;;;;;;;;;;;;;
;;;;;;;;;;;;;;;;;;;;
;;;;;;;;;;;;;;;;;;;;
;;;;;;;;;;;;;;;;;;;;
;;;;;;;;;;;;;;;;;;;;
;;;;;;;;;;;;;;;;;;;;
;;;;;;;;;;;;;;;;;;;;
;;;;;;;;;;;;;;;;;;;;
;;;;;;;;;;;;;;;;;;;;
;;;;;;;;;;;;;;;;;;;;
;;;;;;;;;;;;;;;;;;;;
;;;;;;;;;;;;;;;;;;;;
;;;;;;;;;;;;;;;;;;;;
;;;;;;;;;;;;;;;;;;;;
;;;;;;;;;;;;;;;;;;;;
;;;;;;;;;;;;;;;;;;;;
;;;;;;;;;;;;;;;;;;;;
;;;;;;;;;;;;;;;;;;;;
;;;;;;;;;;;;;;;;;;;;
;;;;;;;;;;;;;;;;;;;;
;;;;;;;;;;;;;;;;;;;;
;;;;;;;;;;;;;;;;;;;;
;;;;;;;;;;;;;;;;;;;;
;;;;;;;;;;;;;;;;;;;;
;;;;;;;;;;;;;;;;;;;;
;;;;;;;;;;;;;;;;;;;;
;;;;;;;;;;;;;;;;;;;;
;;;;;;;;;;;;;;;;;;;;
;;;;;;;;;;;;;;;;;;;;
;;;;;;;;;;;;;;;;;;;;
;;;;;;;;;;;;;;;;;;;;
;;;;;;;;;;;;;;;;;;;;
;;;;;;;;;;;;;;;;;;;;
;;;;;;;;;;;;;;;;;;;;
;;;;;;;;;;;;;;;;;;;;
;;;;;;;;;;;;;;;;;;;;
;;;;;;;;;;;;;;;;;;;;
;;;;;;;;;;;;;;;;;;;;
;;;;;;;;;;;;;;;;;;;;
;;;;;;;;;;;;;;;;;;;;
;;;;;;;;;;;;;;;;;;;;
;;;;;;;;;;;;;;;;;;;;
;;;;;;;;;;;;;;;;;;;;
;;;;;;;;;;;;;;;;;;;;
;;;;;;;;;;;;;;;;;;;;
;;;;;;;;;;;;;;;;;;;;
;;;;;;;;;;;;;;;;;;;;
;;;;;;;;;;;;;;;;;;;;
;;;;;;;;;;;;;;;;;;;;
;;;;;;;;;;;;;;;;;;;;
;;;;;;;;;;;;;;;;;;;;
;;;;;;;;;;;;;;;;;;;;
;;;;;;;;;;;;;;;;;;;;
;;;;;;;;;;;;;;;;;;;;
;;;;;;;;;;;;;;;;;;;;
;;;;;;;;;;;;;;;;;;;;
;;;;;;;;;;;;;;;;;;;;
;;;;;;;;;;;;;;;;;;;;
;;;;;;;;;;;;;;;;;;;;
;;;;;;;;;;;;;;;;;;;;
;;;;;;;;;;;;;;;;;;;;
;;;;;;;;;;;;;;;;;;;;
;;;;;;;;;;;;;;;;;;;;
;;;;;;;;;;;;;;;;;;;;
;;;;;;;;;;;;;;;;;;;;
;;;;;;;;;;;;;;;;;;;;
;;;;;;;;;;;;;;;;;;;;
;;;;;;;;;;;;;;;;;;;;
;;;;;;;;;;;;;;;;;;;;
;;;;;;;;;;;;;;;;;;;;
;;;;;;;;;;;;;;;;;;;;
;;;;;;;;;;;;;;;;;;;;
;;;;;;;;;;;;;;;;;;;;
;;;;;;;;;;;;;;;;;;;;
;;;;;;;;;;;;;;;;;;;;
;;;;;;;;;;;;;;;;;;;;
;;;;;;;;;;;;;;;;;;;;
;;;;;;;;;;;;;;;;;;;;
;;;;;;;;;;;;;;;;;;;;
;;;;;;;;;;;;;;;;;;;;
;;;;;;;;;;;;;;;;;;;;
;;;;;;;;;;;;;;;;;;;;
;;;;;;;;;;;;;;;;;;;;
;;;;;;;;;;;;;;;;;;;;
;;;;;;;;;;;;;;;;;;;;
;;;;;;;;;;;;;;;;;;;;
;;;;;;;;;;;;;;;;;;;;
;;;;;;;;;;;;;;;;;;;;
;;;;;;;;;;;;;;;;;;;;
;;;;;;;;;;;;;;;;;;;;
;;;;;;;;;;;;;;;;;;;;
;;;;;;;;;;;;;;;;;;;;
;;;;;;;;;;;;;;;;;;;;
;;;;;;;;;;;;;;;;;;;;
;;;;;;;;;;;;;;;;;;;;
;;;;;;;;;;;;;;;;;;;;
;;;;;;;;;;;;;;;;;;;;
;;;;;;;;;;;;;;;;;;;;
;;;;;;;;;;;;;;;;;;;;
;;;;;;;;;;;;;;;;;;;;
;;;;;;;;;;;;;;;;;;;;
;;;;;;;;;;;;;;;;;;;;
;;;;;;;;;;;;;;;;;;;;
;;;;;;;;;;;;;;;;;;;;
;;;;;;;;;;;;;;;;;;;;
;;;;;;;;;;;;;;;;;;;;
;;;;;;;;;;;;;;;;;;;;
;;;;;;;;;;;;;;;;;;;;
;;;;;;;;;;;;;;;;;;;;
;;;;;;;;;;;;;;;;;;;;
;;;;;;;;;;;;;;;;;;;;
;;;;;;;;;;;;;;;;;;;;
;;;;;;;;;;;;;;;;;;;;
;;;;;;;;;;;;;;;;;;;;
;;;;;;;;;;;;;;;;;;;;
;;;;;;;;;;;;;;;;;;;;
;;;;;;;;;;;;;;;;;;;;
;;;;;;;;;;;;;;;;;;;;
;;;;;;;;;;;;;;;;;;;;
;;;;;;;;;;;;;;;;;;;;
;;;;;;;;;;;;;;;;;;;;
;;;;;;;;;;;;;;;;;;;;
;;;;;;;;;;;;;;;;;;;;
;;;;;;;;;;;;;;;;;;;;
;;;;;;;;;;;;;;;;;;;;
;;;;;;;;;;;;;;;;;;;;
;;;;;;;;;;;;;;;;;;;;
;;;;;;;;;;;;;;;;;;;;
;;;;;;;;;;;;;;;;;;;;
;;;;;;;;;;;;;;;;;;;;
;;;;;;;;;;;;;;;;;;;;
;;;;;;;;;;;;;;;;;;;;
;;;;;;;;;;;;;;;;;;;;
;;;;;;;;;;;;;;;;;;;;
;;;;;;;;;;;;;;;;;;;;
;;;;;;;;;;;;;;;;;;;;
;;;;;;;;;;;;;;;;;;;;
;;;;;;;;;;;;;;;;;;;;
;;;;;;;;;;;;;;;;;;;;
;;;;;;;;;;;;;;;;;;;;
;;;;;;;;;;;;;;;;;;;;
;;;;;;;;;;;;;;;;;;;;
;;;;;;;;;;;;;;;;;;;;
;;;;;;;;;;;;;;;;;;;;
;;;;;;;;;;;;;;;;;;;;
;;;;;;;;;;;;;;;;;;;;
;;;;;;;;;;;;;;;;;;;;
;;;;;;;;;;;;;;;;;;;;
;;;;;;;;;;;;;;;;;;;;
;;;;;;;;;;;;;;;;;;;;
;;;;;;;;;;;;;;;;;;;;
;;;;;;;;;;;;;;;;;;;;
;;;;;;;;;;;;;;;;;;;;
;;;;;;;;;;;;;;;;;;;;
;;;;;;;;;;;;;;;;;;;;
;;;;;;;;;;;;;;;;;;;;
;;;;;;;;;;;;;;;;;;;;
;;;;;;;;;;;;;;;;;;;;
;;;;;;;;;;;;;;;;;;;;
;;;;;;;;;;;;;;;;;;;;
;;;;;;;;;;;;;;;;;;;;
;;;;;;;;;;;;;;;;;;;;
;;;;;;;;;;;;;;;;;;;;
;;;;;;;;;;;;;;;;;;;;
;;;;;;;;;;;;;;;;;;;;
;;;;;;;;;;;;;;;;;;;;
;;;;;;;;;;;;;;;;;;;;
;;;;;;;;;;;;;;;;;;;;
;;;;;;;;;;;;;;;;;;;;
;;;;;;;;;;;;;;;;;;;;
;;;;;;;;;;;;;;;;;;;;
;;;;;;;;;;;;;;;;;;;;
;;;;;;;;;;;;;;;;;;;;
;;;;;;;;;;;;;;;;;;;;
;;;;;;;;;;;;;;;;;;;;
;;;;;;;;;;;;;;;;;;;;
;;;;;;;;;;;;;;;;;;;;
;;;;;;;;;;;;;;;;;;;;
;;;;;;;;;;;;;;;;;;;;
;;;;;;;;;;;;;;;;;;;;
;;;;;;;;;;;;;;;;;;;;
;;;;;;;;;;;;;;;;;;;;
;;;;;;;;;;;;;;;;;;;;
;;;;;;;;;;;;;;;;;;;;
;;;;;;;;;;;;;;;;;;;;
;;;;;;;;;;;;;;;;;;;;
;;;;;;;;;;;;;;;;;;;;
;;;;;;;;;;;;;;;;;;;;
;;;;;;;;;;;;;;;;;;;;
;;;;;;;;;;;;;;;;;;;;
;;;;;;;;;;;;;;;;;;;;
;;;;;;;;;;;;;;;;;;;;
;;;;;;;;;;;;;;;;;;;;
;;;;;;;;;;;;;;;;;;;;
;;;;;;;;;;;;;;;;;;;;
;;;;;;;;;;;;;;;;;;;;
;;;;;;;;;;;;;;;;;;;;
;;;;;;;;;;;;;;;;;;;;
;;;;;;;;;;;;;;;;;;;;
;;;;;;;;;;;;;;;;;;;;
;;;;;;;;;;;;;;;;;;;;
;;;;;;;;;;;;;;;;;;;;
;;;;;;;;;;;;;;;;;;;;
;;;;;;;;;;;;;;;;;;;;
;;;;;;;;;;;;;;;;;;;;
;;;;;;;;;;;;;;;;;;;;
;;;;;;;;;;;;;;;;;;;;
;;;;;;;;;;;;;;;;;;;;
;;;;;;;;;;;;;;;;;;;;
;;;;;;;;;;;;;;;;;;;;
;;;;;;;;;;;;;;;;;;;;
;;;;;;;;;;;;;;;;;;;;
;;;;;;;;;;;;;;;;;;;;
;;;;;;;;;;;;;;;;;;;;
;;;;;;;;;;;;;;;;;;;;
;;;;;;;;;;;;;;;;;;;;
;;;;;;;;;;;;;;;;;;;;
;;;;;;;;;;;;;;;;;;;;
;;;;;;;;;;;;;;;;;;;;
;;;;;;;;;;;;;;;;;;;;
;;;;;;;;;;;;;;;;;;;;
;;;;;;;;;;;;;;;;;;;;
;;;;;;;;;;;;;;;;;;;;
;;;;;;;;;;;;;;;;;;;;
;;;;;;;;;;;;;;;;;;;;
;;;;;;;;;;;;;;;;;;;;
;;;;;;;;;;;;;;;;;;;;
;;;;;;;;;;;;;;;;;;;;
;;;;;;;;;;;;;;;;;;;;
;;;;;;;;;;;;;;;;;;;;
;;;;;;;;;;;;;;;;;;;;
;;;;;;;;;;;;;;;;;;;;
;;;;;;;;;;;;;;;;;;;;
;;;;;;;;;;;;;;;;;;;;
;;;;;;;;;;;;;;;;;;;;
;;;;;;;;;;;;;;;;;;;;
;;;;;;;;;;;;;;;;;;;;
;;;;;;;;;;;;;;;;;;;;
;;;;;;;;;;;;;;;;;;;;
;;;;;;;;;;;;;;;;;;;;
;;;;;;;;;;;;;;;;;;;;
;;;;;;;;;;;;;;;;;;;;
;;;;;;;;;;;;;;;;;;;;
;;;;;;;;;;;;;;;;;;;;
;;;;;;;;;;;;;;;;;;;;
;;;;;;;;;;;;;;;;;;;;
;;;;;;;;;;;;;;;;;;;;
;;;;;;;;;;;;;;;;;;;;
;;;;;;;;;;;;;;;;;;;;
;;;;;;;;;;;;;;;;;;;;
;;;;;;;;;;;;;;;;;;;;
;;;;;;;;;;;;;;;;;;;;
;;;;;;;;;;;;;;;;;;;;
;;;;;;;;;;;;;;;;;;;;
;;;;;;;;;;;;;;;;;;;;
;;;;;;;;;;;;;;;;;;;;
;;;;;;;;;;;;;;;;;;;;
;;;;;;;;;;;;;;;;;;;;
;;;;;;;;;;;;;;;;;;;;
;;;;;;;;;;;;;;;;;;;;
;;;;;;;;;;;;;;;;;;;;
;;;;;;;;;;;;;;;;;;;;
;;;;;;;;;;;;;;;;;;;;
;;;;;;;;;;;;;;;;;;;;
;;;;;;;;;;;;;;;;;;;;
;;;;;;;;;;;;;;;;;;;;
;;;;;;;;;;;;;;;;;;;;
;;;;;;;;;;;;;;;;;;;;
;;;;;;;;;;;;;;;;;;;;
;;;;;;;;;;;;;;;;;;;;
;;;;;;;;;;;;;;;;;;;;
;;;;;;;;;;;;;;;;;;;;
;;;;;;;;;;;;;;;;;;;;
;;;;;;;;;;;;;;;;;;;;
;;;;;;;;;;;;;;;;;;;;
;;;;;;;;;;;;;;;;;;;;
;;;;;;;;;;;;;;;;;;;;
;;;;;;;;;;;;;;;;;;;;
;;;;;;;;;;;;;;;;;;;;
;;;;;;;;;;;;;;;;;;;;
;;;;;;;;;;;;;;;;;;;;
;;;;;;;;;;;;;;;;;;;;
;;;;;;;;;;;;;;;;;;;;
;;;;;;;;;;;;;;;;;;;;
;;;;;;;;;;;;;;;;;;;;
;;;;;;;;;;;;;;;;;;;;
;;;;;;;;;;;;;;;;;;;;
;;;;;;;;;;;;;;;;;;;;
;;;;;;;;;;;;;;;;;;;;
;;;;;;;;;;;;;;;;;;;;
;;;;;;;;;;;;;;;;;;;;
;;;;;;;;;;;;;;;;;;;;
;;;;;;;;;;;;;;;;;;;;
;;;;;;;;;;;;;;;;;;;;
;;;;;;;;;;;;;;;;;;;;
;;;;;;;;;;;;;;;;;;;;
;;;;;;;;;;;;;;;;;;;;
;;;;;;;;;;;;;;;;;;;;
;;;;;;;;;;;;;;;;;;;;
;;;;;;;;;;;;;;;;;;;;
;;;;;;;;;;;;;;;;;;;;
;;;;;;;;;;;;;;;;;;;;
;;;;;;;;;;;;;;;;;;;;
;;;;;;;;;;;;;;;;;;;;
;;;;;;;;;;;;;;;;;;;;
;;;;;;;;;;;;;;;;;;;;
;;;;;;;;;;;;;;;;;;;;
;;;;;;;;;;;;;;;;;;;;
;;;;;;;;;;;;;;;;;;;;
;;;;;;;;;;;;;;;;;;;;
;;;;;;;;;;;;;;;;;;;;
;;;;;;;;;;;;;;;;;;;;
;;;;;;;;;;;;;;;;;;;;
;;;;;;;;;;;;;;;;;;;;
;;;;;;;;;;;;;;;;;;;;
;;;;;;;;;;;;;;;;;;;;
;;;;;;;;;;;;;;;;;;;;
;;;;;;;;;;;;;;;;;;;;
;;;;;;;;;;;;;;;;;;;;
;;;;;;;;;;;;;;;;;;;;
;;;;;;;;;;;;;;;;;;;;
;;;;;;;;;;;;;;;;;;;;
;;;;;;;;;;;;;;;;;;;;
;;;;;;;;;;;;;;;;;;;;
;;;;;;;;;;;;;;;;;;;;
;;;;;;;;;;;;;;;;;;;;
;;;;;;;;;;;;;;;;;;;;
;;;;;;;;;;;;;;;;;;;;
;;;;;;;;;;;;;;;;;;;;
;;;;;;;;;;;;;;;;;;;;
;;;;;;;;;;;;;;;;;;;;
;;;;;;;;;;;;;;;;;;;;
;;;;;;;;;;;;;;;;;;;;
;;;;;;;;;;;;;;;;;;;;
;;;;;;;;;;;;;;;;;;;;
;;;;;;;;;;;;;;;;;;;;
;;;;;;;;;;;;;;;;;;;;
;;;;;;;;;;;;;;;;;;;;
;;;;;;;;;;;;;;;;;;;;
;;;;;;;;;;;;;;;;;;;;
;;;;;;;;;;;;;;;;;;;;
;;;;;;;;;;;;;;;;;;;;
;;;;;;;;;;;;;;;;;;;;
;;;;;;;;;;;;;;;;;;;;
;;;;;;;;;;;;;;;;;;;;
;;;;;;;;;;;;;;;;;;;;
;;;;;;;;;;;;;;;;;;;;
;;;;;;;;;;;;;;;;;;;;
;;;;;;;;;;;;;;;;;;;;
;;;;;;;;;;;;;;;;;;;;
;;;;;;;;;;;;;;;;;;;;
;;;;;;;;;;;;;;;;;;;;
;;;;;;;;;;;;;;;;;;;;
;;;;;;;;;;;;;;;;;;;;
;;;;;;;;;;;;;;;;;;;;
;;;;;;;;;;;;;;;;;;;;
;;;;;;;;;;;;;;;;;;;;
;;;;;;;;;;;;;;;;;;;;
;;;;;;;;;;;;;;;;;;;;
;;;;;;;;;;;;;;;;;;;;
;;;;;;;;;;;;;;;;;;;;
;;;;;;;;;;;;;;;;;;;;
;;;;;;;;;;;;;;;;;;;;
;;;;;;;;;;;;;;;;;;;;
;;;;;;;;;;;;;;;;;;;;
;;;;;;;;;;;;;;;;;;;;
;;;;;;;;;;;;;;;;;;;;
;;;;;;;;;;;;;;;;;;;;
;;;;;;;;;;;;;;;;;;;;
;;;;;;;;;;;;;;;;;;;;
;;;;;;;;;;;;;;;;;;;;
;;;;;;;;;;;;;;;;;;;;
;;;;;;;;;;;;;;;;;;;;
;;;;;;;;;;;;;;;;;;;;
;;;;;;;;;;;;;;;;;;;;
;;;;;;;;;;;;;;;;;;;;
;;;;;;;;;;;;;;;;;;;;
;;;;;;;;;;;;;;;;;;;;
;;;;;;;;;;;;;;;;;;;;
;;;;;;;;;;;;;;;;;;;;
;;;;;;;;;;;;;;;;;;;;
;;;;;;;;;;;;;;;;;;;;
;;;;;;;;;;;;;;;;;;;;
;;;;;;;;;;;;;;;;;;;;
;;;;;;;;;;;;;;;;;;;;
;;;;;;;;;;;;;;;;;;;;
;;;;;;;;;;;;;;;;;;;;
;;;;;;;;;;;;;;;;;;;;
;;;;;;;;;;;;;;;;;;;;
;;;;;;;;;;;;;;;;;;;;
;;;;;;;;;;;;;;;;;;;;
;;;;;;;;;;;;;;;;;;;;
;;;;;;;;;;;;;;;;;;;;
;;;;;;;;;;;;;;;;;;;;
;;;;;;;;;;;;;;;;;;;;
;;;;;;;;;;;;;;;;;;;;
;;;;;;;;;;;;;;;;;;;;
;;;;;;;;;;;;;;;;;;;;
;;;;;;;;;;;;;;;;;;;;
;;;;;;;;;;;;;;;;;;;;
;;;;;;;;;;;;;;;;;;;;
;;;;;;;;;;;;;;;;;;;;
;;;;;;;;;;;;;;;;;;;;
;;;;;;;;;;;;;;;;;;;;
;;;;;;;;;;;;;;;;;;;;
;;;;;;;;;;;;;;;;;;;;
;;;;;;;;;;;;;;;;;;;;
;;;;;;;;;;;;;;;;;;;;
;;;;;;;;;;;;;;;;;;;;
;;;;;;;;;;;;;;;;;;;;
;;;;;;;;;;;;;;;;;;;;
;;;;;;;;;;;;;;;;;;;;
;;;;;;;;;;;;;;;;;;;;
;;;;;;;;;;;;;;;;;;;;
;;;;;;;;;;;;;;;;;;;;
;;;;;;;;;;;;;;;;;;;;
;;;;;;;;;;;;;;;;;;;;
;;;;;;;;;;;;;;;;;;;;
;;;;;;;;;;;;;;;;;;;;
;;;;;;;;;;;;;;;;;;;;
;;;;;;;;;;;;;;;;;;;;
;;;;;;;;;;;;;;;;;;;;
;;;;;;;;;;;;;;;;;;;;
;;;;;;;;;;;;;;;;;;;;
;;;;;;;;;;;;;;;;;;;;
;;;;;;;;;;;;;;;;;;;;
;;;;;;;;;;;;;;;;;;;;
;;;;;;;;;;;;;;;;;;;;
;;;;;;;;;;;;;;;;;;;;
;;;;;;;;;;;;;;;;;;;;
;;;;;;;;;;;;;;;;;;;;
;;;;;;;;;;;;;;;;;;;;
;;;;;;;;;;;;;;;;;;;;
;;;;;;;;;;;;;;;;;;;;
;;;;;;;;;;;;;;;;;;;;
;;;;;;;;;;;;;;;;;;;;
;;;;;;;;;;;;;;;;;;;;
;;;;;;;;;;;;;;;;;;;;
;;;;;;;;;;;;;;;;;;;;
;;;;;;;;;;;;;;;;;;;;
;;;;;;;;;;;;;;;;;;;;
;;;;;;;;;;;;;;;;;;;;
;;;;;;;;;;;;;;;;;;;;
;;;;;;;;;;;;;;;;;;;;
;;;;;;;;;;;;;;;;;;;;
;;;;;;;;;;;;;;;;;;;;
;;;;;;;;;;;;;;;;;;;;
;;;;;;;;;;;;;;;;;;;;
;;;;;;;;;;;;;;;;;;;;
;;;;;;;;;;;;;;;;;;;;
;;;;;;;;;;;;;;;;;;;;
;;;;;;;;;;;;;;;;;;;;
;;;;;;;;;;;;;;;;;;;;
;;;;;;;;;;;;;;;;;;;;
;;;;;;;;;;;;;;;;;;;;
;;;;;;;;;;;;;;;;;;;;
;;;;;;;;;;;;;;;;;;;;
;;;;;;;;;;;;;;;;;;;;
;;;;;;;;;;;;;;;;;;;;
;;;;;;;;;;;;;;;;;;;;
;;;;;;;;;;;;;;;;;;;;
;;;;;;;;;;;;;;;;;;;;
;;;;;;;;;;;;;;;;;;;;
;;;;;;;;;;;;;;;;;;;;
;;;;;;;;;;;;;;;;;;;;
;;;;;;;;;;;;;;;;;;;;
;;;;;;;;;;;;;;;;;;;;
;;;;;;;;;;;;;;;;;;;;
;;;;;;;;;;;;;;;;;;;;
;;;;;;;;;;;;;;;;;;;;
;;;;;;;;;;;;;;;;;;;;
;;;;;;;;;;;;;;;;;;;;
;;;;;;;;;;;;;;;;;;;;
;;;;;;;;;;;;;;;;;;;;
;;;;;;;;;;;;;;;;;;;;
;;;;;;;;;;;;;;;;;;;;
;;;;;;;;;;;;;;;;;;;;
;;;;;;;;;;;;;;;;;;;;
;;;;;;;;;;;;;;;;;;;;
;;;;;;;;;;;;;;;;;;;;
;;;;;;;;;;;;;;;;;;;;
;;;;;;;;;;;;;;;;;;;;
;;;;;;;;;;;;;;;;;;;;
;;;;;;;;;;;;;;;;;;;;
;;;;;;;;;;;;;;;;;;;;
;;;;;;;;;;;;;;;;;;;;
;;;;;;;;;;;;;;;;;;;;
;;;;;;;;;;;;;;;;;;;;
;;;;;;;;;;;;;;;;;;;;
;;;;;;;;;;;;;;;;;;;;
;;;;;;;;;;;;;;;;;;;;
;;;;;;;;;;;;;;;;;;;;
;;;;;;;;;;;;;;;;;;;;
;;;;;;;;;;;;;;;;;;;;
;;;;;;;;;;;;;;;;;;;;
;;;;;;;;;;;;;;;;;;;;
;;;;;;;;;;;;;;;;;;;;
;;;;;;;;;;;;;;;;;;;;
;;;;;;;;;;;;;;;;;;;;
;;;;;;;;;;;;;;;;;;;;
;;;;;;;;;;;;;;;;;;;;
;;;;;;;;;;;;;;;;;;;;
;;;;;;;;;;;;;;;;;;;;
;;;;;;;;;;;;;;;;;;;;
;;;;;;;;;;;;;;;;;;;;
;;;;;;;;;;;;;;;;;;;;
;;;;;;;;;;;;;;;;;;;;
;;;;;;;;;;;;;;;;;;;;
;;;;;;;;;;;;;;;;;;;;
;;;;;;;;;;;;;;;;;;;;
;;;;;;;;;;;;;;;;;;;;
;;;;;;;;;;;;;;;;;;;;
;;;;;;;;;;;;;;;;;;;;
;;;;;;;;;;;;;;;;;;;;
;;;;;;;;;;;;;;;;;;;;
;;;;;;;;;;;;;;;;;;;;
;;;;;;;;;;;;;;;;;;;;
;;;;;;;;;;;;;;;;;;;;
;;;;;;;;;;;;;;;;;;;;
;;;;;;;;;;;;;;;;;;;;
;;;;;;;;;;;;;;;;;;;;
;;;;;;;;;;;;;;;;;;;;
;;;;;;;;;;;;;;;;;;;;
;;;;;;;;;;;;;;;;;;;;
;;;;;;;;;;;;;;;;;;;;
;;;;;;;;;;;;;;;;;;;;
;;;;;;;;;;;;;;;;;;;;
;;;;;;;;;;;;;;;;;;;;
;;;;;;;;;;;;;;;;;;;;
;;;;;;;;;;;;;;;;;;;;
;;;;;;;;;;;;;;;;;;;;
;;;;;;;;;;;;;;;;;;;;
;;;;;;;;;;;;;;;;;;;;
;;;;;;;;;;;;;;;;;;;;
;;;;;;;;;;;;;;;;;;;;
;;;;;;;;;;;;;;;;;;;;
;;;;;;;;;;;;;;;;;;;;
;;;;;;;;;;;;;;;;;;;;
;;;;;;;;;;;;;;;;;;;;
;;;;;;;;;;;;;;;;;;;;
;;;;;;;;;;;;;;;;;;;;
;;;;;;;;;;;;;;;;;;;;
;;;;;;;;;;;;;;;;;;;;
;;;;;;;;;;;;;;;;;;;;
;;;;;;;;;;;;;;;;;;;;
;;;;;;;;;;;;;;;;;;;;
;;;;;;;;;;;;;;;;;;;;
;;;;;;;;;;;;;;;;;;;;
;;;;;;;;;;;;;;;;;;;;
;;;;;;;;;;;;;;;;;;;;
;;;;;;;;;;;;;;;;;;;;
;;;;;;;;;;;;;;;;;;;;
;;;;;;;;;;;;;;;;;;;;
;;;;;;;;;;;;;;;;;;;;
;;;;;;;;;;;;;;;;;;;;
;;;;;;;;;;;;;;;;;;;;
;;;;;;;;;;;;;;;;;;;;
;;;;;;;;;;;;;;;;;;;;
;;;;;;;;;;;;;;;;;;;;
;;;;;;;;;;;;;;;;;;;;
;;;;;;;;;;;;;;;;;;;;
;;;;;;;;;;;;;;;;;;;;
;;;;;;;;;;;;;;;;;;;;
;;;;;;;;;;;;;;;;;;;;
;;;;;;;;;;;;;;;;;;;;
;;;;;;;;;;;;;;;;;;;;
;;;;;;;;;;;;;;;;;;;;
;;;;;;;;;;;;;;;;;;;;
;;;;;;;;;;;;;;;;;;;;
;;;;;;;;;;;;;;;;;;;;
;;;;;;;;;;;;;;;;;;;;
;;;;;;;;;;;;;;;;;;;;
;;;;;;;;;;;;;;;;;;;;
;;;;;;;;;;;;;;;;;;;;
;;;;;;;;;;;;;;;;;;;;
;;;;;;;;;;;;;;;;;;;;
;;;;;;;;;;;;;;;;;;;;
;;;;;;;;;;;;;;;;;;;;
;;;;;;;;;;;;;;;;;;;;
;;;;;;;;;;;;;;;;;;;;
;;;;;;;;;;;;;;;;;;;;
;;;;;;;;;;;;;;;;;;;;
;;;;;;;;;;;;;;;;;;;;
;;;;;;;;;;;;;;;;;;;;
;;;;;;;;;;;;;;;;;;;;
;;;;;;;;;;;;;;;;;;;;
;;;;;;;;;;;;;;;;;;;;
;;;;;;;;;;;;;;;;;;;;
;;;;;;;;;;;;;;;;;;;;
;;;;;;;;;;;;;;;;;;;;
;;;;;;;;;;;;;;;;;;;;
;;;;;;;;;;;;;;;;;;;;
;;;;;;;;;;;;;;;;;;;;
;;;;;;;;;;;;;;;;;;;;
;;;;;;;;;;;;;;;;;;;;
;;;;;;;;;;;;;;;;;;;;
;;;;;;;;;;;;;;;;;;;;
;;;;;;;;;;;;;;;;;;;;
;;;;;;;;;;;;;;;;;;;;
;;;;;;;;;;;;;;;;;;;;
;;;;;;;;;;;;;;;;;;;;
;;;;;;;;;;;;;;;;;;;;
;;;;;;;;;;;;;;;;;;;;
;;;;;;;;;;;;;;;;;;;;
;;;;;;;;;;;;;;;;;;;;
;;;;;;;;;;;;;;;;;;;;
;;;;;;;;;;;;;;;;;;;;
;;;;;;;;;;;;;;;;;;;;
;;;;;;;;;;;;;;;;;;;;
;;;;;;;;;;;;;;;;;;;;
;;;;;;;;;;;;;;;;;;;;
;;;;;;;;;;;;;;;;;;;;
;;;;;;;;;;;;;;;;;;;;
;;;;;;;;;;;;;;;;;;;;
;;;;;;;;;;;;;;;;;;;;
;;;;;;;;;;;;;;;;;;;;
;;;;;;;;;;;;;;;;;;;;
;;;;;;;;;;;;;;;;;;;;
;;;;;;;;;;;;;;;;;;;;
;;;;;;;;;;;;;;;;;;;;
;;;;;;;;;;;;;;;;;;;;
;;;;;;;;;;;;;;;;;;;;
;;;;;;;;;;;;;;;;;;;;
;;;;;;;;;;;;;;;;;;;;
;;;;;;;;;;;;;;;;;;;;
;;;;;;;;;;;;;;;;;;;;
;;;;;;;;;;;;;;;;;;;;
;;;;;;;;;;;;;;;;;;;;
;;;;;;;;;;;;;;;;;;;;
;;;;;;;;;;;;;;;;;;;;
;;;;;;;;;;;;;;;;;;;;
;;;;;;;;;;;;;;;;;;;;
;;;;;;;;;;;;;;;;;;;;
;;;;;;;;;;;;;;;;;;;;
;;;;;;;;;;;;;;;;;;;;
;;;;;;;;;;;;;;;;;;;;
;;;;;;;;;;;;;;;;;;;;
;;;;;;;;;;;;;;;;;;;;
;;;;;;;;;;;;;;;;;;;;
;;;;;;;;;;;;;;;;;;;;
;;;;;;;;;;;;;;;;;;;;
;;;;;;;;;;;;;;;;;;;;
;;;;;;;;;;;;;;;;;;;;
;;;;;;;;;;;;;;;;;;;;
;;;;;;;;;;;;;;;;;;;;
;;;;;;;;;;;;;;;;;;;;
;;;;;;;;;;;;;;;;;;;;
;;;;;;;;;;;;;;;;;;;;
;;;;;;;;;;;;;;;;;;;;
;;;;;;;;;;;;;;;;;;;;
;;;;;;;;;;;;;;;;;;;;
;;;;;;;;;;;;;;;;;;;;
;;;;;;;;;;;;;;;;;;;;
;;;;;;;;;;;;;;;;;;;;
;;;;;;;;;;;;;;;;;;;;
;;;;;;;;;;;;;;;;;;;;
;;;;;;;;;;;;;;;;;;;;
;;;;;;;;;;;;;;;;;;;;
;;;;;;;;;;;;;;;;;;;;
;;;;;;;;;;;;;;;;;;;;
;;;;;;;;;;;;;;;;;;;;
;;;;;;;;;;;;;;;;;;;;
;;;;;;;;;;;;;;;;;;;;
;;;;;;;;;;;;;;;;;;;;
;;;;;;;;;;;;;;;;;;;;
;;;;;;;;;;;;;;;;;;;;
;;;;;;;;;;;;;;;;;;;;
;;;;;;;;;;;;;;;;;;;;
;;;;;;;;;;;;;;;;;;;;
;;;;;;;;;;;;;;;;;;;;
;;;;;;;;;;;;;;;;;;;;
;;;;;;;;;;;;;;;;;;;;
;;;;;;;;;;;;;;;;;;;;
;;;;;;;;;;;;;;;;;;;;
;;;;;;;;;;;;;;;;;;;;
;;;;;;;;;;;;;;;;;;;;
;;;;;;;;;;;;;;;;;;;;
;;;;;;;;;;;;;;;;;;;;
;;;;;;;;;;;;;;;;;;;;
;;;;;;;;;;;;;;;;;;;;
;;;;;;;;;;;;;;;;;;;;
;;;;;;;;;;;;;;;;;;;;
;;;;;;;;;;;;;;;;;;;;
;;;;;;;;;;;;;;;;;;;;
;;;;;;;;;;;;;;;;;;;;
;;;;;;;;;;;;;;;;;;;;
;;;;;;;;;;;;;;;;;;;;
;;;;;;;;;;;;;;;;;;;;
;;;;;;;;;;;;;;;;;;;;
;;;;;;;;;;;;;;;;;;;;
;;;;;;;;;;;;;;;;;;;;
;;;;;;;;;;;;;;;;;;;;
;;;;;;;;;;;;;;;;;;;;
;;;;;;;;;;;;;;;;;;;;
;;;;;;;;;;;;;;;;;;;;
;;;;;;;;;;;;;;;;;;;;
;;;;;;;;;;;;;;;;;;;;
;;;;;;;;;;;;;;;;;;;;
;;;;;;;;;;;;;;;;;;;;
;;;;;;;;;;;;;;;;;;;;
;;;;;;;;;;;;;;;;;;;;
;;;;;;;;;;;;;;;;;;;;
;;;;;;;;;;;;;;;;;;;;
;;;;;;;;;;;;;;;;;;;;
;;;;;;;;;;;;;;;;;;;;
;;;;;;;;;;;;;;;;;;;;
;;;;;;;;;;;;;;;;;;;;
;;;;;;;;;;;;;;;;;;;;
;;;;;;;;;;;;;;;;;;;;
;;;;;;;;;;;;;;;;;;;;
;;;;;;;;;;;;;;;;;;;;
;;;;;;;;;;;;;;;;;;;;
;;;;;;;;;;;;;;;;;;;;
;;;;;;;;;;;;;;;;;;;;
;;;;;;;;;;;;;;;;;;;;
;;;;;;;;;;;;;;;;;;;;
;;;;;;;;;;;;;;;;;;;;
;;;;;;;;;;;;;;;;;;;;
;;;;;;;;;;;;;;;;;;;;
;;;;;;;;;;;;;;;;;;;;
;;;;;;;;;;;;;;;;;;;;
;;;;;;;;;;;;;;;;;;;;
;;;;;;;;;;;;;;;;;;;;
;;;;;;;;;;;;;;;;;;;;
;;;;;;;;;;;;;;;;;;;;
;;;;;;;;;;;;;;;;;;;;
;;;;;;;;;;;;;;;;;;;;
;;;;;;;;;;;;;;;;;;;;
;;;;;;;;;;;;;;;;;;;;
;;;;;;;;;;;;;;;;;;;;
;;;;;;;;;;;;;;;;;;;;
;;;;;;;;;;;;;;;;;;;;
;;;;;;;;;;;;;;;;;;;;
;;;;;;;;;;;;;;;;;;;;
;;;;;;;;;;;;;;;;;;;;
;;;;;;;;;;;;;;;;;;;;
;;;;;;;;;;;;;;;;;;;;
;;;;;;;;;;;;;;;;;;;;
;;;;;;;;;;;;;;;;;;;;
;;;;;;;;;;;;;;;;;;;;
;;;;;;;;;;;;;;;;;;;;
;;;;;;;;;;;;;;;;;;;;
;;;;;;;;;;;;;;;;;;;;
;;;;;;;;;;;;;;;;;;;;
;;;;;;;;;;;;;;;;;;;;
;;;;;;;;;;;;;;;;;;;;
;;;;;;;;;;;;;;;;;;;;
;;;;;;;;;;;;;;;;;;;;
;;;;;;;;;;;;;;;;;;;;
;;;;;;;;;;;;;;;;;;;;
;;;;;;;;;;;;;;;;;;;;
;;;;;;;;;;;;;;;;;;;;
;;;;;;;;;;;;;;;;;;;;
;;;;;;;;;;;;;;;;;;;;
;;;;;;;;;;;;;;;;;;;;
;;;;;;;;;;;;;;;;;;;;
;;;;;;;;;;;;;;;;;;;;
;;;;;;;;;;;;;;;;;;;;
;;;;;;;;;;;;;;;;;;;;
;;;;;;;;;;;;;;;;;;;;
;;;;;;;;;;;;;;;;;;;;
;;;;;;;;;;;;;;;;;;;;
;;;;;;;;;;;;;;;;;;;;
;;;;;;;;;;;;;;;;;;;;
;;;;;;;;;;;;;;;;;;;;
;;;;;;;;;;;;;;;;;;;;
;;;;;;;;;;;;;;;;;;;;
;;;;;;;;;;;;;;;;;;;;
;;;;;;;;;;;;;;;;;;;;
;;;;;;;;;;;;;;;;;;;;
;;;;;;;;;;;;;;;;;;;;
;;;;;;;;;;;;;;;;;;;;
;;;;;;;;;;;;;;;;;;;;
;;;;;;;;;;;;;;;;;;;;
;;;;;;;;;;;;;;;;;;;;
;;;;;;;;;;;;;;;;;;;;
;;;;;;;;;;;;;;;;;;;;
;;;;;;;;;;;;;;;;;;;;
;;;;;;;;;;;;;;;;;;;;
;;;;;;;;;;;;;;;;;;;;
;;;;;;;;;;;;;;;;;;;;
;;;;;;;;;;;;;;;;;;;;
;;;;;;;;;;;;;;;;;;;;
;;;;;;;;;;;;;;;;;;;;
;;;;;;;;;;;;;;;;;;;;
;;;;;;;;;;;;;;;;;;;;
;;;;;;;;;;;;;;;;;;;;
;;;;;;;;;;;;;;;;;;;;
;;;;;;;;;;;;;;;;;;;;
;;;;;;;;;;;;;;;;;;;;
;;;;;;;;;;;;;;;;;;;;
;;;;;;;;;;;;;;;;;;;;
;;;;;;;;;;;;;;;;;;;;
;;;;;;;;;;;;;;;;;;;;
;;;;;;;;;;;;;;;;;;;;
;;;;;;;;;;;;;;;;;;;;
;;;;;;;;;;;;;;;;;;;;
;;;;;;;;;;;;;;;;;;;;
;;;;;;;;;;;;;;;;;;;;
;;;;;;;;;;;;;;;;;;;;
;;;;;;;;;;;;;;;;;;;;
;;;;;;;;;;;;;;;;;;;;
;;;;;;;;;;;;;;;;;;;;
;;;;;;;;;;;;;;;;;;;;
;;;;;;;;;;;;;;;;;;;;
;;;;;;;;;;;;;;;;;;;;
;;;;;;;;;;;;;;;;;;;;
;;;;;;;;;;;;;;;;;;;;
;;;;;;;;;;;;;;;;;;;;
;;;;;;;;;;;;;;;;;;;;
;;;;;;;;;;;;;;;;;;;;
;;;;;;;;;;;;;;;;;;;;
;;;;;;;;;;;;;;;;;;;;
;;;;;;;;;;;;;;;;;;;;
;;;;;;;;;;;;;;;;;;;;
;;;;;;;;;;;;;;;;;;;;
;;;;;;;;;;;;;;;;;;;;
;;;;;;;;;;;;;;;;;;;;
;;;;;;;;;;;;;;;;;;;;
;;;;;;;;;;;;;;;;;;;;
;;;;;;;;;;;;;;;;;;;;
;;;;;;;;;;;;;;;;;;;;
;;;;;;;;;;;;;;;;;;;;
;;;;;;;;;;;;;;;;;;;;
;;;;;;;;;;;;;;;;;;;;
;;;;;;;;;;;;;;;;;;;;
;;;;;;;;;;;;;;;;;;;;
;;;;;;;;;;;;;;;;;;;;
;;;;;;;;;;;;;;;;;;;;
;;;;;;;;;;;;;;;;;;;;
;;;;;;;;;;;;;;;;;;;;
;;;;;;;;;;;;;;;;;;;;
;;;;;;;;;;;;;;;;;;;;
;;;;;;;;;;;;;;;;;;;;
;;;;;;;;;;;;;;;;;;;;
;;;;;;;;;;;;;;;;;;;;
;;;;;;;;;;;;;;;;;;;;
;;;;;;;;;;;;;;;;;;;;
;;;;;;;;;;;;;;;;;;;;
;;;;;;;;;;;;;;;;;;;;
;;;;;;;;;;;;;;;;;;;;
;;;;;;;;;;;;;;;;;;;;
;;;;;;;;;;;;;;;;;;;;
;;;;;;;;;;;;;;;;;;;;
;;;;;;;;;;;;;;;;;;;;
;;;;;;;;;;;;;;;;;;;;
;;;;;;;;;;;;;;;;;;;;
;;;;;;;;;;;;;;;;;;;;
;;;;;;;;;;;;;;;;;;;;
;;;;;;;;;;;;;;;;;;;;
;;;;;;;;;;;;;;;;;;;;
;;;;;;;;;;;;;;;;;;;;
;;;;;;;;;;;;;;;;;;;;
;;;;;;;;;;;;;;;;;;;;
;;;;;;;;;;;;;;;;;;;;
;;;;;;;;;;;;;;;;;;;;
;;;;;;;;;;;;;;;;;;;;
;;;;;;;;;;;;;;;;;;;;
;;;;;;;;;;;;;;;;;;;;
;;;;;;;;;;;;;;;;;;;;
;;;;;;;;;;;;;;;;;;;;
;;;;;;;;;;;;;;;;;;;;
;;;;;;;;;;;;;;;;;;;;
;;;;;;;;;;;;;;;;;;;;
;;;;;;;;;;;;;;;;;;;;
;;;;;;;;;;;;;;;;;;;;
;;;;;;;;;;;;;;;;;;;;
;;;;;;;;;;;;;;;;;;;;
;;;;;;;;;;;;;;;;;;;;
;;;;;;;;;;;;;;;;;;;;
;;;;;;;;;;;;;;;;;;;;
;;;;;;;;;;;;;;;;;;;;
;;;;;;;;;;;;;;;;;;;;
;;;;;;;;;;;;;;;;;;;;
;;;;;;;;;;;;;;;;;;;;
;;;;;;;;;;;;;;;;;;;;
;;;;;;;;;;;;;;;;;;;;
;;;;;;;;;;;;;;;;;;;;
;;;;;;;;;;;;;;;;;;;;
;;;;;;;;;;;;;;;;;;;;
;;;;;;;;;;;;;;;;;;;;
;;;;;;;;;;;;;;;;;;;;
;;;;;;;;;;;;;;;;;;;;
;;;;;;;;;;;;;;;;;;;;
;;;;;;;;;;;;;;;;;;;;
;;;;;;;;;;;;;;;;;;;;
;;;;;;;;;;;;;;;;;;;;
;;;;;;;;;;;;;;;;;;;;
;;;;;;;;;;;;;;;;;;;;
;;;;;;;;;;;;;;;;;;;;
;;;;;;;;;;;;;;;;;;;;
;;;;;;;;;;;;;;;;;;;;
;;;;;;;;;;;;;;;;;;;;
;;;;;;;;;;;;;;;;;;;;
;;;;;;;;;;;;;;;;;;;;
;;;;;;;;;;;;;;;;;;;;
;;;;;;;;;;;;;;;;;;;;
;;;;;;;;;;;;;;;;;;;;
;;;;;;;;;;;;;;;;;;;;
;;;;;;;;;;;;;;;;;;;;
;;;;;;;;;;;;;;;;;;;;
;;;;;;;;;;;;;;;;;;;;
;;;;;;;;;;;;;;;;;;;;
;;;;;;;;;;;;;;;;;;;;
;;;;;;;;;;;;;;;;;;;;
;;;;;;;;;;;;;;;;;;;;
;;;;;;;;;;;;;;;;;;;;
;;;;;;;;;;;;;;;;;;;;
;;;;;;;;;;;;;;;;;;;;
;;;;;;;;;;;;;;;;;;;;
;;;;;;;;;;;;;;;;;;;;
;;;;;;;;;;;;;;;;;;;;
;;;;;;;;;;;;;;;;;;;;
;;;;;;;;;;;;;;;;;;;;
;;;;;;;;;;;;;;;;;;;;
;;;;;;;;;;;;;;;;;;;;
;;;;;;;;;;;;;;;;;;;;
;;;;;;;;;;;;;;;;;;;;
;;;;;;;;;;;;;;;;;;;;
;;;;;;;;;;;;;;;;;;;;
;;;;;;;;;;;;;;;;;;;;
;;;;;;;;;;;;;;;;;;;;
;;;;;;;;;;;;;;;;;;;;
;;;;;;;;;;;;;;;;;;;;
;;;;;;;;;;;;;;;;;;;;
;;;;;;;;;;;;;;;;;;;;
;;;;;;;;;;;;;;;;;;;;
;;;;;;;;;;;;;;;;;;;;
;;;;;;;;;;;;;;;;;;;;
;;;;;;;;;;;;;;;;;;;;
;;;;;;;;;;;;;;;;;;;;
;;;;;;;;;;;;;;;;;;;;
;;;;;;;;;;;;;;;;;;;;
;;;;;;;;;;;;;;;;;;;;
;;;;;;;;;;;;;;;;;;;;
;;;;;;;;;;;;;;;;;;;;
;;;;;;;;;;;;;;;;;;;;
;;;;;;;;;;;;;;;;;;;;
;;;;;;;;;;;;;;;;;;;;
;;;;;;;;;;;;;;;;;;;;
;;;;;;;;;;;;;;;;;;;;
;;;;;;;;;;;;;;;;;;;;
;;;;;;;;;;;;;;;;;;;;
;;;;;;;;;;;;;;;;;;;;
;;;;;;;;;;;;;;;;;;;;
;;;;;;;;;;;;;;;;;;;;
;;;;;;;;;;;;;;;;;;;;
;;;;;;;;;;;;;;;;;;;;
;;;;;;;;;;;;;;;;;;;;
;;;;;;;;;;;;;;;;;;;;
;;;;;;;;;;;;;;;;;;;;
;;;;;;;;;;;;;;;;;;;;
;;;;;;;;;;;;;;;;;;;;
;;;;;;;;;;;;;;;;;;;;
;;;;;;;;;;;;;;;;;;;;
;;;;;;;;;;;;;;;;;;;;
;;;;;;;;;;;;;;;;;;;;
;;;;;;;;;;;;;;;;;;;;
;;;;;;;;;;;;;;;;;;;;
;;;;;;;;;;;;;;;;;;;;
;;;;;;;;;;;;;;;;;;;;
;;;;;;;;;;;;;;;;;;;;
;;;;;;;;;;;;;;;;;;;;
;;;;;;;;;;;;;;;;;;;;
;;;;;;;;;;;;;;;;;;;;
;;;;;;;;;;;;;;;;;;;;
;;;;;;;;;;;;;;;;;;;;
;;;;;;;;;;;;;;;;;;;;
;;;;;;;;;;;;;;;;;;;;
;;;;;;;;;;;;;;;;;;;;
;;;;;;;;;;;;;;;;;;;;
;;;;;;;;;;;;;;;;;;;;
;;;;;;;;;;;;;;;;;;;;
;;;;;;;;;;;;;;;;;;;;
;;;;;;;;;;;;;;;;;;;;
;;;;;;;;;;;;;;;;;;;;
;;;;;;;;;;;;;;;;;;;;
;;;;;;;;;;;;;;;;;;;;
;;;;;;;;;;;;;;;;;;;;
;;;;;;;;;;;;;;;;;;;;
;;;;;;;;;;;;;;;;;;;;
;;;;;;;;;;;;;;;;;;;;
;;;;;;;;;;;;;;;;;;;;
;;;;;;;;;;;;;;;;;;;;
;;;;;;;;;;;;;;;;;;;;
;;;;;;;;;;;;;;;;;;;;
;;;;;;;;;;;;;;;;;;;;
;;;;;;;;;;;;;;;;;;;;
;;;;;;;;;;;;;;;;;;;;
;;;;;;;;;;;;;;;;;;;;
;;;;;;;;;;;;;;;;;;;;
;;;;;;;;;;;;;;;;;;;;
;;;;;;;;;;;;;;;;;;;;
;;;;;;;;;;;;;;;;;;;;
;;;;;;;;;;;;;;;;;;;;
;;;;;;;;;;;;;;;;;;;;
;;;;;;;;;;;;;;;;;;;;
;;;;;;;;;;;;;;;;;;;;
;;;;;;;;;;;;;;;;;;;;
;;;;;;;;;;;;;;;;;;;;
;;;;;;;;;;;;;;;;;;;;
;;;;;;;;;;;;;;;;;;;;
;;;;;;;;;;;;;;;;;;;;
;;;;;;;;;;;;;;;;;;;;
;;;;;;;;;;;;;;;;;;;;
;;;;;;;;;;;;;;;;;;;;
;;;;;;;;;;;;;;;;;;;;
;;;;;;;;;;;;;;;;;;;;
;;;;;;;;;;;;;;;;;;;;
;;;;;;;;;;;;;;;;;;;;
;;;;;;;;;;;;;;;;;;;;
;;;;;;;;;;;;;;;;;;;;
;;;;;;;;;;;;;;;;;;;;
;;;;;;;;;;;;;;;;;;;;
;;;;;;;;;;;;;;;;;;;;
;;;;;;;;;;;;;;;;;;;;
;;;;;;;;;;;;;;;;;;;;
;;;;;;;;;;;;;;;;;;;;
;;;;;;;;;;;;;;;;;;;;
;;;;;;;;;;;;;;;;;;;;
;;;;;;;;;;;;;;;;;;;;
;;;;;;;;;;;;;;;;;;;;
;;;;;;;;;;;;;;;;;;;;
;;;;;;;;;;;;;;;;;;;;
;;;;;;;;;;;;;;;;;;;;
;;;;;;;;;;;;;;;;;;;;
;;;;;;;;;;;;;;;;;;;;
;;;;;;;;;;;;;;;;;;;;
;;;;;;;;;;;;;;;;;;;;
;;;;;;;;;;;;;;;;;;;;
;;;;;;;;;;;;;;;;;;;;
;;;;;;;;;;;;;;;;;;;;
;;;;;;;;;;;;;;;;;;;;
;;;;;;;;;;;;;;;;;;;;
;;;;;;;;;;;;;;;;;;;;
;;;;;;;;;;;;;;;;;;;;
;;;;;;;;;;;;;;;;;;;;
;;;;;;;;;;;;;;;;;;;;
;;;;;;;;;;;;;;;;;;;;
;;;;;;;;;;;;;;;;;;;;
;;;;;;;;;;;;;;;;;;;;
;;;;;;;;;;;;;;;;;;;;
;;;;;;;;;;;;;;;;;;;;
;;;;;;;;;;;;;;;;;;;;
;;;;;;;;;;;;;;;;;;;;
;;;;;;;;;;;;;;;;;;;;
;;;;;;;;;;;;;;;;;;;;
;;;;;;;;;;;;;;;;;;;;
;;;;;;;;;;;;;;;;;;;;
;;;;;;;;;;;;;;;;;;;;
;;;;;;;;;;;;;;;;;;;;
;;;;;;;;;;;;;;;;;;;;
;;;;;;;;;;;;;;;;;;;;
;;;;;;;;;;;;;;;;;;;;
;;;;;;;;;;;;;;;;;;;;
;;;;;;;;;;;;;;;;;;;;
;;;;;;;;;;;;;;;;;;;;
;;;;;;;;;;;;;;;;;;;;
;;;;;;;;;;;;;;;;;;;;
;;;;;;;;;;;;;;;;;;;;
;;;;;;;;;;;;;;;;;;;;
;;;;;;;;;;;;;;;;;;;;
;;;;;;;;;;;;;;;;;;;;
;;;;;;;;;;;;;;;;;;;;
;;;;;;;;;;;;;;;;;;;;
;;;;;;;;;;;;;;;;;;;;
;;;;;;;;;;;;;;;;;;;;
;;;;;;;;;;;;;;;;;;;;
;;;;;;;;;;;;;;;;;;;;
;;;;;;;;;;;;;;;;;;;;
;;;;;;;;;;;;;;;;;;;;
;;;;;;;;;;;;;;;;;;;;
;;;;;;;;;;;;;;;;;;;;
;;;;;;;;;;;;;;;;;;;;
;;;;;;;;;;;;;;;;;;;;
;;;;;;;;;;;;;;;;;;;;
;;;;;;;;;;;;;;;;;;;;
;;;;;;;;;;;;;;;;;;;;
;;;;;;;;;;;;;;;;;;;;
;;;;;;;;;;;;;;;;;;;;
;;;;;;;;;;;;;;;;;;;;
;;;;;;;;;;;;;;;;;;;;
;;;;;;;;;;;;;;;;;;;;
;;;;;;;;;;;;;;;;;;;;
;;;;;;;;;;;;;;;;;;;;
;;;;;;;;;;;;;;;;;;;;
;;;;;;;;;;;;;;;;;;;;
;;;;;;;;;;;;;;;;;;;;
;;;;;;;;;;;;;;;;;;;;
;;;;;;;;;;;;;;;;;;;;
;;;;;;;;;;;;;;;;;;;;
;;;;;;;;;;;;;;;;;;;;
;;;;;;;;;;;;;;;;;;;;
;;;;;;;;;;;;;;;;;;;;
;;;;;;;;;;;;;;;;;;;;
;;;;;;;;;;;;;;;;;;;;
;;;;;;;;;;;;;;;;;;;;
;;;;;;;;;;;;;;;;;;;;
;;;;;;;;;;;;;;;;;;;;
;;;;;;;;;;;;;;;;;;;;
;;;;;;;;;;;;;;;;;;;;
;;;;;;;;;;;;;;;;;;;;
;;;;;;;;;;;;;;;;;;;;
;;;;;;;;;;;;;;;;;;;;
;;;;;;;;;;;;;;;;;;;;
;;;;;;;;;;;;;;;;;;;;
;;;;;;;;;;;;;;;;;;;;
;;;;;;;;;;;;;;;;;;;;
;;;;;;;;;;;;;;;;;;;;
;;;;;;;;;;;;;;;;;;;;
;;;;;;;;;;;;;;;;;;;;
;;;;;;;;;;;;;;;;;;;;
;;;;;;;;;;;;;;;;;;;;
;;;;;;;;;;;;;;;;;;;;
;;;;;;;;;;;;;;;;;;;;
;;;;;;;;;;;;;;;;;;;;
;;;;;;;;;;;;;;;;;;;;
;;;;;;;;;;;;;;;;;;;;
;;;;;;;;;;;;;;;;;;;;
;;;;;;;;;;;;;;;;;;;;
;;;;;;;;;;;;;;;;;;;;
;;;;;;;;;;;;;;;;;;;;
;;;;;;;;;;;;;;;;;;;;
;;;;;;;;;;;;;;;;;;;;
;;;;;;;;;;;;;;;;;;;;
;;;;;;;;;;;;;;;;;;;;
;;;;;;;;;;;;;;;;;;;;
;;;;;;;;;;;;;;;;;;;;
;;;;;;;;;;;;;;;;;;;;
;;;;;;;;;;;;;;;;;;;;
;;;;;;;;;;;;;;;;;;;;
;;;;;;;;;;;;;;;;;;;;
;;;;;;;;;;;;;;;;;;;;
;;;;;;;;;;;;;;;;;;;;
;;;;;;;;;;;;;;;;;;;;
;;;;;;;;;;;;;;;;;;;;
;;;;;;;;;;;;;;;;;;;;
;;;;;;;;;;;;;;;;;;;;
;;;;;;;;;;;;;;;;;;;;
;;;;;;;;;;;;;;;;;;;;
;;;;;;;;;;;;;;;;;;;;
;;;;;;;;;;;;;;;;;;;;
;;;;;;;;;;;;;;;;;;;;
;;;;;;;;;;;;;;;;;;;;
;;;;;;;;;;;;;;;;;;;;
;;;;;;;;;;;;;;;;;;;;
;;;;;;;;;;;;;;;;;;;;
;;;;;;;;;;;;;;;;;;;;
;;;;;;;;;;;;;;;;;;;;
;;;;;;;;;;;;;;;;;;;;
;;;;;;;;;;;;;;;;;;;;
;;;;;;;;;;;;;;;;;;;;
;;;;;;;;;;;;;;;;;;;;
;;;;;;;;;;;;;;;;;;;;
;;;;;;;;;;;;;;;;;;;;
;;;;;;;;;;;;;;;;;;;;
;;;;;;;;;;;;;;;;;;;;
;;;;;;;;;;;;;;;;;;;;
;;;;;;;;;;;;;;;;;;;;
;;;;;;;;;;;;;;;;;;;;
;;;;;;;;;;;;;;;;;;;;
;;;;;;;;;;;;;;;;;;;;
;;;;;;;;;;;;;;;;;;;;
;;;;;;;;;;;;;;;;;;;;
;;;;;;;;;;;;;;;;;;;;
;;;;;;;;;;;;;;;;;;;;
;;;;;;;;;;;;;;;;;;;;
;;;;;;;;;;;;;;;;;;;;
;;;;;;;;;;;;;;;;;;;;
;;;;;;;;;;;;;;;;;;;;
;;;;;;;;;;;;;;;;;;;;
;;;;;;;;;;;;;;;;;;;;
;;;;;;;;;;;;;;;;;;;;
;;;;;;;;;;;;;;;;;;;;
;;;;;;;;;;;;;;;;;;;;
;;;;;;;;;;;;;;;;;;;;
;;;;;;;;;;;;;;;;;;;;
;;;;;;;;;;;;;;;;;;;;
;;;;;;;;;;;;;;;;;;;;
;;;;;;;;;;;;;;;;;;;;
;;;;;;;;;;;;;;;;;;;;
;;;;;;;;;;;;;;;;;;;;
;;;;;;;;;;;;;;;;;;;;
;;;;;;;;;;;;;;;;;;;;
;;;;;;;;;;;;;;;;;;;;
;;;;;;;;;;;;;;;;;;;;
;;;;;;;;;;;;;;;;;;;;
;;;;;;;;;;;;;;;;;;;;
;;;;;;;;;;;;;;;;;;;;
;;;;;;;;;;;;;;;;;;;;
;;;;;;;;;;;;;;;;;;;;
;;;;;;;;;;;;;;;;;;;;
;;;;;;;;;;;;;;;;;;;;
;;;;;;;;;;;;;;;;;;;;
;;;;;;;;;;;;;;;;;;;;
;;;;;;;;;;;;;;;;;;;;
;;;;;;;;;;;;;;;;;;;;
;;;;;;;;;;;;;;;;;;;;
;;;;;;;;;;;;;;;;;;;;
;;;;;;;;;;;;;;;;;;;;
;;;;;;;;;;;;;;;;;;;;
;;;;;;;;;;;;;;;;;;;;
;;;;;;;;;;;;;;;;;;;;
;;;;;;;;;;;;;;;;;;;;
;;;;;;;;;;;;;;;;;;;;
;;;;;;;;;;;;;;;;;;;;
;;;;;;;;;;;;;;;;;;;;
;;;;;;;;;;;;;;;;;;;;
;;;;;;;;;;;;;;;;;;;;
;;;;;;;;;;;;;;;;;;;;
;;;;;;;;;;;;;;;;;;;;
;;;;;;;;;;;;;;;;;;;;
;;;;;;;;;;;;;;;;;;;;
;;;;;;;;;;;;;;;;;;;;
;;;;;;;;;;;;;;;;;;;;
;;;;;;;;;;;;;;;;;;;;
;;;;;;;;;;;;;;;;;;;;
;;;;;;;;;;;;;;;;;;;;
;;;;;;;;;;;;;;;;;;;;
;;;;;;;;;;;;;;;;;;;;
;;;;;;;;;;;;;;;;;;;;
;;;;;;;;;;;;;;;;;;;;
;;;;;;;;;;;;;;;;;;;;
;;;;;;;;;;;;;;;;;;;;
;;;;;;;;;;;;;;;;;;;;
;;;;;;;;;;;;;;;;;;;;
;;;;;;;;;;;;;;;;;;;;
;;;;;;;;;;;;;;;;;;;;
;;;;;;;;;;;;;;;;;;;;
;;;;;;;;;;;;;;;;;;;;
;;;;;;;;;;;;;;;;;;;;
;;;;;;;;;;;;;;;;;;;;
;;;;;;;;;;;;;;;;;;;;
;;;;;;;;;;;;;;;;;;;;
;;;;;;;;;;;;;;;;;;;;
;;;;;;;;;;;;;;;;;;;;
;;;;;;;;;;;;;;;;;;;;
;;;;;;;;;;;;;;;;;;;;
;;;;;;;;;;;;;;;;;;;;
;;;;;;;;;;;;;;;;;;;;
;;;;;;;;;;;;;;;;;;;;
;;;;;;;;;;;;;;;;;;;;
;;;;;;;;;;;;;;;;;;;;
;;;;;;;;;;;;;;;;;;;;
;;;;;;;;;;;;;;;;;;;;
;;;;;;;;;;;;;;;;;;;;
;;;;;;;;;;;;;;;;;;;;
;;;;;;;;;;;;;;;;;;;;
;;;;;;;;;;;;;;;;;;;;
;;;;;;;;;;;;;;;;;;;;
;;;;;;;;;;;;;;;;;;;;
;;;;;;;;;;;;;;;;;;;;
;;;;;;;;;;;;;;;;;;;;
;;;;;;;;;;;;;;;;;;;;
;;;;;;;;;;;;;;;;;;;;
;;;;;;;;;;;;;;;;;;;;
;;;;;;;;;;;;;;;;;;;;
;;;;;;;;;;;;;;;;;;;;
;;;;;;;;;;;;;;;;;;;;
;;;;;;;;;;;;;;;;;;;;
;;;;;;;;;;;;;;;;;;;;
;;;;;;;;;;;;;;;;;;;;
;;;;;;;;;;;;;;;;;;;;
;;;;;;;;;;;;;;;;;;;;
;;;;;;;;;;;;;;;;;;;;
;;;;;;;;;;;;;;;;;;;;
;;;;;;;;;;;;;;;;;;;;
;;;;;;;;;;;;;;;;;;;;
;;;;;;;;;;;;;;;;;;;;
;;;;;;;;;;;;;;;;;;;;
;;;;;;;;;;;;;;;;;;;;
;;;;;;;;;;;;;;;;;;;;
;;;;;;;;;;;;;;;;;;;;
;;;;;;;;;;;;;;;;;;;;
;;;;;;;;;;;;;;;;;;;;
;;;;;;;;;;;;;;;;;;;;
;;;;;;;;;;;;;;;;;;;;
;;;;;;;;;;;;;;;;;;;;
;;;;;;;;;;;;;;;;;;;;
;;;;;;;;;;;;;;;;;;;;
;;;;;;;;;;;;;;;;;;;;
;;;;;;;;;;;;;;;;;;;;
;;;;;;;;;;;;;;;;;;;;
;;;;;;;;;;;;;;;;;;;;
;;;;;;;;;;;;;;;;;;;;
;;;;;;;;;;;;;;;;;;;;
;;;;;;;;;;;;;;;;;;;;
;;;;;;;;;;;;;;;;;;;;
;;;;;;;;;;;;;;;;;;;;
;;;;;;;;;;;;;;;;;;;;
;;;;;;;;;;;;;;;;;;;;
;;;;;;;;;;;;;;;;;;;;
;;;;;;;;;;;;;;;;;;;;
;;;;;;;;;;;;;;;;;;;;
;;;;;;;;;;;;;;;;;;;;
;;;;;;;;;;;;;;;;;;;;
;;;;;;;;;;;;;;;;;;;;
;;;;;;;;;;;;;;;;;;;;
;;;;;;;;;;;;;;;;;;;;
;;;;;;;;;;;;;;;;;;;;
;;;;;;;;;;;;;;;;;;;;
;;;;;;;;;;;;;;;;;;;;
;;;;;;;;;;;;;;;;;;;;
;;;;;;;;;;;;;;;;;;;;
;;;;;;;;;;;;;;;;;;;;
;;;;;;;;;;;;;;;;;;;;
;;;;;;;;;;;;;;;;;;;;
;;;;;;;;;;;;;;;;;;;;
;;;;;;;;;;;;;;;;;;;;
;;;;;;;;;;;;;;;;;;;;
;;;;;;;;;;;;;;;;;;;;
;;;;;;;;;;;;;;;;;;;;
;;;;;;;;;;;;;;;;;;;;
;;;;;;;;;;;;;;;;;;;;
;;;;;;;;;;;;;;;;;;;;
;;;;;;;;;;;;;;;;;;;;
;;;;;;;;;;;;;;;;;;;;
;;;;;;;;;;;;;;;;;;;;
;;;;;;;;;;;;;;;;;;;;
;;;;;;;;;;;;;;;;;;;;
;;;;;;;;;;;;;;;;;;;;
;;;;;;;;;;;;;;;;;;;;
;;;;;;;;;;;;;;;;;;;;
;;;;;;;;;;;;;;;;;;;;
;;;;;;;;;;;;;;;;;;;;
;;;;;;;;;;;;;;;;;;;;
;;;;;;;;;;;;;;;;;;;;
;;;;;;;;;;;;;;;;;;;;
;;;;;;;;;;;;;;;;;;;;
;;;;;;;;;;;;;;;;;;;;
;;;;;;;;;;;;;;;;;;;;
;;;;;;;;;;;;;;;;;;;;
;;;;;;;;;;;;;;;;;;;;
;;;;;;;;;;;;;;;;;;;;
;;;;;;;;;;;;;;;;;;;;
;;;;;;;;;;;;;;;;;;;;
;;;;;;;;;;;;;;;;;;;;
;;;;;;;;;;;;;;;;;;;;
;;;;;;;;;;;;;;;;;;;;
;;;;;;;;;;;;;;;;;;;;
;;;;;;;;;;;;;;;;;;;;
;;;;;;;;;;;;;;;;;;;;
;;;;;;;;;;;;;;;;;;;;
;;;;;;;;;;;;;;;;;;;;
;;;;;;;;;;;;;;;;;;;;
;;;;;;;;;;;;;;;;;;;;
;;;;;;;;;;;;;;;;;;;;
;;;;;;;;;;;;;;;;;;;;
;;;;;;;;;;;;;;;;;;;;
;;;;;;;;;;;;;;;;;;;;
;;;;;;;;;;;;;;;;;;;;
;;;;;;;;;;;;;;;;;;;;
;;;;;;;;;;;;;;;;;;;;
;;;;;;;;;;;;;;;;;;;;
;;;;;;;;;;;;;;;;;;;;
;;;;;;;;;;;;;;;;;;;;
;;;;;;;;;;;;;;;;;;;;
;;;;;;;;;;;;;;;;;;;;
;;;;;;;;;;;;;;;;;;;;
;;;;;;;;;;;;;;;;;;;;
;;;;;;;;;;;;;;;;;;;;
;;;;;;;;;;;;;;;;;;;;
;;;;;;;;;;;;;;;;;;;;
;;;;;;;;;;;;;;;;;;;;
;;;;;;;;;;;;;;;;;;;;
;;;;;;;;;;;;;;;;;;;;
;;;;;;;;;;;;;;;;;;;;
;;;;;;;;;;;;;;;;;;;;
;;;;;;;;;;;;;;;;;;;;
;;;;;;;;;;;;;;;;;;;;
;;;;;;;;;;;;;;;;;;;;
;;;;;;;;;;;;;;;;;;;;
;;;;;;;;;;;;;;;;;;;;
;;;;;;;;;;;;;;;;;;;;
;;;;;;;;;;;;;;;;;;;;
;;;;;;;;;;;;;;;;;;;;
;;;;;;;;;;;;;;;;;;;;
;;;;;;;;;;;;;;;;;;;;
;;;;;;;;;;;;;;;;;;;;
;;;;;;;;;;;;;;;;;;;;
;;;;;;;;;;;;;;;;;;;;
;;;;;;;;;;;;;;;;;;;;
;;;;;;;;;;;;;;;;;;;;
;;;;;;;;;;;;;;;;;;;;
;;;;;;;;;;;;;;;;;;;;
;;;;;;;;;;;;;;;;;;;;
;;;;;;;;;;;;;;;;;;;;
;;;;;;;;;;;;;;;;;;;;
;;;;;;;;;;;;;;;;;;;;
;;;;;;;;;;;;;;;;;;;;
;;;;;;;;;;;;;;;;;;;;
;;;;;;;;;;;;;;;;;;;;
;;;;;;;;;;;;;;;;;;;;
;;;;;;;;;;;;;;;;;;;;
;;;;;;;;;;;;;;;;;;;;
;;;;;;;;;;;;;;;;;;;;
;;;;;;;;;;;;;;;;;;;;
;;;;;;;;;;;;;;;;;;;;
;;;;;;;;;;;;;;;;;;;;
;;;;;;;;;;;;;;;;;;;;
;;;;;;;;;;;;;;;;;;;;
;;;;;;;;;;;;;;;;;;;;
;;;;;;;;;;;;;;;;;;;;
;;;;;;;;;;;;;;;;;;;;
;;;;;;;;;;;;;;;;;;;;
;;;;;;;;;;;;;;;;;;;;
;;;;;;;;;;;;;;;;;;;;
;;;;;;;;;;;;;;;;;;;;
;;;;;;;;;;;;;;;;;;;;
;;;;;;;;;;;;;;;;;;;;
;;;;;;;;;;;;;;;;;;;;
;;;;;;;;;;;;;;;;;;;;
;;;;;;;;;;;;;;;;;;;;
;;;;;;;;;;;;;;;;;;;;
;;;;;;;;;;;;;;;;;;;;
;;;;;;;;;;;;;;;;;;;;
;;;;;;;;;;;;;;;;;;;;
;;;;;;;;;;;;;;;;;;;;
;;;;;;;;;;;;;;;;;;;;
;;;;;;;;;;;;;;;;;;;;
;;;;;;;;;;;;;;;;;;;;
;;;;;;;;;;;;;;;;;;;;
;;;;;;;;;;;;;;;;;;;;
;;;;;;;;;;;;;;;;;;;;
;;;;;;;;;;;;;;;;;;;;
;;;;;;;;;;;;;;;;;;;;
;;;;;;;;;;;;;;;;;;;;
;;;;;;;;;;;;;;;;;;;;
;;;;;;;;;;;;;;;;;;;;
;;;;;;;;;;;;;;;;;;;;
;;;;;;;;;;;;;;;;;;;;
;;;;;;;;;;;;;;;;;;;;
;;;;;;;;;;;;;;;;;;;;
;;;;;;;;;;;;;;;;;;;;
;;;;;;;;;;;;;;;;;;;;
;;;;;;;;;;;;;;;;;;;;
;;;;;;;;;;;;;;;;;;;;
;;;;;;;;;;;;;;;;;;;;
;;;;;;;;;;;;;;;;;;;;
;;;;;;;;;;;;;;;;;;;;
;;;;;;;;;;;;;;;;;;;;
;;;;;;;;;;;;;;;;;;;;
;;;;;;;;;;;;;;;;;;;;
;;;;;;;;;;;;;;;;;;;;
;;;;;;;;;;;;;;;;;;;;
;;;;;;;;;;;;;;;;;;;;
;;;;;;;;;;;;;;;;;;;;
;;;;;;;;;;;;;;;;;;;;
;;;;;;;;;;;;;;;;;;;;
;;;;;;;;;;;;;;;;;;;;
;;;;;;;;;;;;;;;;;;;;
;;;;;;;;;;;;;;;;;;;;
;;;;;;;;;;;;;;;;;;;;
;;;;;;;;;;;;;;;;;;;;
;;;;;;;;;;;;;;;;;;;;
;;;;;;;;;;;;;;;;;;;;
;;;;;;;;;;;;;;;;;;;;
;;;;;;;;;;;;;;;;;;;;
;;;;;;;;;;;;;;;;;;;;
;;;;;;;;;;;;;;;;;;;;
;;;;;;;;;;;;;;;;;;;;
;;;;;;;;;;;;;;;;;;;;
;;;;;;;;;;;;;;;;;;;;
;;;;;;;;;;;;;;;;;;;;
;;;;;;;;;;;;;;;;;;;;
;;;;;;;;;;;;;;;;;;;;
;;;;;;;;;;;;;;;;;;;;
;;;;;;;;;;;;;;;;;;;;
;;;;;;;;;;;;;;;;;;;;
;;;;;;;;;;;;;;;;;;;;
;;;;;;;;;;;;;;;;;;;;
;;;;;;;;;;;;;;;;;;;;
;;;;;;;;;;;;;;;;;;;;
;;;;;;;;;;;;;;;;;;;;
;;;;;;;;;;;;;;;;;;;;
;;;;;;;;;;;;;;;;;;;;
;;;;;;;;;;;;;;;;;;;;
;;;;;;;;;;;;;;;;;;;;
;;;;;;;;;;;;;;;;;;;;
;;;;;;;;;;;;;;;;;;;;
;;;;;;;;;;;;;;;;;;;;
;;;;;;;;;;;;;;;;;;;;
;;;;;;;;;;;;;;;;;;;;
;;;;;;;;;;;;;;;;;;;;
;;;;;;;;;;;;;;;;;;;;
;;;;;;;;;;;;;;;;;;;;
;;;;;;;;;;;;;;;;;;;;
;;;;;;;;;;;;;;;;;;;;
;;;;;;;;;;;;;;;;;;;;
;;;;;;;;;;;;;;;;;;;;
;;;;;;;;;;;;;;;;;;;;
;;;;;;;;;;;;;;;;;;;;
;;;;;;;;;;;;;;;;;;;;
;;;;;;;;;;;;;;;;;;;;
;;;;;;;;;;;;;;;;;;;;
;;;;;;;;;;;;;;;;;;;;
;;;;;;;;;;;;;;;;;;;;
;;;;;;;;;;;;;;;;;;;;
;;;;;;;;;;;;;;;;;;;;
;;;;;;;;;;;;;;;;;;;;
;;;;;;;;;;;;;;;;;;;;
;;;;;;;;;;;;;;;;;;;;
;;;;;;;;;;;;;;;;;;;;
;;;;;;;;;;;;;;;;;;;;
;;;;;;;;;;;;;;;;;;;;
;;;;;;;;;;;;;;;;;;;;
;;;;;;;;;;;;;;;;;;;;
;;;;;;;;;;;;;;;;;;;;
;;;;;;;;;;;;;;;;;;;;
;;;;;;;;;;;;;;;;;;;;
;;;;;;;;;;;;;;;;;;;;
;;;;;;;;;;;;;;;;;;;;
;;;;;;;;;;;;;;;;;;;;
;;;;;;;;;;;;;;;;;;;;
;;;;;;;;;;;;;;;;;;;;
;;;;;;;;;;;;;;;;;;;;
;;;;;;;;;;;;;;;;;;;;
;;;;;;;;;;;;;;;;;;;;
;;;;;;;;;;;;;;;;;;;;
;;;;;;;;;;;;;;;;;;;;
;;;;;;;;;;;;;;;;;;;;
;;;;;;;;;;;;;;;;;;;;
;;;;;;;;;;;;;;;;;;;;
;;;;;;;;;;;;;;;;;;;;
;;;;;;;;;;;;;;;;;;;;
;;;;;;;;;;;;;;;;;;;;
;;;;;;;;;;;;;;;;;;;;
;;;;;;;;;;;;;;;;;;;;
;;;;;;;;;;;;;;;;;;;;
;;;;;;;;;;;;;;;;;;;;
;;;;;;;;;;;;;;;;;;;;
;;;;;;;;;;;;;;;;;;;;
;;;;;;;;;;;;;;;;;;;;
;;;;;;;;;;;;;;;;;;;;
;;;;;;;;;;;;;;;;;;;;
;;;;;;;;;;;;;;;;;;;;
;;;;;;;;;;;;;;;;;;;;
;;;;;;;;;;;;;;;;;;;;
;;;;;;;;;;;;;;;;;;;;
;;;;;;;;;;;;;;;;;;;;
;;;;;;;;;;;;;;;;;;;;
;;;;;;;;;;;;;;;;;;;;
;;;;;;;;;;;;;;;;;;;;
;;;;;;;;;;;;;;;;;;;;
;;;;;;;;;;;;;;;;;;;;
;;;;;;;;;;;;;;;;;;;;
;;;;;;;;;;;;;;;;;;;;
;;;;;;;;;;;;;;;;;;;;
;;;;;;;;;;;;;;;;;;;;
;;;;;;;;;;;;;;;;;;;;
;;;;;;;;;;;;;;;;;;;;
;;;;;;;;;;;;;;;;;;;;
;;;;;;;;;;;;;;;;;;;;
;;;;;;;;;;;;;;;;;;;;
;;;;;;;;;;;;;;;;;;;;
;;;;;;;;;;;;;;;;;;;;
;;;;;;;;;;;;;;;;;;;;
;;;;;;;;;;;;;;;;;;;;
;;;;;;;;;;;;;;;;;;;;
;;;;;;;;;;;;;;;;;;;;
;;;;;;;;;;;;;;;;;;;;
;;;;;;;;;;;;;;;;;;;;
;;;;;;;;;;;;;;;;;;;;
;;;;;;;;;;;;;;;;;;;;
;;;;;;;;;;;;;;;;;;;;
;;;;;;;;;;;;;;;;;;;;
;;;;;;;;;;;;;;;;;;;;
;;;;;;;;;;;;;;;;;;;;
;;;;;;;;;;;;;;;;;;;;
;;;;;;;;;;;;;;;;;;;;
;;;;;;;;;;;;;;;;;;;;
;;;;;;;;;;;;;;;;;;;;
;;;;;;;;;;;;;;;;;;;;
;;;;;;;;;;;;;;;;;;;;
;;;;;;;;;;;;;;;;;;;;
;;;;;;;;;;;;;;;;;;;;
;;;;;;;;;;;;;;;;;;;;
;;;;;;;;;;;;;;;;;;;;
;;;;;;;;;;;;;;;;;;;;
;;;;;;;;;;;;;;;;;;;;
;;;;;;;;;;;;;;;;;;;;
;;;;;;;;;;;;;;;;;;;;
;;;;;;;;;;;;;;;;;;;;
;;;;;;;;;;;;;;;;;;;;
;;;;;;;;;;;;;;;;;;;;
;;;;;;;;;;;;;;;;;;;;
;;;;;;;;;;;;;;;;;;;;
;;;;;;;;;;;;;;;;;;;;
;;;;;;;;;;;;;;;;;;;;
;;;;;;;;;;;;;;;;;;;;
;;;;;;;;;;;;;;;;;;;;
;;;;;;;;;;;;;;;;;;;;
;;;;;;;;;;;;;;;;;;;;
;;;;;;;;;;;;;;;;;;;;
;;;;;;;;;;;;;;;;;;;;
;;;;;;;;;;;;;;;;;;;;
;;;;;;;;;;;;;;;;;;;;
;;;;;;;;;;;;;;;;;;;;
;;;;;;;;;;;;;;;;;;;;
;;;;;;;;;;;;;;;;;;;;
;;;;;;;;;;;;;;;;;;;;
;;;;;;;;;;;;;;;;;;;;
;;;;;;;;;;;;;;;;;;;;
;;;;;;;;;;;;;;;;;;;;
;;;;;;;;;;;;;;;;;;;;
;;;;;;;;;;;;;;;;;;;;
;;;;;;;;;;;;;;;;;;;;
;;;;;;;;;;;;;;;;;;;;
;;;;;;;;;;;;;;;;;;;;
;;;;;;;;;;;;;;;;;;;;
;;;;;;;;;;;;;;;;;;;;
;;;;;;;;;;;;;;;;;;;;
;;;;;;;;;;;;;;;;;;;;
;;;;;;;;;;;;;;;;;;;;
;;;;;;;;;;;;;;;;;;;;
;;;;;;;;;;;;;;;;;;;;
;;;;;;;;;;;;;;;;;;;;
;;;;;;;;;;;;;;;;;;;;
;;;;;;;;;;;;;;;;;;;;
;;;;;;;;;;;;;;;;;;;;
;;;;;;;;;;;;;;;;;;;;
;;;;;;;;;;;;;;;;;;;;
;;;;;;;;;;;;;;;;;;;;
;;;;;;;;;;;;;;;;;;;;
;;;;;;;;;;;;;;;;;;;;
;;;;;;;;;;;;;;;;;;;;
;;;;;;;;;;;;;;;;;;;;
;;;;;;;;;;;;;;;;;;;;
;;;;;;;;;;;;;;;;;;;;
;;;;;;;;;;;;;;;;;;;;
;;;;;;;;;;;;;;;;;;;;
;;;;;;;;;;;;;;;;;;;;
;;;;;;;;;;;;;;;;;;;;
;;;;;;;;;;;;;;;;;;;;
;;;;;;;;;;;;;;;;;;;;
;;;;;;;;;;;;;;;;;;;;
;;;;;;;;;;;;;;;;;;;;
;;;;;;;;;;;;;;;;;;;;
;;;;;;;;;;;;;;;;;;;;
;;;;;;;;;;;;;;;;;;;;
;;;;;;;;;;;;;;;;;;;;
;;;;;;;;;;;;;;;;;;;;
;;;;;;;;;;;;;;;;;;;;
;;;;;;;;;;;;;;;;;;;;
;;;;;;;;;;;;;;;;;;;;
;;;;;;;;;;;;;;;;;;;;
;;;;;;;;;;;;;;;;;;;;
;;;;;;;;;;;;;;;;;;;;
;;;;;;;;;;;;;;;;;;;;
;;;;;;;;;;;;;;;;;;;;
;;;;;;;;;;;;;;;;;;;;
;;;;;;;;;;;;;;;;;;;;
;;;;;;;;;;;;;;;;;;;;
;;;;;;;;;;;;;;;;;;;;
;;;;;;;;;;;;;;;;;;;;
;;;;;;;;;;;;;;;;;;;;
;;;;;;;;;;;;;;;;;;;;
;;;;;;;;;;;;;;;;;;;;
;;;;;;;;;;;;;;;;;;;;
;;;;;;;;;;;;;;;;;;;;
;;;;;;;;;;;;;;;;;;;;
;;;;;;;;;;;;;;;;;;;;
;;;;;;;;;;;;;;;;;;;;
;;;;;;;;;;;;;;;;;;;;
;;;;;;;;;;;;;;;;;;;;
;;;;;;;;;;;;;;;;;;;;
;;;;;;;;;;;;;;;;;;;;
;;;;;;;;;;;;;;;;;;;;
;;;;;;;;;;;;;;;;;;;;
;;;;;;;;;;;;;;;;;;;;
;;;;;;;;;;;;;;;;;;;;
;;;;;;;;;;;;;;;;;;;;
;;;;;;;;;;;;;;;;;;;;
;;;;;;;;;;;;;;;;;;;;
;;;;;;;;;;;;;;;;;;;;
;;;;;;;;;;;;;;;;;;;;
;;;;;;;;;;;;;;;;;;;;
;;;;;;;;;;;;;;;;;;;;
;;;;;;;;;;;;;;;;;;;;
;;;;;;;;;;;;;;;;;;;;
;;;;;;;;;;;;;;;;;;;;
;;;;;;;;;;;;;;;;;;;;
;;;;;;;;;;;;;;;;;;;;
;;;;;;;;;;;;;;;;;;;;
;;;;;;;;;;;;;;;;;;;;
;;;;;;;;;;;;;;;;;;;;
;;;;;;;;;;;;;;;;;;;;
;;;;;;;;;;;;;;;;;;;;
;;;;;;;;;;;;;;;;;;;;
;;;;;;;;;;;;;;;;;;;;
;;;;;;;;;;;;;;;;;;;;
;;;;;;;;;;;;;;;;;;;;
;;;;;;;;;;;;;;;;;;;;
;;;;;;;;;;;;;;;;;;;;
;;;;;;;;;;;;;;;;;;;;
;;;;;;;;;;;;;;;;;;;;
;;;;;;;;;;;;;;;;;;;;
;;;;;;;;;;;;;;;;;;;;
;;;;;;;;;;;;;;;;;;;;
;;;;;;;;;;;;;;;;;;;;
;;;;;;;;;;;;;;;;;;;;
;;;;;;;;;;;;;;;;;;;;
;;;;;;;;;;;;;;;;;;;;
;;;;;;;;;;;;;;;;;;;;
;;;;;;;;;;;;;;;;;;;;
;;;;;;;;;;;;;;;;;;;;
;;;;;;;;;;;;;;;;;;;;
;;;;;;;;;;;;;;;;;;;;
;;;;;;;;;;;;;;;;;;;;
;;;;;;;;;;;;;;;;;;;;
;;;;;;;;;;;;;;;;;;;;
;;;;;;;;;;;;;;;;;;;;
;;;;;;;;;;;;;;;;;;;;
;;;;;;;;;;;;;;;;;;;;
;;;;;;;;;;;;;;;;;;;;
;;;;;;;;;;;;;;;;;;;;
;;;;;;;;;;;;;;;;;;;;
;;;;;;;;;;;;;;;;;;;;
;;;;;;;;;;;;;;;;;;;;
;;;;;;;;;;;;;;;;;;;;
;;;;;;;;;;;;;;;;;;;;
;;;;;;;;;;;;;;;;;;;;
;;;;;;;;;;;;;;;;;;;;
;;;;;;;;;;;;;;;;;;;;
;;;;;;;;;;;;;;;;;;;;
;;;;;;;;;;;;;;;;;;;;
;;;;;;;;;;;;;;;;;;;;
;;;;;;;;;;;;;;;;;;;;
;;;;;;;;;;;;;;;;;;;;
;;;;;;;;;;;;;;;;;;;;
;;;;;;;;;;;;;;;;;;;;
;;;;;;;;;;;;;;;;;;;;
;;;;;;;;;;;;;;;;;;;;
;;;;;;;;;;;;;;;;;;;;
;;;;;;;;;;;;;;;;;;;;
;;;;;;;;;;;;;;;;;;;;
;;;;;;;;;;;;;;;;;;;;
;;;;;;;;;;;;;;;;;;;;
;;;;;;;;;;;;;;;;;;;;
;;;;;;;;;;;;;;;;;;;;
;;;;;;;;;;;;;;;;;;;;
;;;;;;;;;;;;;;;;;;;;
;;;;;;;;;;;;;;;;;;;;
;;;;;;;;;;;;;;;;;;;;
;;;;;;;;;;;;;;;;;;;;
;;;;;;;;;;;;;;;;;;;;
;;;;;;;;;;;;;;;;;;;;
;;;;;;;;;;;;;;;;;;;;
;;;;;;;;;;;;;;;;;;;;
;;;;;;;;;;;;;;;;;;;;
;;;;;;;;;;;;;;;;;;;;
;;;;;;;;;;;;;;;;;;;;
;;;;;;;;;;;;;;;;;;;;
;;;;;;;;;;;;;;;;;;;;
;;;;;;;;;;;;;;;;;;;;
;;;;;;;;;;;;;;;;;;;;
;;;;;;;;;;;;;;;;;;;;
;;;;;;;;;;;;;;;;;;;;
;;;;;;;;;;;;;;;;;;;;
;;;;;;;;;;;;;;;;;;;;
;;;;;;;;;;;;;;;;;;;;
;;;;;;;;;;;;;;;;;;;;
;;;;;;;;;;;;;;;;;;;;
;;;;;;;;;;;;;;;;;;;;
;;;;;;;;;;;;;;;;;;;;
;;;;;;;;;;;;;;;;;;;;
;;;;;;;;;;;;;;;;;;;;
;;;;;;;;;;;;;;;;;;;;
;;;;;;;;;;;;;;;;;;;;
;;;;;;;;;;;;;;;;;;;;
;;;;;;;;;;;;;;;;;;;;
;;;;;;;;;;;;;;;;;;;;
;;;;;;;;;;;;;;;;;;;;
;;;;;;;;;;;;;;;;;;;;
;;;;;;;;;;;;;;;;;;;;
;;;;;;;;;;;;;;;;;;;;
;;;;;;;;;;;;;;;;;;;;
;;;;;;;;;;;;;;;;;;;;
;;;;;;;;;;;;;;;;;;;;
;;;;;;;;;;;;;;;;;;;;
;;;;;;;;;;;;;;;;;;;;
;;;;;;;;;;;;;;;;;;;;
;;;;;;;;;;;;;;;;;;;;
;;;;;;;;;;;;;;;;;;;;
;;;;;;;;;;;;;;;;;;;;
;;;;;;;;;;;;;;;;;;;;
;;;;;;;;;;;;;;;;;;;;
;;;;;;;;;;;;;;;;;;;;
;;;;;;;;;;;;;;;;;;;;
;;;;;;;;;;;;;;;;;;;;
;;;;;;;;;;;;;;;;;;;;
;;;;;;;;;;;;;;;;;;;;
;;;;;;;;;;;;;;;;;;;;
;;;;;;;;;;;;;;;;;;;;
;;;;;;;;;;;;;;;;;;;;
;;;;;;;;;;;;;;;;;;;;
;;;;;;;;;;;;;;;;;;;;
;;;;;;;;;;;;;;;;;;;;
;;;;;;;;;;;;;;;;;;;;
;;;;;;;;;;;;;;;;;;;;
;;;;;;;;;;;;;;;;;;;;
;;;;;;;;;;;;;;;;;;;;
;;;;;;;;;;;;;;;;;;;;
;;;;;;;;;;;;;;;;;;;;
;;;;;;;;;;;;;;;;;;;;
;;;;;;;;;;;;;;;;;;;;
;;;;;;;;;;;;;;;;;;;;
;;;;;;;;;;;;;;;;;;;;
;;;;;;;;;;;;;;;;;;;;
;;;;;;;;;;;;;;;;;;;;
;;;;;;;;;;;;;;;;;;;;
;;;;;;;;;;;;;;;;;;;;
;;;;;;;;;;;;;;;;;;;;
;;;;;;;;;;;;;;;;;;;;
;;;;;;;;;;;;;;;;;;;;
;;;;;;;;;;;;;;;;;;;;
;;;;;;;;;;;;;;;;;;;;
;;;;;;;;;;;;;;;;;;;;
;;;;;;;;;;;;;;;;;;;;
;;;;;;;;;;;;;;;;;;;;
;;;;;;;;;;;;;;;;;;;;
;;;;;;;;;;;;;;;;;;;;
;;;;;;;;;;;;;;;;;;;;
;;;;;;;;;;;;;;;;;;;;
;;;;;;;;;;;;;;;;;;;;
;;;;;;;;;;;;;;;;;;;;
;;;;;;;;;;;;;;;;;;;;
;;;;;;;;;;;;;;;;;;;;
;;;;;;;;;;;;;;;;;;;;
;;;;;;;;;;;;;;;;;;;;
;;;;;;;;;;;;;;;;;;;;
;;;;;;;;;;;;;;;;;;;;
;;;;;;;;;;;;;;;;;;;;
;;;;;;;;;;;;;;;;;;;;
;;;;;;;;;;;;;;;;;;;;
;;;;;;;;;;;;;;;;;;;;
;;;;;;;;;;;;;;;;;;;;
;;;;;;;;;;;;;;;;;;;;
;;;;;;;;;;;;;;;;;;;;
;;;;;;;;;;;;;;;;;;;;
;;;;;;;;;;;;;;;;;;;;
;;;;;;;;;;;;;;;;;;;;
;;;;;;;;;;;;;;;;;;;;
;;;;;;;;;;;;;;;;;;;;
;;;;;;;;;;;;;;;;;;;;
;;;;;;;;;;;;;;;;;;;;
;;;;;;;;;;;;;;;;;;;;
;;;;;;;;;;;;;;;;;;;;
;;;;;;;;;;;;;;;;;;;;
;;;;;;;;;;;;;;;;;;;;
;;;;;;;;;;;;;;;;;;;;
;;;;;;;;;;;;;;;;;;;;
;;;;;;;;;;;;;;;;;;;;
;;;;;;;;;;;;;;;;;;;;
;;;;;;;;;;;;;;;;;;;;
;;;;;;;;;;;;;;;;;;;;
;;;;;;;;;;;;;;;;;;;;
;;;;;;;;;;;;;;;;;;;;
;;;;;;;;;;;;;;;;;;;;
;;;;;;;;;;;;;;;;;;;;
;;;;;;;;;;;;;;;;;;;;
;;;;;;;;;;;;;;;;;;;;
;;;;;;;;;;;;;;;;;;;;
;;;;;;;;;;;;;;;;;;;;
;;;;;;;;;;;;;;;;;;;;
;;;;;;;;;;;;;;;;;;;;
;;;;;;;;;;;;;;;;;;;;
;;;;;;;;;;;;;;;;;;;;
;;;;;;;;;;;;;;;;;;;;
;;;;;;;;;;;;;;;;;;;;
;;;;;;;;;;;;;;;;;;;;
;;;;;;;;;;;;;;;;;;;;
;;;;;;;;;;;;;;;;;;;;
;;;;;;;;;;;;;;;;;;;;
;;;;;;;;;;;;;;;;;;;;
;;;;;;;;;;;;;;;;;;;;
;;;;;;;;;;;;;;;;;;;;
;;;;;;;;;;;;;;;;;;;;
;;;;;;;;;;;;;;;;;;;;
;;;;;;;;;;;;;;;;;;;;
;;;;;;;;;;;;;;;;;;;;
;;;;;;;;;;;;;;;;;;;;
;;;;;;;;;;;;;;;;;;;;
;;;;;;;;;;;;;;;;;;;;
;;;;;;;;;;;;;;;;;;;;
;;;;;;;;;;;;;;;;;;;;
;;;;;;;;;;;;;;;;;;;;
;;;;;;;;;;;;;;;;;;;;
;;;;;;;;;;;;;;;;;;;;
;;;;;;;;;;;;;;;;;;;;
;;;;;;;;;;;;;;;;;;;;
;;;;;;;;;;;;;;;;;;;;
;;;;;;;;;;;;;;;;;;;;
;;;;;;;;;;;;;;;;;;;;
;;;;;;;;;;;;;;;;;;;;
;;;;;;;;;;;;;;;;;;;;
;;;;;;;;;;;;;;;;;;;;
;;;;;;;;;;;;;;;;;;;;
;;;;;;;;;;;;;;;;;;;;
;;;;;;;;;;;;;;;;;;;;
;;;;;;;;;;;;;;;;;;;;
;;;;;;;;;;;;;;;;;;;;
;;;;;;;;;;;;;;;;;;;;
;;;;;;;;;;;;;;;;;;;;
;;;;;;;;;;;;;;;;;;;;
;;;;;;;;;;;;;;;;;;;;
;;;;;;;;;;;;;;;;;;;;
;;;;;;;;;;;;;;;;;;;;
;;;;;;;;;;;;;;;;;;;;
;;;;;;;;;;;;;;;;;;;;
;;;;;;;;;;;;;;;;;;;;
;;;;;;;;;;;;;;;;;;;;
;;;;;;;;;;;;;;;;;;;;
;;;;;;;;;;;;;;;;;;;;
;;;;;;;;;;;;;;;;;;;;
;;;;;;;;;;;;;;;;;;;;
;;;;;;;;;;;;;;;;;;;;
;;;;;;;;;;;;;;;;;;;;
;;;;;;;;;;;;;;;;;;;;
;;;;;;;;;;;;;;;;;;;;
;;;;;;;;;;;;;;;;;;;;
;;;;;;;;;;;;;;;;;;;;
;;;;;;;;;;;;;;;;;;;;
;;;;;;;;;;;;;;;;;;;;
;;;;;;;;;;;;;;;;;;;;
;;;;;;;;;;;;;;;;;;;;
;;;;;;;;;;;;;;;;;;;;
;;;;;;;;;;;;;;;;;;;;
;;;;;;;;;;;;;;;;;;;;
;;;;;;;;;;;;;;;;;;;;
;;;;;;;;;;;;;;;;;;;;
;;;;;;;;;;;;;;;;;;;;
;;;;;;;;;;;;;;;;;;;;
;;;;;;;;;;;;;;;;;;;;
;;;;;;;;;;;;;;;;;;;;
;;;;;;;;;;;;;;;;;;;;
;;;;;;;;;;;;;;;;;;;;
;;;;;;;;;;;;;;;;;;;;
;;;;;;;;;;;;;;;;;;;;
;;;;;;;;;;;;;;;;;;;;
;;;;;;;;;;;;;;;;;;;;
;;;;;;;;;;;;;;;;;;;;
;;;;;;;;;;;;;;;;;;;;
;;;;;;;;;;;;;;;;;;;;
;;;;;;;;;;;;;;;;;;;;
;;;;;;;;;;;;;;;;;;;;
;;;;;;;;;;;;;;;;;;;;
;;;;;;;;;;;;;;;;;;;;
;;;;;;;;;;;;;;;;;;;;
;;;;;;;;;;;;;;;;;;;;
;;;;;;;;;;;;;;;;;;;;
;;;;;;;;;;;;;;;;;;;;
;;;;;;;;;;;;;;;;;;;;
;;;;;;;;;;;;;;;;;;;;
;;;;;;;;;;;;;;;;;;;;
;;;;;;;;;;;;;;;;;;;;
;;;;;;;;;;;;;;;;;;;;
;;;;;;;;;;;;;;;;;;;;
;;;;;;;;;;;;;;;;;;;;
;;;;;;;;;;;;;;;;;;;;
;;;;;;;;;;;;;;;;;;;;
;;;;;;;;;;;;;;;;;;;;
;;;;;;;;;;;;;;;;;;;;
;;;;;;;;;;;;;;;;;;;;
;;;;;;;;;;;;;;;;;;;;
;;;;;;;;;;;;;;;;;;;;
;;;;;;;;;;;;;;;;;;;;
;;;;;;;;;;;;;;;;;;;;
;;;;;;;;;;;;;;;;;;;;
;;;;;;;;;;;;;;;;;;;;
;;;;;;;;;;;;;;;;;;;;
;;;;;;;;;;;;;;;;;;;;
;;;;;;;;;;;;;;;;;;;;
;;;;;;;;;;;;;;;;;;;;
;;;;;;;;;;;;;;;;;;;;
;;;;;;;;;;;;;;;;;;;;
;;;;;;;;;;;;;;;;;;;;
;;;;;;;;;;;;;;;;;;;;
;;;;;;;;;;;;;;;;;;;;
;;;;;;;;;;;;;;;;;;;;
;;;;;;;;;;;;;;;;;;;;
;;;;;;;;;;;;;;;;;;;;
;;;;;;;;;;;;;;;;;;;;
;;;;;;;;;;;;;;;;;;;;
;;;;;;;;;;;;;;;;;;;;
;;;;;;;;;;;;;;;;;;;;
;;;;;;;;;;;;;;;;;;;;
;;;;;;;;;;;;;;;;;;;;
;;;;;;;;;;;;;;;;;;;;
;;;;;;;;;;;;;;;;;;;;
;;;;;;;;;;;;;;;;;;;;
;;;;;;;;;;;;;;;;;;;;
;;;;;;;;;;;;;;;;;;;;
;;;;;;;;;;;;;;;;;;;;
;;;;;;;;;;;;;;;;;;;;
;;;;;;;;;;;;;;;;;;;;
;;;;;;;;;;;;;;;;;;;;
;;;;;;;;;;;;;;;;;;;;
;;;;;;;;;;;;;;;;;;;;
;;;;;;;;;;;;;;;;;;;;
;;;;;;;;;;;;;;;;;;;;
;;;;;;;;;;;;;;;;;;;;
;;;;;;;;;;;;;;;;;;;;
;;;;;;;;;;;;;;;;;;;;
;;;;;;;;;;;;;;;;;;;;
;;;;;;;;;;;;;;;;;;;;
;;;;;;;;;;;;;;;;;;;;
;;;;;;;;;;;;;;;;;;;;
;;;;;;;;;;;;;;;;;;;;
;;;;;;;;;;;;;;;;;;;;
;;;;;;;;;;;;;;;;;;;;
;;;;;;;;;;;;;;;;;;;;
;;;;;;;;;;;;;;;;;;;;
;;;;;;;;;;;;;;;;;;;;
;;;;;;;;;;;;;;;;;;;;
;;;;;;;;;;;;;;;;;;;;
;;;;;;;;;;;;;;;;;;;;
;;;;;;;;;;;;;;;;;;;;
;;;;;;;;;;;;;;;;;;;;
;;;;;;;;;;;;;;;;;;;;
;;;;;;;;;;;;;;;;;;;;
;;;;;;;;;;;;;;;;;;;;
;;;;;;;;;;;;;;;;;;;;
;;;;;;;;;;;;;;;;;;;;
;;;;;;;;;;;;;;;;;;;;
;;;;;;;;;;;;;;;;;;;;
;;;;;;;;;;;;;;;;;;;;
;;;;;;;;;;;;;;;;;;;;
;;;;;;;;;;;;;;;;;;;;
;;;;;;;;;;;;;;;;;;;;
;;;;;;;;;;;;;;;;;;;;
;;;;;;;;;;;;;;;;;;;;
;;;;;;;;;;;;;;;;;;;;
;;;;;;;;;;;;;;;;;;;;
;;;;;;;;;;;;;;;;;;;;
;;;;;;;;;;;;;;;;;;;;
;;;;;;;;;;;;;;;;;;;;
;;;;;;;;;;;;;;;;;;;;
;;;;;;;;;;;;;;;;;;;;
;;;;;;;;;;;;;;;;;;;;
;;;;;;;;;;;;;;;;;;;;
;;;;;;;;;;;;;;;;;;;;
;;;;;;;;;;;;;;;;;;;;
;;;;;;;;;;;;;;;;;;;;
;;;;;;;;;;;;;;;;;;;;
;;;;;;;;;;;;;;;;;;;;
;;;;;;;;;;;;;;;;;;;;
;;;;;;;;;;;;;;;;;;;;
;;;;;;;;;;;;;;;;;;;;
;;;;;;;;;;;;;;;;;;;;
;;;;;;;;;;;;;;;;;;;;
;;;;;;;;;;;;;;;;;;;;
;;;;;;;;;;;;;;;;;;;;
;;;;;;;;;;;;;;;;;;;;
;;;;;;;;;;;;;;;;;;;;
;;;;;;;;;;;;;;;;;;;;
;;;;;;;;;;;;;;;;;;;;
;;;;;;;;;;;;;;;;;;;;
;;;;;;;;;;;;;;;;;;;;
;;;;;;;;;;;;;;;;;;;;
;;;;;;;;;;;;;;;;;;;;
;;;;;;;;;;;;;;;;;;;;
;;;;;;;;;;;;;;;;;;;;
;;;;;;;;;;;;;;;;;;;;
;;;;;;;;;;;;;;;;;;;;
;;;;;;;;;;;;;;;;;;;;
;;;;;;;;;;;;;;;;;;;;
;;;;;;;;;;;;;;;;;;;;
;;;;;;;;;;;;;;;;;;;;
;;;;;;;;;;;;;;;;;;;;
;;;;;;;;;;;;;;;;;;;;
;;;;;;;;;;;;;;;;;;;;
;;;;;;;;;;;;;;;;;;;;
;;;;;;;;;;;;;;;;;;;;
;;;;;;;;;;;;;;;;;;;;
;;;;;;;;;;;;;;;;;;;;
;;;;;;;;;;;;;;;;;;;;
;;;;;;;;;;;;;;;;;;;;
;;;;;;;;;;;;;;;;;;;;
;;;;;;;;;;;;;;;;;;;;
;;;;;;;;;;;;;;;;;;;;
;;;;;;;;;;;;;;;;;;;;
;;;;;;;;;;;;;;;;;;;;
;;;;;;;;;;;;;;;;;;;;
;;;;;;;;;;;;;;;;;;;;
;;;;;;;;;;;;;;;;;;;;
;;;;;;;;;;;;;;;;;;;;
;;;;;;;;;;;;;;;;;;;;
;;;;;;;;;;;;;;;;;;;;
;;;;;;;;;;;;;;;;;;;;
;;;;;;;;;;;;;;;;;;;;
;;;;;;;;;;;;;;;;;;;;
;;;;;;;;;;;;;;;;;;;;
;;;;;;;;;;;;;;;;;;;;
;;;;;;;;;;;;;;;;;;;;
;;;;;;;;;;;;;;;;;;;;
;;;;;;;;;;;;;;;;;;;;
;;;;;;;;;;;;;;;;;;;;
;;;;;;;;;;;;;;;;;;;;
;;;;;;;;;;;;;;;;;;;;
;;;;;;;;;;;;;;;;;;;;
;;;;;;;;;;;;;;;;;;;;
;;;;;;;;;;;;;;;;;;;;
;;;;;;;;;;;;;;;;;;;;
;;;;;;;;;;;;;;;;;;;;
;;;;;;;;;;;;;;;;;;;;
;;;;;;;;;;;;;;;;;;;;
;;;;;;;;;;;;;;;;;;;;
;;;;;;;;;;;;;;;;;;;;
;;;;;;;;;;;;;;;;;;;;
;;;;;;;;;;;;;;;;;;;;
;;;;;;;;;;;;;;;;;;;;
;;;;;;;;;;;;;;;;;;;;
;;;;;;;;;;;;;;;;;;;;
;;;;;;;;;;;;;;;;;;;;
;;;;;;;;;;;;;;;;;;;;
;;;;;;;;;;;;;;;;;;;;
;;;;;;;;;;;;;;;;;;;;
;;;;;;;;;;;;;;;;;;;;
;;;;;;;;;;;;;;;;;;;;
;;;;;;;;;;;;;;;;;;;;
;;;;;;;;;;;;;;;;;;;;
;;;;;;;;;;;;;;;;;;;;
;;;;;;;;;;;;;;;;;;;;
;;;;;;;;;;;;;;;;;;;;
;;;;;;;;;;;;;;;;;;;;
;;;;;;;;;;;;;;;;;;;;
;;;;;;;;;;;;;;;;;;;;
;;;;;;;;;;;;;;;;;;;;
;;;;;;;;;;;;;;;;;;;;
;;;;;;;;;;;;;;;;;;;;
;;;;;;;;;;;;;;;;;;;;
;;;;;;;;;;;;;;;;;;;;
;;;;;;;;;;;;;;;;;;;;
;;;;;;;;;;;;;;;;;;;;
;;;;;;;;;;;;;;;;;;;;
;;;;;;;;;;;;;;;;;;;;
;;;;;;;;;;;;;;;;;;;;
;;;;;;;;;;;;;;;;;;;;
;;;;;;;;;;;;;;;;;;;;
;;;;;;;;;;;;;;;;;;;;
;;;;;;;;;;;;;;;;;;;;
;;;;;;;;;;;;;;;;;;;;
;;;;;;;;;;;;;;;;;;;;
;;;;;;;;;;;;;;;;;;;;
;;;;;;;;;;;;;;;;;;;;
;;;;;;;;;;;;;;;;;;;;
;;;;;;;;;;;;;;;;;;;;
;;;;;;;;;;;;;;;;;;;;
;;;;;;;;;;;;;;;;;;;;
;;;;;;;;;;;;;;;;;;;;
;;;;;;;;;;;;;;;;;;;;
;;;;;;;;;;;;;;;;;;;;
;;;;;;;;;;;;;;;;;;;;
;;;;;;;;;;;;;;;;;;;;
;;;;;;;;;;;;;;;;;;;;
;;;;;;;;;;;;;;;;;;;;
;;;;;;;;;;;;;;;;;;;;
;;;;;;;;;;;;;;;;;;;;
;;;;;;;;;;;;;;;;;;;;
;;;;;;;;;;;;;;;;;;;;
;;;;;;;;;;;;;;;;;;;;
;;;;;;;;;;;;;;;;;;;;
;;;;;;;;;;;;;;;;;;;;
;;;;;;;;;;;;;;;;;;;;
;;;;;;;;;;;;;;;;;;;;
;;;;;;;;;;;;;;;;;;;;
;;;;;;;;;;;;;;;;;;;;
;;;;;;;;;;;;;;;;;;;;
;;;;;;;;;;;;;;;;;;;;
;;;;;;;;;;;;;;;;;;;;
;;;;;;;;;;;;;;;;;;;;
;;;;;;;;;;;;;;;;;;;;
;;;;;;;;;;;;;;;;;;;;
;;;;;;;;;;;;;;;;;;;;
;;;;;;;;;;;;;;;;;;;;
;;;;;;;;;;;;;;;;;;;;
;;;;;;;;;;;;;;;;;;;;
;;;;;;;;;;;;;;;;;;;;
;;;;;;;;;;;;;;;;;;;;
;;;;;;;;;;;;;;;;;;;;
;;;;;;;;;;;;;;;;;;;;
;;;;;;;;;;;;;;;;;;;;
;;;;;;;;;;;;;;;;;;;;
;;;;;;;;;;;;;;;;;;;;
;;;;;;;;;;;;;;;;;;;;
;;;;;;;;;;;;;;;;;;;;
;;;;;;;;;;;;;;;;;;;;
;;;;;;;;;;;;;;;;;;;;
;;;;;;;;;;;;;;;;;;;;
;;;;;;;;;;;;;;;;;;;;
;;;;;;;;;;;;;;;;;;;;
;;;;;;;;;;;;;;;;;;;;
;;;;;;;;;;;;;;;;;;;;
;;;;;;;;;;;;;;;;;;;;
;;;;;;;;;;;;;;;;;;;;
;;;;;;;;;;;;;;;;;;;;
;;;;;;;;;;;;;;;;;;;;
;;;;;;;;;;;;;;;;;;;;
;;;;;;;;;;;;;;;;;;;;
;;;;;;;;;;;;;;;;;;;;
;;;;;;;;;;;;;;;;;;;;
;;;;;;;;;;;;;;;;;;;;
;;;;;;;;;;;;;;;;;;;;
;;;;;;;;;;;;;;;;;;;;
;;;;;;;;;;;;;;;;;;;;
;;;;;;;;;;;;;;;;;;;;
;;;;;;;;;;;;;;;;;;;;
;;;;;;;;;;;;;;;;;;;;
;;;;;;;;;;;;;;;;;;;;
;;;;;;;;;;;;;;;;;;;;
;;;;;;;;;;;;;;;;;;;;
;;;;;;;;;;;;;;;;;;;;
;;;;;;;;;;;;;;;;;;;;
;;;;;;;;;;;;;;;;;;;;
;;;;;;;;;;;;;;;;;;;;
;;;;;;;;;;;;;;;;;;;;
;;;;;;;;;;;;;;;;;;;;
;;;;;;;;;;;;;;;;;;;;
;;;;;;;;;;;;;;;;;;;;
;;;;;;;;;;;;;;;;;;;;
;;;;;;;;;;;;;;;;;;;;
;;;;;;;;;;;;;;;;;;;;
;;;;;;;;;;;;;;;;;;;;
;;;;;;;;;;;;;;;;;;;;
;;;;;;;;;;;;;;;;;;;;
;;;;;;;;;;;;;;;;;;;;
;;;;;;;;;;;;;;;;;;;;
;;;;;;;;;;;;;;;;;;;;
;;;;;;;;;;;;;;;;;;;;
;;;;;;;;;;;;;;;;;;;;
;;;;;;;;;;;;;;;;;;;;
;;;;;;;;;;;;;;;;;;;;
;;;;;;;;;;;;;;;;;;;;
;;;;;;;;;;;;;;;;;;;;
;;;;;;;;;;;;;;;;;;;;
;;;;;;;;;;;;;;;;;;;;
;;;;;;;;;;;;;;;;;;;;
;;;;;;;;;;;;;;;;;;;;
;;;;;;;;;;;;;;;;;;;;
;;;;;;;;;;;;;;;;;;;;
;;;;;;;;;;;;;;;;;;;;
;;;;;;;;;;;;;;;;;;;;
;;;;;;;;;;;;;;;;;;;;
;;;;;;;;;;;;;;;;;;;;
;;;;;;;;;;;;;;;;;;;;
;;;;;;;;;;;;;;;;;;;;
;;;;;;;;;;;;;;;;;;;;
;;;;;;;;;;;;;;;;;;;;
;;;;;;;;;;;;;;;;;;;;
;;;;;;;;;;;;;;;;;;;;
;;;;;;;;;;;;;;;;;;;;
;;;;;;;;;;;;;;;;;;;;
;;;;;;;;;;;;;;;;;;;;
;;;;;;;;;;;;;;;;;;;;
;;;;;;;;;;;;;;;;;;;;
;;;;;;;;;;;;;;;;;;;;
;;;;;;;;;;;;;;;;;;;;
;;;;;;;;;;;;;;;;;;;;
;;;;;;;;;;;;;;;;;;;;
;;;;;;;;;;;;;;;;;;;;
;;;;;;;;;;;;;;;;;;;;
;;;;;;;;;;;;;;;;;;;;
;;;;;;;;;;;;;;;;;;;;
;;;;;;;;;;;;;;;;;;;;
;;;;;;;;;;;;;;;;;;;;
;;;;;;;;;;;;;;;;;;;;
;;;;;;;;;;;;;;;;;;;;
;;;;;;;;;;;;;;;;;;;;
;;;;;;;;;;;;;;;;;;;;
;;;;;;;;;;;;;;;;;;;;
;;;;;;;;;;;;;;;;;;;;
;;;;;;;;;;;;;;;;;;;;
;;;;;;;;;;;;;;;;;;;;
;;;;;;;;;;;;;;;;;;;;
;;;;;;;;;;;;;;;;;;;;
;;;;;;;;;;;;;;;;;;;;
;;;;;;;;;;;;;;;;;;;;
;;;;;;;;;;;;;;;;;;;;
;;;;;;;;;;;;;;;;;;;;
;;;;;;;;;;;;;;;;;;;;
;;;;;;;;;;;;;;;;;;;;
;;;;;;;;;;;;;;;;;;;;
;;;;;;;;;;;;;;;;;;;;
;;;;;;;;;;;;;;;;;;;;
;;;;;;;;;;;;;;;;;;;;
;;;;;;;;;;;;;;;;;;;;
;;;;;;;;;;;;;;;;;;;;
;;;;;;;;;;;;;;;;;;;;
;;;;;;;;;;;;;;;;;;;;
;;;;;;;;;;;;;;;;;;;;
;;;;;;;;;;;;;;;;;;;;
;;;;;;;;;;;;;;;;;;;;
;;;;;;;;;;;;;;;;;;;;
;;;;;;;;;;;;;;;;;;;;
;;;;;;;;;;;;;;;;;;;;
;;;;;;;;;;;;;;;;;;;;
;;;;;;;;;;;;;;;;;;;;
;;;;;;;;;;;;;;;;;;;;
;;;;;;;;;;;;;;;;;;;;
;;;;;;;;;;;;;;;;;;;;
;;;;;;;;;;;;;;;;;;;;
;;;;;;;;;;;;;;;;;;;;
;;;;;;;;;;;;;;;;;;;;
;;;;;;;;;;;;;;;;;;;;
;;;;;;;;;;;;;;;;;;;;
;;;;;;;;;;;;;;;;;;;;
;;;;;;;;;;;;;;;;;;;;
;;;;;;;;;;;;;;;;;;;;
;;;;;;;;;;;;;;;;;;;;
;;;;;;;;;;;;;;;;;;;;
;;;;;;;;;;;;;;;;;;;;
;;;;;;;;;;;;;;;;;;;;
;;;;;;;;;;;;;;;;;;;;
;;;;;;;;;;;;;;;;;;;;
;;;;;;;;;;;;;;;;;;;;
;;;;;;;;;;;;;;;;;;;;
;;;;;;;;;;;;;;;;;;;;
;;;;;;;;;;;;;;;;;;;;
;;;;;;;;;;;;;;;;;;;;
;;;;;;;;;;;;;;;;;;;;
;;;;;;;;;;;;;;;;;;;;
;;;;;;;;;;;;;;;;;;;;
;;;;;;;;;;;;;;;;;;;;
;;;;;;;;;;;;;;;;;;;;
;;;;;;;;;;;;;;;;;;;;
;;;;;;;;;;;;;;;;;;;;
;;;;;;;;;;;;;;;;;;;;
;;;;;;;;;;;;;;;;;;;;
;;;;;;;;;;;;;;;;;;;;
;;;;;;;;;;;;;;;;;;;;
;;;;;;;;;;;;;;;;;;;;
;;;;;;;;;;;;;;;;;;;;
;;;;;;;;;;;;;;;;;;;;
;;;;;;;;;;;;;;;;;;;;
;;;;;;;;;;;;;;;;;;;;
;;;;;;;;;;;;;;;;;;;;
;;;;;;;;;;;;;;;;;;;;
;;;;;;;;;;;;;;;;;;;;
;;;;;;;;;;;;;;;;;;;;
;;;;;;;;;;;;;;;;;;;;
;;;;;;;;;;;;;;;;;;;;
;;;;;;;;;;;;;;;;;;;;
;;;;;;;;;;;;;;;;;;;;
;;;;;;;;;;;;;;;;;;;;
;;;;;;;;;;;;;;;;;;;;
;;;;;;;;;;;;;;;;;;;;
;;;;;;;;;;;;;;;;;;;;
;;;;;;;;;;;;;;;;;;;;
;;;;;;;;;;;;;;;;;;;;
;;;;;;;;;;;;;;;;;;;;
;;;;;;;;;;;;;;;;;;;;
;;;;;;;;;;;;;;;;;;;;
;;;;;;;;;;;;;;;;;;;;
;;;;;;;;;;;;;;;;;;;;
;;;;;;;;;;;;;;;;;;;;
;;;;;;;;;;;;;;;;;;;;
;;;;;;;;;;;;;;;;;;;;
;;;;;;;;;;;;;;;;;;;;
;;;;;;;;;;;;;;;;;;;;
;;;;;;;;;;;;;;;;;;;;
;;;;;;;;;;;;;;;;;;;;
;;;;;;;;;;;;;;;;;;;;
;;;;;;;;;;;;;;;;;;;;
