Año fiscal;Número convenio;Estructura presupuestaria;Descripción estructura;Código componente;Componente;Subomponente;Meta;Meta descripción;Actividad;Actividad descripción;Recurso;Descripción;Clasificador presupuestario;Observación;Cantidad;Valor inicial;Contrapartida;Valor reprogramado;Valor reservado;Valor comprometido;Valor disponible;Monto de Contrato;Licitación;Fecha adquisición;Tipo recurso;Fecha emisión;Inicio vigencia;Fin vigencia;Número contrato UACI;Número de contrato;Nit proveedor;Nombre proveedor
2026;BIRF 9067-SV;1401;7495 BIRF ;01;FORMACIÓN PRÁCTICA A LOS DOCENTES EN FUNCIONES DE LOS CENTROS OFICIALES ECPI.;Desarrollar el modelo de calidad educativa de la primera infancia en El Salvador, para mejorar el desarrollo de los niños y niñas entre 0 y 7 años de edad.;8620;1 plan de formación de docentes, 1 plan de formación de directores de ECPI listo para su implementación y 150 mentores-formadores capacitados.;12229;2.1.4 - Diseñar un plan de formación semipresencial de docentes cohorte 1 y 2;217126;SERVICIOS DE CONSULTORIA - CADA UNO [ CADA UNO ] ;54322;2.1.4.3.1 - Consultoría para la elaboración y producción de materiales de capacitación para docentes.;1;17887856;0;-6409305;5230767;4063743;3009653;2150942;;03/01/2026;UACI;;;;0;;              ;
2026;BIRF 9067-SV;1401;7495 BIRF ;01;FORMACIÓN PRÁCTICA A LOS DOCENTES EN FUNCIONES DE LOS CENTROS OFICIALES ECPI.;Desarrollar el modelo de calidad educativa de la primera infancia en El Salvador, para mejorar el desarrollo de los niños y niñas entre 0 y 7 años de edad.;8620;1 plan de formación de docentes, 1 plan de formación de directores de ECPI listo para su implementación y 150 mentores-formadores capacitados.;12230;2.1.5 - Implementar un plan de formación semipresencial de docentes cohorte 1 y 2;217127;SERVICIOS DE CONSULTORIA - CADA UNO [ CADA UNO ] ;54322;"2.1.5.1.1 - Consultoría para implementar un plan de formación de docentes, que incluye ""mentoría"", cohorte 01 y 02";1;15147487;0;-8305595;1674346;3899298;4062116;3223319;129;03/01/2026;UACI;29/01/2025;29/01/2025;30/04/2026;27945;11;06142608991043;ORGANIZACION DE ESTADOS IBEROAMERICANOS PARA LA EDUCACION, LA CIENCIA Y LA CULTURA
2026;BIRF 9067-SV;1401;7495 BIRF ;01;FORMACIÓN PRÁCTICA A LOS DOCENTES EN FUNCIONES DE LOS CENTROS OFICIALES ECPI.;Desarrollar el modelo de calidad educativa de la primera infancia en El Salvador, para mejorar el desarrollo de los niños y niñas entre 0 y 7 años de edad.;8620;1 plan de formación de docentes, 1 plan de formación de directores de ECPI listo para su implementación y 150 mentores-formadores capacitados.;12230;2.1.5 - Implementar un plan de formación semipresencial de docentes cohorte 1 y 2;217128;SERVICIOS DE CONSULTORIA - CADA UNO [ CADA UNO ] ;54322;2.1.5.3.1 - Consultoría para el diseño e implementación del monitoreo y seguimiento de la formación de docentes;1;17765566;0;-4008323;1333416;3298999;9808187;7263121;84/2023;03/01/2026;UACI;30/06/2025;30/06/2025;29/06/2026;27905;44;06141806921046;FUNDACIÓN PARA LA EDUCACIÓN INTEGRAL SALVADOREÑA (FEDISAL)
2026;BIRF 9067-SV;1401;7495 BIRF ;01;FORMACIÓN PRÁCTICA A LOS DOCENTES EN FUNCIONES DE LOS CENTROS OFICIALES ECPI.;Desarrollar el modelo de calidad educativa de la primera infancia en El Salvador, para mejorar el desarrollo de los niños y niñas entre 0 y 7 años de edad.;8620;1 plan de formación de docentes, 1 plan de formación de directores de ECPI listo para su implementación y 150 mentores-formadores capacitados.;12230;2.1.5 - Implementar un plan de formación semipresencial de docentes cohorte 1 y 2;222089;CONSULTORIAS - CADA UNO [ CADA UNO ] ;54599;2.1.5.3.1 - Consultoría para el diseño e implementación del monitoreo y seguimiento de la formación de docentes (póliza 1);1;12575776;0;-16295358;161828;272645;1653436;1796149;;30/06/2025;UACI;;;;0;;              ;
2026;BIRF 9067-SV;1401;7495 BIRF ;01;FORMACIÓN PRÁCTICA A LOS DOCENTES EN FUNCIONES DE LOS CENTROS OFICIALES ECPI.;Desarrollar el modelo de calidad educativa de la primera infancia en El Salvador, para mejorar el desarrollo de los niños y niñas entre 0 y 7 años de edad.;8620;1 plan de formación de docentes, 1 plan de formación de directores de ECPI listo para su implementación y 150 mentores-formadores capacitados.;12230;2.1.5 - Implementar un plan de formación semipresencial de docentes cohorte 1 y 2;222097;SERVICIOS DE CONSULTORIA - CADA UNO [ CADA UNO ] ;54322;2.1.5.3.1 - Consultoría para el diseño e implementación del monitoreo y seguimiento de la formación de docentes (póliza 1);1;72083;0;-11228064;5360907;3177636;6229852;8134883;;16/01/2026;NO UACI;;;;0;;              ;
2026;BIRF 9067-SV;1401;7495 BIRF ;01;FORMACIÓN PRÁCTICA A LOS DOCENTES EN FUNCIONES DE LOS CENTROS OFICIALES ECPI.;Desarrollar el modelo de calidad educativa de la primera infancia en El Salvador, para mejorar el desarrollo de los niños y niñas entre 0 y 7 años de edad.;8620;1 plan de formación de docentes, 1 plan de formación de directores de ECPI listo para su implementación y 150 mentores-formadores capacitados.;12233;2.1.6 - Evaluación de impacto del resultado de la formación docente;217129;SERVICIOS DE CONSULTORIA - CADA UNO [ CADA UNO ] ;54322;2.1.6.1.1 - Consultoría para el diseño e implementación de una evaluación de impacto de la formación de docentes de primera infancia en servicio;1;16913060;0;1261684;2324089;5515096;2657886;5237923;100;03/01/2026;UACI;23/12/2024;01/01/2025;30/06/2026;27866;04/2025;06141802931012;EUROLATINA PARA LATINOAMERICA Y EL CARIBE, S.A. DE C.V.
2026;BIRF 9067-SV;1401;7495 BIRF ;01;FORMACIÓN PRÁCTICA A LOS DOCENTES EN FUNCIONES DE LOS CENTROS OFICIALES ECPI.;Desarrollar el modelo de calidad educativa de la primera infancia en El Salvador, para mejorar el desarrollo de los niños y niñas entre 0 y 7 años de edad.;8621;8000 docentes de ECPI (4000 mujeres) formados en nuevo proceso de desarrollo profesional alineado con los estándares de formación y los EDAPI.;12234;2.1.5 - Implementar un plan de formación semipresencial de docentes cohorte 1 y 2;217130;SERVICIOS DE CONSULTORIA - CADA UNO [ CADA UNO ] ;54322;2.1.5.2.1 - Consultoría para la mentoría y acompañamiento de los docentes cohorte 01 y 02;1;11623580;0;-12017602;2181404;2374168;9420029;1429346;129;03/01/2026;UACI;29/01/2025;29/01/2025;30/04/2026;27945;11;06142608991043;ORGANIZACION DE ESTADOS IBEROAMERICANOS PARA LA EDUCACION, LA CIENCIA Y LA CULTURA
2026;BIRF 9067-SV;1401;7495 BIRF ;02;FORMACIÓN PRÁCTICA A LOS DIRECTORES EN FUNCIONES DE LOS CENTROS OFICIALES ECPI.;Desarrollar el modelo de calidad educativa de la primera infancia en El Salvador, para mejorar el desarrollo de los niños y niñas entre 0 y 7 años de edad.;8622;1 plan de formación de docentes, 1 plan de formación de directores de ECPI listo para su implementación y 150 mentores-formadores capacitados.;12235;2.2.2 - Diseñar un plan de formación semipresencial de formadores, mentores y monitores para directores;217131;SERVICIOS DE CONSULTORIA - CADA UNO [ CADA UNO ] ;54322;2.2.2.1.1 - Consultoría para la selección de candidatos a formadores, mentores y monitores para la formación de directores en servicio.;1;357695;0;-15063509;5917566;4171643;3070102;5279847;;03/01/2026;UACI;;;;0;;              ;
2026;BIRF 9067-SV;1401;7495 BIRF ;02;FORMACIÓN PRÁCTICA A LOS DIRECTORES EN FUNCIONES DE LOS CENTROS OFICIALES ECPI.;Desarrollar el modelo de calidad educativa de la primera infancia en El Salvador, para mejorar el desarrollo de los niños y niñas entre 0 y 7 años de edad.;8622;1 plan de formación de docentes, 1 plan de formación de directores de ECPI listo para su implementación y 150 mentores-formadores capacitados.;12235;2.2.2 - Diseñar un plan de formación semipresencial de formadores, mentores y monitores para directores;217132;SERVICIOS DE CONSULTORIA - CADA UNO [ CADA UNO ] ;54322;2.2.2.2.1 - Consultoría para el diseño de un plan de formación semipresencial de formadores, mentores y monitores para la formación de directores en servicio.;1;4346650;0;-14383003;2146869;4050842;4346805;738822;;11/11/2025;UACI;;;;0;;              ;
2026;BIRF 9067-SV;1401;7495 BIRF ;02;FORMACIÓN PRÁCTICA A LOS DIRECTORES EN FUNCIONES DE LOS CENTROS OFICIALES ECPI.;Desarrollar el modelo de calidad educativa de la primera infancia en El Salvador, para mejorar el desarrollo de los niños y niñas entre 0 y 7 años de edad.;8622;1 plan de formación de docentes, 1 plan de formación de directores de ECPI listo para su implementación y 150 mentores-formadores capacitados.;12237;2.2.3 - Implementar el plan de formación para formadores, mentores y monitores de directores;217133;SERVICIOS DE CONSULTORIA - CADA UNO [ CADA UNO ] ;54322;2.2.3.1.1 - Consultoría para la implementación de un plan de formación semipresencial de formadores, mentores y monitores para la formación de directores en servicio.;1;15245071;0;-14233225;671408;508541;2246567;459581;;03/01/2026;UACI;;;;0;;              ;
2026;BIRF 9067-SV;1401;7495 BIRF ;02;FORMACIÓN PRÁCTICA A LOS DIRECTORES EN FUNCIONES DE LOS CENTROS OFICIALES ECPI.;Desarrollar el modelo de calidad educativa de la primera infancia en El Salvador, para mejorar el desarrollo de los niños y niñas entre 0 y 7 años de edad.;8622;1 plan de formación de docentes, 1 plan de formación de directores de ECPI listo para su implementación y 150 mentores-formadores capacitados.;12237;2.2.3 - Implementar el plan de formación para formadores, mentores y monitores de directores;217134;SERVICIOS DE CONSULTORIA - CADA UNO [ CADA UNO ] ;54322;2.2.4.2.1 - Consultoría para la elaboración de materiales de capacitación para directores;1;10040026;0;-638276;5959441;2687682;1023130;3080897;;03/01/2026;UACI;;;;0;;              ;
2026;BIRF 9067-SV;1401;7495 BIRF ;02;FORMACIÓN PRÁCTICA A LOS DIRECTORES EN FUNCIONES DE LOS CENTROS OFICIALES ECPI.;Desarrollar el modelo de calidad educativa de la primera infancia en El Salvador, para mejorar el desarrollo de los niños y niñas entre 0 y 7 años de edad.;8622;1 plan de formación de docentes, 1 plan de formación de directores de ECPI listo para su implementación y 150 mentores-formadores capacitados.;12239;2.2.4 - Diseñar un plan de formación semipresencial para directores (cohorte 1 y 2);217135;SERVICIOS DE CONSULTORIA - CADA UNO [ CADA UNO ] ;54322;2.2.4.1.1 - Consultoría para el diseño de un plan de formación semipresencial para directores en servicio, que incluye mentoría    ;1;5307962;0;-15392453;1923811;226137;9571454;7155897;;03/01/2026;UACI;;;;0;;              ;
2026;BIRF 9067-SV;1401;7495 BIRF ;02;FORMACIÓN PRÁCTICA A LOS DIRECTORES EN FUNCIONES DE LOS CENTROS OFICIALES ECPI.;Desarrollar el modelo de calidad educativa de la primera infancia en El Salvador, para mejorar el desarrollo de los niños y niñas entre 0 y 7 años de edad.;8623;3400 directores de ECPI formados en gestión y liderazgo escolar alineados con los estándares de desempeño y los EDAPI.;12240;2.2.5 - Implementar un plan de formación semipresencial de directores (cohorte 1 y 2);217136;SERVICIOS DE CONSULTORIA - CADA UNO [ CADA UNO ] ;54322;2.2.5.1.1 - Consultoría para la implementación de un plan de formación semipresencial para directores en servicio, con mentoría cohorte 01 y 02;1;12645521;0;3614954;5393283;1090591;2287243;3379325;85/2023;03/01/2026;UACI;21/04/2026;21/05/2026;31/12/2027;28049;25/2026 BIRF;06142608991043;ORGANIZACION DE ESTADOS IBEROAMERICANOS PARA LA EDUCACION, LA CIENCIA Y LA CULTURA
2026;BIRF 9067-SV;1401;7495 BIRF ;02;FORMACIÓN PRÁCTICA A LOS DIRECTORES EN FUNCIONES DE LOS CENTROS OFICIALES ECPI.;Desarrollar el modelo de calidad educativa de la primera infancia en El Salvador, para mejorar el desarrollo de los niños y niñas entre 0 y 7 años de edad.;8623;3400 directores de ECPI formados en gestión y liderazgo escolar alineados con los estándares de desempeño y los EDAPI.;12240;2.2.5 - Implementar un plan de formación semipresencial de directores (cohorte 1 y 2);217137;SERVICIOS DE CONSULTORIA - CADA UNO [ CADA UNO ] ;54322;2.2.5.2.1 - Consultoría para la mentoría y acompañamiento semipresencial a los directores en servicio;1;8654488;0;-2100305;293794;4935482;5296716;236639;85/2023;03/01/2026;UACI;21/04/2026;21/05/2026;31/12/2027;28049;25/2026 BIRF;06142608991043;ORGANIZACION DE ESTADOS IBEROAMERICANOS PARA LA EDUCACION, LA CIENCIA Y LA CULTURA
2026;BIRF 9067-SV;1401;7495 BIRF ;02;FORMACIÓN PRÁCTICA A LOS DIRECTORES EN FUNCIONES DE LOS CENTROS OFICIALES ECPI.;Desarrollar el modelo de calidad educativa de la primera infancia en El Salvador, para mejorar el desarrollo de los niños y niñas entre 0 y 7 años de edad.;8623;3400 directores de ECPI formados en gestión y liderazgo escolar alineados con los estándares de desempeño y los EDAPI.;12240;2.2.5 - Implementar un plan de formación semipresencial de directores (cohorte 1 y 2);217138;SERVICIOS DE CONSULTORIA - CADA UNO [ CADA UNO ] ;54322;2.2.5.3.1 - Consultoría para el diseño e implementación del monitoreo y seguimiento de la formación de directores;1;6944310;0;-4874211;1231439;2706081;1753940;3844982;84/2023;03/01/2026;UACI;30/06/2025;30/06/2025;29/06/2026;27905;44;06141806921046;FUNDACIÓN PARA LA EDUCACIÓN INTEGRAL SALVADOREÑA (FEDISAL)
2026;BIRF 9067-SV;1401;7495 BIRF ;02;FORMACIÓN PRÁCTICA A LOS DIRECTORES EN FUNCIONES DE LOS CENTROS OFICIALES ECPI.;Desarrollar el modelo de calidad educativa de la primera infancia en El Salvador, para mejorar el desarrollo de los niños y niñas entre 0 y 7 años de edad.;8623;3400 directores de ECPI formados en gestión y liderazgo escolar alineados con los estándares de desempeño y los EDAPI.;12240;2.2.5 - Implementar un plan de formación semipresencial de directores (cohorte 1 y 2);222090;CONSULTORIAS - CADA UNO [ CADA UNO ] ;54599;2.2.5.3.1 - Consultoría para el diseño e implementación del monitoreo y seguimiento de la formación de directores (póliza 1);0;9140158;0;-7374764;3983639;2531410;645153;5405722;;30/06/2025;UACI;;;;0;;              ;
2026;BIRF 9067-SV;1401;7495 BIRF ;02;FORMACIÓN PRÁCTICA A LOS DIRECTORES EN FUNCIONES DE LOS CENTROS OFICIALES ECPI.;Desarrollar el modelo de calidad educativa de la primera infancia en El Salvador, para mejorar el desarrollo de los niños y niñas entre 0 y 7 años de edad.;8623;3400 directores de ECPI formados en gestión y liderazgo escolar alineados con los estándares de desempeño y los EDAPI.;12240;2.2.5 - Implementar un plan de formación semipresencial de directores (cohorte 1 y 2);222099;SERVICIOS DE CONSULTORIA - CADA UNO [ CADA UNO ] ;54322;2.2.5.3.1 - Consultoría para el diseño e implementación del monitoreo y seguimiento de la formación de directores (póliza 1).;1;2053583;0;-10769172;264911;2326201;8013687;5205993;;16/01/2026;NO UACI;;;;0;;              ;
2026;BIRF 9067-SV;1401;7495 BIRF ;02;FORMACIÓN PRÁCTICA A LOS DIRECTORES EN FUNCIONES DE LOS CENTROS OFICIALES ECPI.;Desarrollar el modelo de calidad educativa de la primera infancia en El Salvador, para mejorar el desarrollo de los niños y niñas entre 0 y 7 años de edad.;8623;3400 directores de ECPI formados en gestión y liderazgo escolar alineados con los estándares de desempeño y los EDAPI.;12241;2.2.6 - Evaluación de impacto del resultado de la formación de directores;217139;SERVICIOS DE CONSULTORIA - CADA UNO [ CADA UNO ] ;54322;2.2.6.1.1 - Consultoría para el diseño e implementación de una evaluación de impacto de la formación de directores de primera infancia en servicio;1;11311473;0;587267;2574830;338770;7023596;4836219;100;03/01/2026;UACI;23/12/2024;01/01/2025;30/06/2026;27866;04/2025;06141802931012;EUROLATINA PARA LATINOAMERICA Y EL CARIBE, S.A. DE C.V.
2026;BIRF 9067-SV;1401;7495 BIRF ;03;FORMACIÓN INICIAL DE DOCENTES EN ECPI.;Desarrollar el modelo de calidad educativa de la primera infancia en El Salvador, para mejorar el desarrollo de los niños y niñas entre 0 y 7 años de edad.;8624;8000 docentes de ECPI (4000 mujeres) formados en nuevo proceso de desarrollo profesional alineado con los estándares de formación y los EDAPI.;12242;2.3.1 - Revisar, ajustar e implementar el plan de estudios de formación inicial de docentes en educación inicial y parvularia;217140;SERVICIOS DE CONSULTORIA - CADA UNO [ CADA UNO ] ;54322;2.3.1.1.1 - Consultoría para el rediseño del plan de estudio de la formación inicial de docente para educación inicial y parvularia;1;13116680;0;-16823994;2133573;3304312;5273772;6498560;13/2024;03/01/2026;UACI;30/06/2025;01/01/2026;31/12/2026;27959;90/2025;06142607820056;"UNIVERSIDAD PEDAGOGICA DE EL SALVADOR ""DR. LUIS ALONSO APARICIO"""
2026;BIRF 9067-SV;1401;7495 BIRF ;03;FORMACIÓN INICIAL DE DOCENTES EN ECPI.;Desarrollar el modelo de calidad educativa de la primera infancia en El Salvador, para mejorar el desarrollo de los niños y niñas entre 0 y 7 años de edad.;8624;8000 docentes de ECPI (4000 mujeres) formados en nuevo proceso de desarrollo profesional alineado con los estándares de formación y los EDAPI.;12242;2.3.1 - Revisar, ajustar e implementar el plan de estudios de formación inicial de docentes en educación inicial y parvularia;221093;CONSULTORIAS - CADA UNO [ CADA UNO ] ;54599;2.3.1.1.1 - Consultoría para el rediseño del plan de estudio de la formación inicial de docente para educación inicial y parvularia - (póliza);1;4423603;0;-12741612;2062395;427599;9780564;3579286;;30/06/2025;NO UACI;;;;0;;              ;
2026;BIRF 9067-SV;1401;7495 BIRF ;03;FORMACIÓN INICIAL DE DOCENTES EN ECPI.;Desarrollar el modelo de calidad educativa de la primera infancia en El Salvador, para mejorar el desarrollo de los niños y niñas entre 0 y 7 años de edad.;8624;8000 docentes de ECPI (4000 mujeres) formados en nuevo proceso de desarrollo profesional alineado con los estándares de formación y los EDAPI.;12242;2.3.1 - Revisar, ajustar e implementar el plan de estudios de formación inicial de docentes en educación inicial y parvularia;221111;SERVICIOS DE CONSULTORIA - CADA UNO [ CADA UNO ] ;54322;2.3.1.1.1 - Consultoría para el rediseño del plan de estudio de la formación inicial de docente para educación inicial y parvularia - (póliza).;1;12722265;0;-12550995;633731;227331;9314693;6669111;;03/01/2026;NO UACI;;;;0;;              ;
2026;BIRF 9067-SV;1401;7495 BIRF ;03;FORMACIÓN INICIAL DE DOCENTES EN ECPI.;Desarrollar el modelo de calidad educativa de la primera infancia en El Salvador, para mejorar el desarrollo de los niños y niñas entre 0 y 7 años de edad.;8624;8000 docentes de ECPI (4000 mujeres) formados en nuevo proceso de desarrollo profesional alineado con los estándares de formación y los EDAPI.;12243;2.3.2 - Piloto de formación para aproximadamente 30 maestros en formación y becas para pasantes;217141;SERVICIOS DE CONSULTORIA - CADA UNO [ CADA UNO ] ;54322;2.3.2.1.1 - Consultoría para diseño para formación para docentes en preservicio en educación inicial y parvularia. ;1;12777976;0;-6610618;5808312;580001;7513568;9451887;;03/01/2026;UACI;;;;0;;              ;
2026;BIRF 9067-SV;1401;7495 BIRF ;03;FORMACIÓN INICIAL DE DOCENTES EN ECPI.;Desarrollar el modelo de calidad educativa de la primera infancia en El Salvador, para mejorar el desarrollo de los niños y niñas entre 0 y 7 años de edad.;8624;8000 docentes de ECPI (4000 mujeres) formados en nuevo proceso de desarrollo profesional alineado con los estándares de formación y los EDAPI.;12243;2.3.2 - Piloto de formación para aproximadamente 30 maestros en formación y becas para pasantes;217142;SERVICIOS DE CONSULTORIA - CADA UNO [ CADA UNO ] ;54322;2.3.2.1.2 - Diseño para la formación de docentes de instituciones de educación superior, personal de atención directa a primera infancia y personal técnico administrativo del MINEDUCYT e Instituto Crecer Juntos.;1;16285225;0;-15627721;1873372;3733812;459817;521372;;03/01/2026;UACI;;;;0;;              ;
2026;BIRF 9067-SV;1401;7495 BIRF ;03;FORMACIÓN INICIAL DE DOCENTES EN ECPI.;Desarrollar el modelo de calidad educativa de la primera infancia en El Salvador, para mejorar el desarrollo de los niños y niñas entre 0 y 7 años de edad.;8624;8000 docentes de ECPI (4000 mujeres) formados en nuevo proceso de desarrollo profesional alineado con los estándares de formación y los EDAPI.;12243;2.3.2 - Piloto de formación para aproximadamente 30 maestros en formación y becas para pasantes;221083;CONSULTORIAS - CADA UNO [ CADA UNO ] ;54599;2.3.1.1.1 - Consultoría para el rediseño del plan de estudio de la formación inicial de docente para educación inicial y parvularia - (póliza);1;17733476;0;-16130353;3169886;2146177;331762;9980061;;30/06/2025;NO UACI;;;;0;;              ;
2026;BIRF 9067-SV;1401;7495 BIRF ;03;FORMACIÓN INICIAL DE DOCENTES EN ECPI.;Desarrollar el modelo de calidad educativa de la primera infancia en El Salvador, para mejorar el desarrollo de los niños y niñas entre 0 y 7 años de edad.;8624;8000 docentes de ECPI (4000 mujeres) formados en nuevo proceso de desarrollo profesional alineado con los estándares de formación y los EDAPI.;12244;2.3.3 - Formación para docentes de educación superior para ayudar a garantizar la calidad en la implementación del currículo de formación inicial de docentes de primera infancia;217143;SERVICIOS DE CONSULTORIA - CADA UNO [ CADA UNO ] ;54322;2.3.3.1.1 - Consultoría para la gestión de becas para posgrado en PI dirigido a docentes en preservicio, docentes de Instituciones de Educación Superior (IES), personal de atención directa a la primera infancia y personal técnico administrativo.;1;15121191;0;-8104085;213059;1650518;3438526;2102513;;03/01/2026;UACI;;;;0;;              ;
2026;BIRF 9067-SV;1401;7495 BIRF ;01;FORTALECIMIENTO DE LA CAPACIDAD INSTITUCIONAL DEL MINEDUCYT PARA LA GESTIÓN DEL SECTOR EDUCATIVO.;Desarrollar el modelo de calidad educativa de la primera infancia en El Salvador, para mejorar el desarrollo de los niños y niñas entre 0 y 7 años de edad.;8625;8000 docentes de ECPI (4000 mujeres) formados en nuevo proceso de desarrollo profesional alineado con los estándares de formación y los EDAPI.;12246;4.1.2 - Definir los Estándares de Formación y Desempeño para Docentes de Primera Infancia (PI);217144;SERVICIOS DE CONSULTORIA - CADA UNO [ CADA UNO ] ;54322;4.1.2.1.1 - Consultoría para definición de estándares de formación y desempeño para docentes a partir del currículo ajustado;1;1143375;0;322968;5064061;1945339;5539181;2225176;33/2023;03/01/2026;UACI;01/01/2026;01/01/2026;30/06/2026;27946;72/2024;06142407860022;FUNDACIÓN EMPRESARIAL PARA EL DESARROLLO EDUCATIVO -FEPADE-
2026;BIRF 9067-SV;1401;7495 BIRF ;01;FORTALECIMIENTO DE LA CAPACIDAD INSTITUCIONAL DEL MINEDUCYT PARA LA GESTIÓN DEL SECTOR EDUCATIVO.;Desarrollar el modelo de calidad educativa de la primera infancia en El Salvador, para mejorar el desarrollo de los niños y niñas entre 0 y 7 años de edad.;8625;8000 docentes de ECPI (4000 mujeres) formados en nuevo proceso de desarrollo profesional alineado con los estándares de formación y los EDAPI.;12247;4.1.4 - Diseñar los Estándares para la Formación Inicial Docente en Primera Infancia (PI);217146;SERVICIOS DE CONSULTORIA - CADA UNO [ CADA UNO ] ;54322;4.1.4.1.1 - Consultoría para el diseño de estándares de formación inicial docente, desempeño de docentes en servicio, directores de ECPI, asistentes técnicos de PI y perfil de competencias para el puesto de agentes educativos de PI.;1;5736829;0;-3906620;4881253;1048188;6143211;7879201;33/2023;03/01/2026;UACI;01/01/2026;01/01/2026;30/06/2026;27946;72/2024;06142407860022;FUNDACIÓN EMPRESARIAL PARA EL DESARROLLO EDUCATIVO -FEPADE-
2026;BIRF 9067-SV;1401;7495 BIRF ;01;FORTALECIMIENTO DE LA CAPACIDAD INSTITUCIONAL DEL MINEDUCYT PARA LA GESTIÓN DEL SECTOR EDUCATIVO.;Desarrollar el modelo de calidad educativa de la primera infancia en El Salvador, para mejorar el desarrollo de los niños y niñas entre 0 y 7 años de edad.;8625;8000 docentes de ECPI (4000 mujeres) formados en nuevo proceso de desarrollo profesional alineado con los estándares de formación y los EDAPI.;12247;4.1.4 - Diseñar los Estándares para la Formación Inicial Docente en Primera Infancia (PI);217147;SERVICIOS DE CONSULTORIA - CADA UNO [ CADA UNO ] ;54322;4.1.4.2.1 - Consultoría para el diseño de estándares de formación inicial docente, desempeño de docentes en servicio, directores de ECPI, asistentes técnicos de PI y perfil de competencias para el puesto de agentes educativos de PI.;1;13564576;0;-8729739;2571738;1179158;5941217;3752760;33/2023;03/01/2026;UACI;01/01/2026;01/01/2026;30/06/2026;27946;72/2024;06142407860022;FUNDACIÓN EMPRESARIAL PARA EL DESARROLLO EDUCATIVO -FEPADE-
2026;BIRF 9067-SV;1401;7495 BIRF ;01;FORTALECIMIENTO DE LA CAPACIDAD INSTITUCIONAL DEL MINEDUCYT PARA LA GESTIÓN DEL SECTOR EDUCATIVO.;Desarrollar el modelo de calidad educativa de la primera infancia en El Salvador, para mejorar el desarrollo de los niños y niñas entre 0 y 7 años de edad.;8625;8000 docentes de ECPI (4000 mujeres) formados en nuevo proceso de desarrollo profesional alineado con los estándares de formación y los EDAPI.;12247;4.1.4 - Diseñar los Estándares para la Formación Inicial Docente en Primera Infancia (PI);217148;SERVICIOS DE CONSULTORIA - CADA UNO [ CADA UNO ] ;54322;4.1.4.3.1 - Consultoría para el diseño de estándares de formación inicial docente, desempeño de docentes en servicio, directores de ECPI, asistentes técnicos de PI y perfil de competencias para el puesto de agentes educativos de PI.;1;2519344;0;-5029512;4670403;248819;2480655;891369;33/2023;03/01/2026;UACI;01/01/2026;01/01/2026;30/06/2026;27946;72/2024;06142407860022;FUNDACIÓN EMPRESARIAL PARA EL DESARROLLO EDUCATIVO -FEPADE-
2026;BIRF 9067-SV;1401;7495 BIRF ;01;FORTALECIMIENTO DE LA CAPACIDAD INSTITUCIONAL DEL MINEDUCYT PARA LA GESTIÓN DEL SECTOR EDUCATIVO.;Desarrollar el modelo de calidad educativa de la primera infancia en El Salvador, para mejorar el desarrollo de los niños y niñas entre 0 y 7 años de edad.;8626;1 plan de formación de docentes, 1 plan de formación de directores de ECPI listo para su implementación y 150 mentores-formadores capacitados.;12248;4.1.3 - Definir los Estándares de Formación y Desempeño para directores de Primera Infancia (PI);217145;SERVICIOS DE CONSULTORIA - CADA UNO [ CADA UNO ] ;54322;4.1.3.1.1 - Consultoría para definición de estándares de desempeño para directores;1;6892135;0;-3571093;3136156;2613794;5145996;5151926;33/2023;03/01/2026;UACI;01/01/2026;01/01/2026;30/06/2026;27946;72/2024;06142407860022;FUNDACIÓN EMPRESARIAL PARA EL DESARROLLO EDUCATIVO -FEPADE-
2026;BIRF 9067-SV;1401;7495 BIRF ;02;GESTIÓN DEL PROYECTO.;Desarrollar el modelo de calidad educativa de la primera infancia en El Salvador, para mejorar el desarrollo de los niños y niñas entre 0 y 7 años de edad.;8627;1 plan de formación de docentes, 1 plan de formación de directores de ECPI listo para su implementación y 150 mentores-formadores capacitados.;12249;4.2.2 - Apoyar a la Unidad Operativa del Proyecto;217149;SERVICIOS PROFESIONALES;54599;4.2.2.1.4.1 - Contratación de especialista 1 con experiencia en formación docente y manejo de plataformas virtuales;1;1642637;0;2119200;4687385;1580157;3901294;5057392;10;03/01/2026;UACI;06/10/2023;09/10/2023;30/06/2026;27661;MINEDUCYT-29/2023;052049903     ;JACQUELINE MARISOL SÁNCHEZ AGUIRRE
2026;BIRF 9067-SV;1401;7495 BIRF ;02;GESTIÓN DEL PROYECTO.;Desarrollar el modelo de calidad educativa de la primera infancia en El Salvador, para mejorar el desarrollo de los niños y niñas entre 0 y 7 años de edad.;8627;1 plan de formación de docentes, 1 plan de formación de directores de ECPI listo para su implementación y 150 mentores-formadores capacitados.;12249;4.2.2 - Apoyar a la Unidad Operativa del Proyecto;217150;SERVICIOS PROFESIONALES;54599;4.2.2.1.4.2 - Contratación de especialista 2 con experiencia en formación docente y manejo de plataformas virtuales;1;7258924;0;-3490373;288553;565387;8796341;2521828;3;03/01/2026;UACI;12/10/2023;01/01/2026;30/06/2026;27638;30/2023;006286808     ;JUDITH MARLENE RODRÍGUEZ VÁSQUEZ
2026;BIRF 9067-SV;1401;7495 BIRF ;02;GESTIÓN DEL PROYECTO.;Desarrollar el modelo de calidad educativa de la primera infancia en El Salvador, para mejorar el desarrollo de los niños y niñas entre 0 y 7 años de edad.;8627;1 plan de formación de docentes, 1 plan de formación de directores de ECPI listo para su implementación y 150 mentores-formadores capacitados.;12249;4.2.2 - Apoyar a la Unidad Operativa del Proyecto;217151;SERVICIOS PROFESIONALES;54599;4.2.2.1.4.3 - Contratación de especialista 3 con experiencia en formación docente y manejo de plataformas virtuales;1;5089385;0;3636722;3057130;3616503;2893595;7999788;97;03/01/2026;UACI;12/10/2023;01/01/2026;30/06/2026;27869;38/2023;012985630     ;ZULMA  YESSENIA  LEÍVA  CHÁVEZ
2026;BIRF 9067-SV;1401;7495 BIRF ;02;GESTIÓN DEL PROYECTO.;Desarrollar el modelo de calidad educativa de la primera infancia en El Salvador, para mejorar el desarrollo de los niños y niñas entre 0 y 7 años de edad.;8627;1 plan de formación de docentes, 1 plan de formación de directores de ECPI listo para su implementación y 150 mentores-formadores capacitados.;12249;4.2.2 - Apoyar a la Unidad Operativa del Proyecto;217152;SERVICIOS PROFESIONALES;54599;4.2.2.1.4.4 - Contratación de especialista 4 con experiencia en formación docente y manejo de plataformas virtuales;1;8008669;0;-13500352;239980;3737165;1814029;8096896;9;03/01/2026;UACI;30/11/2023;01/12/2023;30/06/2026;27664;MINEDUCYT-57/2023 ;018353768     ;KARLA VERÓNICA FLORES FIGUEROA
2026;BIRF 9067-SV;1401;7495 BIRF ;02;GESTIÓN DEL PROYECTO.;Desarrollar el modelo de calidad educativa de la primera infancia en El Salvador, para mejorar el desarrollo de los niños y niñas entre 0 y 7 años de edad.;8627;1 plan de formación de docentes, 1 plan de formación de directores de ECPI listo para su implementación y 150 mentores-formadores capacitados.;12249;4.2.2 - Apoyar a la Unidad Operativa del Proyecto;217153;SERVICIOS PROFESIONALES;54599;"4.2.2.1.4.6 - Contratación de (1) ""especialista en formación docente para las actividades de la Dirección de Formación Docente y Asesoramiento Educativo.";1;1931971;0;2699140;2284114;3696168;610119;4026728;133;03/01/2026;UACI;12/01/2026;01/03/2026;31/08/2026;27953;07/2026;06141309911266;MAYRA GUADALUPE AMAYA ALVARENGA 
2026;BIRF 9067-SV;1401;7495 BIRF ;02;GESTIÓN DEL PROYECTO.;Desarrollar el modelo de calidad educativa de la primera infancia en El Salvador, para mejorar el desarrollo de los niños y niñas entre 0 y 7 años de edad.;8627;1 plan de formación de docentes, 1 plan de formación de directores de ECPI listo para su implementación y 150 mentores-formadores capacitados.;12249;4.2.2 - Apoyar a la Unidad Operativa del Proyecto;220787;SERVICIOS PROFESIONALES - CADA UNO [ CADA UNO ] ;54399;"4.2.2.1.4.6 - Contratación de (1) ""especialista en formación docente para las actividades de la Dirección de Formación Docente y Asesoramiento Educativo.";1;2174232;0;-5523740;3529340;1935500;8179978;7457075;;05/01/2026;UACI;;;;0;;              ;
2026;BIRF 9067-SV;1401;7495 BIRF ;02;GESTIÓN DEL PROYECTO.;Desarrollar el modelo de calidad educativa de la primera infancia en El Salvador, para mejorar el desarrollo de los niños y niñas entre 0 y 7 años de edad.;8627;1 plan de formación de docentes, 1 plan de formación de directores de ECPI listo para su implementación y 150 mentores-formadores capacitados.;12249;4.2.2 - Apoyar a la Unidad Operativa del Proyecto;220822;SERVICIOS PROFESIONALES - CADA UNO [ CADA UNO ];54399;"4.2.2.1.4.6 - Contratación de (1) ""especialista en formación docente para las actividades de la Dirección de Formación Docente y Asesoramiento Educativo.";1;16511072;0;2497701;4714070;4558277;9669725;7456491;;16/01/2026;UACI;;;;0;;              ;
2026;BIRF 9067-SV;1401;7495 BIRF ;02;GESTIÓN DEL PROYECTO.;Desarrollar el modelo de calidad educativa de la primera infancia en El Salvador, para mejorar el desarrollo de los niños y niñas entre 0 y 7 años de edad.;8627;1 plan de formación de docentes, 1 plan de formación de directores de ECPI listo para su implementación y 150 mentores-formadores capacitados.;12249;4.2.2 - Apoyar a la Unidad Operativa del Proyecto;220823;SERVICIOS PROFESIONALES;54599;4.2.2.1.4.6 - Contratación de (1) especialista en formación docente para las actividades de la Dirección de Formación Docente y Asesoramiento Educativo.;1;5978203;0;-2873886;2571643;358523;4457957;9635588;92;16/01/2026;UACI;12/01/2026;12/01/2026;28/02/2026;27855;7;06141309911266;MAYRA GUADALUPE AMAYA ALVARENGA 
2026;BIRF 9067-SV;1401;7495 BIRF ;01;ACREDITACIÓN  DE LOS ESTÁNDARES ESTRUCTURALES DE CALIDAD DE ECPI;Desarrollar el modelo de calidad educativa de la primera infancia en El Salvador, para mejorar el desarrollo de los niños y niñas entre 0 y 7 años de edad.;8629;140 Centros ECPI acreditados a través de sistema de acreditación de Estándares Estructurales de Calidad (ECPI) DEPI ;12254;1.1.1 Diseñar el Sistema de Certificación para Centros de Educación y Cuido de la Primera Infancia (ECPI);216934;SERVICIOS DE CONSULTORIA - CADA UNO [ CADA UNO ] ;54322;1.1.1.1.1- Diseñar el sistema de aseguramiento de la calidad para centros ECPI con los procesos y mecanismos de certificación de instituciones públicas y privadas;1;10542670;0;-10416393;1924115;4232401;5838876;5583759;;10/01/2026;UACI;;;;0;;              ;
2026;BIRF 9067-SV;1401;7495 BIRF ;01;ACREDITACIÓN  DE LOS ESTÁNDARES ESTRUCTURALES DE CALIDAD DE ECPI;Desarrollar el modelo de calidad educativa de la primera infancia en El Salvador, para mejorar el desarrollo de los niños y niñas entre 0 y 7 años de edad.;8629;140 Centros ECPI acreditados a través de sistema de acreditación de Estándares Estructurales de Calidad (ECPI) DEPI ;12254;1.1.1 Diseñar el Sistema de Certificación para Centros de Educación y Cuido de la Primera Infancia (ECPI);216935;DERECHOS DE INTANGIBLES DIVERSOS - CADA UNO [ CADA UNO ] ;61499;1.1.1.2.1- Desarrollo de solución informática para el sistema de certificación de centros de Educación y Cuidados de la Primera Infancia-ECPI;1;2082306;0;-6858654;490083;4486407;7454139;4358175;104/2024;10/01/2026;UACI;12/11/2025;12/01/2026;08/10/2026;27770;142;06140706021033;SOLUCIONES Y SISTEMAS INGENIEROS, S.A. DE C.V.
2026;BIRF 9067-SV;1401;7495 BIRF ;01;ACREDITACIÓN  DE LOS ESTÁNDARES ESTRUCTURALES DE CALIDAD DE ECPI;Desarrollar el modelo de calidad educativa de la primera infancia en El Salvador, para mejorar el desarrollo de los niños y niñas entre 0 y 7 años de edad.;8629;140 Centros ECPI acreditados a través de sistema de acreditación de Estándares Estructurales de Calidad (ECPI) DEPI ;12255;1.1.2-Implementar el Sistema de Certificación para Centros de Educación y Cuido de la Primera Infancia (ECPI);216938;SERVICIOS DE CONSULTORIA - CADA UNO [ CADA UNO ] ;54322;1.1.2.2.1-Consultoría para difundir el sistema de certificación y normativa de los estándares estructurales de calidad a centros educativos públicos y privados;1;13609790;0;-11439909;3067369;2309743;8694796;6545438;;06/01/2026;NO UACI;;;;0;;              ;
2026;BIRF 9067-SV;1401;7495 BIRF ;01;ACREDITACIÓN  DE LOS ESTÁNDARES ESTRUCTURALES DE CALIDAD DE ECPI;Desarrollar el modelo de calidad educativa de la primera infancia en El Salvador, para mejorar el desarrollo de los niños y niñas entre 0 y 7 años de edad.;8629;140 Centros ECPI acreditados a través de sistema de acreditación de Estándares Estructurales de Calidad (ECPI) DEPI ;12255;1.1.2-Implementar el Sistema de Certificación para Centros de Educación y Cuido de la Primera Infancia (ECPI);216939;SERVICIOS DE CONSULTORIA - CADA UNO [ CADA UNO ] ;54322;1.1.2.1.1- Formar capacidades para monitorear en el cumplimiento y fiscalizar la certificación de estándares;1;15793086;0;-2837420;2640861;4179951;1829339;2396988;;06/01/2026;NO UACI;;;;0;;              ;
2026;BIRF 9067-SV;1401;7495 BIRF ;02;REVISIÓN, ALINEACIÓN  E IMPLEMENTACIÓN DEL CURRÍCULO ECPI EN TODO EL PAÍS;Desarrollar el modelo de calidad educativa de la primera infancia en El Salvador, para mejorar el desarrollo de los niños y niñas entre 0 y 7 años de edad.;8631;8,000 docentes ECPI a nivel nacional reciben el nuevo currículo DEPI;12258;1.2.1- Hacer públicos los Estándares de Desarrollo y Aprendizaje de la Primera Infancia (EDAPI);216948;SERVICIOS DE CONSULTORIA - CADA UNO [ CADA UNO ] ;54322;1.2.1.1.1 - Consultoría para el diseño, servicio y logística de difusión de los estándares de desarrollo y aprendizaje;1;13231335;0;-3533192;5621663;809088;1154346;8462578;;12/06/2026;UACI;;;;0;;              ;
2026;BIRF 9067-SV;1401;7495 BIRF ;02;REVISIÓN, ALINEACIÓN  E IMPLEMENTACIÓN DEL CURRÍCULO ECPI EN TODO EL PAÍS;Desarrollar el modelo de calidad educativa de la primera infancia en El Salvador, para mejorar el desarrollo de los niños y niñas entre 0 y 7 años de edad.;8631;8,000 docentes ECPI a nivel nacional reciben el nuevo currículo DEPI;12259;1.2.6 - Realizar actividades vinculadas al diseño e implementación del currículo para el cumplimiento de los Estándares Ambientales y Sociales (EAS);216950;SERVICIOS PROFESIONALES;54599;1.2.6.5.1.3 - Consultoría para la contratación de referente territorial n°1 de primera infancia para asesorar la organización y funcionamiento de nidos de inmersión lingüística e identitaria para niños y niñas de 4-7 años.;1;14544420;0;-6342139;5388752;1301859;9121958;8030390;59;01/01/2026;UACI;27/10/2023;13/11/2023;30/06/2026;27751;47/2023;019821243     ;MARLENE YESENIA LEVERÓN DE ZETINO   
2026;BIRF 9067-SV;1401;7495 BIRF ;02;REVISIÓN, ALINEACIÓN  E IMPLEMENTACIÓN DEL CURRÍCULO ECPI EN TODO EL PAÍS;Desarrollar el modelo de calidad educativa de la primera infancia en El Salvador, para mejorar el desarrollo de los niños y niñas entre 0 y 7 años de edad.;8631;8,000 docentes ECPI a nivel nacional reciben el nuevo currículo DEPI;12259;1.2.6 - Realizar actividades vinculadas al diseño e implementación del currículo para el cumplimiento de los Estándares Ambientales y Sociales (EAS);216951;SERVICIOS PROFESIONALES;54599;1.2.6.5.1.1 - Consultoría para la contratación de referente territorial n° 2 de primera infancia para asesorar la organización y funcionamiento de nidos de inmersión lingüística e identitaria para niños y niñas de 4-7 años. (2° proceso).;1;10580143;0;-9729975;2016190;2270375;6621222;2084203;57;01/01/2026;UACI;12/08/2024;01/01/2026;30/06/2026;27747;46;06170912811047;MARÍA IVETT SARAVIA DE CASTILLO 
2026;BIRF 9067-SV;1401;7495 BIRF ;02;GESTIÓN DEL PROYECTO.;Desarrollar el modelo de calidad educativa de la primera infancia en El Salvador, para mejorar el desarrollo de los niños y niñas entre 0 y 7 años de edad.;8632;140 centros ECPI acreditados a través del sistema de acreditación de Estándares Estructuales de Calidad. DEPI;12260;4.2.2 - Apoyar a la Unidad Operativa del Proyecto - DEPI;216952;SERVICIOS PROFESIONALES;54599;4.2.2.1.1.1 - Contratación de coordinador regional No. 3 para la certificación de Estándares Estructurales de Calidad.;1;14271123;0;-15303926;4686703;246299;228853;1903830;13;03/01/2026;UACI;31/10/2024;01/11/2024;30/06/2026;27645;78/2024;036027991     ;DELMI ANGÉLICA PUJOL DE GARCÍA
2026;BIRF 9067-SV;1401;7495 BIRF ;02;GESTIÓN DEL PROYECTO.;Desarrollar el modelo de calidad educativa de la primera infancia en El Salvador, para mejorar el desarrollo de los niños y niñas entre 0 y 7 años de edad.;8632;140 centros ECPI acreditados a través del sistema de acreditación de Estándares Estructuales de Calidad. DEPI;12260;4.2.2 - Apoyar a la Unidad Operativa del Proyecto - DEPI;216955;SERVICIOS PROFESIONALES;54599;4.2.2.1.2.2 -  Contratación de especialista No.2 para las áreas de salud, nutrición y seguridad/protección para apoyo a la certificación de Estándares Estructurales de Calidad.;1;8435290;0;-3204654;820644;181431;9066150;5661117;73;03/01/2026;UACI;26/08/2024;01/01/2026;30/06/2026;27764;58/2024;045687295     ;YESSICA MARIELOS MONTES BONILLA
2026;BIRF 9067-SV;1401;7495 BIRF ;02;GESTIÓN DEL PROYECTO.;Desarrollar el modelo de calidad educativa de la primera infancia en El Salvador, para mejorar el desarrollo de los niños y niñas entre 0 y 7 años de edad.;8632;140 centros ECPI acreditados a través del sistema de acreditación de Estándares Estructuales de Calidad. DEPI;12260;4.2.2 - Apoyar a la Unidad Operativa del Proyecto - DEPI;216956;SERVICIOS PROFESIONALES;54599;4.2.2.1.2.7 - Contratación de especialista 1 de educación de la primera infancia para apoyo a la certificación de Estándares Estructurales de Calidad.;1;9578967;0;-4776935;2717310;3651844;1401828;9334594;76;03/01/2026;UACI;12/09/2024;01/01/2026;30/06/2026;27649;66/2024;000046585     ;ROSA DELMY MIRANDA DE OSEGUEDA
2026;BIRF 9067-SV;1401;7495 BIRF ;02;GESTIÓN DEL PROYECTO.;Desarrollar el modelo de calidad educativa de la primera infancia en El Salvador, para mejorar el desarrollo de los niños y niñas entre 0 y 7 años de edad.;8632;140 centros ECPI acreditados a través del sistema de acreditación de Estándares Estructuales de Calidad. DEPI;12260;4.2.2 - Apoyar a la Unidad Operativa del Proyecto - DEPI;216957;SERVICIOS PROFESIONALES;54599;4.2.2.1.2.9 - Contratación de especialista 3 de educación de la primera infancia para apoyo a la certificación de Estándares Estructurales de Calidad. ;1;10193375;0;-8691454;5995974;1162361;3768932;1727950;76;03/01/2026;UACI;12/09/2024;01/01/2026;30/06/2026;27649;65/2024;017308516     ;LILIAN MERCEDES CHÁVEZ RODAS 
2026;BIRF 9067-SV;1401;7495 BIRF ;02;GESTIÓN DEL PROYECTO.;Desarrollar el modelo de calidad educativa de la primera infancia en El Salvador, para mejorar el desarrollo de los niños y niñas entre 0 y 7 años de edad.;8632;140 centros ECPI acreditados a través del sistema de acreditación de Estándares Estructuales de Calidad. DEPI;12260;4.2.2 - Apoyar a la Unidad Operativa del Proyecto - DEPI;216958;SERVICIOS PROFESIONALES;54599;4.2.2.1.2.10 - Contratación de especialista 4 de educación de la primera infancia para apoyo a la certificación de Estándares Estructurales de Calidad. ;1;11982402;0;2558233;2782783;3416270;7722409;3733256;76;03/01/2026;UACI;12/09/2024;01/01/2026;30/06/2026;27649;67/2024;042178491     ;FÁTIMA STEPHANIE CUBIAS DE GÁLVEZ
2026;BIRF 9067-SV;1401;7495 BIRF ;02;GESTIÓN DEL PROYECTO.;Desarrollar el modelo de calidad educativa de la primera infancia en El Salvador, para mejorar el desarrollo de los niños y niñas entre 0 y 7 años de edad.;8632;140 centros ECPI acreditados a través del sistema de acreditación de Estándares Estructuales de Calidad. DEPI;12260;4.2.2 - Apoyar a la Unidad Operativa del Proyecto - DEPI;216959;SERVICIOS PROFESIONALES;54599;4.2.2.1.2.11 - Contratación de especialista 5 de educación de la primera infancia para apoyo a la certificación de Estándares Estructurales de Calidad. ;1;7923016;0;-13446139;3856838;5772838;8796173;4914417;76;03/01/2026;UACI;12/09/2024;01/01/2026;30/06/2026;27649;69;050974940     ;CLARA DELIA GONZÁLEZ MELARA 
2026;BIRF 9067-SV;1401;7495 BIRF ;02;GESTIÓN DEL PROYECTO.;Desarrollar el modelo de calidad educativa de la primera infancia en El Salvador, para mejorar el desarrollo de los niños y niñas entre 0 y 7 años de edad.;8632;140 centros ECPI acreditados a través del sistema de acreditación de Estándares Estructuales de Calidad. DEPI;12260;4.2.2 - Apoyar a la Unidad Operativa del Proyecto - DEPI;216960;SERVICIOS PROFESIONALES;54599;4.2.2.1.2.14 - Contratación de especialista 8 de educación de la primera infancia para apoyo a la certificación de Estándares Estructurales de Calidad. ;1;10191560;0;-13442409;5698624;5260602;9122988;1644971;85;03/01/2026;UACI;25/09/2025;01/01/2026;30/06/2026;27811;131/2025;057445104     ;PAOLA JEANETTE CARDOZA HERNÁNDEZ 
2026;BIRF 9067-SV;1401;7495 BIRF ;02;GESTIÓN DEL PROYECTO.;Desarrollar el modelo de calidad educativa de la primera infancia en El Salvador, para mejorar el desarrollo de los niños y niñas entre 0 y 7 años de edad.;8632;140 centros ECPI acreditados a través del sistema de acreditación de Estándares Estructuales de Calidad. DEPI;12260;4.2.2 - Apoyar a la Unidad Operativa del Proyecto - DEPI;216961;SERVICIOS PROFESIONALES;54599;4.2.2.1.2.3 - Contratación de  especialista 1 en el área de mejora de la calidad para apoyo a la certificación de Estándares Estructurales de la Calidad.;1;5347390;0;2654309;2633935;5538131;5418271;7166043;79;03/01/2026;UACI;26/08/2024;01/01/2026;30/06/2026;27780;53/2024;049122873     ;DÉBORA ABIGAIL CARDONA LÓPEZ    
2026;BIRF 9067-SV;1401;7495 BIRF ;02;GESTIÓN DEL PROYECTO.;Desarrollar el modelo de calidad educativa de la primera infancia en El Salvador, para mejorar el desarrollo de los niños y niñas entre 0 y 7 años de edad.;8632;140 centros ECPI acreditados a través del sistema de acreditación de Estándares Estructuales de Calidad. DEPI;12260;4.2.2 - Apoyar a la Unidad Operativa del Proyecto - DEPI;216962;SERVICIOS PROFESIONALES;54599;4.2.2.1.2.4 - Contratación de  especialista 2 en el área de mejora de la calidad para apoyo a la certificación de Estándares Estructurales de la Calidad.;1;11379569;0;-7439835;599143;1661779;1125392;4829777;79;03/01/2026;UACI;26/08/2024;01/01/2026;30/06/2026;27780;52/2024;028973764     ;RAÚL ENRIQUE RIVERA AYALA 
2026;BIRF 9067-SV;1401;7495 BIRF ;02;GESTIÓN DEL PROYECTO.;Desarrollar el modelo de calidad educativa de la primera infancia en El Salvador, para mejorar el desarrollo de los niños y niñas entre 0 y 7 años de edad.;8632;140 centros ECPI acreditados a través del sistema de acreditación de Estándares Estructuales de Calidad. DEPI;12260;4.2.2 - Apoyar a la Unidad Operativa del Proyecto - DEPI;216963;SERVICIOS PROFESIONALES;54599;4.2.2.1.2.6 - Contratación de  especialista 4 en el área de mejora de la calidad para apoyo a la certificación de Estándares Estructurales de la Calidad.;1;17478712;0;-9711747;4970548;4596090;9491572;7623208;79;03/01/2026;UACI;26/08/2024;01/01/2026;30/06/2026;27780;55/2024;002016439     ;JUAN CARLOS ALFARO LINARES    
2026;BIRF 9067-SV;1401;7495 BIRF ;02;GESTIÓN DEL PROYECTO.;Desarrollar el modelo de calidad educativa de la primera infancia en El Salvador, para mejorar el desarrollo de los niños y niñas entre 0 y 7 años de edad.;8632;140 centros ECPI acreditados a través del sistema de acreditación de Estándares Estructuales de Calidad. DEPI;12260;4.2.2 - Apoyar a la Unidad Operativa del Proyecto - DEPI;216964;SERVICIOS PROFESIONALES;54599;4.2.2.1.2.1 - Contratación de especialista No.1 para las áreas de salud, nutrición y seguridad/protección para apoyo a la certificación de Estándares Estructurales de Calidad.;1;5939839;0;-2965415;835152;3999753;2269937;2852332;73;03/01/2026;UACI;16/08/2024;01/01/2026;30/06/2026;27764;59/2024;047538785     ;KAREN STEPHANIE ESCOBAR HERNÁNDEZ
2026;BIRF 9067-SV;1401;7495 BIRF ;02;GESTIÓN DEL PROYECTO.;Desarrollar el modelo de calidad educativa de la primera infancia en El Salvador, para mejorar el desarrollo de los niños y niñas entre 0 y 7 años de edad.;8632;140 centros ECPI acreditados a través del sistema de acreditación de Estándares Estructuales de Calidad. DEPI;12260;4.2.2 - Apoyar a la Unidad Operativa del Proyecto - DEPI;216966;SERVICIOS PROFESIONALES;54599;4.2.2.1.2.17 - Contratación de especialista 1 en monitoreo y seguimiento para el apoyo a la certificación de Estándares Esctructurales de Calidad.;1;11547014;0;-12826978;1216112;2292104;2471342;8538451;11;03/01/2026;UACI;07/08/2024;01/01/2026;30/06/2026;27650;49/2024;054044373     ;INGRID ELIZABETH CORNEJO MEJÍA   
2026;BIRF 9067-SV;1401;7495 BIRF ;02;GESTIÓN DEL PROYECTO.;Desarrollar el modelo de calidad educativa de la primera infancia en El Salvador, para mejorar el desarrollo de los niños y niñas entre 0 y 7 años de edad.;8632;140 centros ECPI acreditados a través del sistema de acreditación de Estándares Estructuales de Calidad. DEPI;12260;4.2.2 - Apoyar a la Unidad Operativa del Proyecto - DEPI;216967;SERVICIOS PROFESIONALES;54599;4.2.2.1.2.18 - Contratación de especialista 2 en monitoreo y seguimiento para el apoyo a la certificación de Estándares Esctructurales de Calidad.;1;12232730;0;-8556748;1216094;1175665;9397633;5642655;11;03/01/2026;UACI;07/08/2024;01/01/2026;30/06/2026;27650;50/2024;027426366     ;XENIA CAROLINA HIDALGO DE PÉREZ  
2026;BIRF 9067-SV;1401;7495 BIRF ;02;GESTIÓN DEL PROYECTO.;Desarrollar el modelo de calidad educativa de la primera infancia en El Salvador, para mejorar el desarrollo de los niños y niñas entre 0 y 7 años de edad.;8632;140 centros ECPI acreditados a través del sistema de acreditación de Estándares Estructuales de Calidad. DEPI;12260;4.2.2 - Apoyar a la Unidad Operativa del Proyecto - DEPI;216968;SERVICIOS PROFESIONALES;54599;4.2.2.1.2.19 - Contratación de especialista para diseño de la normativa de calidad en la atención educativa en Primera Infancia.;1;6496420;0;-1936573;3646049;4964324;1159520;5496372;83;03/01/2026;UACI;18/11/2025;01/01/2026;31/12/2026;27809;145;06142412831170;JOSÉ EMMANUEL HERNÁNDEZ MURGA 
2026;BIRF 9067-SV;1401;7495 BIRF ;02;GESTIÓN DEL PROYECTO.;Desarrollar el modelo de calidad educativa de la primera infancia en El Salvador, para mejorar el desarrollo de los niños y niñas entre 0 y 7 años de edad.;8635;8086-Aplicación de medidas para el cumplimiento de los Estándares Ambientales y Sociales (EAS)-DC;12264;11481 - 4.2.6- Apoyar para el cumplimiento de los Estándares Ambientales y Sociales EAS-DC;217109;SOFTWARE;61403;4.2.6.1.2 - Adquisición de licencias para la Dirección de Comunicaciones para el logro de la estrategia de comunicaciones y consulta del proyecto sobre EAS: eventos de divulgación y consultas. ;1;12022675;0;-7730551;3493382;597722;9164767;9632559;;03/04/2026;UACI;;;;0;;              ;
2026;BIRF 9067-SV;1401;7495 BIRF ;02;GESTIÓN DEL PROYECTO.;Desarrollar el modelo de calidad educativa de la primera infancia en El Salvador, para mejorar el desarrollo de los niños y niñas entre 0 y 7 años de edad.;8635;8086-Aplicación de medidas para el cumplimiento de los Estándares Ambientales y Sociales (EAS)-DC;12264;11481 - 4.2.6- Apoyar para el cumplimiento de los Estándares Ambientales y Sociales EAS-DC;217110;COMPUTADORA PORTATIL (LAPTOP);61104;4.2.6.1.2 - Adquisición de equipo informatico para la Dirección de Comunicaciones para el logro de la estrategia de comunicaciones y consulta del proyecto sobre EAS: eventos de divulgación y consultas. ;1;252663;0;3190823;2739469;1903795;3427927;9395880;;03/04/2026;UACI;;;;0;;              ;
2026;BIRF 9067-SV;1401;7495 BIRF ;02;GESTIÓN DEL PROYECTO.;Desarrollar el modelo de calidad educativa de la primera infancia en El Salvador, para mejorar el desarrollo de los niños y niñas entre 0 y 7 años de edad.;8635;8086-Aplicación de medidas para el cumplimiento de los Estándares Ambientales y Sociales (EAS)-DC;12264;11481 - 4.2.6- Apoyar para el cumplimiento de los Estándares Ambientales y Sociales EAS-DC;217112;SOFTWARE;61403;4.2.6.1.4 - Adquisición de licencias y  membresias para programas de diseño gráfico para la Dirección de Comunicaciones  de la estrategia de comunicaciones y consulta del proyecto sobre EAS: eventos de divulgación y consultas.;1;15228740;0;2749967;5830662;3816974;4605572;8984650;;03/04/2026;UACI;;;;0;;              ;
2026;BIRF 9067-SV;1401;7495 BIRF ;02;GESTIÓN DEL PROYECTO.;Desarrollar el modelo de calidad educativa de la primera infancia en El Salvador, para mejorar el desarrollo de los niños y niñas entre 0 y 7 años de edad.;8635;8086-Aplicación de medidas para el cumplimiento de los Estándares Ambientales y Sociales (EAS)-DC;12264;11481 - 4.2.6- Apoyar para el cumplimiento de los Estándares Ambientales y Sociales EAS-DC;223499;ITEM 5: MOUSE;54115;4.2.6.1.2 - Adquisición de equipo informatico para la Dirección de Comunicaciones para el logro de la estrategia de comunicaciones y consulta del proyecto sobre EAS: eventos de divulgación y consultas.(Compra de Mouse  3) ;3;3596250;0;2381555;1791331;3772780;7933259;9190566;;16/06/2026;UACI;;;;0;;              ;
2026;BIRF 9067-SV;1401;7495 BIRF ;02;GESTIÓN DEL PROYECTO.;Desarrollar el modelo de calidad educativa de la primera infancia en El Salvador, para mejorar el desarrollo de los niños y niñas entre 0 y 7 años de edad.;8639;114 proyectos de infraestructura para centros oficiales de ECPI finalizados en el marco del Proyecto - DIAE;12268;4.2.2 - Apoyar a la Unidad Operativa del Proyecto -DIAE;217319;SERVICIOS PROFESIONALES;54599;4.2.2.1.5.1 - Contratación de especialista 1 en formulación y gestión de proyectos de infraestructura educativa para apoyar la labor de la Dirección de Infraestructura y Ambientes Educativos.;1;8978417;0;-14967164;4987040;1328959;7834237;3967581;65;05/01/2026;UACI;12/10/2023;23/10/2023;31/12/2023;27756;40/2023;049353165     ;KEYRI ANDERSON RODRÍGUEZ  ASCENCIO
2026;BIRF 9067-SV;1401;7495 BIRF ;02;GESTIÓN DEL PROYECTO.;Desarrollar el modelo de calidad educativa de la primera infancia en El Salvador, para mejorar el desarrollo de los niños y niñas entre 0 y 7 años de edad.;8639;114 proyectos de infraestructura para centros oficiales de ECPI finalizados en el marco del Proyecto - DIAE;12268;4.2.2 - Apoyar a la Unidad Operativa del Proyecto -DIAE;217320;SERVICIOS PROFESIONALES;54599;4.2.2.1.5.2 - Contratación de especialista 2 en formulación y gestión de proyectos de infraestructura educativa para apoyar la labor de la Dirección de Infraestructura y Ambientes Educativos.;1;11514353;0;-4379652;3319152;673957;9508001;2067501;65;05/01/2026;UACI;12/10/2023;23/10/2023;31/12/2023;27756;39/2023;020199316     ;MAGALY  GUZMAN DE GIL
2026;BIRF 9067-SV;1401;7495 BIRF ;02;GESTIÓN DEL PROYECTO.;Desarrollar el modelo de calidad educativa de la primera infancia en El Salvador, para mejorar el desarrollo de los niños y niñas entre 0 y 7 años de edad.;8639;114 proyectos de infraestructura para centros oficiales de ECPI finalizados en el marco del Proyecto - DIAE;12268;4.2.2 - Apoyar a la Unidad Operativa del Proyecto -DIAE;217321;SERVICIOS PROFESIONALES;54599;4.2.2.1.5.3 - Contratación de arquitecto 1 para apoyar la labor de la Dirección de Infraestructura y Ambientes Educativos.;1;11283922;0;-7022312;1923358;2573836;1366753;8099438;74;05/01/2026;UACI;12/10/2023;01/01/2026;30/06/2026;27765;37/2023;039978832     ;EVELYN LISSETTE RODRÍGUEZ UMAÑA
2026;BIRF 9067-SV;1401;7495 BIRF ;02;GESTIÓN DEL PROYECTO.;Desarrollar el modelo de calidad educativa de la primera infancia en El Salvador, para mejorar el desarrollo de los niños y niñas entre 0 y 7 años de edad.;8639;114 proyectos de infraestructura para centros oficiales de ECPI finalizados en el marco del Proyecto - DIAE;12268;4.2.2 - Apoyar a la Unidad Operativa del Proyecto -DIAE;217323;SERVICIOS PROFESIONALES;54599;4.2.2.1.5.4 - Contratación de arquitecto 2 para apoyar la labor de la Dirección de Infraestructura y Ambientes Educativos.;1;16166564;0;-15160419;3998200;1120232;3384235;2355994;74;05/01/2026;UACI;12/10/2023;01/01/2026;30/06/2026;27765;33/2023;06022408831046;IRIS DALIVETH FERNÁNDEZ DE LÓPEZ
2026;BIRF 9067-SV;1401;7495 BIRF ;02;GESTIÓN DEL PROYECTO.;Desarrollar el modelo de calidad educativa de la primera infancia en El Salvador, para mejorar el desarrollo de los niños y niñas entre 0 y 7 años de edad.;8639;114 proyectos de infraestructura para centros oficiales de ECPI finalizados en el marco del Proyecto - DIAE;12268;4.2.2 - Apoyar a la Unidad Operativa del Proyecto -DIAE;217324;SERVICIOS PROFESIONALES;54599;4.2.2.1.5.5 - Contratación de arquitecto 3 para apoyar la labor de la Dirección de Infraestructura y Ambientes Educativos.;1;10626417;0;-14082072;4933037;3468490;1356703;187869;74;05/01/2026;UACI;12/10/2023;01/01/2026;30/06/2026;27765;36/2023;047709815     ;REYNA MARINA TORRES RIVAS
2026;BIRF 9067-SV;1401;7495 BIRF ;02;GESTIÓN DEL PROYECTO.;Desarrollar el modelo de calidad educativa de la primera infancia en El Salvador, para mejorar el desarrollo de los niños y niñas entre 0 y 7 años de edad.;8639;114 proyectos de infraestructura para centros oficiales de ECPI finalizados en el marco del Proyecto - DIAE;12268;4.2.2 - Apoyar a la Unidad Operativa del Proyecto -DIAE;217325;SERVICIOS PROFESIONALES;54599;4.2.2.1.5.6 - Contratación de arquitecto 4 para apoyar la labor de la Dirección de Infraestructura y Ambientes Educativos.;1;3156975;0;-14900992;903473;1213344;1899824;8869577;74;05/01/2026;UACI;12/10/2023;01/01/2026;30/06/2026;27765;34/2023;017472967     ;SONIA MARGARITA AGUILERA LOPEZ
2026;BIRF 9067-SV;1401;7495 BIRF ;02;GESTIÓN DEL PROYECTO.;Desarrollar el modelo de calidad educativa de la primera infancia en El Salvador, para mejorar el desarrollo de los niños y niñas entre 0 y 7 años de edad.;8639;114 proyectos de infraestructura para centros oficiales de ECPI finalizados en el marco del Proyecto - DIAE;12268;4.2.2 - Apoyar a la Unidad Operativa del Proyecto -DIAE;217326;SERVICIOS PROFESIONALES;54599;4.2.2.1.5.7 - Contratación de arquitecto 5 para apoyar la labor de la Dirección de Infraestructura y Ambientes Educativos.;1;4234206;0;-9601657;1033679;3936438;6719348;5988030;74;05/01/2026;UACI;12/10/2023;01/01/2026;30/06/2026;27765;32/2023;040422721     ;XENIA VANESSA RIVERA  RODRÍGUEZ 
2026;BIRF 9067-SV;1401;7495 BIRF ;02;GESTIÓN DEL PROYECTO.;Desarrollar el modelo de calidad educativa de la primera infancia en El Salvador, para mejorar el desarrollo de los niños y niñas entre 0 y 7 años de edad.;8639;114 proyectos de infraestructura para centros oficiales de ECPI finalizados en el marco del Proyecto - DIAE;12268;4.2.2 - Apoyar a la Unidad Operativa del Proyecto -DIAE;217327;SERVICIOS PROFESIONALES;54599;4.2.2.1.5.9 - Contratación de arquitecto junior 1 para apoyar la labor de la Dirección de Infraestructura y Ambientes Educativos.;1;11008101;0;-13089542;3404236;4238148;5634686;4641030;90;05/01/2026;UACI;12/05/2025;16/05/2025;30/06/2026;27845;80/2025-birf 9067 ;06142411972004;ALEJANDRA MARÍA PÉREZ CASTILLO
2026;BIRF 9067-SV;1401;7495 BIRF ;02;GESTIÓN DEL PROYECTO.;Desarrollar el modelo de calidad educativa de la primera infancia en El Salvador, para mejorar el desarrollo de los niños y niñas entre 0 y 7 años de edad.;8639;114 proyectos de infraestructura para centros oficiales de ECPI finalizados en el marco del Proyecto - DIAE;12268;4.2.2 - Apoyar a la Unidad Operativa del Proyecto -DIAE;217328;SERVICIOS PROFESIONALES;54599;4.2.2.1.5.10 - Contratación de arquitecto junior 2 para apoyar la labor de la Dirección de Infraestructura y Ambientes Educativos.;1;10170836;0;-16453825;2716660;5006508;1719201;60112;90;05/01/2026;UACI;12/05/2025;16/05/2025;30/06/2025;27845;81/2025 BIRF 9067;050324925     ;OSCAR DAVID DÍAZ BELTRÁN
2026;BIRF 9067-SV;1401;7495 BIRF ;02;GESTIÓN DEL PROYECTO.;Desarrollar el modelo de calidad educativa de la primera infancia en El Salvador, para mejorar el desarrollo de los niños y niñas entre 0 y 7 años de edad.;8639;114 proyectos de infraestructura para centros oficiales de ECPI finalizados en el marco del Proyecto - DIAE;12268;4.2.2 - Apoyar a la Unidad Operativa del Proyecto -DIAE;217329;SERVICIOS PROFESIONALES;54599;4.2.2.1.5.15 - Contratación de ingeniero civil 1 para apoyar la labor de la Dirección de Infraestructura y Ambientes Educativos.;1;8109405;0;-333321;3574411;844262;8854563;4273156;;10/02/2026;UACI;;;;0;;              ;
2026;BIRF 9067-SV;1401;7495 BIRF ;02;GESTIÓN DEL PROYECTO.;Desarrollar el modelo de calidad educativa de la primera infancia en El Salvador, para mejorar el desarrollo de los niños y niñas entre 0 y 7 años de edad.;8639;114 proyectos de infraestructura para centros oficiales de ECPI finalizados en el marco del Proyecto - DIAE;12268;4.2.2 - Apoyar a la Unidad Operativa del Proyecto -DIAE;217332;SERVICIOS PROFESIONALES;54599;4.2.2.1.5.16 - Contratación de ingeniero civil 2 para apoyar la labor de la Dirección de Infraestructura y Ambientes Educativos.;1;17109009;0;-13947638;1046860;4990846;3415795;1080376;;10/02/2026;UACI;;;;0;;              ;
2026;BIRF 9067-SV;1401;7495 BIRF ;02;GESTIÓN DEL PROYECTO.;Desarrollar el modelo de calidad educativa de la primera infancia en El Salvador, para mejorar el desarrollo de los niños y niñas entre 0 y 7 años de edad.;8639;114 proyectos de infraestructura para centros oficiales de ECPI finalizados en el marco del Proyecto - DIAE;12268;4.2.2 - Apoyar a la Unidad Operativa del Proyecto -DIAE;217333;SERVICIOS PROFESIONALES;54599;4.2.2.1.5.17 - Contratación de ingeniero civil 3 para apoyar la labor de la Dirección de Infraestructura y Ambientes Educativos ;1;527225;0;-10424645;1757852;5702682;155516;6104018;;10/02/2026;UACI;;;;0;;              ;
2026;BIRF 9067-SV;1401;7495 BIRF ;02;GESTIÓN DEL PROYECTO.;Desarrollar el modelo de calidad educativa de la primera infancia en El Salvador, para mejorar el desarrollo de los niños y niñas entre 0 y 7 años de edad.;8639;114 proyectos de infraestructura para centros oficiales de ECPI finalizados en el marco del Proyecto - DIAE;12268;4.2.2 - Apoyar a la Unidad Operativa del Proyecto -DIAE;217334;SERVICIOS PROFESIONALES;54599;4.2.2.1.5.18 - Contratación de ingeniero civil 4 para apoyar la labor de la Dirección de Infraestructura y Ambientes Educativos;1;16729963;0;-10222702;4418484;945009;2016080;4268224;;10/02/2026;UACI;;;;0;;              ;
2026;BIRF 9067-SV;1401;7495 BIRF ;02;GESTIÓN DEL PROYECTO.;Desarrollar el modelo de calidad educativa de la primera infancia en El Salvador, para mejorar el desarrollo de los niños y niñas entre 0 y 7 años de edad.;8639;114 proyectos de infraestructura para centros oficiales de ECPI finalizados en el marco del Proyecto - DIAE;12268;4.2.2 - Apoyar a la Unidad Operativa del Proyecto -DIAE;217335;SERVICIOS PROFESIONALES;54599;4.2.2.1.5.19 - Contratación de ingeniero civil 5 para apoyar la labor de la Dirección de Infraestructura y Ambientes Educativos ;1;5725415;0;-11445713;3105632;4095957;9213931;5431747;;05/01/2026;UACI;;;;0;;              ;
2026;BIRF 9067-SV;1401;7495 BIRF ;02;GESTIÓN DEL PROYECTO.;Desarrollar el modelo de calidad educativa de la primera infancia en El Salvador, para mejorar el desarrollo de los niños y niñas entre 0 y 7 años de edad.;8639;114 proyectos de infraestructura para centros oficiales de ECPI finalizados en el marco del Proyecto - DIAE;12268;4.2.2 - Apoyar a la Unidad Operativa del Proyecto -DIAE;217336;SERVICIOS PROFESIONALES;54599;4.2.2.1.5.21 - Contratación de electricista 1 para apoyar la labor de la Dirección de Infraestructura y Ambientes Educativos ;1;15241096;0;-15086815;5253760;1836065;5404934;7335051;71;05/01/2026;UACI;21/10/2024;01/01/2026;30/06/2026;27763;73/2024;08161210731019;ANÍBAL AMÉRICO ROMERO CARRANZA
2026;BIRF 9067-SV;1401;7495 BIRF ;02;GESTIÓN DEL PROYECTO.;Desarrollar el modelo de calidad educativa de la primera infancia en El Salvador, para mejorar el desarrollo de los niños y niñas entre 0 y 7 años de edad.;8639;114 proyectos de infraestructura para centros oficiales de ECPI finalizados en el marco del Proyecto - DIAE;12268;4.2.2 - Apoyar a la Unidad Operativa del Proyecto -DIAE;217338;SERVICIOS PROFESIONALES;54599;4.2.2.1.5.21 - Contratación de electricista 2 para apoyar la labor de la Dirección de Infraestructura y Ambientes Educativos ;1;6888858;0;2904941;2389822;2540977;826556;1840347;71;05/01/2026;UACI;21/10/2024;01/01/2026;30/12/2026;27763;74/2024;06140209931131;JOSÉ RODRIGO GUARDADO REYES 
2026;BIRF 9067-SV;1401;7495 BIRF ;02;GESTIÓN DEL PROYECTO.;Desarrollar el modelo de calidad educativa de la primera infancia en El Salvador, para mejorar el desarrollo de los niños y niñas entre 0 y 7 años de edad.;8639;114 proyectos de infraestructura para centros oficiales de ECPI finalizados en el marco del Proyecto - DIAE;12268;4.2.2 - Apoyar a la Unidad Operativa del Proyecto -DIAE;217339;SERVICIOS PROFESIONALES;54599;4.2.2.1.5.22 - Contratación de 1 estructurista para apoyar a labor de a Dirección de Infraestructura y Ambientes Educativos ;1;14008397;0;-1245525;1295167;4647831;3035068;7148677;56;05/01/2026;UACI;31/10/2024;01/01/2026;30/06/2026;27748;75;021687061     ;VÍCTOR MANUEL FIGUEROA MORÁN   
2026;BIRF 9067-SV;1401;7495 BIRF ;02;GESTIÓN DEL PROYECTO.;Desarrollar el modelo de calidad educativa de la primera infancia en El Salvador, para mejorar el desarrollo de los niños y niñas entre 0 y 7 años de edad.;8639;114 proyectos de infraestructura para centros oficiales de ECPI finalizados en el marco del Proyecto - DIAE;12268;4.2.2 - Apoyar a la Unidad Operativa del Proyecto -DIAE;217340;SERVICIOS PROFESIONALES;54599;4.2.2.1.5.23 - Contratación de 1 especialista hidráulico para apoyar la labor de la Dirección de Infraestructura y Ambientes Educativos ;1;16603373;0;-6212348;3340115;2246356;8211218;9363413;53;05/01/2026;UACI;30/01/2025;01/01/2026;30/06/2026;27749;8;01030212921017;JÓSE NOEL MURILLO TRIGUEROS
2026;BIRF 9067-SV;1401;7495 BIRF ;02;GESTIÓN DEL PROYECTO.;Desarrollar el modelo de calidad educativa de la primera infancia en El Salvador, para mejorar el desarrollo de los niños y niñas entre 0 y 7 años de edad.;8639;114 proyectos de infraestructura para centros oficiales de ECPI finalizados en el marco del Proyecto - DIAE;12268;4.2.2 - Apoyar a la Unidad Operativa del Proyecto -DIAE;217341;SERVICIOS PROFESIONALES;54599;4.2.2.1.6.2 - Contratación de 1 arquitecto para la Dirección de Infraestructura y Ambientes Educativos ;1;9256603;0;-6049024;4821116;2770179;338952;1621417;;05/01/2026;UACI;;;;0;;              ;
2026;BIRF 9067-SV;1401;7495 BIRF ;02;GESTIÓN DEL PROYECTO.;Desarrollar el modelo de calidad educativa de la primera infancia en El Salvador, para mejorar el desarrollo de los niños y niñas entre 0 y 7 años de edad.;8639;114 proyectos de infraestructura para centros oficiales de ECPI finalizados en el marco del Proyecto - DIAE;12268;4.2.2 - Apoyar a la Unidad Operativa del Proyecto -DIAE;217342;SERVICIOS PROFESIONALES;54599;4.2.2.1.6.5 - Contratación de 4 arquitecto para la Dirección de Infraestructura y Ambientes Educativos ;1;3557424;0;1358224;3772328;2249135;502402;5296348;10/2023;05/01/2026;UACI;02/06/2023;01/01/2026;30/06/2026;27786;11/2023;055822203     ;ROSA  MARÍA  RODRÍGUEZ  ZELAYA   
2026;BIRF 9067-SV;1401;7495 BIRF ;02;GESTIÓN DEL PROYECTO.;Desarrollar el modelo de calidad educativa de la primera infancia en El Salvador, para mejorar el desarrollo de los niños y niñas entre 0 y 7 años de edad.;8639;114 proyectos de infraestructura para centros oficiales de ECPI finalizados en el marco del Proyecto - DIAE;12268;4.2.2 - Apoyar a la Unidad Operativa del Proyecto -DIAE;217343;SERVICIOS PROFESIONALES;54599;Contratación de agente verificador (AVI) para la Norma Técnica Salvadoreña de Infraestructura Educativa;1;973912;0;-16893988;1032870;3214454;6241190;124005;;19/02/2026;UACI;;;;0;;              ;
2026;BIRF 9067-SV;1401;7495 BIRF ;02;GESTIÓN DEL PROYECTO.;Desarrollar el modelo de calidad educativa de la primera infancia en El Salvador, para mejorar el desarrollo de los niños y niñas entre 0 y 7 años de edad.;8639;114 proyectos de infraestructura para centros oficiales de ECPI finalizados en el marco del Proyecto - DIAE;12333;4.2.4 - Fortalecer con equipo informático, mobiliario, vehículos y licencias de software a las unidades ejecutoras del proyecto.;218890;MOBILIARIO - CADA UNO [ CADA UNO ];61110;4.2.4.1.3.3.2 - Mobiliario para la Dirección de Infraestructura;1;10295489;0;-3715877;5629354;3171354;7625339;4757994;;03/05/2026;UACI;;;;0;;              ;
2026;BIRF 9067-SV;1401;7495 BIRF ;02;GESTIÓN DEL PROYECTO.;Desarrollar el modelo de calidad educativa de la primera infancia en El Salvador, para mejorar el desarrollo de los niños y niñas entre 0 y 7 años de edad.;8639;114 proyectos de infraestructura para centros oficiales de ECPI finalizados en el marco del Proyecto - DIAE;12333;4.2.4 - Fortalecer con equipo informático, mobiliario, vehículos y licencias de software a las unidades ejecutoras del proyecto.;218892;COMPUTADORA PORTATIL (LAPTOP);61104;"4.2.4.1.1.9.1 - Compra de laptop (15-16"")";1;17426749;0;-777478;609042;4757600;6399215;530955;;03/05/2026;UACI;;;;0;;              ;
2026;BIRF 9067-SV;1401;7495 BIRF ;02;GESTIÓN DEL PROYECTO.;Desarrollar el modelo de calidad educativa de la primera infancia en El Salvador, para mejorar el desarrollo de los niños y niñas entre 0 y 7 años de edad.;8639;114 proyectos de infraestructura para centros oficiales de ECPI finalizados en el marco del Proyecto - DIAE;12333;4.2.4 - Fortalecer con equipo informático, mobiliario, vehículos y licencias de software a las unidades ejecutoras del proyecto.;218893;COMPUTADORA PORTATIL (LAPTOP);61104;"4.2.4.1.1.9.2 - Compra de laptop (13-14"") (M1)";2;7216782;0;-10010522;5956813;5890899;2651317;2216120;;03/05/2026;UACI;;;;0;;              ;
2026;BIRF 9067-SV;1401;7495 BIRF ;02;GESTIÓN DEL PROYECTO.;Desarrollar el modelo de calidad educativa de la primera infancia en El Salvador, para mejorar el desarrollo de los niños y niñas entre 0 y 7 años de edad.;8639;114 proyectos de infraestructura para centros oficiales de ECPI finalizados en el marco del Proyecto - DIAE;12333;4.2.4 - Fortalecer con equipo informático, mobiliario, vehículos y licencias de software a las unidades ejecutoras del proyecto.;218894;PANTALLAS SMART TV;61110;4.2.4.1.1.9.3 - Pantalla Smart;3;11873502;0;-16477469;4595322;1072864;8405736;7870150;;03/05/2026;UACI;;;;0;;              ;
2026;BIRF 9067-SV;1401;7495 BIRF ;02;GESTIÓN DEL PROYECTO.;Desarrollar el modelo de calidad educativa de la primera infancia en El Salvador, para mejorar el desarrollo de los niños y niñas entre 0 y 7 años de edad.;8639;114 proyectos de infraestructura para centros oficiales de ECPI finalizados en el marco del Proyecto - DIAE;12333;4.2.4 - Fortalecer con equipo informático, mobiliario, vehículos y licencias de software a las unidades ejecutoras del proyecto.;218895;COMPUTADORA PORTATIL (LAPTOP);61104;4.2.4.1.1.9.5 - Compra de UPS y regulador de voltaje.;20;12628000;0;582188;2436919;262865;8781247;1990314;;03/05/2026;UACI;;;;0;;              ;
2026;BIRF 9067-SV;1401;7495 BIRF ;02;GESTIÓN DEL PROYECTO.;Desarrollar el modelo de calidad educativa de la primera infancia en El Salvador, para mejorar el desarrollo de los niños y niñas entre 0 y 7 años de edad.;8639;114 proyectos de infraestructura para centros oficiales de ECPI finalizados en el marco del Proyecto - DIAE;12333;4.2.4 - Fortalecer con equipo informático, mobiliario, vehículos y licencias de software a las unidades ejecutoras del proyecto.;218896;EQUIPO LAPTOP PARA PRODUCTIVIDAD;61110;4.2.4.1.1.9.4- Compra de proyector ;1;13288984;0;-16637269;1491689;4064985;9763839;2521703;;03/05/2026;UACI;;;;0;;              ;
2026;BIRF 9067-SV;1401;7495 BIRF ;02;GESTIÓN DEL PROYECTO.;Desarrollar el modelo de calidad educativa de la primera infancia en El Salvador, para mejorar el desarrollo de los niños y niñas entre 0 y 7 años de edad.;8639;114 proyectos de infraestructura para centros oficiales de ECPI finalizados en el marco del Proyecto - DIAE;12333;4.2.4 - Fortalecer con equipo informático, mobiliario, vehículos y licencias de software a las unidades ejecutoras del proyecto.;218897;EQUIPO LAPTOP PARA PRODUCTIVIDAD;61110;4.2.4.1.1.9.6- Plaud Nota Grabadora de voz;5;10484100;0;-5921993;4315900;2784117;6282454;4582390;;03/05/2025;UACI;;;;0;;              ;
2026;BIRF 9067-SV;1401;7495 BIRF ;02;GESTIÓN DEL PROYECTO.;Desarrollar el modelo de calidad educativa de la primera infancia en El Salvador, para mejorar el desarrollo de los niños y niñas entre 0 y 7 años de edad.;8639;114 proyectos de infraestructura para centros oficiales de ECPI finalizados en el marco del Proyecto - DIAE;12333;4.2.4 - Fortalecer con equipo informático, mobiliario, vehículos y licencias de software a las unidades ejecutoras del proyecto.;218928;SUSCRIPCION POR 3 AÑOS DE SKETCHUP. PRO;61403;4.2.4.1.2.9 - Suscripción por 3 años opus 25 (Incluye capacitación) para la DIAE. ;5;1809236;0;-12578772;2288533;2619656;7740257;7914600;;07/04/2026;UACI;;;;0;;              ;
2026;BIRF 9067-SV;1401;7495 BIRF ;02;GESTIÓN DEL PROYECTO.;Desarrollar el modelo de calidad educativa de la primera infancia en El Salvador, para mejorar el desarrollo de los niños y niñas entre 0 y 7 años de edad.;8639;114 proyectos de infraestructura para centros oficiales de ECPI finalizados en el marco del Proyecto - DIAE;12333;4.2.4 - Fortalecer con equipo informático, mobiliario, vehículos y licencias de software a las unidades ejecutoras del proyecto.;218929;SUSCRIPCION POR 3 AÑOS DE SKETCHUP. PRO;61403;4.2.4.1.2.13 - Suscripción por 12 meses de Powers BI pro (Incluye capacitación) para la DIAE. ;5;39353;0;-4810143;1064617;5663009;7890642;80123;;07/04/2026;UACI;;;;0;;              ;
2026;BIRF 9067-SV;1401;7495 BIRF ;02;GESTIÓN DEL PROYECTO.;Desarrollar el modelo de calidad educativa de la primera infancia en El Salvador, para mejorar el desarrollo de los niños y niñas entre 0 y 7 años de edad.;8639;114 proyectos de infraestructura para centros oficiales de ECPI finalizados en el marco del Proyecto - DIAE;12333;4.2.4 - Fortalecer con equipo informático, mobiliario, vehículos y licencias de software a las unidades ejecutoras del proyecto.;218930;SUSCRIPCION POR 3 AÑOS DE SKETCHUP. PRO;61403;4.2.4.1.2.16 - Suscripción por 3 años de lumion versión 12X pro o superior (Incluye capacitación) para la DIAE. ;4;6577074;0;-3424395;1663614;3232633;5837759;9118401;;07/04/2026;UACI;;;;0;;              ;
2026;BIRF 9067-SV;1401;7495 BIRF ;02;GESTIÓN DEL PROYECTO.;Desarrollar el modelo de calidad educativa de la primera infancia en El Salvador, para mejorar el desarrollo de los niños y niñas entre 0 y 7 años de edad.;8639;114 proyectos de infraestructura para centros oficiales de ECPI finalizados en el marco del Proyecto - DIAE;12333;4.2.4 - Fortalecer con equipo informático, mobiliario, vehículos y licencias de software a las unidades ejecutoras del proyecto.;218932;LICENCIAS DE SOFTWARE - CADA UNO;61403;4.2.4.1.2.15 - Licencia perpetua de Project Professional 2024 (incluye capacitación) para la DIAE. ;6;9407721;0;-3575211;3719928;3060824;3240952;9019719;;07/04/2026;UACI;;;;0;;              ;
2026;BIRF 9067-SV;1401;7495 BIRF ;02;GESTIÓN DEL PROYECTO.;Desarrollar el modelo de calidad educativa de la primera infancia en El Salvador, para mejorar el desarrollo de los niños y niñas entre 0 y 7 años de edad.;8639;114 proyectos de infraestructura para centros oficiales de ECPI finalizados en el marco del Proyecto - DIAE;12333;4.2.4 - Fortalecer con equipo informático, mobiliario, vehículos y licencias de software a las unidades ejecutoras del proyecto.;218933;LICENCIAS DE SOFTWARE - CADA UNO [ CADA UNO ] ;61403;Imprevistos - Licenciamiento;1;17551828;0;-7798619;5360553;4523519;2734378;4679375;;07/04/2026;UACI;;;;0;;              ;
2026;BIRF 9067-SV;1401;7495 BIRF ;02;GESTIÓN DEL PROYECTO.;Desarrollar el modelo de calidad educativa de la primera infancia en El Salvador, para mejorar el desarrollo de los niños y niñas entre 0 y 7 años de edad.;8639;114 proyectos de infraestructura para centros oficiales de ECPI finalizados en el marco del Proyecto - DIAE;12333;4.2.4 - Fortalecer con equipo informático, mobiliario, vehículos y licencias de software a las unidades ejecutoras del proyecto.;218937;IMPRESIONES Y PUBLICACIONES - CADA UNO;54313;4.2.4.1.5.1 - Servicio de impresión, escaneo y fotocopiado de planos para la Dirección de Infraestructura y Ambientes Educativos.;1;14565583;0;-10605628;4533282;283201;7270065;1148564;;07/04/2026;UACI;;;;0;;              ;
2026;BIRF 9067-SV;1401;7495 BIRF ;01;ACTIVIDADES DE PRE-INVERSIÓN PARA LA MEJORA DE LA INFRAESTRUCTURA PÚBLICA DE ECPI.;Desarrollar el modelo de calidad educativa de la primera infancia en El Salvador, para mejorar el desarrollo de los niños y niñas entre 0 y 7 años de edad.;8640;Regulación para la infraestructura educativa en aplicación -DIAE;12270;3.1.2 - Elaborar y preparar la aplicación de una Regulación para la Infraestructura Educativa;218538;SERVICIOS PROFESIONALES;54599;Imprevistos - Convenio OSN;1;6719390;0;-7493862;1317139;2676789;5015105;9782003;;03/01/2026;NO UACI;;;;0;;              ;
2026;BIRF 9067-SV;1401;7495 BIRF ;01;ACTIVIDADES DE PRE-INVERSIÓN PARA LA MEJORA DE LA INFRAESTRUCTURA PÚBLICA DE ECPI.;Desarrollar el modelo de calidad educativa de la primera infancia en El Salvador, para mejorar el desarrollo de los niños y niñas entre 0 y 7 años de edad.;8640;Regulación para la infraestructura educativa en aplicación -DIAE;12270;3.1.2 - Elaborar y preparar la aplicación de una Regulación para la Infraestructura Educativa;218539;SERVICIOS PROFESIONALES;54399;3.1.2.1.1 - Convenio específico interinstitucional para la elaboración de la norma técnica salvadoreña de infraestructura educativa que incluye el Plan Operativo (Producto 1);1;390789;0;-1844655;5834164;4215392;4947747;4573295;;05/01/2026;NO UACI;;;;0;;              ;
2026;BIRF 9067-SV;1401;7495 BIRF ;01;ACTIVIDADES DE PRE-INVERSIÓN PARA LA MEJORA DE LA INFRAESTRUCTURA PÚBLICA DE ECPI.;Desarrollar el modelo de calidad educativa de la primera infancia en El Salvador, para mejorar el desarrollo de los niños y niñas entre 0 y 7 años de edad.;8640;Regulación para la infraestructura educativa en aplicación -DIAE;12270;3.1.2 - Elaborar y preparar la aplicación de una Regulación para la Infraestructura Educativa;218540;SERVICIOS PROFESIONALES;54399;3.1.2.2.1 - Convenio específico interinstitucional para la elaboración de la norma técnica salvadoreña de infraestructura educativa que incluye el diagnóstico del marco normativo (Producto 2).;1;10430381;0;-14310258;4067110;5354010;3747545;2006809;;05/01/2026;NO UACI;;;;0;;              ;
2026;BIRF 9067-SV;1401;7495 BIRF ;01;ACTIVIDADES DE PRE-INVERSIÓN PARA LA MEJORA DE LA INFRAESTRUCTURA PÚBLICA DE ECPI.;Desarrollar el modelo de calidad educativa de la primera infancia en El Salvador, para mejorar el desarrollo de los niños y niñas entre 0 y 7 años de edad.;8640;Regulación para la infraestructura educativa en aplicación -DIAE;12270;3.1.2 - Elaborar y preparar la aplicación de una Regulación para la Infraestructura Educativa;218541;SERVICIOS PROFESIONALES;54399;3.1.2.3.1 - Convenio específico interinstitucional para la elaboración de la norma técnica salvadoreña de infraestructura educativa que incluye la Norma Técnica Salvadoreña de Infraestructura Educativa (Producto 3);1;5256340;0;-9305812;4213801;862720;4033070;6319040;;05/01/2026;NO UACI;;;;0;;              ;
2026;BIRF 9067-SV;1401;7495 BIRF ;01;ACTIVIDADES DE PRE-INVERSIÓN PARA LA MEJORA DE LA INFRAESTRUCTURA PÚBLICA DE ECPI.;Desarrollar el modelo de calidad educativa de la primera infancia en El Salvador, para mejorar el desarrollo de los niños y niñas entre 0 y 7 años de edad.;8640;Regulación para la infraestructura educativa en aplicación -DIAE;12270;3.1.2 - Elaborar y preparar la aplicación de una Regulación para la Infraestructura Educativa;218542;SERVICIOS PROFESIONALES;54399;3.1.2.4.1 - Convenio específico interinstitucional para la elaboración de la norma técnica salvadoreña de infraestructura educativa que incluye la reproducción de la Norma Técnica Salvadoreña de Infraestructura Educativa (Producto 4).;1;1336803;0;1261776;4424001;401137;5633316;7858140;;05/01/2026;NO UACI;;;;0;;              ;
2026;BIRF 9067-SV;1401;7495 BIRF ;01;ACTIVIDADES DE PRE-INVERSIÓN PARA LA MEJORA DE LA INFRAESTRUCTURA PÚBLICA DE ECPI.;Desarrollar el modelo de calidad educativa de la primera infancia en El Salvador, para mejorar el desarrollo de los niños y niñas entre 0 y 7 años de edad.;8640;Regulación para la infraestructura educativa en aplicación -DIAE;12270;3.1.2 - Elaborar y preparar la aplicación de una Regulación para la Infraestructura Educativa;218543;SERVICIOS PROFESIONALES;54399;3.1.2.5.1 - Convenio específico interinstitucional para la elaboración de la norma técnica salvadoreña de infraestructura educativa que incluye actividades de la redifusión de la Norma Técnica Salvadoreña de Infraestructura Educativa (Producto 5);1;16179781;0;-1398997;5912031;3473234;4970700;8169452;;05/01/2026;NO UACI;;;;0;;              ;
2026;BIRF 9067-SV;1401;7495 BIRF ;01;ACTIVIDADES DE PRE-INVERSIÓN PARA LA MEJORA DE LA INFRAESTRUCTURA PÚBLICA DE ECPI.;Desarrollar el modelo de calidad educativa de la primera infancia en El Salvador, para mejorar el desarrollo de los niños y niñas entre 0 y 7 años de edad.;8640;Regulación para la infraestructura educativa en aplicación -DIAE;12270;3.1.2 - Elaborar y preparar la aplicación de una Regulación para la Infraestructura Educativa;218545;SERVICIOS PROFESIONALES;54399;3.1.2.6.1 - Convenio específico interinstitucional para la elaboración de la norma técnica salvadoreña de infraestructura educativa que incluye Actividades de formación de la Norma Técnica Salvadoreña de Infraestructura Educativa (Producto 6);1;16193331;0;-632896;2727484;4787046;3604979;3208171;;05/01/2026;NO UACI;;;;0;;              ;
2026;BIRF 9067-SV;1401;7495 BIRF ;01;ACTIVIDADES DE PRE-INVERSIÓN PARA LA MEJORA DE LA INFRAESTRUCTURA PÚBLICA DE ECPI.;Desarrollar el modelo de calidad educativa de la primera infancia en El Salvador, para mejorar el desarrollo de los niños y niñas entre 0 y 7 años de edad.;8640;Regulación para la infraestructura educativa en aplicación -DIAE;12270;3.1.2 - Elaborar y preparar la aplicación de una Regulación para la Infraestructura Educativa;218546;SERVICIOS PROFESIONALES;54399;3.1.2.7.1 - Convenio específico interinstitucional para la elaboración de la norma técnica salvadoreña de infraestructura educativa que incluye el diseño del mecanismo para determinar el índice de cumplimiento (Producto 7);1;11232406;0;1177557;2981008;4967637;3433809;6009126;;05/01/2026;NO UACI;;;;0;;              ;
2026;BIRF 9067-SV;1401;7495 BIRF ;01;ACTIVIDADES DE PRE-INVERSIÓN PARA LA MEJORA DE LA INFRAESTRUCTURA PÚBLICA DE ECPI.;Desarrollar el modelo de calidad educativa de la primera infancia en El Salvador, para mejorar el desarrollo de los niños y niñas entre 0 y 7 años de edad.;8640;Regulación para la infraestructura educativa en aplicación -DIAE;12270;3.1.2 - Elaborar y preparar la aplicación de una Regulación para la Infraestructura Educativa;218570;SERVICIOS PROFESIONALES;54599;3.1.2.8.1 - Convenio específico interinstitucional para la elaboración de la norma técnica salvadoreña de infraestructura educativa que incluye la validación de la ficha de levantamiento del estado de la infraestructura educativa (Producto 8);1;5638166;0;-3143511;193431;3196037;5345722;6772440;;05/01/2026;NO UACI;;;;0;;              ;
2026;BIRF 9067-SV;1401;7495 BIRF ;02;AMBIENTES FÍSICOS EN CENTROS OFICIALES DE EDUCACIÓN SELECCIONADOS.;Desarrollar el modelo de calidad educativa de la primera infancia en El Salvador, para mejorar el desarrollo de los niños y niñas entre 0 y 7 años de edad.;8641;114 proyectos de infraestructura para centros oficiales de ECPI finalizados en el marco del Proyecto - DIAE.;12271;3.2.1 - Mejoramiento de la infraestructura en centros educativos a nivel nacional;217238;DE EDUCACION Y RECREACION - CADA UNO [ CADA UNO ];61603;"3.2.1.1.1.1B - Mejoramiento de la infraestructura en la Escuela de Educación Parvularia ""Presbitero Matías Romero"" - COD 10196 - Pack 1B_Póliza";1;10049964;0;-7747284;3113837;1382419;4340687;7155247;;09/01/2026;NO UACI;;;;0;;              ;
2026;BIRF 9067-SV;1401;7495 BIRF ;02;AMBIENTES FÍSICOS EN CENTROS OFICIALES DE EDUCACIÓN SELECCIONADOS.;Desarrollar el modelo de calidad educativa de la primera infancia en El Salvador, para mejorar el desarrollo de los niños y niñas entre 0 y 7 años de edad.;8641;114 proyectos de infraestructura para centros oficiales de ECPI finalizados en el marco del Proyecto - DIAE.;12271;3.2.1 - Mejoramiento de la infraestructura en centros educativos a nivel nacional;217239;DE EDUCACION Y RECREACION - CADA UNO [ CADA UNO ];61603;"3.2.1.1.2.1B - Mejoramiento de la infraestructura en la Escuela de Educación Parvularia ""De El Congo"" - COD 10286 - Pack 1B_Póliza";1;15541578;0;-6848146;146503;5835155;2733643;8700046;;09/01/2026;NO UACI;;;;0;;              ;
2026;BIRF 9067-SV;1401;7495 BIRF ;02;AMBIENTES FÍSICOS EN CENTROS OFICIALES DE EDUCACIÓN SELECCIONADOS.;Desarrollar el modelo de calidad educativa de la primera infancia en El Salvador, para mejorar el desarrollo de los niños y niñas entre 0 y 7 años de edad.;8641;114 proyectos de infraestructura para centros oficiales de ECPI finalizados en el marco del Proyecto - DIAE.;12271;3.2.1 - Mejoramiento de la infraestructura en centros educativos a nivel nacional;217240;DE EDUCACION Y RECREACION - CADA UNO [ CADA UNO ];61603;"3.2.1.1.3.1B - Mejoramiento de la infraestructura en la Escuela de Educación Parvularia ""Hugo Lindo"" - COD 11357 - Pack 1B_Póliza";1;6849031;0;-10349887;1026776;4494829;4676597;468073;;01/01/2026;NO UACI;;;;0;;              ;
2026;BIRF 9067-SV;1401;7495 BIRF ;02;AMBIENTES FÍSICOS EN CENTROS OFICIALES DE EDUCACIÓN SELECCIONADOS.;Desarrollar el modelo de calidad educativa de la primera infancia en El Salvador, para mejorar el desarrollo de los niños y niñas entre 0 y 7 años de edad.;8641;114 proyectos de infraestructura para centros oficiales de ECPI finalizados en el marco del Proyecto - DIAE.;12271;3.2.1 - Mejoramiento de la infraestructura en centros educativos a nivel nacional;217241;DE EDUCACION Y RECREACION - CADA UNO [ CADA UNO ] ;61603;"3.2.1.1.4.1B - Mejoramiento de la infraestructura del Complejo Educativo ""Distrito Italia"" - COD 11741 - Pack 1B_Póliza";1;15128897;0;-14982716;5995204;5454812;8302369;3538376;;09/01/2026;NO UACI;;;;0;;              ;
2026;BIRF 9067-SV;1401;7495 BIRF ;02;AMBIENTES FÍSICOS EN CENTROS OFICIALES DE EDUCACIÓN SELECCIONADOS.;Desarrollar el modelo de calidad educativa de la primera infancia en El Salvador, para mejorar el desarrollo de los niños y niñas entre 0 y 7 años de edad.;8641;114 proyectos de infraestructura para centros oficiales de ECPI finalizados en el marco del Proyecto - DIAE.;12271;3.2.1 - Mejoramiento de la infraestructura en centros educativos a nivel nacional;217242;DE EDUCACION Y RECREACION - CADA UNO [ CADA UNO ];61603;"3.2.1.1.5.1B - Mejoramiento de la infraestructura en la Escuela de Educación Parvularia ""El Rosario"" - COD 11929 - Pack 1B_Póliza";1;7022799;0;-4847755;4269438;5341899;6786101;4266572;;09/01/2026;NO UACI;;;;0;;              ;
2026;BIRF 9067-SV;1401;7495 BIRF ;02;AMBIENTES FÍSICOS EN CENTROS OFICIALES DE EDUCACIÓN SELECCIONADOS.;Desarrollar el modelo de calidad educativa de la primera infancia en El Salvador, para mejorar el desarrollo de los niños y niñas entre 0 y 7 años de edad.;8641;114 proyectos de infraestructura para centros oficiales de ECPI finalizados en el marco del Proyecto - DIAE.;12271;3.2.1 - Mejoramiento de la infraestructura en centros educativos a nivel nacional;217243;DE EDUCACION Y RECREACION - CADA UNO [ CADA UNO ];61603;"3.2.1.1.6.1B - Mejoramiento de la infraestructura en la Escuela de Educación Parvularia ""Julita Alfonso"" - COD 12034 - Pack 1B_Póliza";1;907671;0;-5915037;3038320;2222959;6211605;933684;;09/01/2026;NO UACI;;;;0;;              ;
2026;BIRF 9067-SV;1401;7495 BIRF ;02;AMBIENTES FÍSICOS EN CENTROS OFICIALES DE EDUCACIÓN SELECCIONADOS.;Desarrollar el modelo de calidad educativa de la primera infancia en El Salvador, para mejorar el desarrollo de los niños y niñas entre 0 y 7 años de edad.;8641;114 proyectos de infraestructura para centros oficiales de ECPI finalizados en el marco del Proyecto - DIAE.;12271;3.2.1 - Mejoramiento de la infraestructura en centros educativos a nivel nacional;217244;DE EDUCACION Y RECREACION - CADA UNO [ CADA UNO ];61603;"3.2.1.1.7.1B - Mejoramiento de la infraestructura en la Escuela de Educación Parvularia ""De Puerto El Triunfo"" - COD 12656 - Pack 1B_Póliza";1;17395324;0;1154531;5783760;2721585;2680950;657824;;09/01/2026;NO UACI;;;;0;;              ;
2026;BIRF 9067-SV;1401;7495 BIRF ;02;AMBIENTES FÍSICOS EN CENTROS OFICIALES DE EDUCACIÓN SELECCIONADOS.;Desarrollar el modelo de calidad educativa de la primera infancia en El Salvador, para mejorar el desarrollo de los niños y niñas entre 0 y 7 años de edad.;8641;114 proyectos de infraestructura para centros oficiales de ECPI finalizados en el marco del Proyecto - DIAE.;12271;3.2.1 - Mejoramiento de la infraestructura en centros educativos a nivel nacional;217245;DE EDUCACION Y RECREACION - CADA UNO [ CADA UNO ];61603;"3.2.1.1.8.1B - Mejoramiento de la infraestructura en la Escuela de Educación Parvularia ""María Salazar Viuda de Magaña"" - COD 10008 - Pack 1B_Póliza";1;246048;0;-1028241;1058193;2063088;1784884;9810231;;09/01/2026;NO UACI;;;;0;;              ;
2026;BIRF 9067-SV;1401;7495 BIRF ;02;AMBIENTES FÍSICOS EN CENTROS OFICIALES DE EDUCACIÓN SELECCIONADOS.;Desarrollar el modelo de calidad educativa de la primera infancia en El Salvador, para mejorar el desarrollo de los niños y niñas entre 0 y 7 años de edad.;8641;114 proyectos de infraestructura para centros oficiales de ECPI finalizados en el marco del Proyecto - DIAE.;12271;3.2.1 - Mejoramiento de la infraestructura en centros educativos a nivel nacional;217246;DE EDUCACION Y RECREACION - CADA UNO [ CADA UNO ];61603;"3.2.1.1.9.1B - Mejoramiento de la infraestructura en la Escuela de Educación Especial ""De Ahuachapán"" - COD 10047 - Pack 1B_Póliza";1;13272207;0;-4845595;4666525;3981929;5657541;155622;;09/01/2026;NO UACI;;;;0;;              ;
2026;BIRF 9067-SV;1401;7495 BIRF ;02;AMBIENTES FÍSICOS EN CENTROS OFICIALES DE EDUCACIÓN SELECCIONADOS.;Desarrollar el modelo de calidad educativa de la primera infancia en El Salvador, para mejorar el desarrollo de los niños y niñas entre 0 y 7 años de edad.;8641;114 proyectos de infraestructura para centros oficiales de ECPI finalizados en el marco del Proyecto - DIAE.;12271;3.2.1 - Mejoramiento de la infraestructura en centros educativos a nivel nacional;217247;DE EDUCACION Y RECREACION - CADA UNO [ CADA UNO ];61603;"3.2.1.1.10.1B - Mejoramiento de la infraestructura en la Escuela de Educación Parvularia ""Cantón Lourdes"" - COD 10047 - Pack 1B_Póliza";1;12944704;0;-13372097;1563762;787287;8133778;4999971;;09/01/2026;NO UACI;;;;0;;              ;
2026;BIRF 9067-SV;1401;7495 BIRF ;02;AMBIENTES FÍSICOS EN CENTROS OFICIALES DE EDUCACIÓN SELECCIONADOS.;Desarrollar el modelo de calidad educativa de la primera infancia en El Salvador, para mejorar el desarrollo de los niños y niñas entre 0 y 7 años de edad.;8641;114 proyectos de infraestructura para centros oficiales de ECPI finalizados en el marco del Proyecto - DIAE.;12271;3.2.1 - Mejoramiento de la infraestructura en centros educativos a nivel nacional;217248;DE EDUCACION Y RECREACION - CADA UNO [ CADA UNO ];61603;3.2.1.1.11.1B - Mejoramiento de la infraestructura en el Centro Escolar Caserío Las Arboledas, Cantón Lourdes - COD 10047 - Pack 1B_Póliza;1;9907226;0;-4724085;1157380;5633975;1168992;6685192;;09/01/2026;NO UACI;;;;0;;              ;
2026;BIRF 9067-SV;1401;7495 BIRF ;02;AMBIENTES FÍSICOS EN CENTROS OFICIALES DE EDUCACIÓN SELECCIONADOS.;Desarrollar el modelo de calidad educativa de la primera infancia en El Salvador, para mejorar el desarrollo de los niños y niñas entre 0 y 7 años de edad.;8641;114 proyectos de infraestructura para centros oficiales de ECPI finalizados en el marco del Proyecto - DIAE.;12271;3.2.1 - Mejoramiento de la infraestructura en centros educativos a nivel nacional;217249;DE EDUCACION Y RECREACION - CADA UNO [ CADA UNO ];61603;"3.2.1.1.2.1 - Mejoramiento de la infraestructura en la Escuela de Educación Especial ""De Atiquizaya"" - COD 10072 - Pack 2_Póliza";1;16060014;0;-14416895;1048481;4024005;2683544;6292039;;09/01/2026;NO UACI;;;;0;;              ;
2026;BIRF 9067-SV;1401;7495 BIRF ;02;AMBIENTES FÍSICOS EN CENTROS OFICIALES DE EDUCACIÓN SELECCIONADOS.;Desarrollar el modelo de calidad educativa de la primera infancia en El Salvador, para mejorar el desarrollo de los niños y niñas entre 0 y 7 años de edad.;8641;114 proyectos de infraestructura para centros oficiales de ECPI finalizados en el marco del Proyecto - DIAE.;12271;3.2.1 - Mejoramiento de la infraestructura en centros educativos a nivel nacional;217250;DE EDUCACION Y RECREACION - CADA UNO [ CADA UNO ];61603;"3.2.1.1.2.2 - Mejoramiento de la infraestructura en la Escuela de Educación Parvularia ""Gabriela Mistral"" - COD 10274 - Pack 2_Póliza";1;853287;0;-8636739;5795569;417633;3335221;1208303;;09/01/2026;NO UACI;;;;0;;              ;
2026;BIRF 9067-SV;1401;7495 BIRF ;02;AMBIENTES FÍSICOS EN CENTROS OFICIALES DE EDUCACIÓN SELECCIONADOS.;Desarrollar el modelo de calidad educativa de la primera infancia en El Salvador, para mejorar el desarrollo de los niños y niñas entre 0 y 7 años de edad.;8641;114 proyectos de infraestructura para centros oficiales de ECPI finalizados en el marco del Proyecto - DIAE.;12271;3.2.1 - Mejoramiento de la infraestructura en centros educativos a nivel nacional;217251;DE EDUCACION Y RECREACION - CADA UNO [ CADA UNO ];61603;"3.2.1.1.2.3 - Mejoramiento de la infraestructura en la Escuela de Educación Especial ""Chalchuapa"" - COD 10232 - Pack 2_Póliza";1;13656071;0;-3160837;2307142;5333407;6333910;7263356;;09/01/2026;NO UACI;;;;0;;              ;
2026;BIRF 9067-SV;1401;7495 BIRF ;02;AMBIENTES FÍSICOS EN CENTROS OFICIALES DE EDUCACIÓN SELECCIONADOS.;Desarrollar el modelo de calidad educativa de la primera infancia en El Salvador, para mejorar el desarrollo de los niños y niñas entre 0 y 7 años de edad.;8641;114 proyectos de infraestructura para centros oficiales de ECPI finalizados en el marco del Proyecto - DIAE.;12271;3.2.1 - Mejoramiento de la infraestructura en centros educativos a nivel nacional;217252;DE EDUCACION Y RECREACION - CADA UNO [ CADA UNO ];61603;"3.2.1.1.2.4 - Mejoramiento de la infraestructura en la Escuela de Educación Especial ""De Sonsonate"" - COD 10731 - Pack 2_Póliza";1;2874971;0;-854002;351185;5340441;1188014;6532610;;09/01/2026;NO UACI;;;;0;;              ;
2026;BIRF 9067-SV;1401;7495 BIRF ;02;AMBIENTES FÍSICOS EN CENTROS OFICIALES DE EDUCACIÓN SELECCIONADOS.;Desarrollar el modelo de calidad educativa de la primera infancia en El Salvador, para mejorar el desarrollo de los niños y niñas entre 0 y 7 años de edad.;8641;114 proyectos de infraestructura para centros oficiales de ECPI finalizados en el marco del Proyecto - DIAE.;12271;3.2.1 - Mejoramiento de la infraestructura en centros educativos a nivel nacional;217253;DE EDUCACION Y RECREACION - CADA UNO [ CADA UNO ];61603;"3.2.1.1.2.5 - Mejoramiento de la infraestructura en la Escuela de Educación Especial ""Profesor Napoleón Efraín Gonzales"" - COD 14707 - Pack 2_Póliza";1;16400322;0;-9990219;1715912;5066476;459368;4698388;;09/01/2026;NO UACI;;;;0;;              ;
2026;BIRF 9067-SV;1401;7495 BIRF ;02;AMBIENTES FÍSICOS EN CENTROS OFICIALES DE EDUCACIÓN SELECCIONADOS.;Desarrollar el modelo de calidad educativa de la primera infancia en El Salvador, para mejorar el desarrollo de los niños y niñas entre 0 y 7 años de edad.;8641;114 proyectos de infraestructura para centros oficiales de ECPI finalizados en el marco del Proyecto - DIAE.;12271;3.2.1 - Mejoramiento de la infraestructura en centros educativos a nivel nacional;217254;DE EDUCACION Y RECREACION - CADA UNO [ CADA UNO ];61603;"3.2.1.1.2.6 - Mejoramiento de la infraestructura en la Escuela de Educación Parvularia ""Armenia"" - COD 10574 - Pack 2_Póliza";1;16987531;0;-14345859;4358197;2645932;6147494;3963337;;09/01/2026;NO UACI;;;;0;;              ;
2026;BIRF 9067-SV;1401;7495 BIRF ;02;AMBIENTES FÍSICOS EN CENTROS OFICIALES DE EDUCACIÓN SELECCIONADOS.;Desarrollar el modelo de calidad educativa de la primera infancia en El Salvador, para mejorar el desarrollo de los niños y niñas entre 0 y 7 años de edad.;8641;114 proyectos de infraestructura para centros oficiales de ECPI finalizados en el marco del Proyecto - DIAE.;12271;3.2.1 - Mejoramiento de la infraestructura en centros educativos a nivel nacional;217255;DE EDUCACION Y RECREACION - CADA UNO [ CADA UNO ];61603;"3.2.1.1.2.7 - Mejoramiento de la infraestructura en la Escuela de Educación Especial ""De Armenia"" - COD 10584 - Pack 2_Póliza";1;7382397;0;-2492498;3308591;5272714;4585808;7320766;;09/01/2026;NO UACI;;;;0;;              ;
2026;BIRF 9067-SV;1401;7495 BIRF ;02;AMBIENTES FÍSICOS EN CENTROS OFICIALES DE EDUCACIÓN SELECCIONADOS.;Desarrollar el modelo de calidad educativa de la primera infancia en El Salvador, para mejorar el desarrollo de los niños y niñas entre 0 y 7 años de edad.;8641;114 proyectos de infraestructura para centros oficiales de ECPI finalizados en el marco del Proyecto - DIAE.;12271;3.2.1 - Mejoramiento de la infraestructura en centros educativos a nivel nacional;217256;DE EDUCACION Y RECREACION - CADA UNO [ CADA UNO ];61603;"3.2.1.1.2.8 - Mejoramiento de la infraestructura en la Escuela de Educación Parvularia ""Doctor Humberto Romero Alvergue"" - COD 10747 - Pack 2_Póliza";1;1991773;0;-497151;4214383;5228164;4484908;4157383;;09/01/2026;NO UACI;;;;0;;              ;
2026;BIRF 9067-SV;1401;7495 BIRF ;02;AMBIENTES FÍSICOS EN CENTROS OFICIALES DE EDUCACIÓN SELECCIONADOS.;Desarrollar el modelo de calidad educativa de la primera infancia en El Salvador, para mejorar el desarrollo de los niños y niñas entre 0 y 7 años de edad.;8641;114 proyectos de infraestructura para centros oficiales de ECPI finalizados en el marco del Proyecto - DIAE.;12271;3.2.1 - Mejoramiento de la infraestructura en centros educativos a nivel nacional;217257;DE EDUCACION Y RECREACION - CADA UNO [ CADA UNO ];61603;"3.2.1.1.2.9 - Mejoramiento de la infraestructura en el Centro Escolar ""Comunidad San Francisco Hacienda Zapotitán"" - COD 11013 - Pack 2_Póliza";1;4910285;0;2895035;497581;4116462;9243418;8106807;;09/01/2026;NO UACI;;;;0;;              ;
2026;BIRF 9067-SV;1401;7495 BIRF ;02;AMBIENTES FÍSICOS EN CENTROS OFICIALES DE EDUCACIÓN SELECCIONADOS.;Desarrollar el modelo de calidad educativa de la primera infancia en El Salvador, para mejorar el desarrollo de los niños y niñas entre 0 y 7 años de edad.;8641;114 proyectos de infraestructura para centros oficiales de ECPI finalizados en el marco del Proyecto - DIAE.;12271;3.2.1 - Mejoramiento de la infraestructura en centros educativos a nivel nacional;217258;DE EDUCACION Y RECREACION - CADA UNO [ CADA UNO ];61603;"3.2.1.1.2.10 - Mejoramiento de la infraestructura en la Escuela de Educación Parvularia ""Ciudad Arce"" - COD 11020 - Pack 2_Póliza";1;2722195;0;-12869672;1947949;3035951;2082386;1692229;;09/01/2026;NO UACI;;;;0;;              ;
2026;BIRF 9067-SV;1401;7495 BIRF ;02;AMBIENTES FÍSICOS EN CENTROS OFICIALES DE EDUCACIÓN SELECCIONADOS.;Desarrollar el modelo de calidad educativa de la primera infancia en El Salvador, para mejorar el desarrollo de los niños y niñas entre 0 y 7 años de edad.;8641;114 proyectos de infraestructura para centros oficiales de ECPI finalizados en el marco del Proyecto - DIAE.;12271;3.2.1 - Mejoramiento de la infraestructura en centros educativos a nivel nacional;217259;DE EDUCACION Y RECREACION - CADA UNO [ CADA UNO ];61603;"3.2.1.1.2.11 - Mejoramiento de la infraestructura en la Escuela de Educación Parvularia ""De Quezaltepeque"" - COD 11159 - Pack 2_Póliza";1;11164821;0;-14885715;3419022;5411286;5609169;5123063;;09/01/2026;NO UACI;;;;0;;              ;
2026;BIRF 9067-SV;1401;7495 BIRF ;02;AMBIENTES FÍSICOS EN CENTROS OFICIALES DE EDUCACIÓN SELECCIONADOS.;Desarrollar el modelo de calidad educativa de la primera infancia en El Salvador, para mejorar el desarrollo de los niños y niñas entre 0 y 7 años de edad.;8641;114 proyectos de infraestructura para centros oficiales de ECPI finalizados en el marco del Proyecto - DIAE.;12271;3.2.1 - Mejoramiento de la infraestructura en centros educativos a nivel nacional;217260;DE EDUCACION Y RECREACION - CADA UNO [ CADA UNO ];61603;"3.2.1.1.2.12 - Mejoramiento de la infraestructura en la Escuela de Educación Parvularia ""Doctor Reynaldo Galindo Pohl"" - COD 11805 - Pack 2_Póliza";1;13020879;0;-3523331;5166580;1352952;8169821;3611559;;09/01/2026;NO UACI;;;;0;;              ;
2026;BIRF 9067-SV;1401;7495 BIRF ;02;AMBIENTES FÍSICOS EN CENTROS OFICIALES DE EDUCACIÓN SELECCIONADOS.;Desarrollar el modelo de calidad educativa de la primera infancia en El Salvador, para mejorar el desarrollo de los niños y niñas entre 0 y 7 años de edad.;8641;114 proyectos de infraestructura para centros oficiales de ECPI finalizados en el marco del Proyecto - DIAE.;12271;3.2.1 - Mejoramiento de la infraestructura en centros educativos a nivel nacional;217261;DE EDUCACION Y RECREACION - CADA UNO [ CADA UNO ];61603;"3.2.1.1.2.13 - Mejoramiento de la infraestructura en el Centro Escolar ""Fernando Portillo"" - COD 12543 - Pack 2_Póliza";1;4252984;0;-415062;3932076;4237825;3885624;1893458;;09/01/2026;NO UACI;;;;0;;              ;
2026;BIRF 9067-SV;1401;7495 BIRF ;02;AMBIENTES FÍSICOS EN CENTROS OFICIALES DE EDUCACIÓN SELECCIONADOS.;Desarrollar el modelo de calidad educativa de la primera infancia en El Salvador, para mejorar el desarrollo de los niños y niñas entre 0 y 7 años de edad.;8641;114 proyectos de infraestructura para centros oficiales de ECPI finalizados en el marco del Proyecto - DIAE.;12271;3.2.1 - Mejoramiento de la infraestructura en centros educativos a nivel nacional;217262;DE EDUCACION Y RECREACION - CADA UNO [ CADA UNO ];61603;"3.2.1.1.2.14 - Mejoramiento de la infraestructura en la Escuela de Educación Parvularia ""José Misael Ramos"" - COD 12265 - Pack 2_Póliza";1;2463426;0;2817318;4269574;550343;1286795;8953742;;09/01/2026;NO UACI;;;;0;;              ;
2026;BIRF 9067-SV;1401;7495 BIRF ;02;AMBIENTES FÍSICOS EN CENTROS OFICIALES DE EDUCACIÓN SELECCIONADOS.;Desarrollar el modelo de calidad educativa de la primera infancia en El Salvador, para mejorar el desarrollo de los niños y niñas entre 0 y 7 años de edad.;8641;114 proyectos de infraestructura para centros oficiales de ECPI finalizados en el marco del Proyecto - DIAE.;12271;3.2.1 - Mejoramiento de la infraestructura en centros educativos a nivel nacional;217263;DE EDUCACION Y RECREACION - CADA UNO [ CADA UNO ];61603;"3.2.1.1.2.15 - Mejoramiento de la infraestructura en el Centro Escolar ""Cantón La Esperanza"" - COD 11939 - Pack 2_Póliza";1;8247143;0;-16898487;1814133;5911699;6685238;1326410;;09/01/2026;NO UACI;;;;0;;              ;
2026;BIRF 9067-SV;1401;7495 BIRF ;02;AMBIENTES FÍSICOS EN CENTROS OFICIALES DE EDUCACIÓN SELECCIONADOS.;Desarrollar el modelo de calidad educativa de la primera infancia en El Salvador, para mejorar el desarrollo de los niños y niñas entre 0 y 7 años de edad.;8641;114 proyectos de infraestructura para centros oficiales de ECPI finalizados en el marco del Proyecto - DIAE.;12271;3.2.1 - Mejoramiento de la infraestructura en centros educativos a nivel nacional;217264;DE EDUCACION Y RECREACION - CADA UNO [ CADA UNO ];61603;"3.2.1.1.2.16 - Mejoramiento de la infraestructura en la Escuela de Educación Parvularia de ""San Miguel Tepezontes"" - COD 12002 - Pack 2_Póliza";1;1519613;0;-322678;1962476;1387133;9094577;8923583;;09/01/2026;NO UACI;;;;0;;              ;
2026;BIRF 9067-SV;1401;7495 BIRF ;02;AMBIENTES FÍSICOS EN CENTROS OFICIALES DE EDUCACIÓN SELECCIONADOS.;Desarrollar el modelo de calidad educativa de la primera infancia en El Salvador, para mejorar el desarrollo de los niños y niñas entre 0 y 7 años de edad.;8641;114 proyectos de infraestructura para centros oficiales de ECPI finalizados en el marco del Proyecto - DIAE.;12271;3.2.1 - Mejoramiento de la infraestructura en centros educativos a nivel nacional;217265;DE EDUCACION Y RECREACION - CADA UNO [ CADA UNO ];61603;"3.2.1.1.2.17 - Mejoramiento de la infraestructura en la Escuela de Educación Parvularia  ""Doctor Miguel Eduardo Aparicio Jule"" - COD 12074 - Pack 2_Póliza";1;2667537;0;-1191549;4414592;4419569;7133379;8602686;;09/01/2026;NO UACI;;;;0;;              ;
2026;BIRF 9067-SV;1401;7495 BIRF ;02;AMBIENTES FÍSICOS EN CENTROS OFICIALES DE EDUCACIÓN SELECCIONADOS.;Desarrollar el modelo de calidad educativa de la primera infancia en El Salvador, para mejorar el desarrollo de los niños y niñas entre 0 y 7 años de edad.;8641;114 proyectos de infraestructura para centros oficiales de ECPI finalizados en el marco del Proyecto - DIAE.;12271;3.2.1 - Mejoramiento de la infraestructura en centros educativos a nivel nacional;217266;DE EDUCACION Y RECREACION - CADA UNO [ CADA UNO ];61603;"3.2.1.1.2.18 - Mejoramiento de la infraestructura en la Escuela de Educación Parvularia  ""Marta Carbonel de Quiteño"" - COD 12325 - Pack 2_Póliza";1;3144838;0;-15181898;4099543;2437200;5911521;9760578;;09/01/2026;NO UACI;;;;0;;              ;
2026;BIRF 9067-SV;1401;7495 BIRF ;02;AMBIENTES FÍSICOS EN CENTROS OFICIALES DE EDUCACIÓN SELECCIONADOS.;Desarrollar el modelo de calidad educativa de la primera infancia en El Salvador, para mejorar el desarrollo de los niños y niñas entre 0 y 7 años de edad.;8641;114 proyectos de infraestructura para centros oficiales de ECPI finalizados en el marco del Proyecto - DIAE.;12271;3.2.1 - Mejoramiento de la infraestructura en centros educativos a nivel nacional;217267;DE EDUCACION Y RECREACION - CADA UNO [ CADA UNO ];61603;"3.2.1.1.2.19 - Mejoramiento de la infraestructura en el Centro Escolar ""Exaltación Pompilio Salgado Rivera"" - COD 10080 - Pack 2_Póliza";1;7311829;0;-11121650;55340;3763887;1682661;4654873;;09/01/2026;NO UACI;;;;0;;              ;
2026;BIRF 9067-SV;1401;7495 BIRF ;02;AMBIENTES FÍSICOS EN CENTROS OFICIALES DE EDUCACIÓN SELECCIONADOS.;Desarrollar el modelo de calidad educativa de la primera infancia en El Salvador, para mejorar el desarrollo de los niños y niñas entre 0 y 7 años de edad.;8641;114 proyectos de infraestructura para centros oficiales de ECPI finalizados en el marco del Proyecto - DIAE.;12271;3.2.1 - Mejoramiento de la infraestructura en centros educativos a nivel nacional;217268;DE EDUCACION Y RECREACION - CADA UNO [ CADA UNO ];61603;"3.2.1.1.2.20 - Mejoramiento de la infraestructura en el Centro Escolar ""Cantón Cofraida Nueva"" - COD 13581 - Pack 2_Póliza";1;16611309;0;2236035;1860125;3406856;3612038;6739041;;09/01/2026;NO UACI;;;;0;;              ;
2026;BIRF 9067-SV;1401;7495 BIRF ;02;AMBIENTES FÍSICOS EN CENTROS OFICIALES DE EDUCACIÓN SELECCIONADOS.;Desarrollar el modelo de calidad educativa de la primera infancia en El Salvador, para mejorar el desarrollo de los niños y niñas entre 0 y 7 años de edad.;8641;114 proyectos de infraestructura para centros oficiales de ECPI finalizados en el marco del Proyecto - DIAE.;12271;3.2.1 - Mejoramiento de la infraestructura en centros educativos a nivel nacional;217269;DE EDUCACION Y RECREACION - CADA UNO [ CADA UNO ];61603;"3.2.1.1.2.21 - Mejoramiento de la infraestructura en la Escuela de Educación Parvularia ""María Luisa Marcia"" - COD 13442 - Pack 2_Póliza";1;8202193;0;-14900702;2867568;1748766;1893271;6051789;;09/01/2026;NO UACI;;;;0;;              ;
2026;BIRF 9067-SV;1401;7495 BIRF ;02;AMBIENTES FÍSICOS EN CENTROS OFICIALES DE EDUCACIÓN SELECCIONADOS.;Desarrollar el modelo de calidad educativa de la primera infancia en El Salvador, para mejorar el desarrollo de los niños y niñas entre 0 y 7 años de edad.;8641;114 proyectos de infraestructura para centros oficiales de ECPI finalizados en el marco del Proyecto - DIAE.;12271;3.2.1 - Mejoramiento de la infraestructura en centros educativos a nivel nacional;217270;DE EDUCACION Y RECREACION - CADA UNO [ CADA UNO ];61603;"3.2.1.1.2.22 - Mejoramiento de la infraestructura en la Escuela de Educación Especial ""Elisa Álvarez de Díaz"" - COD 10406 - Pack 2_Póliza";1;16625653;0;-4821623;3909278;2434115;1390021;3780191;;09/01/2026;NO UACI;;;;0;;              ;
2026;BIRF 9067-SV;1401;7495 BIRF ;02;AMBIENTES FÍSICOS EN CENTROS OFICIALES DE EDUCACIÓN SELECCIONADOS.;Desarrollar el modelo de calidad educativa de la primera infancia en El Salvador, para mejorar el desarrollo de los niños y niñas entre 0 y 7 años de edad.;8641;114 proyectos de infraestructura para centros oficiales de ECPI finalizados en el marco del Proyecto - DIAE.;12271;3.2.1 - Mejoramiento de la infraestructura en centros educativos a nivel nacional;217271;DE EDUCACION Y RECREACION - CADA UNO [ CADA UNO ];61603;3.2.1.1.3 - Mejoramiento de la infraestructura en 16 centros educativos públicos que atienden primera infancia a nivel nacional - PACK 3;4;923841;0;-1665752;4946715;2712800;5456107;1252867;;09/01/2026;UACI;;;;0;;              ;
2026;BIRF 9067-SV;1401;7495 BIRF ;02;AMBIENTES FÍSICOS EN CENTROS OFICIALES DE EDUCACIÓN SELECCIONADOS.;Desarrollar el modelo de calidad educativa de la primera infancia en El Salvador, para mejorar el desarrollo de los niños y niñas entre 0 y 7 años de edad.;8641;114 proyectos de infraestructura para centros oficiales de ECPI finalizados en el marco del Proyecto - DIAE.;12271;3.2.1 - Mejoramiento de la infraestructura en centros educativos a nivel nacional;217272;DE EDUCACION Y RECREACION - CADA UNO [ CADA UNO ];61603;3.2.1.1.4 - Mejoramiento de infraestructura (PACK 4) en centros educativos públicos que atienden primera infancia a nivel nacional;3;10529258;0;2332082;5955079;2496970;2110608;9413142;;09/01/2026;UACI;;;;0;;              ;
2026;BIRF 9067-SV;1401;7495 BIRF ;02;AMBIENTES FÍSICOS EN CENTROS OFICIALES DE EDUCACIÓN SELECCIONADOS.;Desarrollar el modelo de calidad educativa de la primera infancia en El Salvador, para mejorar el desarrollo de los niños y niñas entre 0 y 7 años de edad.;8641;114 proyectos de infraestructura para centros oficiales de ECPI finalizados en el marco del Proyecto - DIAE.;12271;3.2.1 - Mejoramiento de la infraestructura en centros educativos a nivel nacional;217273;DE EDUCACION Y RECREACION - CADA UNO [ CADA UNO ];61603;3.2.2.1.5 - Mejoramiento de infraestructura en 9 Centros Educativos que atienden primera infancia a nivel nacional. (PACK 5).;8;14881703;0;-1203378;5284216;623081;1577722;8463366;;09/01/2026;UACI;;;;0;;              ;
2026;BIRF 9067-SV;1401;7495 BIRF ;02;AMBIENTES FÍSICOS EN CENTROS OFICIALES DE EDUCACIÓN SELECCIONADOS.;Desarrollar el modelo de calidad educativa de la primera infancia en El Salvador, para mejorar el desarrollo de los niños y niñas entre 0 y 7 años de edad.;8641;114 proyectos de infraestructura para centros oficiales de ECPI finalizados en el marco del Proyecto - DIAE.;12271;3.2.1 - Mejoramiento de la infraestructura en centros educativos a nivel nacional;217274;DE EDUCACION Y RECREACION - CADA UNO [ CADA UNO ];61603;3.2.2.1.5 - Mejoramiento de infraestructura en 4 Centros Educativos que atienden primera infancia a nivel nacional. (PACK 6);4;13353821;0;2824104;3008127;104178;9462452;3014222;;09/01/2026;UACI;;;;0;;              ;
2026;BIRF 9067-SV;1401;7495 BIRF ;02;AMBIENTES FÍSICOS EN CENTROS OFICIALES DE EDUCACIÓN SELECCIONADOS.;Desarrollar el modelo de calidad educativa de la primera infancia en El Salvador, para mejorar el desarrollo de los niños y niñas entre 0 y 7 años de edad.;8641;114 proyectos de infraestructura para centros oficiales de ECPI finalizados en el marco del Proyecto - DIAE.;12271;3.2.1 - Mejoramiento de la infraestructura en centros educativos a nivel nacional;217275;DE EDUCACION Y RECREACION - CADA UNO [ CADA UNO ];61603;3.2.2.1.5 - Mejoramiento de infraestructura en 3 Centros Educativos que atienden primera infancia a nivel nacional. (PACK 7);6;761840;0;-1866665;2485048;3404120;4184910;1764550;;09/01/2026;UACI;;;;0;;              ;
2026;BIRF 9067-SV;1401;7495 BIRF ;02;AMBIENTES FÍSICOS EN CENTROS OFICIALES DE EDUCACIÓN SELECCIONADOS.;Desarrollar el modelo de calidad educativa de la primera infancia en El Salvador, para mejorar el desarrollo de los niños y niñas entre 0 y 7 años de edad.;8641;114 proyectos de infraestructura para centros oficiales de ECPI finalizados en el marco del Proyecto - DIAE.;12271;3.2.1 - Mejoramiento de la infraestructura en centros educativos a nivel nacional;217276;DE EDUCACION Y RECREACION - CADA UNO [ CADA UNO ];61603;Imprevistos - Mejoramiento;1;13309710;0;-8164945;1457084;2046849;3049006;6500415;;09/01/2026;UACI;;;;0;;              ;
2026;BIRF 9067-SV;1401;7495 BIRF ;02;AMBIENTES FÍSICOS EN CENTROS OFICIALES DE EDUCACIÓN SELECCIONADOS.;Desarrollar el modelo de calidad educativa de la primera infancia en El Salvador, para mejorar el desarrollo de los niños y niñas entre 0 y 7 años de edad.;8641;114 proyectos de infraestructura para centros oficiales de ECPI finalizados en el marco del Proyecto - DIAE.;12271;3.2.1 - Mejoramiento de la infraestructura en centros educativos a nivel nacional;220498;DE EDUCACION Y RECREACION - CADA UNO [ CADA UNO ];61603;"Mejoramiento de infraestructura de la Escuela de Educación Parvularia ""Tonacatepeque""";1;10453278;0;-10995878;3945146;3546607;3727405;1916305;79;28/01/2026;UACI;19/01/2026;13/06/2026;07/01/2027;27823;1;06140306091059;ACM, S.A. DE C.V.
2026;BIRF 9067-SV;1401;7495 BIRF ;02;AMBIENTES FÍSICOS EN CENTROS OFICIALES DE EDUCACIÓN SELECCIONADOS.;Desarrollar el modelo de calidad educativa de la primera infancia en El Salvador, para mejorar el desarrollo de los niños y niñas entre 0 y 7 años de edad.;8641;114 proyectos de infraestructura para centros oficiales de ECPI finalizados en el marco del Proyecto - DIAE.;12271;3.2.1 - Mejoramiento de la infraestructura en centros educativos a nivel nacional;220499;DE EDUCACION Y RECREACION - CADA UNO [ CADA UNO ];61603;"Mejoramiento de Infraestructura de la Escuela de Educación Parvularia ""San José Guayabal""";1;1282625;0;665550;1041540;3174938;1098264;7048977;79;28/01/2026;UACI;19/01/2026;13/04/2026;07/01/2027;27823;2;06231501261142;UNIÓN DE PERSONAS ECOLED - SERVENCO
2026;BIRF 9067-SV;1401;7495 BIRF ;02;AMBIENTES FÍSICOS EN CENTROS OFICIALES DE EDUCACIÓN SELECCIONADOS.;Desarrollar el modelo de calidad educativa de la primera infancia en El Salvador, para mejorar el desarrollo de los niños y niñas entre 0 y 7 años de edad.;8641;114 proyectos de infraestructura para centros oficiales de ECPI finalizados en el marco del Proyecto - DIAE.;12271;3.2.1 - Mejoramiento de la infraestructura en centros educativos a nivel nacional;220500;DE EDUCACION Y RECREACION - CADA UNO [ CADA UNO ];61603;"Mejoramiento de infraestructura del Complejo Educativo ""San Francisco""";1;6251877;0;772898;3297203;2248179;303983;3024237;79;28/01/2026;UACI;19/01/2026;13/04/2026;07/01/2026;27823;3;12171009121018;DESARROLLO Y CONSTRUCCION DE OBRAS, S.A. DE C.V.
2026;BIRF 9067-SV;1401;7495 BIRF ;02;AMBIENTES FÍSICOS EN CENTROS OFICIALES DE EDUCACIÓN SELECCIONADOS.;Desarrollar el modelo de calidad educativa de la primera infancia en El Salvador, para mejorar el desarrollo de los niños y niñas entre 0 y 7 años de edad.;8641;114 proyectos de infraestructura para centros oficiales de ECPI finalizados en el marco del Proyecto - DIAE.;12271;3.2.1 - Mejoramiento de la infraestructura en centros educativos a nivel nacional;220501;DE EDUCACION Y RECREACION - CADA UNO [ CADA UNO ];61603;"Mejoramiento de infraestructura de la Escuela de Educación Parvularia ""Federico Froebel""";1;6867453;0;-1476126;767116;2899440;287499;3766645;79;28/01/2026;UACI;19/01/2026;13/04/2026;07/01/2027;27823;4;06141805001024;CONSTRUCTORA ZELAYA S.A. DE C.V.
2026;BIRF 9067-SV;1401;7495 BIRF ;02;AMBIENTES FÍSICOS EN CENTROS OFICIALES DE EDUCACIÓN SELECCIONADOS.;Desarrollar el modelo de calidad educativa de la primera infancia en El Salvador, para mejorar el desarrollo de los niños y niñas entre 0 y 7 años de edad.;8641;114 proyectos de infraestructura para centros oficiales de ECPI finalizados en el marco del Proyecto - DIAE.;12271;3.2.1 - Mejoramiento de la infraestructura en centros educativos a nivel nacional;220654;DE EDUCACION Y RECREACION - CADA UNO [ CADA UNO ];61603;"Mejoramiento de infraestructura del Centro Escolar ""Canton Cofradía Nueva "". CODIGO 13581. Incremento";1;1219640;0;-1963464;5696296;4638854;4891995;1553624;155;30/01/2026;UACI;09/04/2025;14/02/2026;30/03/2026;28038;67/2025 BIRF 9067;12171105161020;INVERSIONES Y SERVICIOS SAN MIGUEL, S.A. DE C.V.
2026;BIRF 9067-SV;1401;7495 BIRF ;02;AMBIENTES FÍSICOS EN CENTROS OFICIALES DE EDUCACIÓN SELECCIONADOS.;Desarrollar el modelo de calidad educativa de la primera infancia en El Salvador, para mejorar el desarrollo de los niños y niñas entre 0 y 7 años de edad.;8641;114 proyectos de infraestructura para centros oficiales de ECPI finalizados en el marco del Proyecto - DIAE.;12271;3.2.1 - Mejoramiento de la infraestructura en centros educativos a nivel nacional;220736;DE EDUCACION Y RECREACION - CADA UNO [ CADA UNO ];61603;"Mejoramiento de la infraestructura en el Centro Escolar ""Exaltación Pompilio Salgado Rivera"" - Cod: 10080. Incremento.";1;65044;0;-2684047;3151000;2289829;9243915;1832979;04/2024;30/01/2026;UACI;09/04/2025;14/02/2026;15/03/2026;28006;61;12171009121018;DESARROLLO Y CONSTRUCCION DE OBRAS, S.A. DE C.V.
2026;BIRF 9067-SV;1401;7495 BIRF ;02;AMBIENTES FÍSICOS EN CENTROS OFICIALES DE EDUCACIÓN SELECCIONADOS.;Desarrollar el modelo de calidad educativa de la primera infancia en El Salvador, para mejorar el desarrollo de los niños y niñas entre 0 y 7 años de edad.;8641;114 proyectos de infraestructura para centros oficiales de ECPI finalizados en el marco del Proyecto - DIAE.;12271;3.2.1 - Mejoramiento de la infraestructura en centros educativos a nivel nacional;220875;DE EDUCACION Y RECREACION - CADA UNO [ CADA UNO ];61603;"Mejoramiento de obras de infraestructura en la ""Escuela de Educación Parvularia Dr. Miguel Eduardo Aparicio Jule "" - Cod: 12074. Incremento 1";1;3991492;0;-9444494;3517698;5395632;4985576;2957542;123;30/01/2026;UACI;09/04/2025;25/05/2025;20/03/2026;27928;64/2025 BIRF 9067 ;14080302091010;ALMACO, S.A. DE C.V.
2026;BIRF 9067-SV;1401;7495 BIRF ;02;AMBIENTES FÍSICOS EN CENTROS OFICIALES DE EDUCACIÓN SELECCIONADOS.;Desarrollar el modelo de calidad educativa de la primera infancia en El Salvador, para mejorar el desarrollo de los niños y niñas entre 0 y 7 años de edad.;8641;114 proyectos de infraestructura para centros oficiales de ECPI finalizados en el marco del Proyecto - DIAE.;12271;3.2.1 - Mejoramiento de la infraestructura en centros educativos a nivel nacional;221596;DE EDUCACION Y RECREACION - CADA UNO [ CADA UNO ];61603;"Mejoramiento de infraestructura de la Escuela de Educación Parvularia ""Hugo Lindo"" (Cód. 11357). Incremento";1;14088473;0;2894137;2106816;1574272;1770532;6271580;91;27/02/2026;UACI;31/03/2025;19/05/2025;13/04/2026;27849;20/2025 BIRF 9067;06141503961037;AVM INGENIEROS, S.A. DE C.V.
2026;BIRF 9067-SV;1401;7495 BIRF ;02;AMBIENTES FÍSICOS EN CENTROS OFICIALES DE EDUCACIÓN SELECCIONADOS.;Desarrollar el modelo de calidad educativa de la primera infancia en El Salvador, para mejorar el desarrollo de los niños y niñas entre 0 y 7 años de edad.;8641;114 proyectos de infraestructura para centros oficiales de ECPI finalizados en el marco del Proyecto - DIAE.;12271;3.2.1 - Mejoramiento de la infraestructura en centros educativos a nivel nacional;221597;SUPERVISION DE INFRAESTRUCTURAS - CADA UNO;61608;"Supervisión del mejoramiento de infraestructura de la Escuela de Educación Parvularia ""Hugo Lindo"" (Cód. 11357). Incremento";1;5899902;0;-7693628;1419081;2147717;1244742;9795827;116;27/02/2026;UACI;15/01/2026;23/01/2026;23/04/2026;27920;14;06140804021033;MONFLO INGENIEROS, S.A. DE C.V.
2026;BIRF 9067-SV;1401;7495 BIRF ;02;AMBIENTES FÍSICOS EN CENTROS OFICIALES DE EDUCACIÓN SELECCIONADOS.;Desarrollar el modelo de calidad educativa de la primera infancia en El Salvador, para mejorar el desarrollo de los niños y niñas entre 0 y 7 años de edad.;8641;114 proyectos de infraestructura para centros oficiales de ECPI finalizados en el marco del Proyecto - DIAE.;12271;3.2.1 - Mejoramiento de la infraestructura en centros educativos a nivel nacional;221598;DE EDUCACION Y RECREACION - CADA UNO [ CADA UNO ];61603;"Mejoramiento de obras de infraestructura de la Escuela de Educación Parvularia ""Doctor Reynaldo Galindo Pohl"" (Cód. 11805).  Incremento";1;10778986;0;-15098745;4323020;521513;7440193;4768176;04;27/02/2026;UACI;09/04/2025;26/05/2025;23/04/2026;28024;58/2025 BIRF;12171009121018;DESARROLLO Y CONSTRUCCION DE OBRAS, S.A. DE C.V.
2026;BIRF 9067-SV;1401;7495 BIRF ;02;AMBIENTES FÍSICOS EN CENTROS OFICIALES DE EDUCACIÓN SELECCIONADOS.;Desarrollar el modelo de calidad educativa de la primera infancia en El Salvador, para mejorar el desarrollo de los niños y niñas entre 0 y 7 años de edad.;8641;114 proyectos de infraestructura para centros oficiales de ECPI finalizados en el marco del Proyecto - DIAE.;12271;3.2.1 - Mejoramiento de la infraestructura en centros educativos a nivel nacional;221599;DE EDUCACION Y RECREACION - CADA UNO [ CADA UNO ];61603;"Mejoramiento de obras  infraestructura en el Centro Escolar ""Fernando Portillo"" (Cód. 12543).  Incremento";1;8953667;0;1965689;3954831;2421681;1204832;1174572;04/2024;27/02/2026;UACI;01/03/2026;01/03/2026;27/03/2026;28001; 66 / 2025 BIRF ;12171105161020;INVERSIONES Y SERVICIOS SAN MIGUEL, S.A. DE C.V.
2026;BIRF 9067-SV;1401;7495 BIRF ;02;AMBIENTES FÍSICOS EN CENTROS OFICIALES DE EDUCACIÓN SELECCIONADOS.;Desarrollar el modelo de calidad educativa de la primera infancia en El Salvador, para mejorar el desarrollo de los niños y niñas entre 0 y 7 años de edad.;8641;114 proyectos de infraestructura para centros oficiales de ECPI finalizados en el marco del Proyecto - DIAE.;12271;3.2.1 - Mejoramiento de la infraestructura en centros educativos a nivel nacional;221600;DE EDUCACION Y RECREACION - CADA UNO [ CADA UNO ];61603;"Mejoramiento de obras de  infraestructura en la Escuela de Educación Parvularia ""María Luisa Marcia"" (Cód. 13442).  Incremento";1;5466936;0;-3617214;5934109;3411069;1068317;9129153;125;27/02/2026;UACI;06/02/2026;14/02/2026;29/04/2026;27930;65/2025;14080302091010;ALMACO, S.A. DE C.V.
2026;BIRF 9067-SV;1401;7495 BIRF ;02;AMBIENTES FÍSICOS EN CENTROS OFICIALES DE EDUCACIÓN SELECCIONADOS.;Desarrollar el modelo de calidad educativa de la primera infancia en El Salvador, para mejorar el desarrollo de los niños y niñas entre 0 y 7 años de edad.;8641;114 proyectos de infraestructura para centros oficiales de ECPI finalizados en el marco del Proyecto - DIAE.;12271;3.2.1 - Mejoramiento de la infraestructura en centros educativos a nivel nacional;221601;DE EDUCACION Y RECREACION - CADA UNO [ CADA UNO ];61603;"Mejoramiento de infraestructura de la Escuela de Educación Parvularia ""Presbítero Matías Romero"" (Cód. 10196).  Incremento";1;1724834;0;-12232840;5729636;2313043;6270336;1927476;95;27/02/2026;UACI;31/03/2025;12/05/2025;05/02/2026;27860;30;06141805001024;CONSTRUCTORA ZELAYA S.A. DE C.V.
2026;BIRF 9067-SV;1401;7495 BIRF ;02;AMBIENTES FÍSICOS EN CENTROS OFICIALES DE EDUCACIÓN SELECCIONADOS.;Desarrollar el modelo de calidad educativa de la primera infancia en El Salvador, para mejorar el desarrollo de los niños y niñas entre 0 y 7 años de edad.;8641;114 proyectos de infraestructura para centros oficiales de ECPI finalizados en el marco del Proyecto - DIAE.;12271;3.2.1 - Mejoramiento de la infraestructura en centros educativos a nivel nacional;221602;DE EDUCACION Y RECREACION - CADA UNO [ CADA UNO ];61603;"Mejoramiento de infraestructura de la Escuela de Educación Parvularia ""El Congo"" (Cód. 10286).  Incremento";1;13238241;0;-6791730;3947367;1301448;4999531;8010149;31/2024;27/02/2026;UACI;31/03/2025;01/01/2026;30/08/2026;27862;23/2025;06140507001058;Z. Z. INGENIEROS S.A. DE C.V.
2026;BIRF 9067-SV;1401;7495 BIRF ;02;AMBIENTES FÍSICOS EN CENTROS OFICIALES DE EDUCACIÓN SELECCIONADOS.;Desarrollar el modelo de calidad educativa de la primera infancia en El Salvador, para mejorar el desarrollo de los niños y niñas entre 0 y 7 años de edad.;8641;114 proyectos de infraestructura para centros oficiales de ECPI finalizados en el marco del Proyecto - DIAE.;12271;3.2.1 - Mejoramiento de la infraestructura en centros educativos a nivel nacional;221603;DE EDUCACION Y RECREACION - CADA UNO [ CADA UNO ];61603;"Mejoramiento de infraestructura de la Escuela de Educación Parvularia ""El Rosario"" (Cód. 11929).  Incremento";1;9056039;0;1767375;5776184;1040712;5486077;559934;47/2023;27/02/2026;UACI;31/03/2025;13/05/2025;06/02/2026;27895;22/2025;06142906161061;INVERSIONES Y SERVICIOS DE INGENIERIA MONGE ROMERO, S.A. DE C.V.
2026;BIRF 9067-SV;1401;7495 BIRF ;02;AMBIENTES FÍSICOS EN CENTROS OFICIALES DE EDUCACIÓN SELECCIONADOS.;Desarrollar el modelo de calidad educativa de la primera infancia en El Salvador, para mejorar el desarrollo de los niños y niñas entre 0 y 7 años de edad.;8641;114 proyectos de infraestructura para centros oficiales de ECPI finalizados en el marco del Proyecto - DIAE.;12271;3.2.1 - Mejoramiento de la infraestructura en centros educativos a nivel nacional;221616;DE EDUCACION Y RECREACION - CADA UNO [ CADA UNO ];61603;"3.2.2.1.5-1- Mejoramiento de la infraestructura en la Escuela De Educación Parvularia ""San Jacinto""- Cod: 10162 _Lote 1_Pack 5.";1;10109736;0;-1552897;654905;4261000;786827;8896406;139;09/01/2026;UACI;05/12/2025;25/03/2026;31/12/2026;27967;146;01142301251010;UDP APCA CONSTRUCCIONES BOBURG
2026;BIRF 9067-SV;1401;7495 BIRF ;02;AMBIENTES FÍSICOS EN CENTROS OFICIALES DE EDUCACIÓN SELECCIONADOS.;Desarrollar el modelo de calidad educativa de la primera infancia en El Salvador, para mejorar el desarrollo de los niños y niñas entre 0 y 7 años de edad.;8641;114 proyectos de infraestructura para centros oficiales de ECPI finalizados en el marco del Proyecto - DIAE.;12271;3.2.1 - Mejoramiento de la infraestructura en centros educativos a nivel nacional;221617;DE EDUCACION Y RECREACION - CADA UNO [ CADA UNO ];61603;"3.2.2.1.5-2- Mejoramiento de la infraestructura en el Centro Escolar ""La Rosa Blanca""- Cod: 14864 _Lote 1_Pack 5.";1;3453186;0;-11386772;4261693;486347;5349197;818070;03/2025;09/01/2026;UACI;05/12/2025;20/03/2026;31/12/2026;27944;147;01142301251010;UDP APCA CONSTRUCCIONES BOBURG
2026;BIRF 9067-SV;1401;7495 BIRF ;02;AMBIENTES FÍSICOS EN CENTROS OFICIALES DE EDUCACIÓN SELECCIONADOS.;Desarrollar el modelo de calidad educativa de la primera infancia en El Salvador, para mejorar el desarrollo de los niños y niñas entre 0 y 7 años de edad.;8641;114 proyectos de infraestructura para centros oficiales de ECPI finalizados en el marco del Proyecto - DIAE.;12271;3.2.1 - Mejoramiento de la infraestructura en centros educativos a nivel nacional;221618;DE EDUCACION Y RECREACION - CADA UNO [ CADA UNO ];61603;"3.2.2.1.5-3-Mejoramiento de la infraestructura en el Centro Escolar ""Cantón Joya De Cerén""- Cod: 11240_Lote 2_Pack 5";1;183356;0;-13746762;4928803;137161;1724773;5054858;140;09/01/2026;UACI;05/12/2025;04/05/2026;04/02/2027;27968;148;01142301251010;UDP APCA CONSTRUCCIONES BOBURG
2026;BIRF 9067-SV;1401;7495 BIRF ;02;AMBIENTES FÍSICOS EN CENTROS OFICIALES DE EDUCACIÓN SELECCIONADOS.;Desarrollar el modelo de calidad educativa de la primera infancia en El Salvador, para mejorar el desarrollo de los niños y niñas entre 0 y 7 años de edad.;8641;114 proyectos de infraestructura para centros oficiales de ECPI finalizados en el marco del Proyecto - DIAE.;12271;3.2.1 - Mejoramiento de la infraestructura en centros educativos a nivel nacional;221619;DE EDUCACION Y RECREACION - CADA UNO [ CADA UNO ];61603;"3.2.2.1.5-4-Mejoramiento de la infraestructura en la Escuela De Educación Parvularia ""Joya De Cerén ""- Cod: 13003_Lote 2_Pack 5.";1;13349283;0;-16483156;3294035;4118874;7359180;3614489;141;09/01/2026;UACI;05/12/2025;04/05/2026;04/02/2027;27969;149;01142301251010;UDP APCA CONSTRUCCIONES BOBURG
2026;BIRF 9067-SV;1401;7495 BIRF ;02;AMBIENTES FÍSICOS EN CENTROS OFICIALES DE EDUCACIÓN SELECCIONADOS.;Desarrollar el modelo de calidad educativa de la primera infancia en El Salvador, para mejorar el desarrollo de los niños y niñas entre 0 y 7 años de edad.;8641;114 proyectos de infraestructura para centros oficiales de ECPI finalizados en el marco del Proyecto - DIAE.;12271;3.2.1 - Mejoramiento de la infraestructura en centros educativos a nivel nacional;221620;DE EDUCACION Y RECREACION - CADA UNO [ CADA UNO ];61603;"3.2.2.1.5-5-Mejoramiento de la infraestructura en el Complejo Educativo ""Profesor Raúl Flores Moreno""- Cod: 13374_Lote 3_Pack 5.";1;13054533;0;-1010203;505483;4618419;2448724;2088937;142;09/01/2026;UACI;05/12/2025;01/04/2026;30/12/2026;27970;150;01142301251010;UDP APCA CONSTRUCCIONES BOBURG
2026;BIRF 9067-SV;1401;7495 BIRF ;02;AMBIENTES FÍSICOS EN CENTROS OFICIALES DE EDUCACIÓN SELECCIONADOS.;Desarrollar el modelo de calidad educativa de la primera infancia en El Salvador, para mejorar el desarrollo de los niños y niñas entre 0 y 7 años de edad.;8641;114 proyectos de infraestructura para centros oficiales de ECPI finalizados en el marco del Proyecto - DIAE.;12271;3.2.1 - Mejoramiento de la infraestructura en centros educativos a nivel nacional;221621;DE EDUCACION Y RECREACION - CADA UNO [ CADA UNO ];61603;"3.2.2.1.5-6-Mejoramiento de la infraestructura en el Centro Escolar ""Cantón El Portezuelo""- Cod: 10402_Lote 5_Pack 5.";1;717563;0;-4067097;5965146;1095273;8820248;9617450;143;09/01/2026;UACI;24/11/2025;30/04/2025;31/12/2026;27971;151;01142301251010;UDP APCA CONSTRUCCIONES BOBURG
2026;BIRF 9067-SV;1401;7495 BIRF ;02;AMBIENTES FÍSICOS EN CENTROS OFICIALES DE EDUCACIÓN SELECCIONADOS.;Desarrollar el modelo de calidad educativa de la primera infancia en El Salvador, para mejorar el desarrollo de los niños y niñas entre 0 y 7 años de edad.;8641;114 proyectos de infraestructura para centros oficiales de ECPI finalizados en el marco del Proyecto - DIAE.;12271;3.2.1 - Mejoramiento de la infraestructura en centros educativos a nivel nacional;221622;DE EDUCACION Y RECREACION - CADA UNO [ CADA UNO ];61603;"3.2.2.1.5-7- Mejoramiento de la infraestructura en el Centro Escolar ""Cantón Las Flores""- Cod: 60144_Lote 6_Pack 5.";1;6423403;0;-11913619;4775976;5263712;100541;6258356;144;09/01/2026;UACI;24/11/2025;30/04/2026;31/12/2026;27972;152;01142301251010;UDP APCA CONSTRUCCIONES BOBURG
2026;BIRF 9067-SV;1401;7495 BIRF ;02;AMBIENTES FÍSICOS EN CENTROS OFICIALES DE EDUCACIÓN SELECCIONADOS.;Desarrollar el modelo de calidad educativa de la primera infancia en El Salvador, para mejorar el desarrollo de los niños y niñas entre 0 y 7 años de edad.;8641;114 proyectos de infraestructura para centros oficiales de ECPI finalizados en el marco del Proyecto - DIAE.;12271;3.2.1 - Mejoramiento de la infraestructura en centros educativos a nivel nacional;221633;DE EDUCACION Y RECREACION - CADA UNO [ CADA UNO ];61603;"Mejoramiento de la infraestructura en la Escuela De Educación Parvularia ""San Rafael""- COD: 10456_Pack 1A_Póliza";1;9560548;0;874771;4630981;3299256;1603562;3855122;;05/01/2026;NO UACI;;;;0;;              ;
2026;BIRF 9067-SV;1401;7495 BIRF ;02;AMBIENTES FÍSICOS EN CENTROS OFICIALES DE EDUCACIÓN SELECCIONADOS.;Desarrollar el modelo de calidad educativa de la primera infancia en El Salvador, para mejorar el desarrollo de los niños y niñas entre 0 y 7 años de edad.;8641;114 proyectos de infraestructura para centros oficiales de ECPI finalizados en el marco del Proyecto - DIAE.;12271;3.2.1 - Mejoramiento de la infraestructura en centros educativos a nivel nacional;221634;DE EDUCACION Y RECREACION - CADA UNO [ CADA UNO ];61603;"Mejoramiento de la infraestructura en la Escuela De Educación Parvularia ""Yolanda Ramírez De Díaz""- COD: 10480_Pack 1A_Póliza";1;11010789;0;-10863155;2887025;5342930;768854;4360728;;05/01/2026;NO UACI;;;;0;;              ;
2026;BIRF 9067-SV;1401;7495 BIRF ;02;AMBIENTES FÍSICOS EN CENTROS OFICIALES DE EDUCACIÓN SELECCIONADOS.;Desarrollar el modelo de calidad educativa de la primera infancia en El Salvador, para mejorar el desarrollo de los niños y niñas entre 0 y 7 años de edad.;8641;114 proyectos de infraestructura para centros oficiales de ECPI finalizados en el marco del Proyecto - DIAE.;12271;3.2.1 - Mejoramiento de la infraestructura en centros educativos a nivel nacional;221635;DE EDUCACION Y RECREACION - CADA UNO [ CADA UNO ];61603;"Mejoramiento de la infraestructura en la Escuela De Educación Parvularia Profesora ""María Elvira Sifontes""- COD: 10477_Pack 1A_Póliza";1;4505030;0;-1603691;2319561;1687813;7033662;9004234;;05/01/2026;NO UACI;;;;0;;              ;
2026;BIRF 9067-SV;1401;7495 BIRF ;02;AMBIENTES FÍSICOS EN CENTROS OFICIALES DE EDUCACIÓN SELECCIONADOS.;Desarrollar el modelo de calidad educativa de la primera infancia en El Salvador, para mejorar el desarrollo de los niños y niñas entre 0 y 7 años de edad.;8641;114 proyectos de infraestructura para centros oficiales de ECPI finalizados en el marco del Proyecto - DIAE.;12271;3.2.1 - Mejoramiento de la infraestructura en centros educativos a nivel nacional;221636;DE EDUCACION Y RECREACION - CADA UNO [ CADA UNO ];61603;"Mejoramiento de la infraestructura en la Escuela De Educación Parvularia ""De Acajutla ""- COD: 10570_Pack 1A_Póliza";1;11756856;0;-2296936;5955178;3825579;7451136;4468346;;05/01/2026;NO UACI;;;;0;;              ;
2026;BIRF 9067-SV;1401;7495 BIRF ;02;AMBIENTES FÍSICOS EN CENTROS OFICIALES DE EDUCACIÓN SELECCIONADOS.;Desarrollar el modelo de calidad educativa de la primera infancia en El Salvador, para mejorar el desarrollo de los niños y niñas entre 0 y 7 años de edad.;8641;114 proyectos de infraestructura para centros oficiales de ECPI finalizados en el marco del Proyecto - DIAE.;12271;3.2.1 - Mejoramiento de la infraestructura en centros educativos a nivel nacional;221637;DE EDUCACION Y RECREACION - CADA UNO [ CADA UNO ];61603;"Mejoramiento de la infraestructura en la Escuela De Educación Parvularia ""Jardines De La Sabana"" COD: 11112_Pack 1A_Póliza";1;16551121;0;-11059816;4663113;3346066;9436634;7934960;;05/01/2026;NO UACI;;;;0;;              ;
2026;BIRF 9067-SV;1401;7495 BIRF ;02;AMBIENTES FÍSICOS EN CENTROS OFICIALES DE EDUCACIÓN SELECCIONADOS.;Desarrollar el modelo de calidad educativa de la primera infancia en El Salvador, para mejorar el desarrollo de los niños y niñas entre 0 y 7 años de edad.;8641;114 proyectos de infraestructura para centros oficiales de ECPI finalizados en el marco del Proyecto - DIAE.;12271;3.2.1 - Mejoramiento de la infraestructura en centros educativos a nivel nacional;221663;DE EDUCACION Y RECREACION - CADA UNO [ CADA UNO ];61603;"3.2.1.1.6.1B Mejoramiento de infraestructura de la Escuela de Educación Parvularia ""Julita Alfonso"" (Cód. 12034). Incremento";1;6763352;0;47864;5810540;1044291;2757510;4212975;102;27/02/2026;UACI;13/02/2026;13/02/2026;13/04/2026;27873;21;06141503961037;AVM INGENIEROS, S.A. DE C.V.
2026;BIRF 9067-SV;1401;7495 BIRF ;02;AMBIENTES FÍSICOS EN CENTROS OFICIALES DE EDUCACIÓN SELECCIONADOS.;Desarrollar el modelo de calidad educativa de la primera infancia en El Salvador, para mejorar el desarrollo de los niños y niñas entre 0 y 7 años de edad.;8641;114 proyectos de infraestructura para centros oficiales de ECPI finalizados en el marco del Proyecto - DIAE.;12271;3.2.1 - Mejoramiento de la infraestructura en centros educativos a nivel nacional;222144;DE EDUCACION Y RECREACION - CADA UNO [ CADA UNO ];61603;"3.2.1.1.2.18 Mejoramiento de obras de infraestructura de la Escuela de Educación Parvularia  ""Marta Carbonel de Quiteño"" (Cód. 12325). Incremento";1;5110013;0;-858984;931563;5256949;4867140;8811700;114;13/03/2026;UACI;19/02/2026;19/02/2026;20/03/2026;27923;60/2025;12171009121018;DESARROLLO Y CONSTRUCCION DE OBRAS, S.A. DE C.V.
2026;BIRF 9067-SV;1401;7495 BIRF ;02;AMBIENTES FÍSICOS EN CENTROS OFICIALES DE EDUCACIÓN SELECCIONADOS.;Desarrollar el modelo de calidad educativa de la primera infancia en El Salvador, para mejorar el desarrollo de los niños y niñas entre 0 y 7 años de edad.;8641;114 proyectos de infraestructura para centros oficiales de ECPI finalizados en el marco del Proyecto - DIAE.;12271;3.2.1 - Mejoramiento de la infraestructura en centros educativos a nivel nacional;222145;DE EDUCACION Y RECREACION - CADA UNO [ CADA UNO ];61603;"3.2.1.1.2.10  Mejoramiento de obras de infraestructura de la Escuela de Educación Parvularia  ""Ciudad Arce"" (Cód. 11020). Incremento";1;5710405;0;-11029837;389607;1230514;9013368;2242672;113;13/03/2026;UACI;19/01/2026;19/01/2026;05/04/2026;27924;55;12170812101011;MANUEL DAVID PARADA JAIME CONSTRUCTORES, S.A. DE C.V.
2026;BIRF 9067-SV;1401;7495 BIRF ;02;AMBIENTES FÍSICOS EN CENTROS OFICIALES DE EDUCACIÓN SELECCIONADOS.;Desarrollar el modelo de calidad educativa de la primera infancia en El Salvador, para mejorar el desarrollo de los niños y niñas entre 0 y 7 años de edad.;8641;114 proyectos de infraestructura para centros oficiales de ECPI finalizados en el marco del Proyecto - DIAE.;12271;3.2.1 - Mejoramiento de la infraestructura en centros educativos a nivel nacional;222146;DE EDUCACION Y RECREACION - CADA UNO [ CADA UNO ];61603;"3.2.1.1.2.11 Mejoramiento de obras de infraestructura de la Escuela de Educación Parvularia  de ""Quezaltepeque"" (Cód. 11159). Incremento";1;13749093;0;-1198295;4820283;2101114;9900786;8720549;115;13/03/2026;UACI;09/04/2025;01/01/2026;05/05/2026;27922;56/2025;12170812101011;MANUEL DAVID PARADA JAIME CONSTRUCTORES, S.A. DE C.V.
2026;BIRF 9067-SV;1401;7495 BIRF ;02;AMBIENTES FÍSICOS EN CENTROS OFICIALES DE EDUCACIÓN SELECCIONADOS.;Desarrollar el modelo de calidad educativa de la primera infancia en El Salvador, para mejorar el desarrollo de los niños y niñas entre 0 y 7 años de edad.;8641;114 proyectos de infraestructura para centros oficiales de ECPI finalizados en el marco del Proyecto - DIAE.;12271;3.2.1 - Mejoramiento de la infraestructura en centros educativos a nivel nacional;222147;DE EDUCACION Y RECREACION - CADA UNO [ CADA UNO ];61603;"3 . 2 . 1 . 1 . 2 . 5 Mejoramiento de obras de infraestructura de la Escuela de Educación Especial  ""Napoleón Efraín González""  (Cód. 14707). Incremento";1;8001932;0;-3535213;3760852;5599505;7153045;7107225;04/2024;13/03/2026;UACI;09/04/2025;26/05/2025;19/02/2026;28005;50;06141612931032;AVE CONSTRUCTORA, S.A. DE C.V.
2026;BIRF 9067-SV;1401;7495 BIRF ;02;AMBIENTES FÍSICOS EN CENTROS OFICIALES DE EDUCACIÓN SELECCIONADOS.;Desarrollar el modelo de calidad educativa de la primera infancia en El Salvador, para mejorar el desarrollo de los niños y niñas entre 0 y 7 años de edad.;8641;114 proyectos de infraestructura para centros oficiales de ECPI finalizados en el marco del Proyecto - DIAE.;12271;3.2.1 - Mejoramiento de la infraestructura en centros educativos a nivel nacional;222148;DE EDUCACION Y RECREACION - CADA UNO [ CADA UNO ];61603;"3.2.1.1.4.1B  Mejoramiento de obras de infraestructura del Complejo Educativo  ""Distrito Italia ""  (Cód. 11741). Incremento";1;384031;0;469434;5899570;5524055;8812138;9273459;122;13/03/2026;UACI;31/03/2025;19/05/2025;13/04/2026;27915;24;14080302091010;ALMACO, S.A. DE C.V.
2026;BIRF 9067-SV;1401;7495 BIRF ;02;AMBIENTES FÍSICOS EN CENTROS OFICIALES DE EDUCACIÓN SELECCIONADOS.;Desarrollar el modelo de calidad educativa de la primera infancia en El Salvador, para mejorar el desarrollo de los niños y niñas entre 0 y 7 años de edad.;8641;114 proyectos de infraestructura para centros oficiales de ECPI finalizados en el marco del Proyecto - DIAE.;12271;3.2.1 - Mejoramiento de la infraestructura en centros educativos a nivel nacional;222149;DE EDUCACION Y RECREACION - CADA UNO [ CADA UNO ];61603;"3.2.1.1.2.16  Mejoramiento de obras de infraestructura de la Escuela de Educación Parvularia  ""De San Miguel Tepezontes""  (Cód. 12002). Incremento";1;12702216;0;-15047109;1670550;4911068;4441380;3371262;04/2024;13/03/2026;UACI;26/02/2026;19/02/2026;04/04/2026;28002;57 / 2025 BIRF ;12170812101011;MANUEL DAVID PARADA JAIME CONSTRUCTORES, S.A. DE C.V.
2026;BIRF 9067-SV;1401;7495 BIRF ;02;AMBIENTES FÍSICOS EN CENTROS OFICIALES DE EDUCACIÓN SELECCIONADOS.;Desarrollar el modelo de calidad educativa de la primera infancia en El Salvador, para mejorar el desarrollo de los niños y niñas entre 0 y 7 años de edad.;8641;114 proyectos de infraestructura para centros oficiales de ECPI finalizados en el marco del Proyecto - DIAE.;12271;3.2.1 - Mejoramiento de la infraestructura en centros educativos a nivel nacional;222150;DE EDUCACION Y RECREACION - CADA UNO [ CADA UNO ];61603;"3.2.1.1.2.16  Mejoramiento de obras de  infraestructura de la Escuela de Educación Parvularia de  "" Puerto El Triunfo""  (Cód. 12656). Incremento";1;4177274;0;-13848943;913930;2600162;2547272;5641789;124;13/03/2026;UACI;31/03/2025;19/05/2025;19/02/2026;27929;29;12171912941013;CONSTRUCTORA CHAVEZ RAMOS S.A. DE C.V.
2026;BIRF 9067-SV;1401;7495 BIRF ;02;AMBIENTES FÍSICOS EN CENTROS OFICIALES DE EDUCACIÓN SELECCIONADOS.;Desarrollar el modelo de calidad educativa de la primera infancia en El Salvador, para mejorar el desarrollo de los niños y niñas entre 0 y 7 años de edad.;8641;114 proyectos de infraestructura para centros oficiales de ECPI finalizados en el marco del Proyecto - DIAE.;12271;3.2.1 - Mejoramiento de la infraestructura en centros educativos a nivel nacional;222151;DE EDUCACION Y RECREACION - CADA UNO [ CADA UNO ];61603;"3 . 2 . 1 . 1 . 2 . 9  Mejoramiento de obras de  infraestructura del Centro Escolar  ""Comunidad San Francisco Hacienda Zapotitán""  (Cód. 11013). Incremento";1;7185432;0;-1014724;4907455;4854559;1681213;1305522;04/2024;13/03/2026;UACI;09/04/2025;20/02/2026;25/05/2026;28004;54;12170812101011;MANUEL DAVID PARADA JAIME CONSTRUCTORES, S.A. DE C.V.
2026;BIRF 9067-SV;1401;7495 BIRF ;02;AMBIENTES FÍSICOS EN CENTROS OFICIALES DE EDUCACIÓN SELECCIONADOS.;Desarrollar el modelo de calidad educativa de la primera infancia en El Salvador, para mejorar el desarrollo de los niños y niñas entre 0 y 7 años de edad.;8641;114 proyectos de infraestructura para centros oficiales de ECPI finalizados en el marco del Proyecto - DIAE.;12271;3.2.1 - Mejoramiento de la infraestructura en centros educativos a nivel nacional;222209;DE EDUCACION Y RECREACION - CADA UNO [ CADA UNO ];61603;"3.2.1.1.2.17 Mejoramiento de la
infraestructura en la Escuela de
Educación Especial de ""Armenia""
(COD:10584 ) Pack 2. Incremento";1;9957869;0;-452994;5511984;5539297;9950135;2546837;04/2024;18/02/2026;UACI;09/04/2025;22/03/2026;10/04/2026;28053;62/2025 BIRF;14080302091010;ALMACO, S.A. DE C.V.
2026;BIRF 9067-SV;1401;7495 BIRF ;02;AMBIENTES FÍSICOS EN CENTROS OFICIALES DE EDUCACIÓN SELECCIONADOS.;Desarrollar el modelo de calidad educativa de la primera infancia en El Salvador, para mejorar el desarrollo de los niños y niñas entre 0 y 7 años de edad.;8641;114 proyectos de infraestructura para centros oficiales de ECPI finalizados en el marco del Proyecto - DIAE.;12271;3.2.1 - Mejoramiento de la infraestructura en centros educativos a nivel nacional;222210;DE EDUCACION Y RECREACION - CADA UNO [ CADA UNO ];61603;"3.2.1.1.2.6 - Mejoramiento de la
infraestructura en la Escuela de
Educación Parvularia ""Armenia""
(COD:10574 ) Pack 2. Incremento";1;2518948;0;3557743;3949196;1481959;469698;6489604;164;18/02/2026;UACI;17/03/2026;22/03/2026;25/05/2026;28055;51/2025;06141809131089;A.P. & G, CONSTRUCTORES, SOCIEDAD ANONIMA DE CAPITAL VARIABLE
2026;BIRF 9067-SV;1401;7495 BIRF ;02;AMBIENTES FÍSICOS EN CENTROS OFICIALES DE EDUCACIÓN SELECCIONADOS.;Desarrollar el modelo de calidad educativa de la primera infancia en El Salvador, para mejorar el desarrollo de los niños y niñas entre 0 y 7 años de edad.;8641;114 proyectos de infraestructura para centros oficiales de ECPI finalizados en el marco del Proyecto - DIAE.;12271;3.2.1 - Mejoramiento de la infraestructura en centros educativos a nivel nacional;222242;DE EDUCACION Y RECREACION - CADA UNO [ CADA UNO ];61603;"3.2.1.1.2.14  Mejoramiento de Infraestructurade la Escuela de Educación Parvularia ""José Misael Ramos"" (Cód.12265) Incremento ";1;47094;0;-11965262;4744237;4401508;9515339;6437346;121;13/03/2026;UACI;09/04/2025;26/05/2025;20/04/2026;27914;59;12171009121018;DESARROLLO Y CONSTRUCCION DE OBRAS, S.A. DE C.V.
2026;BIRF 9067-SV;1401;7495 BIRF ;02;AMBIENTES FÍSICOS EN CENTROS OFICIALES DE EDUCACIÓN SELECCIONADOS.;Desarrollar el modelo de calidad educativa de la primera infancia en El Salvador, para mejorar el desarrollo de los niños y niñas entre 0 y 7 años de edad.;8641;114 proyectos de infraestructura para centros oficiales de ECPI finalizados en el marco del Proyecto - DIAE.;12271;3.2.1 - Mejoramiento de la infraestructura en centros educativos a nivel nacional;222486;DE EDUCACION Y RECREACION - CADA UNO [ CADA UNO ];61603;.;1;16510723;0;-16127471;1085014;278370;5690492;3663501;;10/03/2026;UACI;;;;0;;              ;
2026;BIRF 9067-SV;1401;7495 BIRF ;02;AMBIENTES FÍSICOS EN CENTROS OFICIALES DE EDUCACIÓN SELECCIONADOS.;Desarrollar el modelo de calidad educativa de la primera infancia en El Salvador, para mejorar el desarrollo de los niños y niñas entre 0 y 7 años de edad.;8641;114 proyectos de infraestructura para centros oficiales de ECPI finalizados en el marco del Proyecto - DIAE.;12271;3.2.1 - Mejoramiento de la infraestructura en centros educativos a nivel nacional;222488;DE EDUCACION Y RECREACION - CADA UNO [ CADA UNO ];61603;"3.2.1.1.2.3 - Mejoramiento de la
infraestructura en la Escuela de
Educación Especial ""Chalchuapa""
(COD:10232 ) Pack 2 - Lote - 3 Incremento";1;11864708;0;-1089405;249609;3459523;305813;5148288;04/2024;20/03/2026;UACI;09/04/2025;29/03/2026;27/04/2026;28012;48;06142906161061;INVERSIONES Y SERVICIOS DE INGENIERIA MONGE ROMERO, S.A. DE C.V.
2026;BIRF 9067-SV;1401;7495 BIRF ;02;AMBIENTES FÍSICOS EN CENTROS OFICIALES DE EDUCACIÓN SELECCIONADOS.;Desarrollar el modelo de calidad educativa de la primera infancia en El Salvador, para mejorar el desarrollo de los niños y niñas entre 0 y 7 años de edad.;8641;114 proyectos de infraestructura para centros oficiales de ECPI finalizados en el marco del Proyecto - DIAE.;12271;3.2.1 - Mejoramiento de la infraestructura en centros educativos a nivel nacional;222769;DE EDUCACION Y RECREACION - CADA UNO [ CADA UNO ];61603;"Mejoramiento de la infraestructura en
el Centro Escolar ""Colonia San Ramón"" - Cod: 11428
";1;8575214;0;-10135166;3912469;4617202;4463415;7940450;;27/03/2026;UACI;;;;0;;              ;
2026;BIRF 9067-SV;1401;7495 BIRF ;02;AMBIENTES FÍSICOS EN CENTROS OFICIALES DE EDUCACIÓN SELECCIONADOS.;Desarrollar el modelo de calidad educativa de la primera infancia en El Salvador, para mejorar el desarrollo de los niños y niñas entre 0 y 7 años de edad.;8641;114 proyectos de infraestructura para centros oficiales de ECPI finalizados en el marco del Proyecto - DIAE.;12271;3.2.1 - Mejoramiento de la infraestructura en centros educativos a nivel nacional;222770;DE EDUCACION Y RECREACION - CADA UNO [ CADA UNO ];61603;"Mejoramiento de la infraestructura en
la Escuela de Educación Especial de ""Mejicanos"" - Cod: 11415.
";1;9568644;0;-7564130;107956;467788;8095926;1583936;;27/03/2026;UACI;;;;0;;              ;
2026;BIRF 9067-SV;1401;7495 BIRF ;02;AMBIENTES FÍSICOS EN CENTROS OFICIALES DE EDUCACIÓN SELECCIONADOS.;Desarrollar el modelo de calidad educativa de la primera infancia en El Salvador, para mejorar el desarrollo de los niños y niñas entre 0 y 7 años de edad.;8641;114 proyectos de infraestructura para centros oficiales de ECPI finalizados en el marco del Proyecto - DIAE.;12271;3.2.1 - Mejoramiento de la infraestructura en centros educativos a nivel nacional;222771;DE EDUCACION Y RECREACION - CADA UNO [ CADA UNO ];61603;"Mejoramiento de la infraestructura en
el Centro Escolar ""Cantón Zacamil"" - Cod: 11384
";1;846079;0;-4259101;422758;966932;9107655;3016250;;27/03/2026;UACI;;;;0;;              ;
2026;BIRF 9067-SV;1401;7495 BIRF ;02;AMBIENTES FÍSICOS EN CENTROS OFICIALES DE EDUCACIÓN SELECCIONADOS.;Desarrollar el modelo de calidad educativa de la primera infancia en El Salvador, para mejorar el desarrollo de los niños y niñas entre 0 y 7 años de edad.;8641;114 proyectos de infraestructura para centros oficiales de ECPI finalizados en el marco del Proyecto - DIAE.;12271;3.2.1 - Mejoramiento de la infraestructura en centros educativos a nivel nacional;222887;DE EDUCACION Y RECREACION - CADA UNO [ CADA UNO ];61603;"Mejoramiento de la infraestructura en la Escuela de Educación Especial ""De Sonsonate"" (COD:10731 ) Pack 2. Incremento ";1;8752351;0;-3068435;51386;4868930;1285973;2718159;04/2024;17/04/2026;UACI;25/05/2026;25/05/2026;25/06/2026;28128;53/2025;06141503961037;AVM INGENIEROS, S.A. DE C.V.
2026;BIRF 9067-SV;1401;7495 BIRF ;02;AMBIENTES FÍSICOS EN CENTROS OFICIALES DE EDUCACIÓN SELECCIONADOS.;Desarrollar el modelo de calidad educativa de la primera infancia en El Salvador, para mejorar el desarrollo de los niños y niñas entre 0 y 7 años de edad.;8641;114 proyectos de infraestructura para centros oficiales de ECPI finalizados en el marco del Proyecto - DIAE.;12271;3.2.1 - Mejoramiento de la infraestructura en centros educativos a nivel nacional;223089;DE EDUCACION Y RECREACION - CADA UNO [ CADA UNO ];61603;"Mejoramiento de obras de infraestructura en la Escuela de Educación Especial ""De Metapán"" (Cód: 10304). Pack 7";1;8207078;0;-6331906;4939972;3745560;7286977;8449076;;02/05/2026;UACI;;;;0;;              ;
2026;BIRF 9067-SV;1401;7495 BIRF ;02;AMBIENTES FÍSICOS EN CENTROS OFICIALES DE EDUCACIÓN SELECCIONADOS.;Desarrollar el modelo de calidad educativa de la primera infancia en El Salvador, para mejorar el desarrollo de los niños y niñas entre 0 y 7 años de edad.;8641;114 proyectos de infraestructura para centros oficiales de ECPI finalizados en el marco del Proyecto - DIAE.;12271;3.2.1 - Mejoramiento de la infraestructura en centros educativos a nivel nacional;223090;DE EDUCACION Y RECREACION - CADA UNO [ CADA UNO ];61603;"Mejoramiento de obras de infraestructura en el Complejo Educativo para Sordos ""Licenciada Griselda Zeledon"" (Cód: 14820). Pack 7";1;4581289;0;-16922119;5917561;2446478;2802996;6202910;;02/05/2026;UACI;;;;0;;              ;
2026;BIRF 9067-SV;1401;7495 BIRF ;02;AMBIENTES FÍSICOS EN CENTROS OFICIALES DE EDUCACIÓN SELECCIONADOS.;Desarrollar el modelo de calidad educativa de la primera infancia en El Salvador, para mejorar el desarrollo de los niños y niñas entre 0 y 7 años de edad.;8641;114 proyectos de infraestructura para centros oficiales de ECPI finalizados en el marco del Proyecto - DIAE.;12271;3.2.1 - Mejoramiento de la infraestructura en centros educativos a nivel nacional;223091;DE EDUCACION Y RECREACION - CADA UNO [ CADA UNO ];61603;"Mejoramiento de obras de infraestructura en la Escuela de Educación Parvularia ""Colonia las Brisas"" (Cód: 11722). Pack 7";1;1638020;0;2047260;2312404;1719087;3871969;560830;;02/05/2026;UACI;;;;0;;              ;
2026;BIRF 9067-SV;1401;7495 BIRF ;02;AMBIENTES FÍSICOS EN CENTROS OFICIALES DE EDUCACIÓN SELECCIONADOS.;Desarrollar el modelo de calidad educativa de la primera infancia en El Salvador, para mejorar el desarrollo de los niños y niñas entre 0 y 7 años de edad.;8641;114 proyectos de infraestructura para centros oficiales de ECPI finalizados en el marco del Proyecto - DIAE.;12271;3.2.1 - Mejoramiento de la infraestructura en centros educativos a nivel nacional;223092;DE EDUCACION Y RECREACION - CADA UNO [ CADA UNO ];61603;"Mejoramiento de obras de infraestructura en la Escuela de Educación Parvularia ""Ovidio Decroly"" (Cód: 11619). Pack 7";1;245583;0;-5762868;4904543;21065;7022737;5892220;;02/05/2026;UACI;;;;0;;              ;
2026;BIRF 9067-SV;1401;7495 BIRF ;02;AMBIENTES FÍSICOS EN CENTROS OFICIALES DE EDUCACIÓN SELECCIONADOS.;Desarrollar el modelo de calidad educativa de la primera infancia en El Salvador, para mejorar el desarrollo de los niños y niñas entre 0 y 7 años de edad.;8641;114 proyectos de infraestructura para centros oficiales de ECPI finalizados en el marco del Proyecto - DIAE.;12271;3.2.1 - Mejoramiento de la infraestructura en centros educativos a nivel nacional;223093;DE EDUCACION Y RECREACION - CADA UNO [ CADA UNO ];61603;"Mejoramiento de obras de infraestructura en la Escuela de Educación Parvularia ""Barrio El Calvario"" (Cód: 12749). Pack 7";1;6663418;0;-13324879;5703646;2195133;4120452;8708049;;02/05/2026;UACI;;;;0;;              ;
2026;BIRF 9067-SV;1401;7495 BIRF ;02;AMBIENTES FÍSICOS EN CENTROS OFICIALES DE EDUCACIÓN SELECCIONADOS.;Desarrollar el modelo de calidad educativa de la primera infancia en El Salvador, para mejorar el desarrollo de los niños y niñas entre 0 y 7 años de edad.;8641;114 proyectos de infraestructura para centros oficiales de ECPI finalizados en el marco del Proyecto - DIAE.;12271;3.2.1 - Mejoramiento de la infraestructura en centros educativos a nivel nacional;223282;DE EDUCACION Y RECREACION - CADA UNO [ CADA UNO ];61603;"Mejoramiento de obras de infraestructura de la Escuela de Educación Parvularia ""Profesora Cordelia Avalos de Labor"" (Cód.10081). Pack 6";1;11101401;0;-10139968;776941;2533025;2722943;13024;64/2025;04/05/2026;UACI;10/04/2026;10/04/2026;05/01/2027;28045;20/2026;14080302091010;ALMACO, S.A. DE C.V.
2026;BIRF 9067-SV;1401;7495 BIRF ;02;AMBIENTES FÍSICOS EN CENTROS OFICIALES DE EDUCACIÓN SELECCIONADOS.;Desarrollar el modelo de calidad educativa de la primera infancia en El Salvador, para mejorar el desarrollo de los niños y niñas entre 0 y 7 años de edad.;8641;114 proyectos de infraestructura para centros oficiales de ECPI finalizados en el marco del Proyecto - DIAE.;12271;3.2.1 - Mejoramiento de la infraestructura en centros educativos a nivel nacional;223283;DE EDUCACION Y RECREACION - CADA UNO [ CADA UNO ];61603;"Mejoramiento de obras de infraestructura de la Escuela de Educación Parvularia ""José Rolando Salaverria"" (Cód.10645). Pack 6";1;1033879;0;231141;3388368;574574;2522602;8526138;64/2025;04/05/2026;UACI;10/04/2026;10/04/2026;05/01/2027;28029;18/2026;06142402161044;POLÍGONO DON BOSCO, S.A. DE C.V.
2026;BIRF 9067-SV;1401;7495 BIRF ;02;AMBIENTES FÍSICOS EN CENTROS OFICIALES DE EDUCACIÓN SELECCIONADOS.;Desarrollar el modelo de calidad educativa de la primera infancia en El Salvador, para mejorar el desarrollo de los niños y niñas entre 0 y 7 años de edad.;8641;114 proyectos de infraestructura para centros oficiales de ECPI finalizados en el marco del Proyecto - DIAE.;12271;3.2.1 - Mejoramiento de la infraestructura en centros educativos a nivel nacional;223284;DE EDUCACION Y RECREACION - CADA UNO [ CADA UNO ];61603;"Mejoramiento de obras de infraestructura de la Escuela de Educación Parvularia ""Profesora Berta Arlina Molina"" (Cód.11346). Pack 6";1;1622969;0;-8296546;979923;2371056;8909119;3991195;64/2025;04/05/2026;UACI;10/04/2026;10/04/2026;05/01/2027;28029;19/2026;14080302091010;ALMACO, S.A. DE C.V.
2026;BIRF 9067-SV;1401;7495 BIRF ;02;AMBIENTES FÍSICOS EN CENTROS OFICIALES DE EDUCACIÓN SELECCIONADOS.;Desarrollar el modelo de calidad educativa de la primera infancia en El Salvador, para mejorar el desarrollo de los niños y niñas entre 0 y 7 años de edad.;8641;114 proyectos de infraestructura para centros oficiales de ECPI finalizados en el marco del Proyecto - DIAE.;12271;3.2.1 - Mejoramiento de la infraestructura en centros educativos a nivel nacional;223712;DE EDUCACION Y RECREACION - CADA UNO [ CADA UNO ];61603;" Mejoramiento de la infraestructura en la Escuela de Educación Parvularia ""Doctor Humberto Romero Alvergue"" ( Cód 10747). Incremento ";1;6802912;0;-3804200;5561401;5699153;3350359;3992003;04/2024;24/07/2026;UACI;24/06/2026;26/05/2025;09/07/2026;28211;52 2025 BIRF;06141809131089;A.P. & G, CONSTRUCTORES, SOCIEDAD ANONIMA DE CAPITAL VARIABLE
2026;BIRF 9067-SV;1401;7495 BIRF ;02;AMBIENTES FÍSICOS EN CENTROS OFICIALES DE EDUCACIÓN SELECCIONADOS.;Desarrollar el modelo de calidad educativa de la primera infancia en El Salvador, para mejorar el desarrollo de los niños y niñas entre 0 y 7 años de edad.;8641;114 proyectos de infraestructura para centros oficiales de ECPI finalizados en el marco del Proyecto - DIAE.;12310;3.2.2 - Supervisar el diseño y la intervención de infraestructura de centros educativos;217278;SUPERVISION DE INFRAESTRUCTURAS - CADA UNO [ CADA UNO ];61608;"3.2.1.1.1.1B - Supervisión del mejoramiento de la infraestructura en la Escuela de Educación Parvularia ""Presbítero Matías Romero"" - COD 10196 - Pack 1B_Póliza";1;8019886;0;-9330981;3104536;4066196;1629114;92050;;09/01/2026;NO UACI;;;;0;;              ;
2026;BIRF 9067-SV;1401;7495 BIRF ;02;AMBIENTES FÍSICOS EN CENTROS OFICIALES DE EDUCACIÓN SELECCIONADOS.;Desarrollar el modelo de calidad educativa de la primera infancia en El Salvador, para mejorar el desarrollo de los niños y niñas entre 0 y 7 años de edad.;8641;114 proyectos de infraestructura para centros oficiales de ECPI finalizados en el marco del Proyecto - DIAE.;12310;3.2.2 - Supervisar el diseño y la intervención de infraestructura de centros educativos;217279;SUPERVISION DE INFRAESTRUCTURAS - CADA UNO [ CADA UNO ];61608;"3.2.1.1.4.1B - Supervisión del mejoramiento de la infraestructura del Complejo Educativo ""Distrito Italia"" - COD 11741 - Pack 1B_Póliza";1;5240963;0;3853968;2313622;3585437;2577066;3073708;;09/01/2026;NO UACI;;;;0;;              ;
2026;BIRF 9067-SV;1401;7495 BIRF ;02;AMBIENTES FÍSICOS EN CENTROS OFICIALES DE EDUCACIÓN SELECCIONADOS.;Desarrollar el modelo de calidad educativa de la primera infancia en El Salvador, para mejorar el desarrollo de los niños y niñas entre 0 y 7 años de edad.;8641;114 proyectos de infraestructura para centros oficiales de ECPI finalizados en el marco del Proyecto - DIAE.;12310;3.2.2 - Supervisar el diseño y la intervención de infraestructura de centros educativos;217280;SUPERVISION DE INFRAESTRUCTURAS - CADA UNO [ CADA UNO ];61608;"3.2.1.1.5.1B - Supervisión del mejoramiento de la infraestructura en la Escuela de Educación Parvularia ""El Rosario"" - COD 11929 - Pack 1B_Póliza";1;8025273;0;-15871771;4163359;4396516;1458818;6762438;;09/01/2026;NO UACI;;;;0;;              ;
2026;BIRF 9067-SV;1401;7495 BIRF ;02;AMBIENTES FÍSICOS EN CENTROS OFICIALES DE EDUCACIÓN SELECCIONADOS.;Desarrollar el modelo de calidad educativa de la primera infancia en El Salvador, para mejorar el desarrollo de los niños y niñas entre 0 y 7 años de edad.;8641;114 proyectos de infraestructura para centros oficiales de ECPI finalizados en el marco del Proyecto - DIAE.;12310;3.2.2 - Supervisar el diseño y la intervención de infraestructura de centros educativos;217281;SUPERVISION DE INFRAESTRUCTURAS - CADA UNO [ CADA UNO ];61608;"3.2.1.1.6.1B - Supervisión del mejoramiento de la infraestructura en la Escuela de Educación Parvularia ""Julita Alfonso"" - COD 12034 - Pack 1B_Póliza";1;16941421;0;1378820;1951890;1490263;1378234;8905389;;09/01/2026;NO UACI;;;;0;;              ;
2026;BIRF 9067-SV;1401;7495 BIRF ;02;AMBIENTES FÍSICOS EN CENTROS OFICIALES DE EDUCACIÓN SELECCIONADOS.;Desarrollar el modelo de calidad educativa de la primera infancia en El Salvador, para mejorar el desarrollo de los niños y niñas entre 0 y 7 años de edad.;8641;114 proyectos de infraestructura para centros oficiales de ECPI finalizados en el marco del Proyecto - DIAE.;12310;3.2.2 - Supervisar el diseño y la intervención de infraestructura de centros educativos;217282;SUPERVISION DE INFRAESTRUCTURAS - CADA UNO [ CADA UNO ];61608;"3.2.1.1.8.1B - Supervisión del mejoramiento de la infraestructura en la Escuela de Educación Parvularia ""María Salazar Viuda de Magaña"" - COD 10008 - Pack 1B_Póliza";1;973594;0;-11717918;3369592;5036225;1584038;7066245;;09/01/2026;NO UACI;;;;0;;              ;
2026;BIRF 9067-SV;1401;7495 BIRF ;02;AMBIENTES FÍSICOS EN CENTROS OFICIALES DE EDUCACIÓN SELECCIONADOS.;Desarrollar el modelo de calidad educativa de la primera infancia en El Salvador, para mejorar el desarrollo de los niños y niñas entre 0 y 7 años de edad.;8641;114 proyectos de infraestructura para centros oficiales de ECPI finalizados en el marco del Proyecto - DIAE.;12310;3.2.2 - Supervisar el diseño y la intervención de infraestructura de centros educativos;217283;SUPERVISION DE INFRAESTRUCTURAS - CADA UNO [ CADA UNO ];61608;"3.2.1.1.9.1B - Supervisión del mejoramiento de la infraestructura en la Escuela de Educación Especial ""De Ahuachapán"" - COD 10047 - Pack 1B_Póliza";1;11511407;0;2977237;659750;2826814;3571070;3003185;;09/01/2026;NO UACI;;;;0;;              ;
2026;BIRF 9067-SV;1401;7495 BIRF ;02;AMBIENTES FÍSICOS EN CENTROS OFICIALES DE EDUCACIÓN SELECCIONADOS.;Desarrollar el modelo de calidad educativa de la primera infancia en El Salvador, para mejorar el desarrollo de los niños y niñas entre 0 y 7 años de edad.;8641;114 proyectos de infraestructura para centros oficiales de ECPI finalizados en el marco del Proyecto - DIAE.;12310;3.2.2 - Supervisar el diseño y la intervención de infraestructura de centros educativos;217284;SUPERVISION DE INFRAESTRUCTURAS - CADA UNO [ CADA UNO ];61608;"3.2.1.1.10.1B - Supervisión del mejoramiento de la infraestructura en la Escuela de Educación Parvularia ""Cantón Lourdes"" - COD 10047 - Pack 1B_Póliza";1;12895843;0;-6431176;3699592;3710374;9771027;3630325;;09/01/2026;NO UACI;;;;0;;              ;
2026;BIRF 9067-SV;1401;7495 BIRF ;02;AMBIENTES FÍSICOS EN CENTROS OFICIALES DE EDUCACIÓN SELECCIONADOS.;Desarrollar el modelo de calidad educativa de la primera infancia en El Salvador, para mejorar el desarrollo de los niños y niñas entre 0 y 7 años de edad.;8641;114 proyectos de infraestructura para centros oficiales de ECPI finalizados en el marco del Proyecto - DIAE.;12310;3.2.2 - Supervisar el diseño y la intervención de infraestructura de centros educativos;217285;SUPERVISION DE INFRAESTRUCTURAS - CADA UNO [ CADA UNO ];61608;3.2.1.1.11.1B - Supervisión del mejoramiento de la infraestructura en el Centro Escolar Caserío Las Arboledas, Cantón Lourdes - COD 10047 - Pack 1B_Póliza;1;11585619;0;-6604162;5582271;1379944;7779019;1789848;;09/01/2026;NO UACI;;;;0;;              ;
2026;BIRF 9067-SV;1401;7495 BIRF ;02;AMBIENTES FÍSICOS EN CENTROS OFICIALES DE EDUCACIÓN SELECCIONADOS.;Desarrollar el modelo de calidad educativa de la primera infancia en El Salvador, para mejorar el desarrollo de los niños y niñas entre 0 y 7 años de edad.;8641;114 proyectos de infraestructura para centros oficiales de ECPI finalizados en el marco del Proyecto - DIAE.;12310;3.2.2 - Supervisar el diseño y la intervención de infraestructura de centros educativos;217286;SUPERVISION DE INFRAESTRUCTURAS - CADA UNO [ CADA UNO ];61608;"3.2.2.1.2.1 Supervisión del Mejoramiento de la infraestructura en la Escuela de Educación Especial ""De Atiquizaya"" - COD 10072 - Pack 2_Póliza";1;2434072;0;2399545;4287913;5348730;6786415;6004622;;09/01/2026;NO UACI;;;;0;;              ;
2026;BIRF 9067-SV;1401;7495 BIRF ;02;AMBIENTES FÍSICOS EN CENTROS OFICIALES DE EDUCACIÓN SELECCIONADOS.;Desarrollar el modelo de calidad educativa de la primera infancia en El Salvador, para mejorar el desarrollo de los niños y niñas entre 0 y 7 años de edad.;8641;114 proyectos de infraestructura para centros oficiales de ECPI finalizados en el marco del Proyecto - DIAE.;12310;3.2.2 - Supervisar el diseño y la intervención de infraestructura de centros educativos;217287;SUPERVISION DE INFRAESTRUCTURAS - CADA UNO [ CADA UNO ];61608;"3.2.2.1.2.2 Supervisión del Mejoramiento de la infraestructura en la Escuela de Educación Parvularia ""Gabriela Mistral"" - COD 10274 - Pack 2_Póliza.";1;1900461;0;-8780801;2174442;5945781;8965837;8433317;;09/01/2026;NO UACI;;;;0;;              ;
2026;BIRF 9067-SV;1401;7495 BIRF ;02;AMBIENTES FÍSICOS EN CENTROS OFICIALES DE EDUCACIÓN SELECCIONADOS.;Desarrollar el modelo de calidad educativa de la primera infancia en El Salvador, para mejorar el desarrollo de los niños y niñas entre 0 y 7 años de edad.;8641;114 proyectos de infraestructura para centros oficiales de ECPI finalizados en el marco del Proyecto - DIAE.;12310;3.2.2 - Supervisar el diseño y la intervención de infraestructura de centros educativos;217288;SUPERVISION DE INFRAESTRUCTURAS - CADA UNO [ CADA UNO ];61608;"3.2.2.1.2.3 Supervisión del Mejoramiento de la infraestructura en la Escuela de Educación Especial ""Chalchuapa"" - COD 10232 - Pack 2_Póliza";1;6751249;0;-12412311;5312906;1132396;5856772;6641542;;09/01/2026;NO UACI;;;;0;;              ;
2026;BIRF 9067-SV;1401;7495 BIRF ;02;AMBIENTES FÍSICOS EN CENTROS OFICIALES DE EDUCACIÓN SELECCIONADOS.;Desarrollar el modelo de calidad educativa de la primera infancia en El Salvador, para mejorar el desarrollo de los niños y niñas entre 0 y 7 años de edad.;8641;114 proyectos de infraestructura para centros oficiales de ECPI finalizados en el marco del Proyecto - DIAE.;12310;3.2.2 - Supervisar el diseño y la intervención de infraestructura de centros educativos;217289;SUPERVISION DE INFRAESTRUCTURAS - CADA UNO [ CADA UNO ];61608;"3.2.2.1.2.4 Supervisión del Mejoramiento de la infraestructura en la Escuela de Educación Especial ""De Sonsonate"" - COD 10731 - Pack 2_Póliza";1;15204542;0;1844128;1391544;2026638;7224629;8095933;;09/01/2026;NO UACI;;;;0;;              ;
2026;BIRF 9067-SV;1401;7495 BIRF ;02;AMBIENTES FÍSICOS EN CENTROS OFICIALES DE EDUCACIÓN SELECCIONADOS.;Desarrollar el modelo de calidad educativa de la primera infancia en El Salvador, para mejorar el desarrollo de los niños y niñas entre 0 y 7 años de edad.;8641;114 proyectos de infraestructura para centros oficiales de ECPI finalizados en el marco del Proyecto - DIAE.;12310;3.2.2 - Supervisar el diseño y la intervención de infraestructura de centros educativos;217290;SUPERVISION DE INFRAESTRUCTURAS - CADA UNO [ CADA UNO ];61608;"3.2.2.1.2.5 Supervisión del Mejoramiento de la infraestructura en la Escuela de Educación Especial ""Profesor Napoleón Efraín Gonzales"" - COD 14707 - Pack 2_Póliza";1;2121784;0;-13178085;5082994;4797109;7677558;5342171;;09/01/2026;NO UACI;;;;0;;              ;
2026;BIRF 9067-SV;1401;7495 BIRF ;02;AMBIENTES FÍSICOS EN CENTROS OFICIALES DE EDUCACIÓN SELECCIONADOS.;Desarrollar el modelo de calidad educativa de la primera infancia en El Salvador, para mejorar el desarrollo de los niños y niñas entre 0 y 7 años de edad.;8641;114 proyectos de infraestructura para centros oficiales de ECPI finalizados en el marco del Proyecto - DIAE.;12310;3.2.2 - Supervisar el diseño y la intervención de infraestructura de centros educativos;217291;SUPERVISION DE INFRAESTRUCTURAS - CADA UNO [ CADA UNO ];61608;"3.2.2.1.2.6 Supervisión del Mejoramiento de la infraestructura en la Escuela de Educación Parvularia ""Armenia"" - COD 10574 - Pack 2_Póliza";1;16347452;0;-269591;139978;1205003;9870976;1398986;;09/01/2026;NO UACI;;;;0;;              ;
2026;BIRF 9067-SV;1401;7495 BIRF ;02;AMBIENTES FÍSICOS EN CENTROS OFICIALES DE EDUCACIÓN SELECCIONADOS.;Desarrollar el modelo de calidad educativa de la primera infancia en El Salvador, para mejorar el desarrollo de los niños y niñas entre 0 y 7 años de edad.;8641;114 proyectos de infraestructura para centros oficiales de ECPI finalizados en el marco del Proyecto - DIAE.;12310;3.2.2 - Supervisar el diseño y la intervención de infraestructura de centros educativos;217292;SUPERVISION DE INFRAESTRUCTURAS - CADA UNO [ CADA UNO ];61608;"3.2.2.1.2.7 Supervisión del Mejoramiento de la infraestructura en la Escuela de Educación Especial ""De Armenia"" - COD 10584 - Pack 2_Póliza";1;14551573;0;-11288072;562784;2621209;3197031;6922605;;09/01/2026;NO UACI;;;;0;;              ;
2026;BIRF 9067-SV;1401;7495 BIRF ;02;AMBIENTES FÍSICOS EN CENTROS OFICIALES DE EDUCACIÓN SELECCIONADOS.;Desarrollar el modelo de calidad educativa de la primera infancia en El Salvador, para mejorar el desarrollo de los niños y niñas entre 0 y 7 años de edad.;8641;114 proyectos de infraestructura para centros oficiales de ECPI finalizados en el marco del Proyecto - DIAE.;12310;3.2.2 - Supervisar el diseño y la intervención de infraestructura de centros educativos;217293;SUPERVISION DE INFRAESTRUCTURAS - CADA UNO [ CADA UNO ];61608;"3.2.2.1.2.8 Supervisión del Mejoramiento de la infraestructura en la Escuela de Educación Parvularia ""Doctor Humberto Romero Alvergue"" - COD 10747 - Pack 2_Póliza";1;13289381;0;216635;5995464;2550808;6902204;3235172;;09/01/2026;NO UACI;;;;0;;              ;
2026;BIRF 9067-SV;1401;7495 BIRF ;02;AMBIENTES FÍSICOS EN CENTROS OFICIALES DE EDUCACIÓN SELECCIONADOS.;Desarrollar el modelo de calidad educativa de la primera infancia en El Salvador, para mejorar el desarrollo de los niños y niñas entre 0 y 7 años de edad.;8641;114 proyectos de infraestructura para centros oficiales de ECPI finalizados en el marco del Proyecto - DIAE.;12310;3.2.2 - Supervisar el diseño y la intervención de infraestructura de centros educativos;217294;SUPERVISION DE INFRAESTRUCTURAS - CADA UNO [ CADA UNO ];61608;"3.2.2.1.2.9 Supervisión del Mejoramiento de la infraestructura en el Centro Escolar ""Comunidad San Francisco Hacienda Zapotitán"" - COD 11013 - Pack 2_Póliza";1;10225469;0;-11539006;1586163;715920;9158220;5685399;;09/01/2026;NO UACI;;;;0;;              ;
2026;BIRF 9067-SV;1401;7495 BIRF ;02;AMBIENTES FÍSICOS EN CENTROS OFICIALES DE EDUCACIÓN SELECCIONADOS.;Desarrollar el modelo de calidad educativa de la primera infancia en El Salvador, para mejorar el desarrollo de los niños y niñas entre 0 y 7 años de edad.;8641;114 proyectos de infraestructura para centros oficiales de ECPI finalizados en el marco del Proyecto - DIAE.;12310;3.2.2 - Supervisar el diseño y la intervención de infraestructura de centros educativos;217295;SUPERVISION DE INFRAESTRUCTURAS - CADA UNO [ CADA UNO ];61608;"3.2.2.1.2.10 Supervisión del Mejoramiento de la infraestructura en la Escuela de Educación Parvularia ""Ciudad Arce"" - COD 11020 - Pack 2_Póliza";1;11753953;0;-8656222;1263711;5640522;8701110;392089;;09/01/2026;NO UACI;;;;0;;              ;
2026;BIRF 9067-SV;1401;7495 BIRF ;02;AMBIENTES FÍSICOS EN CENTROS OFICIALES DE EDUCACIÓN SELECCIONADOS.;Desarrollar el modelo de calidad educativa de la primera infancia en El Salvador, para mejorar el desarrollo de los niños y niñas entre 0 y 7 años de edad.;8641;114 proyectos de infraestructura para centros oficiales de ECPI finalizados en el marco del Proyecto - DIAE.;12310;3.2.2 - Supervisar el diseño y la intervención de infraestructura de centros educativos;217296;SUPERVISION DE INFRAESTRUCTURAS - CADA UNO [ CADA UNO ];61608;"3.2.2.1.2.11 Supervisión del Mejoramiento de la infraestructura en la Escuela de Educación Parvularia ""De Quezaltepeque"" - COD 11159 - Pack 2_Póliza";1;2508444;0;-5052390;3931962;3776293;9683398;8832693;;09/01/2026;NO UACI;;;;0;;              ;
2026;BIRF 9067-SV;1401;7495 BIRF ;02;AMBIENTES FÍSICOS EN CENTROS OFICIALES DE EDUCACIÓN SELECCIONADOS.;Desarrollar el modelo de calidad educativa de la primera infancia en El Salvador, para mejorar el desarrollo de los niños y niñas entre 0 y 7 años de edad.;8641;114 proyectos de infraestructura para centros oficiales de ECPI finalizados en el marco del Proyecto - DIAE.;12310;3.2.2 - Supervisar el diseño y la intervención de infraestructura de centros educativos;217297;SUPERVISION DE INFRAESTRUCTURAS - CADA UNO [ CADA UNO ];61608;"3.2.2.1.2.12 Supervisión del Mejoramiento de la infraestructura en la Escuela de Educación Parvularia ""Doctor Reynaldo Galindo Pohl"" - COD 11805 - Pack 2_Póliza";1;6916475;0;-4846763;519418;3674015;6517427;2911994;;09/01/2026;NO UACI;;;;0;;              ;
2026;BIRF 9067-SV;1401;7495 BIRF ;02;AMBIENTES FÍSICOS EN CENTROS OFICIALES DE EDUCACIÓN SELECCIONADOS.;Desarrollar el modelo de calidad educativa de la primera infancia en El Salvador, para mejorar el desarrollo de los niños y niñas entre 0 y 7 años de edad.;8641;114 proyectos de infraestructura para centros oficiales de ECPI finalizados en el marco del Proyecto - DIAE.;12310;3.2.2 - Supervisar el diseño y la intervención de infraestructura de centros educativos;217298;SUPERVISION DE INFRAESTRUCTURAS - CADA UNO [ CADA UNO ];61608;"3.2.2.1.2.13 Supervisión del Mejoramiento de la infraestructura en el Centro Escolar ""Fernando Portillo"" - COD 12543 - Pack 2_Póliza";1;13875757;0;-9861171;370548;2231314;7300309;5310036;;09/01/2026;NO UACI;;;;0;;              ;
2026;BIRF 9067-SV;1401;7495 BIRF ;02;AMBIENTES FÍSICOS EN CENTROS OFICIALES DE EDUCACIÓN SELECCIONADOS.;Desarrollar el modelo de calidad educativa de la primera infancia en El Salvador, para mejorar el desarrollo de los niños y niñas entre 0 y 7 años de edad.;8641;114 proyectos de infraestructura para centros oficiales de ECPI finalizados en el marco del Proyecto - DIAE.;12310;3.2.2 - Supervisar el diseño y la intervención de infraestructura de centros educativos;217299;SUPERVISION DE INFRAESTRUCTURAS - CADA UNO [ CADA UNO ];61608;"3.2.2.1.2.14 Supervisión del Mejoramiento de la infraestructura en la Escuela de Educación Parvularia ""José Misael Ramos"" - COD 12265 - Pack 2_Póliza";1;11436432;0;-4334749;1355111;4556728;5905293;5081823;;09/01/2026;NO UACI;;;;0;;              ;
2026;BIRF 9067-SV;1401;7495 BIRF ;02;AMBIENTES FÍSICOS EN CENTROS OFICIALES DE EDUCACIÓN SELECCIONADOS.;Desarrollar el modelo de calidad educativa de la primera infancia en El Salvador, para mejorar el desarrollo de los niños y niñas entre 0 y 7 años de edad.;8641;114 proyectos de infraestructura para centros oficiales de ECPI finalizados en el marco del Proyecto - DIAE.;12310;3.2.2 - Supervisar el diseño y la intervención de infraestructura de centros educativos;217300;SUPERVISION DE INFRAESTRUCTURAS - CADA UNO [ CADA UNO ];61608;"3.2.2.1.2.15 Supervisión del Mejoramiento de la infraestructura en el Centro Escolar ""Cantón La Esperanza"" - COD 11939 - Pack 2_Póliza";1;5842301;0;353185;3760406;5565069;6284062;2451074;;09/01/2026;NO UACI;;;;0;;              ;
2026;BIRF 9067-SV;1401;7495 BIRF ;02;AMBIENTES FÍSICOS EN CENTROS OFICIALES DE EDUCACIÓN SELECCIONADOS.;Desarrollar el modelo de calidad educativa de la primera infancia en El Salvador, para mejorar el desarrollo de los niños y niñas entre 0 y 7 años de edad.;8641;114 proyectos de infraestructura para centros oficiales de ECPI finalizados en el marco del Proyecto - DIAE.;12310;3.2.2 - Supervisar el diseño y la intervención de infraestructura de centros educativos;217301;SUPERVISION DE INFRAESTRUCTURAS - CADA UNO [ CADA UNO ];61608;"3.2.2.1.2.16 Supervisión del Mejoramiento de la infraestructura en la Escuela de Educación Parvularia de ""San Miguel Tepezontes"" - COD 12002 - Pack 2_Póliza";1;14732754;0;2378506;100562;2134967;5077464;4412523;;09/01/2026;NO UACI;;;;0;;              ;
2026;BIRF 9067-SV;1401;7495 BIRF ;02;AMBIENTES FÍSICOS EN CENTROS OFICIALES DE EDUCACIÓN SELECCIONADOS.;Desarrollar el modelo de calidad educativa de la primera infancia en El Salvador, para mejorar el desarrollo de los niños y niñas entre 0 y 7 años de edad.;8641;114 proyectos de infraestructura para centros oficiales de ECPI finalizados en el marco del Proyecto - DIAE.;12310;3.2.2 - Supervisar el diseño y la intervención de infraestructura de centros educativos;217302;SUPERVISION DE INFRAESTRUCTURAS - CADA UNO [ CADA UNO ];61608;"3.2.2.1.2.17 Supervisión del Mejoramiento de la infraestructura en la Escuela de Educación Parvularia  ""Doctor Miguel Eduardo Aparicio Jule"" - COD 12074 - Pack 2_Póliza";1;2701715;0;2548550;236521;3661152;9184635;2348889;;09/01/2026;NO UACI;;;;0;;              ;
2026;BIRF 9067-SV;1401;7495 BIRF ;02;AMBIENTES FÍSICOS EN CENTROS OFICIALES DE EDUCACIÓN SELECCIONADOS.;Desarrollar el modelo de calidad educativa de la primera infancia en El Salvador, para mejorar el desarrollo de los niños y niñas entre 0 y 7 años de edad.;8641;114 proyectos de infraestructura para centros oficiales de ECPI finalizados en el marco del Proyecto - DIAE.;12310;3.2.2 - Supervisar el diseño y la intervención de infraestructura de centros educativos;217303;SUPERVISION DE INFRAESTRUCTURAS - CADA UNO [ CADA UNO ];61608;"3.2.2.1.2.18 Supervisión del Mejoramiento de la infraestructura en la Escuela de Educación Parvularia  ""Marta Carbonel de Quiteño"" - COD 12325 - Pack 2_Póliza";1;4920511;0;-4028334;5320267;3640721;2870622;5988251;;09/01/2026;NO UACI;;;;0;;              ;
2026;BIRF 9067-SV;1401;7495 BIRF ;02;AMBIENTES FÍSICOS EN CENTROS OFICIALES DE EDUCACIÓN SELECCIONADOS.;Desarrollar el modelo de calidad educativa de la primera infancia en El Salvador, para mejorar el desarrollo de los niños y niñas entre 0 y 7 años de edad.;8641;114 proyectos de infraestructura para centros oficiales de ECPI finalizados en el marco del Proyecto - DIAE.;12310;3.2.2 - Supervisar el diseño y la intervención de infraestructura de centros educativos;217304;SUPERVISION DE INFRAESTRUCTURAS - CADA UNO [ CADA UNO ];61608;"3.2.2.1.2.19 Supervisión del Mejoramiento de la infraestructura en el Centro Escolar ""Exaltación Pompilio Salgado Rivera"" - COD 10080 - Pack 2_Póliza";1;2971251;0;-8390079;1378878;4215198;3015162;2192780;;09/01/2026;NO UACI;;;;0;;              ;
2026;BIRF 9067-SV;1401;7495 BIRF ;02;AMBIENTES FÍSICOS EN CENTROS OFICIALES DE EDUCACIÓN SELECCIONADOS.;Desarrollar el modelo de calidad educativa de la primera infancia en El Salvador, para mejorar el desarrollo de los niños y niñas entre 0 y 7 años de edad.;8641;114 proyectos de infraestructura para centros oficiales de ECPI finalizados en el marco del Proyecto - DIAE.;12310;3.2.2 - Supervisar el diseño y la intervención de infraestructura de centros educativos;217305;SUPERVISION DE INFRAESTRUCTURAS - CADA UNO [ CADA UNO ];61608;"3.2.2.1.2.20 Supervisión del Mejoramiento de la infraestructura en el Centro Escolar ""Cantón Cofradía Nueva"" - COD 13581 - Pack 2_Póliza";1;15897049;0;3212810;2890816;1129726;4605735;9042567;;09/01/2026;NO UACI;;;;0;;              ;
2026;BIRF 9067-SV;1401;7495 BIRF ;02;AMBIENTES FÍSICOS EN CENTROS OFICIALES DE EDUCACIÓN SELECCIONADOS.;Desarrollar el modelo de calidad educativa de la primera infancia en El Salvador, para mejorar el desarrollo de los niños y niñas entre 0 y 7 años de edad.;8641;114 proyectos de infraestructura para centros oficiales de ECPI finalizados en el marco del Proyecto - DIAE.;12310;3.2.2 - Supervisar el diseño y la intervención de infraestructura de centros educativos;217306;SUPERVISION DE INFRAESTRUCTURAS - CADA UNO [ CADA UNO ];61608;"3.2.2.1.2.21 Supervisión del Mejoramiento de la infraestructura en la Escuela de Educación Parvularia ""María Luisa Marcia"" - COD 13442 - Pack 2_Póliza";1;6115098;0;1160693;3348755;5416845;2059510;7093963;;09/01/2026;NO UACI;;;;0;;              ;
2026;BIRF 9067-SV;1401;7495 BIRF ;02;AMBIENTES FÍSICOS EN CENTROS OFICIALES DE EDUCACIÓN SELECCIONADOS.;Desarrollar el modelo de calidad educativa de la primera infancia en El Salvador, para mejorar el desarrollo de los niños y niñas entre 0 y 7 años de edad.;8641;114 proyectos de infraestructura para centros oficiales de ECPI finalizados en el marco del Proyecto - DIAE.;12310;3.2.2 - Supervisar el diseño y la intervención de infraestructura de centros educativos;217307;SUPERVISION DE INFRAESTRUCTURAS - CADA UNO [ CADA UNO ];61608;"3.2.2.1.2.22 Supervisión del Mejoramiento de la infraestructura en la Escuela de Educación Especial ""Elisa Alvarez de Díaz"" - COD 10406 - Pack 2_Póliza";1;15501345;0;-16364069;2980477;263906;2523914;5729206;;09/01/2026;NO UACI;;;;0;;              ;
2026;BIRF 9067-SV;1401;7495 BIRF ;02;AMBIENTES FÍSICOS EN CENTROS OFICIALES DE EDUCACIÓN SELECCIONADOS.;Desarrollar el modelo de calidad educativa de la primera infancia en El Salvador, para mejorar el desarrollo de los niños y niñas entre 0 y 7 años de edad.;8641;114 proyectos de infraestructura para centros oficiales de ECPI finalizados en el marco del Proyecto - DIAE.;12310;3.2.2 - Supervisar el diseño y la intervención de infraestructura de centros educativos;217308;SUPERVISION DE INFRAESTRUCTURAS - CADA UNO [ CADA UNO ];61608;3.2.2.1.3.1.1 -Supervisión de obras de mejoramiento de infraestructura en  centros educativos públicos que atienden primera infancia. PACK 3;4;8133532;0;-9772086;1948661;922598;394189;3059644;;09/01/2026;UACI;;;;0;;              ;
2026;BIRF 9067-SV;1401;7495 BIRF ;02;AMBIENTES FÍSICOS EN CENTROS OFICIALES DE EDUCACIÓN SELECCIONADOS.;Desarrollar el modelo de calidad educativa de la primera infancia en El Salvador, para mejorar el desarrollo de los niños y niñas entre 0 y 7 años de edad.;8641;114 proyectos de infraestructura para centros oficiales de ECPI finalizados en el marco del Proyecto - DIAE.;12310;3.2.2 - Supervisar el diseño y la intervención de infraestructura de centros educativos;217309;SUPERVISION DE INFRAESTRUCTURAS - CADA UNO [ CADA UNO ];61608;3.2.2.1.3.1.1 -Supervisión de obras de mejoramiento de infraestructura en  centros educativos públicos que atienden primera infancia. PACK 4;3;6428915;0;-7329053;3294661;1748117;363682;6159336;;09/01/2026;UACI;;;;0;;              ;
2026;BIRF 9067-SV;1401;7495 BIRF ;02;AMBIENTES FÍSICOS EN CENTROS OFICIALES DE EDUCACIÓN SELECCIONADOS.;Desarrollar el modelo de calidad educativa de la primera infancia en El Salvador, para mejorar el desarrollo de los niños y niñas entre 0 y 7 años de edad.;8641;114 proyectos de infraestructura para centros oficiales de ECPI finalizados en el marco del Proyecto - DIAE.;12310;3.2.2 - Supervisar el diseño y la intervención de infraestructura de centros educativos;217310;SUPERVISION DE INFRAESTRUCTURAS - CADA UNO [ CADA UNO ];61608;3.2.2.1.3.1.1 -Supervisión de obras de mejoramiento de infraestructura en  centros educativos públicos que atienden primera infancia. PACK 5;8;17977776;0;2564928;5323203;757568;6258253;7651126;;09/01/2026;UACI;;;;0;;              ;
2026;BIRF 9067-SV;1401;7495 BIRF ;02;AMBIENTES FÍSICOS EN CENTROS OFICIALES DE EDUCACIÓN SELECCIONADOS.;Desarrollar el modelo de calidad educativa de la primera infancia en El Salvador, para mejorar el desarrollo de los niños y niñas entre 0 y 7 años de edad.;8641;114 proyectos de infraestructura para centros oficiales de ECPI finalizados en el marco del Proyecto - DIAE.;12310;3.2.2 - Supervisar el diseño y la intervención de infraestructura de centros educativos;217311;SUPERVISION DE INFRAESTRUCTURAS - CADA UNO [ CADA UNO ];61608;3.2.2.1.3.1.1 -Supervisión de obras de mejoramiento de infraestructura en  centros educativos públicos que atienden primera infancia. PACK 6;4;6828094;0;-640764;3775943;91889;8539476;8234557;;09/01/2026;UACI;;;;0;;              ;
2026;BIRF 9067-SV;1401;7495 BIRF ;02;AMBIENTES FÍSICOS EN CENTROS OFICIALES DE EDUCACIÓN SELECCIONADOS.;Desarrollar el modelo de calidad educativa de la primera infancia en El Salvador, para mejorar el desarrollo de los niños y niñas entre 0 y 7 años de edad.;8641;114 proyectos de infraestructura para centros oficiales de ECPI finalizados en el marco del Proyecto - DIAE.;12310;3.2.2 - Supervisar el diseño y la intervención de infraestructura de centros educativos;217312;SUPERVISION DE INFRAESTRUCTURAS - CADA UNO [ CADA UNO ];61608;3.2.2.1.3.1.1 -Supervisión de obras de mejoramiento de infraestructura en  centros educativos públicos que atienden primera infancia. PACK 7;3;1170607;0;1725462;4781517;2153365;4050801;4431732;;09/01/2026;UACI;;;;0;;              ;
2026;BIRF 9067-SV;1401;7495 BIRF ;02;AMBIENTES FÍSICOS EN CENTROS OFICIALES DE EDUCACIÓN SELECCIONADOS.;Desarrollar el modelo de calidad educativa de la primera infancia en El Salvador, para mejorar el desarrollo de los niños y niñas entre 0 y 7 años de edad.;8641;114 proyectos de infraestructura para centros oficiales de ECPI finalizados en el marco del Proyecto - DIAE.;12310;3.2.2 - Supervisar el diseño y la intervención de infraestructura de centros educativos;220508;SUPERVISION DE INFRAESTRUCTURAS - CADA UNO [ CADA UNO ];61608;"Supervisión del mejoramiento de infraestructura en Escuela de Educación Parvularia ""San Jacinto"", CODIGO 10162, Pack 5 Lote 1.";1;8116397;0;-7778951;1207511;5409607;2655015;6963024;04/2025;28/01/2026;UACI;03/11/2025;07/04/2026;01/01/2027;27671;138;06140804021033;MONFLO INGENIEROS, S.A. DE C.V.
2026;BIRF 9067-SV;1401;7495 BIRF ;02;AMBIENTES FÍSICOS EN CENTROS OFICIALES DE EDUCACIÓN SELECCIONADOS.;Desarrollar el modelo de calidad educativa de la primera infancia en El Salvador, para mejorar el desarrollo de los niños y niñas entre 0 y 7 años de edad.;8641;114 proyectos de infraestructura para centros oficiales de ECPI finalizados en el marco del Proyecto - DIAE.;12310;3.2.2 - Supervisar el diseño y la intervención de infraestructura de centros educativos;220509;SUPERVISION DE INFRAESTRUCTURAS - CADA UNO [ CADA UNO ];61608;"Supervisión del mejoramiento de infraestructura en Centro Escolar ""La Rosa Blanca"", CODIGO 14864, Pack 5 Lote 1.";1;10286970;0;1078023;5047462;5569587;8009886;4655272;04/2025;28/01/2026;UACI;03/11/2025;07/04/2026;01/01/2027;27671;138;06140804021033;MONFLO INGENIEROS, S.A. DE C.V.
2026;BIRF 9067-SV;1401;7495 BIRF ;02;AMBIENTES FÍSICOS EN CENTROS OFICIALES DE EDUCACIÓN SELECCIONADOS.;Desarrollar el modelo de calidad educativa de la primera infancia en El Salvador, para mejorar el desarrollo de los niños y niñas entre 0 y 7 años de edad.;8641;114 proyectos de infraestructura para centros oficiales de ECPI finalizados en el marco del Proyecto - DIAE.;12310;3.2.2 - Supervisar el diseño y la intervención de infraestructura de centros educativos;220510;SUPERVISION DE INFRAESTRUCTURAS - CADA UNO [ CADA UNO ];61608;"Supervisión del mejoramiento de infraestructura en Centro Escolar ""Cantón Joya de Cerén "", CODIGO 11240, Pack 5 Lote 2.";1;7833600;0;157421;3880749;2676004;9059868;4104102;05/2025;28/01/2026;UACI;03/11/2025;13/04/2026;28/12/2026;27672;139;06140804021033;MONFLO INGENIEROS, S.A. DE C.V.
2026;BIRF 9067-SV;1401;7495 BIRF ;02;AMBIENTES FÍSICOS EN CENTROS OFICIALES DE EDUCACIÓN SELECCIONADOS.;Desarrollar el modelo de calidad educativa de la primera infancia en El Salvador, para mejorar el desarrollo de los niños y niñas entre 0 y 7 años de edad.;8641;114 proyectos de infraestructura para centros oficiales de ECPI finalizados en el marco del Proyecto - DIAE.;12310;3.2.2 - Supervisar el diseño y la intervención de infraestructura de centros educativos;220511;SUPERVISION DE INFRAESTRUCTURAS - CADA UNO [ CADA UNO ];61608;"Supervisión del mejoramiento de infraestructura en Escuela de Educación Parvularia "" Joya de Cerén "", CODIGO 13003, Pack 5 Lote 2.";1;15610745;0;-14146819;3492826;4038287;3999338;8595301;05/2025;28/01/2026;UACI;03/11/2025;13/04/2026;28/12/2026;27672;139;06140804021033;MONFLO INGENIEROS, S.A. DE C.V.
2026;BIRF 9067-SV;1401;7495 BIRF ;02;AMBIENTES FÍSICOS EN CENTROS OFICIALES DE EDUCACIÓN SELECCIONADOS.;Desarrollar el modelo de calidad educativa de la primera infancia en El Salvador, para mejorar el desarrollo de los niños y niñas entre 0 y 7 años de edad.;8641;114 proyectos de infraestructura para centros oficiales de ECPI finalizados en el marco del Proyecto - DIAE.;12310;3.2.2 - Supervisar el diseño y la intervención de infraestructura de centros educativos;220512;SUPERVISION DE INFRAESTRUCTURAS - CADA UNO [ CADA UNO ];61608;"Supervisión del mejoramiento de infraestructura en Complejo Educativo "" Profesor Raúl Flores Moreno"", CODIGO 13374, Pack 5 Lote 3.";1;13529395;0;-10125734;1229002;1848904;2685997;8425253;06/2025;28/01/2026;UACI;03/11/2025;01/01/2026;30/09/2026;27673;140;94472102891012;INYPSA CW INFRASTRUCTURES, SOCIEDAD LIMITADA, SUCURSAL EL SALVADOR
2026;BIRF 9067-SV;1401;7495 BIRF ;02;AMBIENTES FÍSICOS EN CENTROS OFICIALES DE EDUCACIÓN SELECCIONADOS.;Desarrollar el modelo de calidad educativa de la primera infancia en El Salvador, para mejorar el desarrollo de los niños y niñas entre 0 y 7 años de edad.;8641;114 proyectos de infraestructura para centros oficiales de ECPI finalizados en el marco del Proyecto - DIAE.;12310;3.2.2 - Supervisar el diseño y la intervención de infraestructura de centros educativos;220599;SUPERVISION DE INFRAESTRUCTURAS - CADA UNO [ CADA UNO ];61608;"Supervisión del  mejoramiento de infraestructura en Complejo Educativo ""Doctor Victoriano Rodríguez"", CODIGO 12429, Pack 5 Lote 4 ";1;11023487;0;-13593853;3215151;4827095;7871843;7483081;07/2025;30/01/2026;UACI;25/11/2025;01/02/2026;31/10/2026;27726;143;06140804021033;MONFLO INGENIEROS, S.A. DE C.V.
2026;BIRF 9067-SV;1401;7495 BIRF ;02;AMBIENTES FÍSICOS EN CENTROS OFICIALES DE EDUCACIÓN SELECCIONADOS.;Desarrollar el modelo de calidad educativa de la primera infancia en El Salvador, para mejorar el desarrollo de los niños y niñas entre 0 y 7 años de edad.;8641;114 proyectos de infraestructura para centros oficiales de ECPI finalizados en el marco del Proyecto - DIAE.;12310;3.2.2 - Supervisar el diseño y la intervención de infraestructura de centros educativos;220600;SUPERVISION DE INFRAESTRUCTURAS - CADA UNO [ CADA UNO ];61608;"Supervisión del  mejoramiento de infraestructura en Centro Escolar ""Cantón El Portezuelo "", CODIGO 10402, Pack 5 Lote 5 ";1;15441722;0;3759682;2494811;708301;8927316;7943205;08/2025;30/01/2026;UACI;05/01/2026;01/02/2026;31/10/2026;27730;5;06140804021033;MONFLO INGENIEROS, S.A. DE C.V.
2026;BIRF 9067-SV;1401;7495 BIRF ;02;AMBIENTES FÍSICOS EN CENTROS OFICIALES DE EDUCACIÓN SELECCIONADOS.;Desarrollar el modelo de calidad educativa de la primera infancia en El Salvador, para mejorar el desarrollo de los niños y niñas entre 0 y 7 años de edad.;8641;114 proyectos de infraestructura para centros oficiales de ECPI finalizados en el marco del Proyecto - DIAE.;12310;3.2.2 - Supervisar el diseño y la intervención de infraestructura de centros educativos;220601;SUPERVISION DE INFRAESTRUCTURAS - CADA UNO [ CADA UNO ];61608;"Supervisión del  mejoramiento de infraestructura en Centro Escolatr  ""Cantón Las Flores "", CODIGO 60144, Pack 5 Lote 5 ";1;548;0;-14191568;968772;5095001;3969884;4690493;08/2025;30/01/2026;UACI;05/01/2026;01/02/2026;31/10/2026;27730;5;06140804021033;MONFLO INGENIEROS, S.A. DE C.V.
2026;BIRF 9067-SV;1401;7495 BIRF ;02;AMBIENTES FÍSICOS EN CENTROS OFICIALES DE EDUCACIÓN SELECCIONADOS.;Desarrollar el modelo de calidad educativa de la primera infancia en El Salvador, para mejorar el desarrollo de los niños y niñas entre 0 y 7 años de edad.;8641;114 proyectos de infraestructura para centros oficiales de ECPI finalizados en el marco del Proyecto - DIAE.;12310;3.2.2 - Supervisar el diseño y la intervención de infraestructura de centros educativos;220655;SUPERVISION DE INFRAESTRUCTURAS - CADA UNO [ CADA UNO ];61608;"Supervisión del  mejoramiento de infraestructura de la Escuela de Educación Especial ""Chalchuapa"", CODIGO 10232. Incremento ";1;8869850;0;-11383794;3839038;841141;4346053;7672573;30/2024;30/01/2026;UACI;21/03/2025;21/03/2025;01/03/2026;27877;39;94472102891012;INYPSA CW INFRASTRUCTURES, SOCIEDAD LIMITADA, SUCURSAL EL SALVADOR
2026;BIRF 9067-SV;1401;7495 BIRF ;02;AMBIENTES FÍSICOS EN CENTROS OFICIALES DE EDUCACIÓN SELECCIONADOS.;Desarrollar el modelo de calidad educativa de la primera infancia en El Salvador, para mejorar el desarrollo de los niños y niñas entre 0 y 7 años de edad.;8641;114 proyectos de infraestructura para centros oficiales de ECPI finalizados en el marco del Proyecto - DIAE.;12310;3.2.2 - Supervisar el diseño y la intervención de infraestructura de centros educativos;220656;SUPERVISION DE INFRAESTRUCTURAS - CADA UNO [ CADA UNO ];61608;"Supervisión del  mejoramiento de infraestructura en Escuela de Educación Parvularia ""Doctor Reynaldo Galindo Pohl "", CODIGO 1805. Incremento ";1;9287256;0;-9135927;5678697;1265248;1345348;4308360;27/2024;30/01/2026;UACI;21/03/2025;30/01/2026;31/03/2026;27876;36/2025 BIRF 9067 ;94472102891012;INYPSA CW INFRASTRUCTURES, SOCIEDAD LIMITADA, SUCURSAL EL SALVADOR
2026;BIRF 9067-SV;1401;7495 BIRF ;02;AMBIENTES FÍSICOS EN CENTROS OFICIALES DE EDUCACIÓN SELECCIONADOS.;Desarrollar el modelo de calidad educativa de la primera infancia en El Salvador, para mejorar el desarrollo de los niños y niñas entre 0 y 7 años de edad.;8641;114 proyectos de infraestructura para centros oficiales de ECPI finalizados en el marco del Proyecto - DIAE.;12310;3.2.2 - Supervisar el diseño y la intervención de infraestructura de centros educativos;220657;SUPERVISION DE INFRAESTRUCTURAS - CADA UNO [ CADA UNO ];61608;"Supervisión del  mejoramiento de infraestructura de la Escuela de Educación Parvularia ""De El Congo"", CODIGO 10286. Incremento ";1;3311919;0;223370;1299293;2603060;9670317;2885034;98;30/01/2026;UACI;31/01/2025;23/01/2025;21/02/2026;27870;13;06140804021033;MONFLO INGENIEROS, S.A. DE C.V.
2026;BIRF 9067-SV;1401;7495 BIRF ;02;AMBIENTES FÍSICOS EN CENTROS OFICIALES DE EDUCACIÓN SELECCIONADOS.;Desarrollar el modelo de calidad educativa de la primera infancia en El Salvador, para mejorar el desarrollo de los niños y niñas entre 0 y 7 años de edad.;8641;114 proyectos de infraestructura para centros oficiales de ECPI finalizados en el marco del Proyecto - DIAE.;12310;3.2.2 - Supervisar el diseño y la intervención de infraestructura de centros educativos;220658;SUPERVISION DE INFRAESTRUCTURAS - CADA UNO [ CADA UNO ];61608;"Supervisión del  mejoramiento de infraestructura de la Escuela de Educación Parvularia ""José Misael Ramos "", CODIGO 12265. Incremento ";1;7505891;0;-14461239;315871;4411593;6586250;4292940;99;30/01/2026;UACI;21/03/2025;20/01/2026;06/12/2026;27871;35;94472102891012;INYPSA CW INFRASTRUCTURES, SOCIEDAD LIMITADA, SUCURSAL EL SALVADOR
2026;BIRF 9067-SV;1401;7495 BIRF ;02;AMBIENTES FÍSICOS EN CENTROS OFICIALES DE EDUCACIÓN SELECCIONADOS.;Desarrollar el modelo de calidad educativa de la primera infancia en El Salvador, para mejorar el desarrollo de los niños y niñas entre 0 y 7 años de edad.;8641;114 proyectos de infraestructura para centros oficiales de ECPI finalizados en el marco del Proyecto - DIAE.;12310;3.2.2 - Supervisar el diseño y la intervención de infraestructura de centros educativos;220659;SUPERVISION DE INFRAESTRUCTURAS - CADA UNO [ CADA UNO ];61608;"Supervisión del  mejoramiento de infraestructura en Centro Escolatr  ""Fernando Portillo"", CODIGO 12543.Incremento ";1;8272491;0;-10944537;4342563;4009853;6097806;1241122;99;30/01/2026;UACI;21/03/2025;20/01/2026;06/12/2026;27871;35;94472102891012;INYPSA CW INFRASTRUCTURES, SOCIEDAD LIMITADA, SUCURSAL EL SALVADOR
2026;BIRF 9067-SV;1401;7495 BIRF ;02;AMBIENTES FÍSICOS EN CENTROS OFICIALES DE EDUCACIÓN SELECCIONADOS.;Desarrollar el modelo de calidad educativa de la primera infancia en El Salvador, para mejorar el desarrollo de los niños y niñas entre 0 y 7 años de edad.;8641;114 proyectos de infraestructura para centros oficiales de ECPI finalizados en el marco del Proyecto - DIAE.;12310;3.2.2 - Supervisar el diseño y la intervención de infraestructura de centros educativos;220677;SUPERVISION DE INFRAESTRUCTURAS - CADA UNO [ CADA UNO ];61608;"Supervisión del mejoramiento de obras de infraestructura en el Centro Escolar ""Exaltación Pompilio Salgado Rivera"" - Cod: 10080. Incremento ";1;17330276;0;-9247342;741428;4878191;6415251;4220091;101;28/08/2026;UACI;21/03/2025;01/01/2026;30/06/2026;27872;37;94472102891012;INYPSA CW INFRASTRUCTURES, SOCIEDAD LIMITADA, SUCURSAL EL SALVADOR
2026;BIRF 9067-SV;1401;7495 BIRF ;02;AMBIENTES FÍSICOS EN CENTROS OFICIALES DE EDUCACIÓN SELECCIONADOS.;Desarrollar el modelo de calidad educativa de la primera infancia en El Salvador, para mejorar el desarrollo de los niños y niñas entre 0 y 7 años de edad.;8641;114 proyectos de infraestructura para centros oficiales de ECPI finalizados en el marco del Proyecto - DIAE.;12310;3.2.2 - Supervisar el diseño y la intervención de infraestructura de centros educativos;220678;SUPERVISION DE INFRAESTRUCTURAS - CADA UNO [ CADA UNO ];61608;"Supervisión del mejoramiento de obras de infraestructura en el Centro Escolar ""Cantón Cofradia Nueva"" - Cod: 13581. Incremento";1;14336264;0;-9077810;4375654;4698298;3343986;5997180;101;28/08/2026;UACI;21/03/2025;01/01/2026;30/06/2026;27872;37;94472102891012;INYPSA CW INFRASTRUCTURES, SOCIEDAD LIMITADA, SUCURSAL EL SALVADOR
2026;BIRF 9067-SV;1401;7495 BIRF ;02;AMBIENTES FÍSICOS EN CENTROS OFICIALES DE EDUCACIÓN SELECCIONADOS.;Desarrollar el modelo de calidad educativa de la primera infancia en El Salvador, para mejorar el desarrollo de los niños y niñas entre 0 y 7 años de edad.;8641;114 proyectos de infraestructura para centros oficiales de ECPI finalizados en el marco del Proyecto - DIAE.;12310;3.2.2 - Supervisar el diseño y la intervención de infraestructura de centros educativos;220679;SUPERVISION DE INFRAESTRUCTURAS - CADA UNO [ CADA UNO ];61608;"Supervisión del mejoramiento de obras de infraestructura en la Escuela de Educación Parvularia ""María Luisa Marcia"" - Cod: 13442. Incremento";1;10587053;0;-3186541;3190606;2131193;5345423;5914521;101;28/08/2026;UACI;21/03/2025;01/01/2026;30/06/2026;27872;37;94472102891012;INYPSA CW INFRASTRUCTURES, SOCIEDAD LIMITADA, SUCURSAL EL SALVADOR
2026;BIRF 9067-SV;1401;7495 BIRF ;02;AMBIENTES FÍSICOS EN CENTROS OFICIALES DE EDUCACIÓN SELECCIONADOS.;Desarrollar el modelo de calidad educativa de la primera infancia en El Salvador, para mejorar el desarrollo de los niños y niñas entre 0 y 7 años de edad.;8641;114 proyectos de infraestructura para centros oficiales de ECPI finalizados en el marco del Proyecto - DIAE.;12310;3.2.2 - Supervisar el diseño y la intervención de infraestructura de centros educativos;221605;SUPERVISION DE INFRAESTRUCTURAS - CADA UNO;61608;Supervisión de obras de mejoramiento de infraestructura de la Escuela de Educación Parvularia ?Presbítero Matías Romero ? (Cód. 10196).  Incremento;1;16487689;0;1381326;3422025;4582562;1598376;6991121;25/2024;27/02/2026;UACI;05/02/2026;09/11/2025;05/02/2026;28212;25/2024;06140804021033;MONFLO INGENIEROS, S.A. DE C.V.
2026;BIRF 9067-SV;1401;7495 BIRF ;02;AMBIENTES FÍSICOS EN CENTROS OFICIALES DE EDUCACIÓN SELECCIONADOS.;Desarrollar el modelo de calidad educativa de la primera infancia en El Salvador, para mejorar el desarrollo de los niños y niñas entre 0 y 7 años de edad.;8641;114 proyectos de infraestructura para centros oficiales de ECPI finalizados en el marco del Proyecto - DIAE.;12310;3.2.2 - Supervisar el diseño y la intervención de infraestructura de centros educativos;221615;SUPERVISION DE INFRAESTRUCTURAS - CADA UNO [ CADA UNO ];61608;" 3.2.1.1.6.1B -Supervisión   del mejoramiento de la infraestructura en la  Escuela  de  Educación  Parvularia ""Julita Alfonso"" - COD 12034";1;16485081;0;-14365330;1575049;5759621;5582930;7121752;n/a;27/02/2026;UACI;20/12/2024;28/04/2025;13/04/2026;27921;23;06140804021033;MONFLO INGENIEROS, S.A. DE C.V.
2026;BIRF 9067-SV;1401;7495 BIRF ;02;AMBIENTES FÍSICOS EN CENTROS OFICIALES DE EDUCACIÓN SELECCIONADOS.;Desarrollar el modelo de calidad educativa de la primera infancia en El Salvador, para mejorar el desarrollo de los niños y niñas entre 0 y 7 años de edad.;8641;114 proyectos de infraestructura para centros oficiales de ECPI finalizados en el marco del Proyecto - DIAE.;12310;3.2.2 - Supervisar el diseño y la intervención de infraestructura de centros educativos;221623;SUPERVISION DE INFRAESTRUCTURAS - CADA UNO [ CADA UNO ];61608;"Supervisión del mejoramiento de la infraestructura en la Escuela De Educación Parvularia ""San Rafael""- COD: 10456_Pack 1A_Póliza";1;8826579;0;-11812391;5426156;3911151;53743;3873426;;05/01/2026;NO UACI;;;;0;;              ;
2026;BIRF 9067-SV;1401;7495 BIRF ;02;AMBIENTES FÍSICOS EN CENTROS OFICIALES DE EDUCACIÓN SELECCIONADOS.;Desarrollar el modelo de calidad educativa de la primera infancia en El Salvador, para mejorar el desarrollo de los niños y niñas entre 0 y 7 años de edad.;8641;114 proyectos de infraestructura para centros oficiales de ECPI finalizados en el marco del Proyecto - DIAE.;12310;3.2.2 - Supervisar el diseño y la intervención de infraestructura de centros educativos;221624;SUPERVISION DE INFRAESTRUCTURAS - CADA UNO [ CADA UNO ];61608;"Supervisión del mejoramiento de la infraestructura en la Escuela De Educación Parvularia ""Yolanda Ramírez De Díaz""- COD: 10480_Pack 1A_Póliza";1;6792289;0;-4665885;5717618;3309910;2867190;5765524;;05/01/2026;NO UACI;;;;0;;              ;
2026;BIRF 9067-SV;1401;7495 BIRF ;02;AMBIENTES FÍSICOS EN CENTROS OFICIALES DE EDUCACIÓN SELECCIONADOS.;Desarrollar el modelo de calidad educativa de la primera infancia en El Salvador, para mejorar el desarrollo de los niños y niñas entre 0 y 7 años de edad.;8641;114 proyectos de infraestructura para centros oficiales de ECPI finalizados en el marco del Proyecto - DIAE.;12310;3.2.2 - Supervisar el diseño y la intervención de infraestructura de centros educativos;221625;SUPERVISION DE INFRAESTRUCTURAS - CADA UNO [ CADA UNO ];61608;"Supervisión del mejoramiento de la infraestructura en la Escuela De Educación Parvularia Profesora ""María Elvira Sifontes""- COD: 10477_Pack 1A_Póliza";1;2263926;0;-13259148;5833528;5434723;9480825;9291679;;05/01/2026;NO UACI;;;;0;;              ;
2026;BIRF 9067-SV;1401;7495 BIRF ;02;AMBIENTES FÍSICOS EN CENTROS OFICIALES DE EDUCACIÓN SELECCIONADOS.;Desarrollar el modelo de calidad educativa de la primera infancia en El Salvador, para mejorar el desarrollo de los niños y niñas entre 0 y 7 años de edad.;8641;114 proyectos de infraestructura para centros oficiales de ECPI finalizados en el marco del Proyecto - DIAE.;12310;3.2.2 - Supervisar el diseño y la intervención de infraestructura de centros educativos;221626;SUPERVISION DE INFRAESTRUCTURAS - CADA UNO [ CADA UNO ];61608;"Supervisión del mejoramiento de la infraestructura en la Escuela De Educación Parvularia ?De Acajutla ""- COD: 10570_Pack 1A_Póliza";1;10671017;0;-3672420;3334101;3525963;2642904;7942196;;05/01/2026;NO UACI;;;;0;;              ;
2026;BIRF 9067-SV;1401;7495 BIRF ;02;AMBIENTES FÍSICOS EN CENTROS OFICIALES DE EDUCACIÓN SELECCIONADOS.;Desarrollar el modelo de calidad educativa de la primera infancia en El Salvador, para mejorar el desarrollo de los niños y niñas entre 0 y 7 años de edad.;8641;114 proyectos de infraestructura para centros oficiales de ECPI finalizados en el marco del Proyecto - DIAE.;12310;3.2.2 - Supervisar el diseño y la intervención de infraestructura de centros educativos;221627;SUPERVISION DE INFRAESTRUCTURAS - CADA UNO [ CADA UNO ];61608;"Supervisión del mejoramiento de la infraestructura en la Escuela De Educación Parvularia "" De El Congo ""- COD: 10286_Pack 1B_Póliza";1;481897;0;-13785834;3049738;2830843;3868121;2483130;;05/01/2026;NO UACI;;;;0;;              ;
2026;BIRF 9067-SV;1401;7495 BIRF ;02;AMBIENTES FÍSICOS EN CENTROS OFICIALES DE EDUCACIÓN SELECCIONADOS.;Desarrollar el modelo de calidad educativa de la primera infancia en El Salvador, para mejorar el desarrollo de los niños y niñas entre 0 y 7 años de edad.;8641;114 proyectos de infraestructura para centros oficiales de ECPI finalizados en el marco del Proyecto - DIAE.;12310;3.2.2 - Supervisar el diseño y la intervención de infraestructura de centros educativos;221628;SUPERVISION DE INFRAESTRUCTURAS - CADA UNO [ CADA UNO ];61608;"Supervisión del mejoramiento de la infraestructura en la Escuela De Educación Parvularia "" Hugo Lindo""- COD: 11357_Pack 1B_Póliza";1;6462957;0;-14175344;5820511;2786970;3174355;5994020;;05/01/2026;NO UACI;;;;0;;              ;
2026;BIRF 9067-SV;1401;7495 BIRF ;02;AMBIENTES FÍSICOS EN CENTROS OFICIALES DE EDUCACIÓN SELECCIONADOS.;Desarrollar el modelo de calidad educativa de la primera infancia en El Salvador, para mejorar el desarrollo de los niños y niñas entre 0 y 7 años de edad.;8641;114 proyectos de infraestructura para centros oficiales de ECPI finalizados en el marco del Proyecto - DIAE.;12310;3.2.2 - Supervisar el diseño y la intervención de infraestructura de centros educativos;221629;SUPERVISION DE INFRAESTRUCTURAS - CADA UNO [ CADA UNO ];61608;"Supervisión del mejoramiento de la infraestructura en la Escuela De Educación Parvularia ""De Puerto El Triunfo""- COD: 12656_Pack 1B_Póliza";1;5193787;0;-15053984;2919763;2939413;5285397;107023;;05/01/2026;NO UACI;;;;0;;              ;
2026;BIRF 9067-SV;1401;7495 BIRF ;02;AMBIENTES FÍSICOS EN CENTROS OFICIALES DE EDUCACIÓN SELECCIONADOS.;Desarrollar el modelo de calidad educativa de la primera infancia en El Salvador, para mejorar el desarrollo de los niños y niñas entre 0 y 7 años de edad.;8641;114 proyectos de infraestructura para centros oficiales de ECPI finalizados en el marco del Proyecto - DIAE.;12310;3.2.2 - Supervisar el diseño y la intervención de infraestructura de centros educativos;221638;SUPERVISION DE INFRAESTRUCTURAS - CADA UNO [ CADA UNO ];61608;"3.2.2.1.7-B Supervisión del mejoramiento de la infraestructura en la Escuela De Educación Parvularia ""El Rosario""- COD: 11929_Pack 1B_Incremento";1;13968193;0;-14699439;584002;3904436;9941707;9741258;n/a;04/02/2026;UACI;20/12/2024;28/04/2025;13/04/2026;27921;23;06140804021033;MONFLO INGENIEROS, S.A. DE C.V.
2026;BIRF 9067-SV;1401;7495 BIRF ;02;AMBIENTES FÍSICOS EN CENTROS OFICIALES DE EDUCACIÓN SELECCIONADOS.;Desarrollar el modelo de calidad educativa de la primera infancia en El Salvador, para mejorar el desarrollo de los niños y niñas entre 0 y 7 años de edad.;8641;114 proyectos de infraestructura para centros oficiales de ECPI finalizados en el marco del Proyecto - DIAE.;12310;3.2.2 - Supervisar el diseño y la intervención de infraestructura de centros educativos;221727;SUPERVISION DE INFRAESTRUCTURAS - CADA UNO [ CADA UNO ];61608;"3.2.1.1.4.1B Supervisión de obras de mejoramiento de infraestructura del Complejo Educativo ""Distrito Italia""(Cód. 11741). Incremento";1;15475519;0;-7199706;959938;3938990;8694428;232225;55/2023;05/01/2026;UACI;21/03/2025;23/01/2026;23/04/2026;27875;15;06140804021033;MONFLO INGENIEROS, S.A. DE C.V.
2026;BIRF 9067-SV;1401;7495 BIRF ;02;AMBIENTES FÍSICOS EN CENTROS OFICIALES DE EDUCACIÓN SELECCIONADOS.;Desarrollar el modelo de calidad educativa de la primera infancia en El Salvador, para mejorar el desarrollo de los niños y niñas entre 0 y 7 años de edad.;8641;114 proyectos de infraestructura para centros oficiales de ECPI finalizados en el marco del Proyecto - DIAE.;12310;3.2.2 - Supervisar el diseño y la intervención de infraestructura de centros educativos;222115;SUPERVISION DE INFRAESTRUCTURAS - CADA UNO [ CADA UNO ];61608;"3.2.1.1.2.17  Supervisión del mejoramiento de obras de infraestructura de la Escuela de Educación Parvularia ""Dr. Miguel Eduardo Aparicio Jule"" (Cód. 12074). Incremento";1;15374233;0;-10359758;3080397;5461440;1507879;6874357;117;27/02/2026;UACI;21/03/2025;05/05/2025;14/04/2026;27919;38/2025;94472102891012;INYPSA CW INFRASTRUCTURES, SOCIEDAD LIMITADA, SUCURSAL EL SALVADOR
2026;BIRF 9067-SV;1401;7495 BIRF ;02;AMBIENTES FÍSICOS EN CENTROS OFICIALES DE EDUCACIÓN SELECCIONADOS.;Desarrollar el modelo de calidad educativa de la primera infancia en El Salvador, para mejorar el desarrollo de los niños y niñas entre 0 y 7 años de edad.;8641;114 proyectos de infraestructura para centros oficiales de ECPI finalizados en el marco del Proyecto - DIAE.;12310;3.2.2 - Supervisar el diseño y la intervención de infraestructura de centros educativos;222116;SUPERVISION DE INFRAESTRUCTURAS - CADA UNO [ CADA UNO ];61608;"3.2.2.1.2.16  Supervisión del mejoramiento de obras de infraestructura de la Escuela de Educación Parvularia ""De San Miguel Tepezontes"" (Cód. 12002). Incremento";1;11407549;0;3157643;1975494;3279198;6077270;4622380;117;16/03/2026;UACI;21/03/2025;05/05/2025;14/04/2026;27919;38/2025;94472102891012;INYPSA CW INFRASTRUCTURES, SOCIEDAD LIMITADA, SUCURSAL EL SALVADOR
2026;BIRF 9067-SV;1401;7495 BIRF ;02;AMBIENTES FÍSICOS EN CENTROS OFICIALES DE EDUCACIÓN SELECCIONADOS.;Desarrollar el modelo de calidad educativa de la primera infancia en El Salvador, para mejorar el desarrollo de los niños y niñas entre 0 y 7 años de edad.;8641;114 proyectos de infraestructura para centros oficiales de ECPI finalizados en el marco del Proyecto - DIAE.;12310;3.2.2 - Supervisar el diseño y la intervención de infraestructura de centros educativos;222117;SUPERVISION DE INFRAESTRUCTURAS - CADA UNO [ CADA UNO ];61608;"3.2.2.1.2.15  Supervisión del mejoramiento de obras de infraestructura del Centro Escolar  ""Cantón La Esperanza"" (Cód. 11939). Incremento";1;2548285;0;-5460465;2440215;4671182;3921770;4128239;117;20/03/2026;UACI;21/03/2025;05/05/2025;14/04/2026;27919;38/2025;94472102891012;INYPSA CW INFRASTRUCTURES, SOCIEDAD LIMITADA, SUCURSAL EL SALVADOR
2026;BIRF 9067-SV;1401;7495 BIRF ;02;AMBIENTES FÍSICOS EN CENTROS OFICIALES DE EDUCACIÓN SELECCIONADOS.;Desarrollar el modelo de calidad educativa de la primera infancia en El Salvador, para mejorar el desarrollo de los niños y niñas entre 0 y 7 años de edad.;8641;114 proyectos de infraestructura para centros oficiales de ECPI finalizados en el marco del Proyecto - DIAE.;12310;3.2.2 - Supervisar el diseño y la intervención de infraestructura de centros educativos;222118;SUPERVISION DE INFRAESTRUCTURAS - CADA UNO [ CADA UNO ];61608;"3.2.2.1.2.18  Supervisión del mejoramiento de obras de infraestructura de la Escuela de Educación Parvularia  ""Marta Carbonel de Quiteño"" (Cód. 12325). Incremento";1;5875035;0;-11785709;888370;105193;1006345;3633116;117;13/03/2026;UACI;21/03/2025;05/05/2025;14/04/2026;27919;38/2025;94472102891012;INYPSA CW INFRASTRUCTURES, SOCIEDAD LIMITADA, SUCURSAL EL SALVADOR
2026;BIRF 9067-SV;1401;7495 BIRF ;02;AMBIENTES FÍSICOS EN CENTROS OFICIALES DE EDUCACIÓN SELECCIONADOS.;Desarrollar el modelo de calidad educativa de la primera infancia en El Salvador, para mejorar el desarrollo de los niños y niñas entre 0 y 7 años de edad.;8641;114 proyectos de infraestructura para centros oficiales de ECPI finalizados en el marco del Proyecto - DIAE.;12310;3.2.2 - Supervisar el diseño y la intervención de infraestructura de centros educativos;222119;SUPERVISION DE INFRAESTRUCTURAS - CADA UNO [ CADA UNO ];61608;"3.2.2.1.2.10  Supervisión del mejoramiento de obras de infraestructura de la Escuela de Educación Parvularia  ""Ciudad Arce"" (Cód. 11020). Incremento";1;5502256;0;655737;330995;3661354;1634;3886644;120;13/03/2026;UACI;21/03/2025;05/05/2025;01/03/2026;27916;32;94472102891012;INYPSA CW INFRASTRUCTURES, SOCIEDAD LIMITADA, SUCURSAL EL SALVADOR
2026;BIRF 9067-SV;1401;7495 BIRF ;02;AMBIENTES FÍSICOS EN CENTROS OFICIALES DE EDUCACIÓN SELECCIONADOS.;Desarrollar el modelo de calidad educativa de la primera infancia en El Salvador, para mejorar el desarrollo de los niños y niñas entre 0 y 7 años de edad.;8641;114 proyectos de infraestructura para centros oficiales de ECPI finalizados en el marco del Proyecto - DIAE.;12310;3.2.2 - Supervisar el diseño y la intervención de infraestructura de centros educativos;222120;SUPERVISION DE INFRAESTRUCTURAS - CADA UNO [ CADA UNO ];61608;"3.2.2.1.2.8  Supervisión del mejoramiento de obras de infraestructura de la Escuela de Educación Parvularia  ""Dr. Humberto Romero Alvergue"" (Cód. 10747). Incremento";1;9186007;0;-16381426;4601688;1021575;4010356;5984248;120;28/08/2026;UACI;21/03/2025;05/05/2025;01/03/2026;27916;32;94472102891012;INYPSA CW INFRASTRUCTURES, SOCIEDAD LIMITADA, SUCURSAL EL SALVADOR
2026;BIRF 9067-SV;1401;7495 BIRF ;02;AMBIENTES FÍSICOS EN CENTROS OFICIALES DE EDUCACIÓN SELECCIONADOS.;Desarrollar el modelo de calidad educativa de la primera infancia en El Salvador, para mejorar el desarrollo de los niños y niñas entre 0 y 7 años de edad.;8641;114 proyectos de infraestructura para centros oficiales de ECPI finalizados en el marco del Proyecto - DIAE.;12310;3.2.2 - Supervisar el diseño y la intervención de infraestructura de centros educativos;222121;SUPERVISION DE INFRAESTRUCTURAS - CADA UNO [ CADA UNO ];61608;"3.2.2.1.2.9  Supervisión  del mejoramiento de obras de infraestructura del Complejo Educativo ""Comunidad San Francisco, Hacienda Zapotitan"" (Cód. 11013). Incremento";1;6729024;0;-7520415;1287245;4598198;6989801;820052;120;28/08/2026;UACI;21/03/2025;05/05/2025;01/03/2026;27916;32;94472102891012;INYPSA CW INFRASTRUCTURES, SOCIEDAD LIMITADA, SUCURSAL EL SALVADOR
2026;BIRF 9067-SV;1401;7495 BIRF ;02;AMBIENTES FÍSICOS EN CENTROS OFICIALES DE EDUCACIÓN SELECCIONADOS.;Desarrollar el modelo de calidad educativa de la primera infancia en El Salvador, para mejorar el desarrollo de los niños y niñas entre 0 y 7 años de edad.;8641;114 proyectos de infraestructura para centros oficiales de ECPI finalizados en el marco del Proyecto - DIAE.;12310;3.2.2 - Supervisar el diseño y la intervención de infraestructura de centros educativos;222122;SUPERVISION DE INFRAESTRUCTURAS - CADA UNO [ CADA UNO ];61608;"3.2.2.1.2.11  Supervisión del mejoramiento de obras de infraestructura de la Escuela de Educación Parvularia de ""Quezaltepeque"" (Cód. 11159). Incremento";1;1712830;0;-13523437;3704310;4995246;6561512;1840973;118;13/03/2026;UACI;21/03/2025;26/05/2025;01/03/2026;27918;34;94472102891012;INYPSA CW INFRASTRUCTURES, SOCIEDAD LIMITADA, SUCURSAL EL SALVADOR
2026;BIRF 9067-SV;1401;7495 BIRF ;02;AMBIENTES FÍSICOS EN CENTROS OFICIALES DE EDUCACIÓN SELECCIONADOS.;Desarrollar el modelo de calidad educativa de la primera infancia en El Salvador, para mejorar el desarrollo de los niños y niñas entre 0 y 7 años de edad.;8641;114 proyectos de infraestructura para centros oficiales de ECPI finalizados en el marco del Proyecto - DIAE.;12310;3.2.2 - Supervisar el diseño y la intervención de infraestructura de centros educativos;222123;SUPERVISION DE INFRAESTRUCTURAS - CADA UNO [ CADA UNO ];61608;"3.2.2.1.2.6  Supervisión de obras de mejoramiento de infraestructura de la Escuela de Educación Parvularia de ""Armenia"" (Cód. 10574). Incremento";1;7976611;0;-16072162;4768056;517421;4466403;8922738;119;13/03/2026;UACI;25/03/2025;25/03/2025;01/03/2026;27917;33;94472102891012;INYPSA CW INFRASTRUCTURES, SOCIEDAD LIMITADA, SUCURSAL EL SALVADOR
2026;BIRF 9067-SV;1401;7495 BIRF ;02;AMBIENTES FÍSICOS EN CENTROS OFICIALES DE EDUCACIÓN SELECCIONADOS.;Desarrollar el modelo de calidad educativa de la primera infancia en El Salvador, para mejorar el desarrollo de los niños y niñas entre 0 y 7 años de edad.;8641;114 proyectos de infraestructura para centros oficiales de ECPI finalizados en el marco del Proyecto - DIAE.;12310;3.2.2 - Supervisar el diseño y la intervención de infraestructura de centros educativos;222124;SUPERVISION DE INFRAESTRUCTURAS - CADA UNO [ CADA UNO ];61608;"3 . 2 . 1 . 1 . 2 . 7   Supervisión del mejoramiento de obras de infraestructura de la Escuela de Educación Especial de ""Armenia"" (Cód. 10584). Incremento";1;3595900;0;973031;4449374;3948884;4200790;4035521;119;13/03/2026;UACI;25/03/2025;25/03/2025;01/03/2026;27917;33;94472102891012;INYPSA CW INFRASTRUCTURES, SOCIEDAD LIMITADA, SUCURSAL EL SALVADOR
2026;BIRF 9067-SV;1401;7495 BIRF ;02;AMBIENTES FÍSICOS EN CENTROS OFICIALES DE EDUCACIÓN SELECCIONADOS.;Desarrollar el modelo de calidad educativa de la primera infancia en El Salvador, para mejorar el desarrollo de los niños y niñas entre 0 y 7 años de edad.;8641;114 proyectos de infraestructura para centros oficiales de ECPI finalizados en el marco del Proyecto - DIAE.;12310;3.2.2 - Supervisar el diseño y la intervención de infraestructura de centros educativos;222125;SUPERVISION DE INFRAESTRUCTURAS - CADA UNO [ CADA UNO ];61608;"3.2.2.1.2.22  Supervisión del mejoramiento de obras de infraestructura de la Escuela de Educación Parvularia de ""Elisa Alvarez de Díaz"" (Cód. 10406). Incremento";1;9640286;0;-8074176;2592998;1576127;6266025;3831834;119;13/03/2026;UACI;25/03/2025;25/03/2025;01/03/2026;27917;33;94472102891012;INYPSA CW INFRASTRUCTURES, SOCIEDAD LIMITADA, SUCURSAL EL SALVADOR
2026;BIRF 9067-SV;1401;7495 BIRF ;02;AMBIENTES FÍSICOS EN CENTROS OFICIALES DE EDUCACIÓN SELECCIONADOS.;Desarrollar el modelo de calidad educativa de la primera infancia en El Salvador, para mejorar el desarrollo de los niños y niñas entre 0 y 7 años de edad.;8641;114 proyectos de infraestructura para centros oficiales de ECPI finalizados en el marco del Proyecto - DIAE.;12310;3.2.2 - Supervisar el diseño y la intervención de infraestructura de centros educativos;222126;SUPERVISION DE INFRAESTRUCTURAS - CADA UNO [ CADA UNO ];61608;"3 . 2 . 1 . 1 . 2 . 5  Supervisión del mejoramiento de obras de infraestructura de la Escuela de Educación Especial  ""Profesor Napoleón Efraín González"" (Cód. 14707). Incremento";1;15544130;0;-4728506;2033124;136623;4475544;2025708;;13/03/2026;UACI;;;;0;;              ;
2026;BIRF 9067-SV;1401;7495 BIRF ;02;AMBIENTES FÍSICOS EN CENTROS OFICIALES DE EDUCACIÓN SELECCIONADOS.;Desarrollar el modelo de calidad educativa de la primera infancia en El Salvador, para mejorar el desarrollo de los niños y niñas entre 0 y 7 años de edad.;8641;114 proyectos de infraestructura para centros oficiales de ECPI finalizados en el marco del Proyecto - DIAE.;12310;3.2.2 - Supervisar el diseño y la intervención de infraestructura de centros educativos;222127;SUPERVISION DE INFRAESTRUCTURAS - CADA UNO [ CADA UNO ];61608;"3 . 2 . 1 . 1 . 2 . 4   Supervisión del mejoramiento de obras de infraestructura de la Escuela de Educación Especial  ""Sonsonate"" (Cód. 10731). Incremento";1;7494086;0;-11127766;575320;626026;7372172;9604434;22/2024;13/03/2026;UACI;21/03/2025;05/05/2025;19/02/2026;28003;31;94472102891012;INYPSA CW INFRASTRUCTURES, SOCIEDAD LIMITADA, SUCURSAL EL SALVADOR
2026;BIRF 9067-SV;1401;7495 BIRF ;02;AMBIENTES FÍSICOS EN CENTROS OFICIALES DE EDUCACIÓN SELECCIONADOS.;Desarrollar el modelo de calidad educativa de la primera infancia en El Salvador, para mejorar el desarrollo de los niños y niñas entre 0 y 7 años de edad.;8641;114 proyectos de infraestructura para centros oficiales de ECPI finalizados en el marco del Proyecto - DIAE.;12310;3.2.2 - Supervisar el diseño y la intervención de infraestructura de centros educativos;222128;SUPERVISION DE INFRAESTRUCTURAS - CADA UNO [ CADA UNO ];61608;"3.2.1.1.7.1B   Supervisión del mejoramiento de obras de infraestructura de la Escuela de Educación Parvularia ""Puerto El Triunfo"" (Cód. 12656). Incremento";1;1298521;0;-6848758;598336;3703944;1511639;1804819;116;13/03/2026;UACI;15/01/2026;23/01/2026;23/04/2026;27920;14;06140804021033;MONFLO INGENIEROS, S.A. DE C.V.
2026;BIRF 9067-SV;1401;7495 BIRF ;02;AMBIENTES FÍSICOS EN CENTROS OFICIALES DE EDUCACIÓN SELECCIONADOS.;Desarrollar el modelo de calidad educativa de la primera infancia en El Salvador, para mejorar el desarrollo de los niños y niñas entre 0 y 7 años de edad.;8641;114 proyectos de infraestructura para centros oficiales de ECPI finalizados en el marco del Proyecto - DIAE.;12310;3.2.2 - Supervisar el diseño y la intervención de infraestructura de centros educativos;222129;SUPERVISION DE INFRAESTRUCTURAS - CADA UNO [ CADA UNO ];61608;"3.2.1.1.1.3.A   Supervisión de obras de mejoramiento de infraestructura de la Escuela de Educación Parvularia ""San Rafael "" (Cód. 10456). Incremento";1;4480613;0;-1619691;873813;1639594;287092;9246698;50/2023;13/03/2026;UACI;19/07/2025;16/08/2025;14/10/2025;28217;24/2024 BIRF;06140804021033;MONFLO INGENIEROS, S.A. DE C.V.
2026;BIRF 9067-SV;1401;7495 BIRF ;02;AMBIENTES FÍSICOS EN CENTROS OFICIALES DE EDUCACIÓN SELECCIONADOS.;Desarrollar el modelo de calidad educativa de la primera infancia en El Salvador, para mejorar el desarrollo de los niños y niñas entre 0 y 7 años de edad.;8641;114 proyectos de infraestructura para centros oficiales de ECPI finalizados en el marco del Proyecto - DIAE.;12310;3.2.2 - Supervisar el diseño y la intervención de infraestructura de centros educativos;222130;SUPERVISION DE INFRAESTRUCTURAS - CADA UNO [ CADA UNO ];61608;"3.2.1.1.1.4.A  Supervisión del mejoramiento de obras de infraestructura de la Escuela de Educación Parvularia "" Yolanda Ramírez de Díaz "" (Cód. 10480). Incremento";1;13091533;0;-6487163;4384552;2576154;2840427;2232632;50/2023;13/03/2026;UACI;19/07/2025;16/08/2025;14/10/2025;28217;24/2024 BIRF;06140804021033;MONFLO INGENIEROS, S.A. DE C.V.
2026;BIRF 9067-SV;1401;7495 BIRF ;02;AMBIENTES FÍSICOS EN CENTROS OFICIALES DE EDUCACIÓN SELECCIONADOS.;Desarrollar el modelo de calidad educativa de la primera infancia en El Salvador, para mejorar el desarrollo de los niños y niñas entre 0 y 7 años de edad.;8641;114 proyectos de infraestructura para centros oficiales de ECPI finalizados en el marco del Proyecto - DIAE.;12310;3.2.2 - Supervisar el diseño y la intervención de infraestructura de centros educativos;222131;SUPERVISION DE INFRAESTRUCTURAS - CADA UNO [ CADA UNO ];61608;"3.2.1.1.1.4.A   Supervisión del mejoramiento de obras de infraestructura de la Escuela de Educación Parvularia ""Yolanda Ramírez de Díaz "" (Cód. 10480). Incremento";1;10180215;0;-10445621;4177103;5330040;4753618;5418381;50/2023;06/03/2026;UACI;28/03/2025;17/06/2025;15/08/2025;28216;24 2024 BIRF;06140804021033;MONFLO INGENIEROS, S.A. DE C.V.
2026;BIRF 9067-SV;1401;7495 BIRF ;02;AMBIENTES FÍSICOS EN CENTROS OFICIALES DE EDUCACIÓN SELECCIONADOS.;Desarrollar el modelo de calidad educativa de la primera infancia en El Salvador, para mejorar el desarrollo de los niños y niñas entre 0 y 7 años de edad.;8641;114 proyectos de infraestructura para centros oficiales de ECPI finalizados en el marco del Proyecto - DIAE.;12310;3.2.2 - Supervisar el diseño y la intervención de infraestructura de centros educativos;222132;SUPERVISION DE INFRAESTRUCTURAS - CADA UNO [ CADA UNO ];61608;"3.2.1.1.1.1.A -  Supervisión del mejoramiento de obras de infraestructura de la Escuela de Educación Parvularia ""De Acajutla"" (Cód. 10570). Incremento";1;6407916;0;-12410428;2067743;1670468;5269435;4112354;;13/03/2026;UACI;;;;0;;              ;
2026;BIRF 9067-SV;1401;7495 BIRF ;02;AMBIENTES FÍSICOS EN CENTROS OFICIALES DE EDUCACIÓN SELECCIONADOS.;Desarrollar el modelo de calidad educativa de la primera infancia en El Salvador, para mejorar el desarrollo de los niños y niñas entre 0 y 7 años de edad.;8641;114 proyectos de infraestructura para centros oficiales de ECPI finalizados en el marco del Proyecto - DIAE.;12310;3.2.2 - Supervisar el diseño y la intervención de infraestructura de centros educativos;222133;SUPERVISION DE INFRAESTRUCTURAS - CADA UNO [ CADA UNO ];61608;"3.2.1.1.1.2.A Supervisión del mejoramiento de obras de infraestructura de la Escuela de Educación Parvularia ""María Elvira Sifontes"" (Cód. 10477). Incremento";1;1875621;0;700788;5967616;2525096;6903021;3620595;;13/03/2026;UACI;;;;0;;              ;
2026;BIRF 9067-SV;1401;7495 BIRF ;02;AMBIENTES FÍSICOS EN CENTROS OFICIALES DE EDUCACIÓN SELECCIONADOS.;Desarrollar el modelo de calidad educativa de la primera infancia en El Salvador, para mejorar el desarrollo de los niños y niñas entre 0 y 7 años de edad.;8641;114 proyectos de infraestructura para centros oficiales de ECPI finalizados en el marco del Proyecto - DIAE.;12310;3.2.2 - Supervisar el diseño y la intervención de infraestructura de centros educativos;222134;SUPERVISION DE INFRAESTRUCTURAS - CADA UNO [ CADA UNO ];61608;"3.2.1.1.1.3.A   Supervisión del mejoramiento de obras de infraestructura de la Escuela de Educación Parvularia ""San Rafael"" (Cód. 10456). Incremento";1;7783852;0;-3687018;1996087;953487;2103677;7253847;50/2023;13/03/2026;UACI;28/03/2025;17/06/2025;15/08/2025;28216;24 2024 BIRF;06140804021033;MONFLO INGENIEROS, S.A. DE C.V.
2026;BIRF 9067-SV;1401;7495 BIRF ;02;AMBIENTES FÍSICOS EN CENTROS OFICIALES DE EDUCACIÓN SELECCIONADOS.;Desarrollar el modelo de calidad educativa de la primera infancia en El Salvador, para mejorar el desarrollo de los niños y niñas entre 0 y 7 años de edad.;8641;114 proyectos de infraestructura para centros oficiales de ECPI finalizados en el marco del Proyecto - DIAE.;12310;3.2.2 - Supervisar el diseño y la intervención de infraestructura de centros educativos;222135;SUPERVISION DE INFRAESTRUCTURAS - CADA UNO [ CADA UNO ];61608;"3.2.1.1.1.2.A  Supervisión del mejoramiento de obras de infraestructura de la Escuela de Educación Parvularia ""María Elvira Sifontes"" (Cód. 10477). Incremento";1;1829590;0;209910;981504;982695;3521371;944599;;13/03/2026;UACI;;;;0;;              ;
2026;BIRF 9067-SV;1401;7495 BIRF ;02;AMBIENTES FÍSICOS EN CENTROS OFICIALES DE EDUCACIÓN SELECCIONADOS.;Desarrollar el modelo de calidad educativa de la primera infancia en El Salvador, para mejorar el desarrollo de los niños y niñas entre 0 y 7 años de edad.;8641;114 proyectos de infraestructura para centros oficiales de ECPI finalizados en el marco del Proyecto - DIAE.;12310;3.2.2 - Supervisar el diseño y la intervención de infraestructura de centros educativos;222773;SUPERVISION DE INFRAESTRUCTURAS - CADA UNO;61608;"Supervisión del mejoramiento de la infraestructura en
el Centro Escolar ""Colonia San Ramón"" - Cod: 11428
";1;13785881;0;-12393301;4829903;5550885;2293897;8182710;52/2025;27/03/2026;UACI;15/04/2026;15/04/2026;15/01/2026;28050;21/2026 BIRF ;11212603141015;RAV, INVERSIONES Y PROYECTOS, S.A. DE C.V.
2026;BIRF 9067-SV;1401;7495 BIRF ;02;AMBIENTES FÍSICOS EN CENTROS OFICIALES DE EDUCACIÓN SELECCIONADOS.;Desarrollar el modelo de calidad educativa de la primera infancia en El Salvador, para mejorar el desarrollo de los niños y niñas entre 0 y 7 años de edad.;8641;114 proyectos de infraestructura para centros oficiales de ECPI finalizados en el marco del Proyecto - DIAE.;12310;3.2.2 - Supervisar el diseño y la intervención de infraestructura de centros educativos;222774;SUPERVISION DE INFRAESTRUCTURAS - CADA UNO;61608;"Supervisión del mejoramiento de la infraestructura en
la Escuela de Educación Especial de ""Mejicanos"" - Cod: 11415.
";1;16878784;0;3377331;3979629;5138646;2362088;5186288;52/2025;27/03/2026;UACI;15/04/2026;15/04/2026;15/01/2026;28050;21/2026 BIRF ;11212603141015;RAV, INVERSIONES Y PROYECTOS, S.A. DE C.V.
2026;BIRF 9067-SV;1401;7495 BIRF ;02;AMBIENTES FÍSICOS EN CENTROS OFICIALES DE EDUCACIÓN SELECCIONADOS.;Desarrollar el modelo de calidad educativa de la primera infancia en El Salvador, para mejorar el desarrollo de los niños y niñas entre 0 y 7 años de edad.;8641;114 proyectos de infraestructura para centros oficiales de ECPI finalizados en el marco del Proyecto - DIAE.;12310;3.2.2 - Supervisar el diseño y la intervención de infraestructura de centros educativos;222775;SUPERVISION DE INFRAESTRUCTURAS - CADA UNO;61608;"Supervisión del mejoramiento de la infraestructura en
el Centro Escolar ""Cantón Zacamil"" - Cod: 11384
";1;6208735;0;-8947337;4451604;4496763;9137505;3084561;52/2025;27/03/2026;UACI;15/04/2026;15/04/2026;15/01/2026;28050;21/2026 BIRF ;11212603141015;RAV, INVERSIONES Y PROYECTOS, S.A. DE C.V.
2026;BIRF 9067-SV;1401;7495 BIRF ;02;AMBIENTES FÍSICOS EN CENTROS OFICIALES DE EDUCACIÓN SELECCIONADOS.;Desarrollar el modelo de calidad educativa de la primera infancia en El Salvador, para mejorar el desarrollo de los niños y niñas entre 0 y 7 años de edad.;8641;114 proyectos de infraestructura para centros oficiales de ECPI finalizados en el marco del Proyecto - DIAE.;12310;3.2.2 - Supervisar el diseño y la intervención de infraestructura de centros educativos;223402;SUPERVISION DE INFRAESTRUCTURAS - CADA UNO [ CADA UNO ];61608;"Supervisión  del mejoramiento de obras de infraestructura de la Escuela de Educación Parvularia ""San José Guayabal"" (Cód. 11846). Pack 3";1;9415025;0;2077063;1856547;3642466;717044;2791819;;01/05/2026;NO UACI;;;;0;;              ;
2026;BIRF 9067-SV;1401;7495 BIRF ;02;AMBIENTES FÍSICOS EN CENTROS OFICIALES DE EDUCACIÓN SELECCIONADOS.;Desarrollar el modelo de calidad educativa de la primera infancia en El Salvador, para mejorar el desarrollo de los niños y niñas entre 0 y 7 años de edad.;8641;114 proyectos de infraestructura para centros oficiales de ECPI finalizados en el marco del Proyecto - DIAE.;12310;3.2.2 - Supervisar el diseño y la intervención de infraestructura de centros educativos;223403;SUPERVISION DE INFRAESTRUCTURAS - CADA UNO [ CADA UNO ];61608;"Supervisión  del mejoramiento de obras de infraestructura del Complejo Educativo para Sordos ""Licenciada Griselda Zeledón"" (Cód. 14820). Pack 7";1;7575166;0;-11846594;5270119;511163;8182890;1539496;;01/05/2026;NO UACI;;;;0;;              ;
2026;BIRF 9067-SV;1401;7495 BIRF ;02;AMBIENTES FÍSICOS EN CENTROS OFICIALES DE EDUCACIÓN SELECCIONADOS.;Desarrollar el modelo de calidad educativa de la primera infancia en El Salvador, para mejorar el desarrollo de los niños y niñas entre 0 y 7 años de edad.;8641;114 proyectos de infraestructura para centros oficiales de ECPI finalizados en el marco del Proyecto - DIAE.;12311;3.2.3 - Proveer mobiliario escolar para los centros educativos públicos que atienden primera infancia seleccionados;217787;LIBRERA - CADA UNO [ CADA UNO ] ;61101;3.2.3.1.2 - Librera - Para el proceso de 51 C.E.;59;6365948;0;1529954;935848;2657850;171839;836404;;16/01/2026;NO UACI;;;;0;;              ;
2026;BIRF 9067-SV;1401;7495 BIRF ;02;AMBIENTES FÍSICOS EN CENTROS OFICIALES DE EDUCACIÓN SELECCIONADOS.;Desarrollar el modelo de calidad educativa de la primera infancia en El Salvador, para mejorar el desarrollo de los niños y niñas entre 0 y 7 años de edad.;8641;114 proyectos de infraestructura para centros oficiales de ECPI finalizados en el marco del Proyecto - DIAE.;12311;3.2.3 - Proveer mobiliario escolar para los centros educativos públicos que atienden primera infancia seleccionados;217788;MESAS Y SILLAS DE TRABAJO MADERA PARA PRIMER GRADO (1 MESA CON CUATRO SILLAS);61101;3.2.3.1.2 - Mesas y sillas de trabajo de madera para primer grado  - Para el proceso de 51 C.E.;107;9797602;0;-6308879;334750;1029081;7333357;5392007;;16/01/2026;NO UACI;;;;0;;              ;
2026;BIRF 9067-SV;1401;7495 BIRF ;02;AMBIENTES FÍSICOS EN CENTROS OFICIALES DE EDUCACIÓN SELECCIONADOS.;Desarrollar el modelo de calidad educativa de la primera infancia en El Salvador, para mejorar el desarrollo de los niños y niñas entre 0 y 7 años de edad.;8641;114 proyectos de infraestructura para centros oficiales de ECPI finalizados en el marco del Proyecto - DIAE.;12311;3.2.3 - Proveer mobiliario escolar para los centros educativos públicos que atienden primera infancia seleccionados;217789;SILLA GIRATORIA SECRETARIAL - CADA UNO [ CADA UNO ] ;61101;3.2.3.1.2 - Silla giratoria secretarial  - Para el proceso de 51 C.E.;61;14060302;0;-2273993;5698735;5689319;9855357;7634150;;16/01/2026;NO UACI;;;;0;;              ;
2026;BIRF 9067-SV;1401;7495 BIRF ;02;AMBIENTES FÍSICOS EN CENTROS OFICIALES DE EDUCACIÓN SELECCIONADOS.;Desarrollar el modelo de calidad educativa de la primera infancia en El Salvador, para mejorar el desarrollo de los niños y niñas entre 0 y 7 años de edad.;8641;114 proyectos de infraestructura para centros oficiales de ECPI finalizados en el marco del Proyecto - DIAE.;12311;3.2.3 - Proveer mobiliario escolar para los centros educativos públicos que atienden primera infancia seleccionados;217790;ESCRITORIO PARA DIRECTOR.;61101;3.2.3.1.2 - Escritorio para director - Para el proceso de 51 C.E.;50;13824137;0;-9752357;4734053;738433;846683;5593510;;16/01/2026;NO UACI;;;;0;;              ;
2026;BIRF 9067-SV;1401;7495 BIRF ;02;AMBIENTES FÍSICOS EN CENTROS OFICIALES DE EDUCACIÓN SELECCIONADOS.;Desarrollar el modelo de calidad educativa de la primera infancia en El Salvador, para mejorar el desarrollo de los niños y niñas entre 0 y 7 años de edad.;8641;114 proyectos de infraestructura para centros oficiales de ECPI finalizados en el marco del Proyecto - DIAE.;12311;3.2.3 - Proveer mobiliario escolar para los centros educativos públicos que atienden primera infancia seleccionados;217791;SILLA DE ESPERA.;61101;3.2.3.1.2 - Silla de espera - Para el proceso de 51 C.E.;184;179060;0;-13162871;302870;4860480;5148465;3478718;;16/01/2026;NO UACI;;;;0;;              ;
2026;BIRF 9067-SV;1401;7495 BIRF ;02;AMBIENTES FÍSICOS EN CENTROS OFICIALES DE EDUCACIÓN SELECCIONADOS.;Desarrollar el modelo de calidad educativa de la primera infancia en El Salvador, para mejorar el desarrollo de los niños y niñas entre 0 y 7 años de edad.;8641;114 proyectos de infraestructura para centros oficiales de ECPI finalizados en el marco del Proyecto - DIAE.;12311;3.2.3 - Proveer mobiliario escolar para los centros educativos públicos que atienden primera infancia seleccionados;217794;SUMINISTRO DE MOBILIARIO - CADA UNO;61101;3.2.3.1.2 - Camilla de enfermería - Para el proceso de 51 C.E.;7;365528;0;-572662;3084172;46538;6847731;1464899;;16/01/2026;NO UACI;;;;0;;              ;
2026;BIRF 9067-SV;1401;7495 BIRF ;02;AMBIENTES FÍSICOS EN CENTROS OFICIALES DE EDUCACIÓN SELECCIONADOS.;Desarrollar el modelo de calidad educativa de la primera infancia en El Salvador, para mejorar el desarrollo de los niños y niñas entre 0 y 7 años de edad.;8641;114 proyectos de infraestructura para centros oficiales de ECPI finalizados en el marco del Proyecto - DIAE.;12311;3.2.3 - Proveer mobiliario escolar para los centros educativos públicos que atienden primera infancia seleccionados;217795;SILLA DE TRABAJO MADERA PARA PARVULARIA;61101;3.2.3.1.2 - Silla de trabajo de madera para parvularia - Para el proceso de 51 C.E.;7283;13060615;0;-11950794;4512493;4816625;891304;3904976;;16/01/2026;NO UACI;;;;0;;              ;
2026;BIRF 9067-SV;1401;7495 BIRF ;02;AMBIENTES FÍSICOS EN CENTROS OFICIALES DE EDUCACIÓN SELECCIONADOS.;Desarrollar el modelo de calidad educativa de la primera infancia en El Salvador, para mejorar el desarrollo de los niños y niñas entre 0 y 7 años de edad.;8641;114 proyectos de infraestructura para centros oficiales de ECPI finalizados en el marco del Proyecto - DIAE.;12311;3.2.3 - Proveer mobiliario escolar para los centros educativos públicos que atienden primera infancia seleccionados;217796;SILLA DE MADERA PARA DOCENTE.;61101;3.2.3.1.2. - Silla de madera para docente - Para el proceso de 51 C.E.;278;12043466;0;-5921907;3658325;331035;6950128;112420;;16/01/2026;NO UACI;;;;0;;              ;
2026;BIRF 9067-SV;1401;7495 BIRF ;02;AMBIENTES FÍSICOS EN CENTROS OFICIALES DE EDUCACIÓN SELECCIONADOS.;Desarrollar el modelo de calidad educativa de la primera infancia en El Salvador, para mejorar el desarrollo de los niños y niñas entre 0 y 7 años de edad.;8641;114 proyectos de infraestructura para centros oficiales de ECPI finalizados en el marco del Proyecto - DIAE.;12311;3.2.3 - Proveer mobiliario escolar para los centros educativos públicos que atienden primera infancia seleccionados;217798;SUMINISTRO DE MOBILIARIO - CADA UNO;61101;3.2.3.1.2 - Exhibidor de trabajos de corcho - Para  el proceso de 51 C.E.;278;1769499;0;-2207901;1784289;4639759;597536;7288974;;16/01/2026;NO UACI;;;;0;;              ;
2026;BIRF 9067-SV;1401;7495 BIRF ;02;AMBIENTES FÍSICOS EN CENTROS OFICIALES DE EDUCACIÓN SELECCIONADOS.;Desarrollar el modelo de calidad educativa de la primera infancia en El Salvador, para mejorar el desarrollo de los niños y niñas entre 0 y 7 años de edad.;8641;114 proyectos de infraestructura para centros oficiales de ECPI finalizados en el marco del Proyecto - DIAE.;12311;3.2.3 - Proveer mobiliario escolar para los centros educativos públicos que atienden primera infancia seleccionados;217799;SUMINISTRO DE MOBILIARIO - CADA UNO;61101;3.2.3.1.2 - Caballete de madera de pie - Para el proceso de 51 C.E.;288;10440956;0;2578853;5489622;3462255;2026117;1011014;;16/01/2026;NO UACI;;;;0;;              ;
2026;BIRF 9067-SV;1401;7495 BIRF ;02;AMBIENTES FÍSICOS EN CENTROS OFICIALES DE EDUCACIÓN SELECCIONADOS.;Desarrollar el modelo de calidad educativa de la primera infancia en El Salvador, para mejorar el desarrollo de los niños y niñas entre 0 y 7 años de edad.;8641;114 proyectos de infraestructura para centros oficiales de ECPI finalizados en el marco del Proyecto - DIAE.;12311;3.2.3 - Proveer mobiliario escolar para los centros educativos públicos que atienden primera infancia seleccionados;217800;SILLAS DE MADERA (INICIAL);61101;3.2.3.1.2 - Sillas de madera (inicial) - Para el proceso de 51 C.E.;428;7264907;0;-1842503;1346334;306748;5326580;9081338;;16/01/2026;NO UACI;;;;0;;              ;
2026;BIRF 9067-SV;1401;7495 BIRF ;02;AMBIENTES FÍSICOS EN CENTROS OFICIALES DE EDUCACIÓN SELECCIONADOS.;Desarrollar el modelo de calidad educativa de la primera infancia en El Salvador, para mejorar el desarrollo de los niños y niñas entre 0 y 7 años de edad.;8641;114 proyectos de infraestructura para centros oficiales de ECPI finalizados en el marco del Proyecto - DIAE.;12311;3.2.3 - Proveer mobiliario escolar para los centros educativos públicos que atienden primera infancia seleccionados;217801;PIZARRA PEQUEÑA CON SUJETADOR;61101;3.2.3.1.2 - Pizarra pequeña con sujetador - Para el proceso de 51 C.E.;10;16699111;0;-11273216;3130810;3119902;5225362;196490;;16/01/2026;NO UACI;;;;0;;              ;
2026;BIRF 9067-SV;1401;7495 BIRF ;02;AMBIENTES FÍSICOS EN CENTROS OFICIALES DE EDUCACIÓN SELECCIONADOS.;Desarrollar el modelo de calidad educativa de la primera infancia en El Salvador, para mejorar el desarrollo de los niños y niñas entre 0 y 7 años de edad.;8641;114 proyectos de infraestructura para centros oficiales de ECPI finalizados en el marco del Proyecto - DIAE.;12311;3.2.3 - Proveer mobiliario escolar para los centros educativos públicos que atienden primera infancia seleccionados;217802;PUPITRES GRANDES;61101;3.2.3.1.2 - Pupitres grandes - Para el proceso de 51 C.E.;1543;6086709;0;-16232168;2452541;139836;2893178;9008948;;16/01/2026;NO UACI;;;;0;;              ;
2026;BIRF 9067-SV;1401;7495 BIRF ;02;AMBIENTES FÍSICOS EN CENTROS OFICIALES DE EDUCACIÓN SELECCIONADOS.;Desarrollar el modelo de calidad educativa de la primera infancia en El Salvador, para mejorar el desarrollo de los niños y niñas entre 0 y 7 años de edad.;8641;114 proyectos de infraestructura para centros oficiales de ECPI finalizados en el marco del Proyecto - DIAE.;12311;3.2.3 - Proveer mobiliario escolar para los centros educativos públicos que atienden primera infancia seleccionados;217803;PUPITRES MEDIANOS;61101;3.2.3.1.2 - Pupitres medianos - Para el proceso de 51 C.E.;760;10391639;0;-16393014;3683995;3564373;9001709;2770369;;16/01/2026;NO UACI;;;;0;;              ;
2026;BIRF 9067-SV;1401;7495 BIRF ;02;AMBIENTES FÍSICOS EN CENTROS OFICIALES DE EDUCACIÓN SELECCIONADOS.;Desarrollar el modelo de calidad educativa de la primera infancia en El Salvador, para mejorar el desarrollo de los niños y niñas entre 0 y 7 años de edad.;8641;114 proyectos de infraestructura para centros oficiales de ECPI finalizados en el marco del Proyecto - DIAE.;12311;3.2.3 - Proveer mobiliario escolar para los centros educativos públicos que atienden primera infancia seleccionados;217804;PUPITRES PEQUEÑOS - CADA UNO [ CADA UNO ] ;61101;3.2.3.1.2 - Pupitres pequeños - Para el proceso de 51 C.E.;679;9079723;0;132242;5247207;3425488;3637978;3796378;;16/01/2026;NO UACI;;;;0;;              ;
2026;BIRF 9067-SV;1401;7495 BIRF ;02;AMBIENTES FÍSICOS EN CENTROS OFICIALES DE EDUCACIÓN SELECCIONADOS.;Desarrollar el modelo de calidad educativa de la primera infancia en El Salvador, para mejorar el desarrollo de los niños y niñas entre 0 y 7 años de edad.;8641;114 proyectos de infraestructura para centros oficiales de ECPI finalizados en el marco del Proyecto - DIAE.;12311;3.2.3 - Proveer mobiliario escolar para los centros educativos públicos que atienden primera infancia seleccionados;217805;MESA PARA COMEDOR PLEGABLE PEQUEÑA;61101;3.2.3.1.2 - Mesa para comedor plegable pequeña - Para el proceso de 51 C.E.;75;9038390;0;-9335632;4303122;2530539;2574924;6326085;;16/01/2026;NO UACI;;;;0;;              ;
2026;BIRF 9067-SV;1401;7495 BIRF ;02;AMBIENTES FÍSICOS EN CENTROS OFICIALES DE EDUCACIÓN SELECCIONADOS.;Desarrollar el modelo de calidad educativa de la primera infancia en El Salvador, para mejorar el desarrollo de los niños y niñas entre 0 y 7 años de edad.;8641;114 proyectos de infraestructura para centros oficiales de ECPI finalizados en el marco del Proyecto - DIAE.;12311;3.2.3 - Proveer mobiliario escolar para los centros educativos públicos que atienden primera infancia seleccionados;217807;MESA PARA COMEDOR PLEGABLE GRANDE;61101;3.2.3.1.2 - Mesa para comedor plegable grande - Para el proceso de 51 C.E.;57;11702592;0;-8469373;5019814;5916230;617874;9009772;;16/01/2026;NO UACI;;;;0;;              ;
2026;BIRF 9067-SV;1401;7495 BIRF ;02;AMBIENTES FÍSICOS EN CENTROS OFICIALES DE EDUCACIÓN SELECCIONADOS.;Desarrollar el modelo de calidad educativa de la primera infancia en El Salvador, para mejorar el desarrollo de los niños y niñas entre 0 y 7 años de edad.;8641;114 proyectos de infraestructura para centros oficiales de ECPI finalizados en el marco del Proyecto - DIAE.;12311;3.2.3 - Proveer mobiliario escolar para los centros educativos públicos que atienden primera infancia seleccionados;217808;ALFOMBRA - CADA UNO;54104;3.2.3.1.2 - Alfombra  EVA para parvularia e inicial - Para el proceso de 51 C.E.;288;16290183;0;-13329391;3817837;225391;9220266;713344;;16/01/2026;NO UACI;;;;0;;              ;
2026;BIRF 9067-SV;1401;7495 BIRF ;02;AMBIENTES FÍSICOS EN CENTROS OFICIALES DE EDUCACIÓN SELECCIONADOS.;Desarrollar el modelo de calidad educativa de la primera infancia en El Salvador, para mejorar el desarrollo de los niños y niñas entre 0 y 7 años de edad.;8641;114 proyectos de infraestructura para centros oficiales de ECPI finalizados en el marco del Proyecto - DIAE.;12311;3.2.3 - Proveer mobiliario escolar para los centros educativos públicos que atienden primera infancia seleccionados;217809;COLCHONETAS PARA PISO CON DOS FORROS.;54106;3.2.3.1.2 - Colchonetas para piso con dos forros para palvularia inicial - Para el proceso de 51 C.E.;3508;11995541;0;-6470550;2847715;3767805;6117466;7119585;;16/01/2026;NO UACI;;;;0;;              ;
2026;BIRF 9067-SV;1401;7495 BIRF ;02;AMBIENTES FÍSICOS EN CENTROS OFICIALES DE EDUCACIÓN SELECCIONADOS.;Desarrollar el modelo de calidad educativa de la primera infancia en El Salvador, para mejorar el desarrollo de los niños y niñas entre 0 y 7 años de edad.;8641;114 proyectos de infraestructura para centros oficiales de ECPI finalizados en el marco del Proyecto - DIAE.;12311;3.2.3 - Proveer mobiliario escolar para los centros educativos públicos que atienden primera infancia seleccionados;217810;ESCRITORIO CATEDRA;61101;3.2.3.1.2 - Escritorio catedra - Para el proceso de 51 C.E.;150;15559471;0;-9800749;4654244;5532287;3284125;3368762;;16/01/2026;NO UACI;;;;0;;              ;
2026;BIRF 9067-SV;1401;7495 BIRF ;02;AMBIENTES FÍSICOS EN CENTROS OFICIALES DE EDUCACIÓN SELECCIONADOS.;Desarrollar el modelo de calidad educativa de la primera infancia en El Salvador, para mejorar el desarrollo de los niños y niñas entre 0 y 7 años de edad.;8641;114 proyectos de infraestructura para centros oficiales de ECPI finalizados en el marco del Proyecto - DIAE.;12311;3.2.3 - Proveer mobiliario escolar para los centros educativos públicos que atienden primera infancia seleccionados;217811;SILLA TIPO CATEDRA.;61101;3.2.3.1.2 - Silla tipo catedra - Para el proceso de 51 C.E.;150;17439453;0;-3328974;4653397;132567;9651681;5022635;;16/01/2026;NO UACI;;;;0;;              ;
2026;BIRF 9067-SV;1401;7495 BIRF ;02;AMBIENTES FÍSICOS EN CENTROS OFICIALES DE EDUCACIÓN SELECCIONADOS.;Desarrollar el modelo de calidad educativa de la primera infancia en El Salvador, para mejorar el desarrollo de los niños y niñas entre 0 y 7 años de edad.;8641;114 proyectos de infraestructura para centros oficiales de ECPI finalizados en el marco del Proyecto - DIAE.;12311;3.2.3 - Proveer mobiliario escolar para los centros educativos públicos que atienden primera infancia seleccionados;217812;ESTANTE DE 4 NIVELES.;61101;3.2.3.1.2 - Estante de 4 niveles - Para el proceso de 51 C.E.;247;15021549;0;-358408;110090;4382502;5207238;7378956;;16/01/2026;NO UACI;;;;0;;              ;
2026;BIRF 9067-SV;1401;7495 BIRF ;02;AMBIENTES FÍSICOS EN CENTROS OFICIALES DE EDUCACIÓN SELECCIONADOS.;Desarrollar el modelo de calidad educativa de la primera infancia en El Salvador, para mejorar el desarrollo de los niños y niñas entre 0 y 7 años de edad.;8641;114 proyectos de infraestructura para centros oficiales de ECPI finalizados en el marco del Proyecto - DIAE.;12311;3.2.3 - Proveer mobiliario escolar para los centros educativos públicos que atienden primera infancia seleccionados;217813;ARCHIVO DE 4 GAVETAS.;61101;3.2.3.1.2.-Archivo de 4 gavetas - Para el proceso de 51 C.E.;97;5131526;0;-3530969;3193929;2436124;5370177;3673282;;16/01/2026;NO UACI;;;;0;;              ;
2026;BIRF 9067-SV;1401;7495 BIRF ;02;AMBIENTES FÍSICOS EN CENTROS OFICIALES DE EDUCACIÓN SELECCIONADOS.;Desarrollar el modelo de calidad educativa de la primera infancia en El Salvador, para mejorar el desarrollo de los niños y niñas entre 0 y 7 años de edad.;8641;114 proyectos de infraestructura para centros oficiales de ECPI finalizados en el marco del Proyecto - DIAE.;12311;3.2.3 - Proveer mobiliario escolar para los centros educativos públicos que atienden primera infancia seleccionados;217814;ESCRITORIO SECRETARIAL - CADA UNO [ CADA UNO ] ;61101;3.2.3.1.2 - Escritorio secretarial - Para el proceso de 51 C.E.;61;8235473;0;-3974122;2717988;3686949;5082245;6912892;;16/01/2026;NO UACI;;;;0;;              ;
2026;BIRF 9067-SV;1401;7495 BIRF ;02;AMBIENTES FÍSICOS EN CENTROS OFICIALES DE EDUCACIÓN SELECCIONADOS.;Desarrollar el modelo de calidad educativa de la primera infancia en El Salvador, para mejorar el desarrollo de los niños y niñas entre 0 y 7 años de edad.;8641;114 proyectos de infraestructura para centros oficiales de ECPI finalizados en el marco del Proyecto - DIAE.;12311;3.2.3 - Proveer mobiliario escolar para los centros educativos públicos que atienden primera infancia seleccionados;217815;MESA PLEGABLE PARA SALA DE MAESTROS;61101;3.2.3.1.2 - Mesa plegable para sala de maestros - Para el proceso de 51 C.E.;80;7685652;0;-11153802;3852704;1251177;8085669;7727190;;16/01/2026;NO UACI;;;;0;;              ;
2026;BIRF 9067-SV;1401;7495 BIRF ;02;AMBIENTES FÍSICOS EN CENTROS OFICIALES DE EDUCACIÓN SELECCIONADOS.;Desarrollar el modelo de calidad educativa de la primera infancia en El Salvador, para mejorar el desarrollo de los niños y niñas entre 0 y 7 años de edad.;8641;114 proyectos de infraestructura para centros oficiales de ECPI finalizados en el marco del Proyecto - DIAE.;12311;3.2.3 - Proveer mobiliario escolar para los centros educativos públicos que atienden primera infancia seleccionados;217816;SUMINISTRO DE MOBILIARIO - CADA UNO;61101;3.2.3.1.2 - Silla plegable acolchonada para sala de maestros - Para el proceso de 51 C.E.;342;6178735;0;-11002222;4599357;1700822;4219877;6658383;;16/01/2026;NO UACI;;;;0;;              ;
2026;BIRF 9067-SV;1401;7495 BIRF ;02;AMBIENTES FÍSICOS EN CENTROS OFICIALES DE EDUCACIÓN SELECCIONADOS.;Desarrollar el modelo de calidad educativa de la primera infancia en El Salvador, para mejorar el desarrollo de los niños y niñas entre 0 y 7 años de edad.;8641;114 proyectos de infraestructura para centros oficiales de ECPI finalizados en el marco del Proyecto - DIAE.;12311;3.2.3 - Proveer mobiliario escolar para los centros educativos públicos que atienden primera infancia seleccionados;217818;SUMINISTRO DE MOBILIARIO - CADA UNO;61101;3.2.3.1.2. - Silla plástica para salón de usos múltiples - Para el proceso de 51 C.E.;3950;7749715;0;-2402621;98730;815808;3874553;2230432;;16/01/2026;NO UACI;;;;0;;              ;
2026;BIRF 9067-SV;1401;7495 BIRF ;02;AMBIENTES FÍSICOS EN CENTROS OFICIALES DE EDUCACIÓN SELECCIONADOS.;Desarrollar el modelo de calidad educativa de la primera infancia en El Salvador, para mejorar el desarrollo de los niños y niñas entre 0 y 7 años de edad.;8641;114 proyectos de infraestructura para centros oficiales de ECPI finalizados en el marco del Proyecto - DIAE.;12311;3.2.3 - Proveer mobiliario escolar para los centros educativos públicos que atienden primera infancia seleccionados;217819;SILLA PARA DIRECTOR.;61101;3.2.3.1.2 - Silla para director - Para el proceso de 51 C.E.;50;14785236;0;-4810995;1261334;5469662;4802120;6667686;;16/01/2026;NO UACI;;;;0;;              ;
2026;BIRF 9067-SV;1401;7495 BIRF ;02;AMBIENTES FÍSICOS EN CENTROS OFICIALES DE EDUCACIÓN SELECCIONADOS.;Desarrollar el modelo de calidad educativa de la primera infancia en El Salvador, para mejorar el desarrollo de los niños y niñas entre 0 y 7 años de edad.;8641;114 proyectos de infraestructura para centros oficiales de ECPI finalizados en el marco del Proyecto - DIAE.;12311;3.2.3 - Proveer mobiliario escolar para los centros educativos públicos que atienden primera infancia seleccionados;217820;MESA DE TRABAJO MADERA PARA PARVULARIA;61101;3.2.3.1.2 - Mesa de trabajo de madera para parvularia - Para el proceso de 51 C.E.;1732;6159488;0;-8820943;1680219;3464076;9305240;192753;;16/01/2026;NO UACI;;;;0;;              ;
2026;BIRF 9067-SV;1401;7495 BIRF ;02;AMBIENTES FÍSICOS EN CENTROS OFICIALES DE EDUCACIÓN SELECCIONADOS.;Desarrollar el modelo de calidad educativa de la primera infancia en El Salvador, para mejorar el desarrollo de los niños y niñas entre 0 y 7 años de edad.;8641;114 proyectos de infraestructura para centros oficiales de ECPI finalizados en el marco del Proyecto - DIAE.;12311;3.2.3 - Proveer mobiliario escolar para los centros educativos públicos que atienden primera infancia seleccionados;217821;EXHIBIDOR DE LIBROS FIJO PARA PARVULARIA;61101;3.2.3.1.2 - Exhibidor de libros fijo para parvularia - Para el proceso de 51 C.E.;576;15601141;0;-3663324;2622496;1749043;7259019;8276002;;16/01/2026;NO UACI;;;;0;;              ;
2026;BIRF 9067-SV;1401;7495 BIRF ;02;AMBIENTES FÍSICOS EN CENTROS OFICIALES DE EDUCACIÓN SELECCIONADOS.;Desarrollar el modelo de calidad educativa de la primera infancia en El Salvador, para mejorar el desarrollo de los niños y niñas entre 0 y 7 años de edad.;8641;114 proyectos de infraestructura para centros oficiales de ECPI finalizados en el marco del Proyecto - DIAE.;12311;3.2.3 - Proveer mobiliario escolar para los centros educativos públicos que atienden primera infancia seleccionados;217822;MESAS DE TRABAJO CUADRADAS DE MADERA (INICIAL);61101;3.2.3.1.2 - Mesas de trabajo cuadradas de madera (inicial) - Para el proceso de 51 C.E.;107;42604;0;558605;433489;5719308;2052957;8750076;;16/01/2026;NO UACI;;;;0;;              ;
2026;BIRF 9067-SV;1401;7495 BIRF ;02;AMBIENTES FÍSICOS EN CENTROS OFICIALES DE EDUCACIÓN SELECCIONADOS.;Desarrollar el modelo de calidad educativa de la primera infancia en El Salvador, para mejorar el desarrollo de los niños y niñas entre 0 y 7 años de edad.;8641;114 proyectos de infraestructura para centros oficiales de ECPI finalizados en el marco del Proyecto - DIAE.;12311;3.2.3 - Proveer mobiliario escolar para los centros educativos públicos que atienden primera infancia seleccionados;218873;ADQUISICION DE MOBILIARIO ESCOLAR PARA CENTROS EDUCATIVOS DEL MINISTERIO DE EDUCACION, CIENCIA Y TECNOLOGIA;61101;3.2.3.1.2 - Suministro y distribución de mobiliario escolar para   centros educativos públicos que atienden primera infancia a nivel nacional - Grupo #2.;51;16020489;0;-11272022;3755471;3238895;8040121;8852512;;17/12/2026;UACI;;;;0;;              ;
2026;BIRF 9067-SV;1401;7495 BIRF ;02;GESTIÓN DEL PROYECTO.;Desarrollar el modelo de calidad educativa de la primera infancia en El Salvador, para mejorar el desarrollo de los niños y niñas entre 0 y 7 años de edad.;8643;Aplicación de medidas para el cumplimiento de los Estándares Ambientales y Sociales (EAS) - DEPI.;12273;4.2.6 Apoyar para el cumplimiento de los Estándares Ambientales y Sociales (EAS) ;217370;SERVICIOS PROFESIONALES;54599;4.2.6.4.2- Contratación de enseñante 5 de la cultura y lengua indígena para la incorporación del modelo de inmersión lingüística e identitaria en secciones de niños y niñas de 4 a 7 años;1;4610668;0;3330403;648949;3686345;4439397;7757222;77;03/01/2026;UACI;24/08/2023;01/01/2026;30/06/2026;27778;24;009006621     ;JOSEFINA  VÁSQUEZ VÁSQUEZ
2026;BIRF 9067-SV;1401;7495 BIRF ;02;GESTIÓN DEL PROYECTO.;Desarrollar el modelo de calidad educativa de la primera infancia en El Salvador, para mejorar el desarrollo de los niños y niñas entre 0 y 7 años de edad.;8643;Aplicación de medidas para el cumplimiento de los Estándares Ambientales y Sociales (EAS) - DEPI.;12273;4.2.6 Apoyar para el cumplimiento de los Estándares Ambientales y Sociales (EAS) ;217371;SERVICIOS PROFESIONALES;54599;4.2.6.4.2-Contratación de enseñante 3 de la cultura y lengua indigena para la incorporación del modelo de inmersión linguistica e identitaria en secciones de niños y niñas de 4 a 7 años;1;15485629;0;1992822;1341195;3175682;8308610;1062889;77;03/01/2026;UACI;24/08/2023;01/01/2026;30/06/2026;27778;20;047914923     ;ELVIRA ESTELA PATRIZ DE RAMÍREZ
2026;BIRF 9067-SV;1401;7495 BIRF ;02;GESTIÓN DEL PROYECTO.;Desarrollar el modelo de calidad educativa de la primera infancia en El Salvador, para mejorar el desarrollo de los niños y niñas entre 0 y 7 años de edad.;8643;Aplicación de medidas para el cumplimiento de los Estándares Ambientales y Sociales (EAS) - DEPI.;12273;4.2.6 Apoyar para el cumplimiento de los Estándares Ambientales y Sociales (EAS) ;217372;SERVICIOS PROFESIONALES;54599;4.2.6.4.2- Contratación de enseñante 2 de la cultura y lengua indígena para la incorporación del modelo de inmersión lingüística e identitaria en secciones de niños y niñas de 4 a 7 años;1;2428754;0;-9174703;115984;3992419;2581891;5842541;77;03/01/2026;UACI;24/08/2023;01/01/2026;30/06/2026;27778;25;012685329     ;BASILIA GARCÍA DE LÓPEZ
2026;BIRF 9067-SV;1401;7495 BIRF ;02;GESTIÓN DEL PROYECTO.;Desarrollar el modelo de calidad educativa de la primera infancia en El Salvador, para mejorar el desarrollo de los niños y niñas entre 0 y 7 años de edad.;8643;Aplicación de medidas para el cumplimiento de los Estándares Ambientales y Sociales (EAS) - DEPI.;12273;4.2.6 Apoyar para el cumplimiento de los Estándares Ambientales y Sociales (EAS) ;217373;SERVICIOS PROFESIONALES;54599;4.2.6.4.2-Contratación de enseñante 1 de la cultura y lengua indigena para la incorporación del modelo de inmersión linguistica e identitaria en secciones de niños y niñas de 4 a 7 años;1;6121932;0;-15348929;5984247;2811786;9822443;9517914;77;03/01/2026;UACI;24/08/2023;01/01/2026;30/06/2026;27778;19;031495335     ;ANDREA LÓPEZ VDA. DE CORADO
2026;BIRF 9067-SV;1401;7495 BIRF ;02;GESTIÓN DEL PROYECTO.;Desarrollar el modelo de calidad educativa de la primera infancia en El Salvador, para mejorar el desarrollo de los niños y niñas entre 0 y 7 años de edad.;8643;Aplicación de medidas para el cumplimiento de los Estándares Ambientales y Sociales (EAS) - DEPI.;12273;4.2.6 Apoyar para el cumplimiento de los Estándares Ambientales y Sociales (EAS) ;217376;SERVICIOS PROFESIONALES;54599;4.2.6.4.2- Contratación de enseñante de cultura y lengua indígena para nidos de inmersión lingüística e identitaria en educación parvularia.;1;4726101;0;-5088953;750781;2116666;1806783;2475460;53/2025;03/01/2026;UACI;22/12/2025;05/01/2026;30/06/2026;27745;160/2025;017256688     ;ELSA CORTEZ DE LÓPEZ
2026;BIRF 9067-SV;1401;7495 BIRF ;02;GESTIÓN DEL PROYECTO.;Desarrollar el modelo de calidad educativa de la primera infancia en El Salvador, para mejorar el desarrollo de los niños y niñas entre 0 y 7 años de edad.;8643;Aplicación de medidas para el cumplimiento de los Estándares Ambientales y Sociales (EAS) - DEPI.;12273;4.2.6 Apoyar para el cumplimiento de los Estándares Ambientales y Sociales (EAS) ;217377;SERVICIOS PROFESIONALES;54599;4.2.6.4.2- Contratación de enseñante 7 de la cultura y lengua indígena para la incorporación del modelo de inmersión lingüística e identitaria en secciones de niños y niñas de 4 a 7 años;1;3662373;0;-5695654;2650820;2386575;6795899;3037124;77;03/01/2026;UACI;24/08/2023;01/01/2026;30/06/2026;27778;23;03141409861010;MARITHZA JANNETH ALFARO ÁLVAREZ
2026;BIRF 9067-SV;1401;7495 BIRF ;02;GESTIÓN DEL PROYECTO.;Desarrollar el modelo de calidad educativa de la primera infancia en El Salvador, para mejorar el desarrollo de los niños y niñas entre 0 y 7 años de edad.;8643;Aplicación de medidas para el cumplimiento de los Estándares Ambientales y Sociales (EAS) - DEPI.;12273;4.2.6 Apoyar para el cumplimiento de los Estándares Ambientales y Sociales (EAS) ;217378;SERVICIOS PROFESIONALES;54599;4.2.6.4.2- Contratación de enseñante 6 de la cultura y lengua indígena para la incorporación del modelo de inmersión lingüística e identitaria en secciones de niños y niñas de 4 a 7 años;1;8823448;0;-13909453;5151895;5024913;1075161;1284994;77;03/01/2026;UACI;24/08/2023;01/01/2026;30/06/2026;27778;21;012961149     ;LUIS RAMÍREZ 
2026;BIRF 9067-SV;1401;7495 BIRF ;02;GESTIÓN DEL PROYECTO.;Desarrollar el modelo de calidad educativa de la primera infancia en El Salvador, para mejorar el desarrollo de los niños y niñas entre 0 y 7 años de edad.;8643;Aplicación de medidas para el cumplimiento de los Estándares Ambientales y Sociales (EAS) - DEPI.;12273;4.2.6 Apoyar para el cumplimiento de los Estándares Ambientales y Sociales (EAS) ;217379;SERVICIOS PROFESIONALES;54599;4.2.6.4.3- Contratación de portador cultural 1 para la incorporación del modelo de inmersión lingüística e identitaria (segunda convocatoria);1;3006622;0;-4516583;4861755;668542;5029910;6818418;54;03/01/2026;UACI;31/03/2025;01/01/2026;30/06/2026;27746;41;00263140900000;RAFAEL ALBERTO SALAZAR RIVERA 
2026;BIRF 9067-SV;1401;7495 BIRF ;02;GESTIÓN DEL PROYECTO.;Desarrollar el modelo de calidad educativa de la primera infancia en El Salvador, para mejorar el desarrollo de los niños y niñas entre 0 y 7 años de edad.;8643;Aplicación de medidas para el cumplimiento de los Estándares Ambientales y Sociales (EAS) - DEPI.;12273;4.2.6 Apoyar para el cumplimiento de los Estándares Ambientales y Sociales (EAS) ;217380;SERVICIOS PROFESIONALES;54599;4.2.6.4.3- Contratación de portador cultural 2 para la incorporación del modelo de inmersión lingüística e identitaria ;1;6214758;0;-7509712;587636;833509;5963711;6535841;81;03/01/2026;UACI;08/03/2024;01/01/2026;30/06/2026;27782;18/2024 BIRF-9067;032625810     ;JOSÉ EDGARDO ORELLANA GUEVARA  
2026;BIRF 9067-SV;1401;7495 BIRF ;02;GESTIÓN DEL PROYECTO.;Desarrollar el modelo de calidad educativa de la primera infancia en El Salvador, para mejorar el desarrollo de los niños y niñas entre 0 y 7 años de edad.;8643;Aplicación de medidas para el cumplimiento de los Estándares Ambientales y Sociales (EAS) - DEPI.;12273;4.2.6 Apoyar para el cumplimiento de los Estándares Ambientales y Sociales (EAS) ;217381;SERVICIOS PROFESIONALES;54599;4.2.6.4.3- Contratación de portador cultural 3 para la incorporación del modelo de inmersión lingüística e identitaria ;1;6604512;0;2437912;1110424;4042312;2724359;9175393;81;03/01/2026;UACI;08/03/2024;01/01/2026;01/06/2026;27782;19/2024 BIRF-9067;032857378     ;MILEYDA YANETH SÁNCHEZ AGUILAR   
2026;BIRF 9067-SV;1401;7495 BIRF ;02;GESTIÓN DEL PROYECTO.;Desarrollar el modelo de calidad educativa de la primera infancia en El Salvador, para mejorar el desarrollo de los niños y niñas entre 0 y 7 años de edad.;8643;Aplicación de medidas para el cumplimiento de los Estándares Ambientales y Sociales (EAS) - DEPI.;12273;4.2.6 Apoyar para el cumplimiento de los Estándares Ambientales y Sociales (EAS) ;217382;SERVICIOS PROFESIONALES;54599;4.2.6.4.3- Contratación de portador cultural 4 para la incorporación del modelo de inmersión lingüística e identitaria ;1;3844508;0;355365;3584207;261220;6506913;4552665;17;03/01/2026;UACI;31/07/2024;01/01/2026;30/06/2026;27652;47/2024;01311618-7    ;NOEMY ERNESTINA CONTRERAS DE GUERRERO
2026;BIRF 9067-SV;1401;7495 BIRF ;02;GESTIÓN DEL PROYECTO.;Desarrollar el modelo de calidad educativa de la primera infancia en El Salvador, para mejorar el desarrollo de los niños y niñas entre 0 y 7 años de edad.;8643;Aplicación de medidas para el cumplimiento de los Estándares Ambientales y Sociales (EAS) - DEPI.;12273;4.2.6 Apoyar para el cumplimiento de los Estándares Ambientales y Sociales (EAS) ;217383;SERVICIOS PROFESIONALES;54599;4.2.6.4.3 - Contratación de portador/a cultural no. 5 para la atención de nidos de inmersión lingüística e identitaria para niños y niñas de 4 a 7 años.;1;3176059;0;-2101084;1073542;2466429;636179;7858836;;03/01/2026;NO UACI;;;;0;;              ;
2026;BIRF 9067-SV;1401;7495 BIRF ;02;REVISIÓN, ALINEACIÓN  E IMPLEMENTACIÓN DEL CURRÍCULO ECPI EN TODO EL PAÍS;Desarrollar el modelo de calidad educativa de la primera infancia en El Salvador, para mejorar el desarrollo de los niños y niñas entre 0 y 7 años de edad.;8644;6,000 docentes capacitados para mejorar la transición de parvularia a primer grado y 17,000 docentes capacitados en estrategias para desarrollar habilidades lingüística y comunicativas de los estudiantes para la transición educativa - DEP.;12274;1.2.7 - Implementar la Estratégia de transición de Parvularia a Primer Grado;217384;IMPRESIONES Y PUBLICACIONES;54313;1.2.7.1.2 - Adquisición de servicios para la impresión de materiales de apoyo al proceso de transición de lectoescritura de parvularia a primer grado;1;2720922;0;-6335175;2656881;2966005;2488224;7405830;46/2025;16/02/2026;UACI;18/12/2025;01/02/2026;30/04/2026;27633;154/2025;06141410921078;IMPRESOS MULTIPLES, S.A DE C.V.
2026;BIRF 9067-SV;1401;7495 BIRF ;02;REVISIÓN, ALINEACIÓN  E IMPLEMENTACIÓN DEL CURRÍCULO ECPI EN TODO EL PAÍS;Desarrollar el modelo de calidad educativa de la primera infancia en El Salvador, para mejorar el desarrollo de los niños y niñas entre 0 y 7 años de edad.;8646;8,000 docentes ECPI a nivel nacional reciben el nuevo currículo. DCyME;12276;1.2.2 - Revisar, adaptar y publicar el currículo;217440;SERVICIOS DE CONSULTORIA - CADA UNO [ CADA UNO ] ;54322;1.2.2.5.1 - Consultoría para diseñar, diagramar, realizar artes finales e imprimir el curriculo de primera infancia en sistema braille. ;1;6172672;0;-13923142;3460973;3635867;1953768;5161173;;13/04/2026;UACI;;;;0;;              ;
2026;BIRF 9067-SV;1401;7495 BIRF ;02;REVISIÓN, ALINEACIÓN  E IMPLEMENTACIÓN DEL CURRÍCULO ECPI EN TODO EL PAÍS;Desarrollar el modelo de calidad educativa de la primera infancia en El Salvador, para mejorar el desarrollo de los niños y niñas entre 0 y 7 años de edad.;8646;8,000 docentes ECPI a nivel nacional reciben el nuevo currículo. DCyME;12276;1.2.2 - Revisar, adaptar y publicar el currículo;217441;SERVICIOS DE CONSULTORIA - CADA UNO [ CADA UNO ] ;54322;1.2.2.3.1 - Consultoría para la edición, diagramación e ilustración de versión impresa del currículo de primera infancia.;1;8491785;0;-280320;5275148;5646049;2530995;8391750;103/2024;03/01/2026;UACI;19/11/2025;19/11/2025;19/03/2026;27708;153;06141306071097;FUNDACIÓN CRISÁLIDA INTERNACIONAL 
2026;BIRF 9067-SV;1401;7495 BIRF ;02;REVISIÓN, ALINEACIÓN  E IMPLEMENTACIÓN DEL CURRÍCULO ECPI EN TODO EL PAÍS;Desarrollar el modelo de calidad educativa de la primera infancia en El Salvador, para mejorar el desarrollo de los niños y niñas entre 0 y 7 años de edad.;8646;8,000 docentes ECPI a nivel nacional reciben el nuevo currículo. DCyME;12276;1.2.2 - Revisar, adaptar y publicar el currículo;217443;IMPRESIONES Y PUBLICACIONES;54313;1.2.2.4.1 - Servicio de impresión del currículo de primera infancia;1;1810104;0;-7042563;211872;2827450;6039506;6408232;58/2025;08/07/2026;UACI;17/12/2025;16/03/2026;16/06/2026;27629;155/2025;06141410921078;IMPRESOS MULTIPLES, S.A DE C.V.
2026;BIRF 9067-SV;1401;7495 BIRF ;02;REVISIÓN, ALINEACIÓN  E IMPLEMENTACIÓN DEL CURRÍCULO ECPI EN TODO EL PAÍS;Desarrollar el modelo de calidad educativa de la primera infancia en El Salvador, para mejorar el desarrollo de los niños y niñas entre 0 y 7 años de edad.;8646;8,000 docentes ECPI a nivel nacional reciben el nuevo currículo. DCyME;12276;1.2.2 - Revisar, adaptar y publicar el currículo;217649;SERVICIOS PROFESIONALES;54599;1.2.2.1.3 - Contratación de técnico especialista en currículo de Primera Infancia, especialidad en Lectoescritura. ;1;14803519;0;-4190824;3050036;2137154;5781801;7920577;49;03/01/2026;UACI;08/01/2024;01/01/2026;30/06/2026;27741;6;06141609801144;FLOR ELISA BAIRES DE CUBIAS
2026;BIRF 9067-SV;1401;7495 BIRF ;02;REVISIÓN, ALINEACIÓN  E IMPLEMENTACIÓN DEL CURRÍCULO ECPI EN TODO EL PAÍS;Desarrollar el modelo de calidad educativa de la primera infancia en El Salvador, para mejorar el desarrollo de los niños y niñas entre 0 y 7 años de edad.;8646;8,000 docentes ECPI a nivel nacional reciben el nuevo currículo. DCyME;12276;1.2.2 - Revisar, adaptar y publicar el currículo;217650;SERVICIOS PROFESIONALES;54599;1.2.2.1.4 - Contratación de técnico especialista en currículo de Primera Infancia, especialidad en Educación Física Deporte.;1;3129801;0;-4229258;785385;2443632;9171738;3037561;39;03/01/2026;UACI;15/01/2024;15/01/2024;30/06/2026;27727;5/2024 BIRF-9067-S;049288247     ;SONIA ADELAIDA VÁSQUEZ   
2026;BIRF 9067-SV;1401;7495 BIRF ;02;REVISIÓN, ALINEACIÓN  E IMPLEMENTACIÓN DEL CURRÍCULO ECPI EN TODO EL PAÍS;Desarrollar el modelo de calidad educativa de la primera infancia en El Salvador, para mejorar el desarrollo de los niños y niñas entre 0 y 7 años de edad.;8646;8,000 docentes ECPI a nivel nacional reciben el nuevo currículo. DCyME;12276;1.2.2 - Revisar, adaptar y publicar el currículo;217651;SERVICIOS PROFESIONALES;54599;1.2.2.1.7 - Contratación de coordinador de diseño curricular de Primera Infancia.;1;12299004;0;-12460164;741354;5611280;771824;4309648;36;03/01/2026;UACI;19/07/2024;07/08/2024;30/06/2026;27722;44;94830303801015;FRANCISCO LUIS PORRES ARELLANO  
2026;BIRF 9067-SV;1401;7495 BIRF ;02;REVISIÓN, ALINEACIÓN  E IMPLEMENTACIÓN DEL CURRÍCULO ECPI EN TODO EL PAÍS;Desarrollar el modelo de calidad educativa de la primera infancia en El Salvador, para mejorar el desarrollo de los niños y niñas entre 0 y 7 años de edad.;8646;8,000 docentes ECPI a nivel nacional reciben el nuevo currículo. DCyME;12276;1.2.2 - Revisar, adaptar y publicar el currículo;217652;SERVICIOS PROFESIONALES;54599;1.2.2.1.8 - Contratación de técnico especialista en Juego para la Primera Infancia.;1;6834568;0;-5579856;286303;5705474;1027692;2889843;50;03/01/2026;UACI;13/01/2024;01/01/2026;30/06/2026;27742;4;048387632     ;HEBER MOISÉS ROSALES JUÁREZ               
2026;BIRF 9067-SV;1401;7495 BIRF ;02;REVISIÓN, ALINEACIÓN  E IMPLEMENTACIÓN DEL CURRÍCULO ECPI EN TODO EL PAÍS;Desarrollar el modelo de calidad educativa de la primera infancia en El Salvador, para mejorar el desarrollo de los niños y niñas entre 0 y 7 años de edad.;8646;8,000 docentes ECPI a nivel nacional reciben el nuevo currículo. DCyME;12277;1.2.3 - Entregar técnicamente el currículo a los docentes;217486;PASAJES AL INTERIOR;54401;1.2.3.1.1 - Servicio de logística para entrega técnica del currículo a docentes.;1;11539263;0;-6417745;4392995;414351;1489611;6016644;73;24/04/2026;UACI;29/01/2026;29/01/2026;28/02/2026;27912;11;06141210151030;INVERSIONES Y TRANSPORTES CONSOLIDADOS CÁRCAMO, S.A. DE C.V.
2026;BIRF 9067-SV;1401;7495 BIRF ;02;REVISIÓN, ALINEACIÓN  E IMPLEMENTACIÓN DEL CURRÍCULO ECPI EN TODO EL PAÍS;Desarrollar el modelo de calidad educativa de la primera infancia en El Salvador, para mejorar el desarrollo de los niños y niñas entre 0 y 7 años de edad.;8646;8,000 docentes ECPI a nivel nacional reciben el nuevo currículo. DCyME;12277;1.2.3 - Entregar técnicamente el currículo a los docentes;217487;SERVICIOS DE CAPACITACION - CADA UNO [ CADA UNO ] ;54320;1.2.3.2.1 - Servicio de facilitación para entrega técnica del currículo a docentes.;1;2021005;0;-8278534;5672869;481124;3160995;4090372;;24/04/2026;UACI;;;;0;;              ;
2026;BIRF 9067-SV;1401;7495 BIRF ;02;REVISIÓN, ALINEACIÓN  E IMPLEMENTACIÓN DEL CURRÍCULO ECPI EN TODO EL PAÍS;Desarrollar el modelo de calidad educativa de la primera infancia en El Salvador, para mejorar el desarrollo de los niños y niñas entre 0 y 7 años de edad.;8646;8,000 docentes ECPI a nivel nacional reciben el nuevo currículo. DCyME;12277;1.2.3 - Entregar técnicamente el currículo a los docentes;219514;SERVICIOS PROFESIONALES;54599;1.2.3.1.1 - Servicio de logística para entrega técnica del currículo a docentes.;1;13340986;0;-16258064;1774395;1910207;4510789;3736152;76/2024;09/01/2026;UACI;19/01/2026;19/01/2026;19/04/2026;27703;6;06142502091060;ARTLINE, S.A. DE C.V.
2026;BIRF 9067-SV;1401;7495 BIRF ;02;REVISIÓN, ALINEACIÓN  E IMPLEMENTACIÓN DEL CURRÍCULO ECPI EN TODO EL PAÍS;Desarrollar el modelo de calidad educativa de la primera infancia en El Salvador, para mejorar el desarrollo de los niños y niñas entre 0 y 7 años de edad.;8647;944,565 estudiantes (462,059 femenino) beneficiados con las intervenciones del proyecto en todos sus componentes. DCyME;12280;1.2.4 - Diseñar materiales educativos para estudiantes, familias y docentes.;217497;SERVICIOS DE CONSULTORIA - CADA UNO [ CADA UNO ] ;54322;1.2.4.1.1 - Consultoría para el diseño, edición y diagramación de materiales educativos de primera infancia para docentes, familias y niñez de primera infancia, con enfoque de interculturalidad (Incluye diseñar, diagramar, reproducir y distribuir). ;1;7902952;0;975949;3919026;878433;3882325;1665002;135;07/04/2026;UACI;07/04/2026;22/04/2026;22/10/2026;27958;15;06142407860022;FUNDACIÓN EMPRESARIAL PARA EL DESARROLLO EDUCATIVO -FEPADE-
2026;BIRF 9067-SV;1401;7495 BIRF ;02;REVISIÓN, ALINEACIÓN  E IMPLEMENTACIÓN DEL CURRÍCULO ECPI EN TODO EL PAÍS;Desarrollar el modelo de calidad educativa de la primera infancia en El Salvador, para mejorar el desarrollo de los niños y niñas entre 0 y 7 años de edad.;8647;944,565 estudiantes (462,059 femenino) beneficiados con las intervenciones del proyecto en todos sus componentes. DCyME;12281;1.2.4 - Diseñar materiales educativos para estudiantes, familias y docentes;217499;IMPRESIONES Y PUBLICACIONES;54313;1.2.4.1.2 - Servicios de impresión y distribución de materiales educativos para las familias.;1;4558510;0;-1264241;264142;685717;645218;1658640;;04/05/2026;UACI;;;;0;;              ;
2026;BIRF 9067-SV;1401;7495 BIRF ;02;REVISIÓN, ALINEACIÓN  E IMPLEMENTACIÓN DEL CURRÍCULO ECPI EN TODO EL PAÍS;Desarrollar el modelo de calidad educativa de la primera infancia en El Salvador, para mejorar el desarrollo de los niños y niñas entre 0 y 7 años de edad.;8647;944,565 estudiantes (462,059 femenino) beneficiados con las intervenciones del proyecto en todos sus componentes. DCyME;12281;1.2.4 - Diseñar materiales educativos para estudiantes, familias y docentes;217500;IMPRESIONES Y PUBLICACIONES;54313;1.2.4.1.3 - Impresión de guías amigables con orientaciones para familias.;1;15564233;0;-6283403;729095;1913812;9611729;2691704;;04/05/2026;UACI;;;;0;;              ;
2026;BIRF 9067-SV;1401;7495 BIRF ;02;REVISIÓN, ALINEACIÓN  E IMPLEMENTACIÓN DEL CURRÍCULO ECPI EN TODO EL PAÍS;Desarrollar el modelo de calidad educativa de la primera infancia en El Salvador, para mejorar el desarrollo de los niños y niñas entre 0 y 7 años de edad.;8647;944,565 estudiantes (462,059 femenino) beneficiados con las intervenciones del proyecto en todos sus componentes. DCyME;12281;1.2.4 - Diseñar materiales educativos para estudiantes, familias y docentes;217531;IMPRESIONES Y PUBLICACIONES;54313;1.2.4.4.1 - Servicio de impresión de cuadernillos para estudiantes.;1;6960627;0;-3366185;2862464;1154647;1165648;5151051;;04/05/2026;UACI;;;;0;;              ;
2026;BIRF 9067-SV;1401;7495 BIRF ;02;REVISIÓN, ALINEACIÓN  E IMPLEMENTACIÓN DEL CURRÍCULO ECPI EN TODO EL PAÍS;Desarrollar el modelo de calidad educativa de la primera infancia en El Salvador, para mejorar el desarrollo de los niños y niñas entre 0 y 7 años de edad.;8647;944,565 estudiantes (462,059 femenino) beneficiados con las intervenciones del proyecto en todos sus componentes. DCyME;12281;1.2.4 - Diseñar materiales educativos para estudiantes, familias y docentes;217532;IMPRESIONES Y PUBLICACIONES;54313;1.2.4.4.2 - Servicio de impresión de libretas para estudiantes.;1;14738678;0;-6757341;724864;3193154;6163732;1368253;;04/05/2026;UACI;;;;0;;              ;
2026;BIRF 9067-SV;1401;7495 BIRF ;02;REVISIÓN, ALINEACIÓN  E IMPLEMENTACIÓN DEL CURRÍCULO ECPI EN TODO EL PAÍS;Desarrollar el modelo de calidad educativa de la primera infancia en El Salvador, para mejorar el desarrollo de los niños y niñas entre 0 y 7 años de edad.;8647;944,565 estudiantes (462,059 femenino) beneficiados con las intervenciones del proyecto en todos sus componentes. DCyME;12281;1.2.4 - Diseñar materiales educativos para estudiantes, familias y docentes;217533;SERVICIOS DE CONSULTORIA - CADA UNO [ CADA UNO ] ;54322;1.2.4.5.1 - Consultoría para diseño, edición e impresión de materiales accesibles para la atención educativa para población con discapacidad auditiva.;1;8597405;0;3765199;2341527;4361699;3678624;7697310;;04/05/2026;UACI;;;;0;;              ;
2026;BIRF 9067-SV;1401;7495 BIRF ;02;REVISIÓN, ALINEACIÓN  E IMPLEMENTACIÓN DEL CURRÍCULO ECPI EN TODO EL PAÍS;Desarrollar el modelo de calidad educativa de la primera infancia en El Salvador, para mejorar el desarrollo de los niños y niñas entre 0 y 7 años de edad.;8647;944,565 estudiantes (462,059 femenino) beneficiados con las intervenciones del proyecto en todos sus componentes. DCyME;12281;1.2.4 - Diseñar materiales educativos para estudiantes, familias y docentes;223322;IMPRESIONES Y PUBLICACIONES - CADA UNO [ CADA UNO ] ;54313;1.2.4.1.2 Libretas para niños de primera infancia ;288500;17158713;0;-265937;3244549;5431804;330564;952322;59/2025;25/05/2026;UACI;28/04/2026;28/04/2026;10/09/2026;28054;22/2026;06140202620015;R.R. DONNELLEY DE EL SALVADOR, S.A. DE C.V.
2026;BIRF 9067-SV;1401;7495 BIRF ;02;REVISIÓN, ALINEACIÓN  E IMPLEMENTACIÓN DEL CURRÍCULO ECPI EN TODO EL PAÍS;Desarrollar el modelo de calidad educativa de la primera infancia en El Salvador, para mejorar el desarrollo de los niños y niñas entre 0 y 7 años de edad.;8647;944,565 estudiantes (462,059 femenino) beneficiados con las intervenciones del proyecto en todos sus componentes. DCyME;12281;1.2.4 - Diseñar materiales educativos para estudiantes, familias y docentes;223323;IMPRESIONES Y PUBLICACIONES - CADA UNO [ CADA UNO ] ;54313;1.2.4.1.3. Dípticos para familias ;1728300;12105917;0;-448335;2190077;5454924;3770425;1025560;59/2025;25/05/2026;UACI;28/04/2026;28/04/2026;10/09/2026;28054;22/2026;06140202620015;R.R. DONNELLEY DE EL SALVADOR, S.A. DE C.V.
2026;BIRF 9067-SV;1401;7495 BIRF ;02;REVISIÓN, ALINEACIÓN  E IMPLEMENTACIÓN DEL CURRÍCULO ECPI EN TODO EL PAÍS;Desarrollar el modelo de calidad educativa de la primera infancia en El Salvador, para mejorar el desarrollo de los niños y niñas entre 0 y 7 años de edad.;8647;944,565 estudiantes (462,059 femenino) beneficiados con las intervenciones del proyecto en todos sus componentes. DCyME;12281;1.2.4 - Diseñar materiales educativos para estudiantes, familias y docentes;223324;IMPRESIONES Y PUBLICACIONES - CADA UNO [ CADA UNO ] ;54313;1.2.4.1.3. Trípticos para familias ;1728300;11570383;0;-7299078;5926651;3388082;821606;3101754;59/2025;25/05/2026;UACI;28/04/2026;28/04/2026;10/09/2026;28054;22/2026;06140202620015;R.R. DONNELLEY DE EL SALVADOR, S.A. DE C.V.
2026;BIRF 9067-SV;1401;7495 BIRF ;02;REVISIÓN, ALINEACIÓN  E IMPLEMENTACIÓN DEL CURRÍCULO ECPI EN TODO EL PAÍS;Desarrollar el modelo de calidad educativa de la primera infancia en El Salvador, para mejorar el desarrollo de los niños y niñas entre 0 y 7 años de edad.;8647;944,565 estudiantes (462,059 femenino) beneficiados con las intervenciones del proyecto en todos sus componentes. DCyME;12281;1.2.4 - Diseñar materiales educativos para estudiantes, familias y docentes;223325;IMPRESIONES Y PUBLICACIONES - CADA UNO [ CADA UNO ] ;54313;1.2.4.3.3. Guía para docentes ;13000;11886581;0;-5377338;2707492;2492729;1288225;1850828;59/2025;25/05/2026;UACI;28/04/2026;28/04/2026;10/09/2026;28054;22/2026;06140202620015;R.R. DONNELLEY DE EL SALVADOR, S.A. DE C.V.
2026;BIRF 9067-SV;1401;7495 BIRF ;02;REVISIÓN, ALINEACIÓN  E IMPLEMENTACIÓN DEL CURRÍCULO ECPI EN TODO EL PAÍS;Desarrollar el modelo de calidad educativa de la primera infancia en El Salvador, para mejorar el desarrollo de los niños y niñas entre 0 y 7 años de edad.;8647;944,565 estudiantes (462,059 femenino) beneficiados con las intervenciones del proyecto en todos sus componentes. DCyME;12281;1.2.4 - Diseñar materiales educativos para estudiantes, familias y docentes;223326;IMPRESIONES Y PUBLICACIONES - CADA UNO [ CADA UNO ] ;54313;1.2.4.3.4. Trípticos para docentes ;52000;17895285;0;-6230100;378070;155023;3781989;891173;59/2025;25/05/2026;UACI;28/04/2026;28/04/2026;10/09/2026;28054;22/2026;06140202620015;R.R. DONNELLEY DE EL SALVADOR, S.A. DE C.V.
2026;BIRF 9067-SV;1401;7495 BIRF ;02;REVISIÓN, ALINEACIÓN  E IMPLEMENTACIÓN DEL CURRÍCULO ECPI EN TODO EL PAÍS;Desarrollar el modelo de calidad educativa de la primera infancia en El Salvador, para mejorar el desarrollo de los niños y niñas entre 0 y 7 años de edad.;8647;944,565 estudiantes (462,059 femenino) beneficiados con las intervenciones del proyecto en todos sus componentes. DCyME;12281;1.2.4 - Diseñar materiales educativos para estudiantes, familias y docentes;223327;IMPRESIONES Y PUBLICACIONES - CADA UNO [ CADA UNO ] ;54313;1.2.4.3.4. Fascículos dirigidos a docentes ;39000;4377284;0;-5412026;4359683;4982349;8726454;9792924;59/2025;25/05/2026;UACI;28/04/2026;28/04/2026;10/09/2026;28054;22/2026;06140202620015;R.R. DONNELLEY DE EL SALVADOR, S.A. DE C.V.
2026;BIRF 9067-SV;1401;7495 BIRF ;02;REVISIÓN, ALINEACIÓN  E IMPLEMENTACIÓN DEL CURRÍCULO ECPI EN TODO EL PAÍS;Desarrollar el modelo de calidad educativa de la primera infancia en El Salvador, para mejorar el desarrollo de los niños y niñas entre 0 y 7 años de edad.;8647;944,565 estudiantes (462,059 femenino) beneficiados con las intervenciones del proyecto en todos sus componentes. DCyME;12284;1.2.6 - Realizar actividades vinculadas al diseño e implementación del currículo para el cumplimiento de los Estándares Ambientales y Sociales (EAS);217564;SERVICIOS DE CONSULTORIA - CADA UNO [ CADA UNO ] ;54322;1.2.6.1.1 - Consultoría para el diseño, edición y diagramación de materiales educativos de primera infancia para docentes, familias y niñez de primera infancia, con enfoque de interculturalidad (incluye realizar artes finales).;1;5524629;0;-12476763;985458;3361099;1614408;814541;135;07/04/2026;UACI;07/04/2026;22/04/2026;22/10/2026;27958;15;06142407860022;FUNDACIÓN EMPRESARIAL PARA EL DESARROLLO EDUCATIVO -FEPADE-
2026;BIRF 9067-SV;1401;7495 BIRF ;02;REVISIÓN, ALINEACIÓN  E IMPLEMENTACIÓN DEL CURRÍCULO ECPI EN TODO EL PAÍS;Desarrollar el modelo de calidad educativa de la primera infancia en El Salvador, para mejorar el desarrollo de los niños y niñas entre 0 y 7 años de edad.;8647;944,565 estudiantes (462,059 femenino) beneficiados con las intervenciones del proyecto en todos sus componentes. DCyME;12284;1.2.6 - Realizar actividades vinculadas al diseño e implementación del currículo para el cumplimiento de los Estándares Ambientales y Sociales (EAS);217565;SERVICIOS DE CONSULTORIA - CADA UNO [ CADA UNO ] ;54322;1.2.6.2.1 -  Consultoría para diseñar, diagramar, realizar artes finales e imprimir materiales curriculares en sistema braille. ;1;9929524;0;-8187448;2878623;4354738;2273692;6488135;;13/04/2026;UACI;;;;0;;              ;
2026;BIRF 9067-SV;1401;7495 BIRF ;02;REVISIÓN, ALINEACIÓN  E IMPLEMENTACIÓN DEL CURRÍCULO ECPI EN TODO EL PAÍS;Desarrollar el modelo de calidad educativa de la primera infancia en El Salvador, para mejorar el desarrollo de los niños y niñas entre 0 y 7 años de edad.;8648;8,000 aulas en los centros ECPI del sector público que reciben materiales didácticos armonizados con el nuevo currículo. DCyME.;12282;1.2.4 - Diseñar materiales educativos para estudiantes, familias y docentes;217502;SERVICIOS DE CONSULTORIA - CADA UNO [ CADA UNO ] ;54322;1.2.4.3.1 - Consultoría p/ el diseño, edición y diagramación de materiales educativos de primera infancia para docentes, familias y niñez de primera infancia, con enfoque de intercultur (diseñar, editar y diagramar materiales de apoyo a docentes).;1;7108370;0;3930046;2914242;3226941;2325221;5144847;126;07/04/2026;UACI;14/01/2026;14/01/2026;15/05/2026;27934;8;06141612131052;AKVERTISING, S.A. DE C.V.
2026;BIRF 9067-SV;1401;7495 BIRF ;02;REVISIÓN, ALINEACIÓN  E IMPLEMENTACIÓN DEL CURRÍCULO ECPI EN TODO EL PAÍS;Desarrollar el modelo de calidad educativa de la primera infancia en El Salvador, para mejorar el desarrollo de los niños y niñas entre 0 y 7 años de edad.;8648;8,000 aulas en los centros ECPI del sector público que reciben materiales didácticos armonizados con el nuevo currículo. DCyME.;12282;1.2.4 - Diseñar materiales educativos para estudiantes, familias y docentes;217503;SERVICIOS DE CONSULTORIA - CADA UNO [ CADA UNO ] ;54322;1.2.4.3.2 - Consultoría para la comunicación y visibilización del nuevo currículo de primera infancia, incluye diseño e impresión de banners curricular para cada sección.;1;7906372;0;341595;5343708;1320285;546901;1935431;126;20/05/2026;UACI;14/01/2026;14/01/2026;15/05/2026;27934;8;06141612131052;AKVERTISING, S.A. DE C.V.
2026;BIRF 9067-SV;1401;7495 BIRF ;02;REVISIÓN, ALINEACIÓN  E IMPLEMENTACIÓN DEL CURRÍCULO ECPI EN TODO EL PAÍS;Desarrollar el modelo de calidad educativa de la primera infancia en El Salvador, para mejorar el desarrollo de los niños y niñas entre 0 y 7 años de edad.;8648;8,000 aulas en los centros ECPI del sector público que reciben materiales didácticos armonizados con el nuevo currículo. DCyME.;12282;1.2.4 - Diseñar materiales educativos para estudiantes, familias y docentes;217504;SERVICIOS DE CONSULTORIA - CADA UNO [ CADA UNO ] ;54322;"1.2.4.2.1 - Consultoría para la comunicación y visibilización del nuevo currículo de primera infancia, incluye publicidad (difusión/cuñas radiales; spots TV; difusión en redes y buscadores; otros) ";1;12118129;0;-9185039;4289276;3250381;1528799;5720177;;20/04/2026;UACI;;;;0;;              ;
2026;BIRF 9067-SV;1401;7495 BIRF ;02;REVISIÓN, ALINEACIÓN  E IMPLEMENTACIÓN DEL CURRÍCULO ECPI EN TODO EL PAÍS;Desarrollar el modelo de calidad educativa de la primera infancia en El Salvador, para mejorar el desarrollo de los niños y niñas entre 0 y 7 años de edad.;8648;8,000 aulas en los centros ECPI del sector público que reciben materiales didácticos armonizados con el nuevo currículo. DCyME.;12282;1.2.4 - Diseñar materiales educativos para estudiantes, familias y docentes;217510;IMPRESIONES Y PUBLICACIONES;54313;1.2.4.3.3 - Impresión de guías didácticas para docentes.;1;14927628;0;-458778;2288165;443314;699210;4526772;;04/05/2026;UACI;;;;0;;              ;
2026;BIRF 9067-SV;1401;7495 BIRF ;02;REVISIÓN, ALINEACIÓN  E IMPLEMENTACIÓN DEL CURRÍCULO ECPI EN TODO EL PAÍS;Desarrollar el modelo de calidad educativa de la primera infancia en El Salvador, para mejorar el desarrollo de los niños y niñas entre 0 y 7 años de edad.;8648;8,000 aulas en los centros ECPI del sector público que reciben materiales didácticos armonizados con el nuevo currículo. DCyME.;12282;1.2.4 - Diseñar materiales educativos para estudiantes, familias y docentes;217511;IMPRESIONES Y PUBLICACIONES;54313;1.2.4.3.4 - Impresión de fascículos o trípticos explicando los estándares de desarrollo y aprendizaje.;1;908517;0;-10624426;5047769;4853782;8245649;4154115;;04/05/2026;UACI;;;;0;;              ;
2026;BIRF 9067-SV;1401;7495 BIRF ;02;REVISIÓN, ALINEACIÓN  E IMPLEMENTACIÓN DEL CURRÍCULO ECPI EN TODO EL PAÍS;Desarrollar el modelo de calidad educativa de la primera infancia en El Salvador, para mejorar el desarrollo de los niños y niñas entre 0 y 7 años de edad.;8648;8,000 aulas en los centros ECPI del sector público que reciben materiales didácticos armonizados con el nuevo currículo. DCyME.;12283;1.2.5 - Dotar de recursos didácticos para la implementación del currículo;217540;UTILES DE ENSEÑANZA;54116;1.2.5.1.1 - Adquisición de recursos didácticos para la vida práctica para la niñez de primera infancia;1;14718829;0;-912829;4942944;879430;5703799;3064740;;03/01/2026;UACI;;;;0;;              ;
2026;BIRF 9067-SV;1401;7495 BIRF ;02;REVISIÓN, ALINEACIÓN  E IMPLEMENTACIÓN DEL CURRÍCULO ECPI EN TODO EL PAÍS;Desarrollar el modelo de calidad educativa de la primera infancia en El Salvador, para mejorar el desarrollo de los niños y niñas entre 0 y 7 años de edad.;8648;8,000 aulas en los centros ECPI del sector público que reciben materiales didácticos armonizados con el nuevo currículo. DCyME.;12283;1.2.5 - Dotar de recursos didácticos para la implementación del currículo;217541;UTILES DE ENSEÑANZA;54116;1.2.5.1.2 - Adquisición de material lúdico para el desarrollo del pensamiento lógico y científico en niñez de primera infancia.;1;3932803;0;-3507579;1253813;584680;7163306;5682218;;03/01/2026;UACI;;;;0;;              ;
2026;BIRF 9067-SV;1401;7495 BIRF ;02;REVISIÓN, ALINEACIÓN  E IMPLEMENTACIÓN DEL CURRÍCULO ECPI EN TODO EL PAÍS;Desarrollar el modelo de calidad educativa de la primera infancia en El Salvador, para mejorar el desarrollo de los niños y niñas entre 0 y 7 años de edad.;8648;8,000 aulas en los centros ECPI del sector público que reciben materiales didácticos armonizados con el nuevo currículo. DCyME.;12283;1.2.5 - Dotar de recursos didácticos para la implementación del currículo;217542;UTILES DE ENSEÑANZA;54116;1.2.5.1.3 -Adquisición de materiales didácticos de arte y construcción para el desarrollo de la motricidad fina y gruesa para niñez de primera infancia.;1;12342602;0;2237460;3885409;241625;447298;623302;;08/04/2026;UACI;;;;0;;              ;
2026;BIRF 9067-SV;1401;7495 BIRF ;02;REVISIÓN, ALINEACIÓN  E IMPLEMENTACIÓN DEL CURRÍCULO ECPI EN TODO EL PAÍS;Desarrollar el modelo de calidad educativa de la primera infancia en El Salvador, para mejorar el desarrollo de los niños y niñas entre 0 y 7 años de edad.;8648;8,000 aulas en los centros ECPI del sector público que reciben materiales didácticos armonizados con el nuevo currículo. DCyME.;12283;1.2.5 - Dotar de recursos didácticos para la implementación del currículo;217543;UTILES DE ENSEÑANZA;54116;1.2.5.1.4 - Adquisición de material didáctico para el desarrollo de las habiidades psicomotrices para niñas y niños de primera infancia.;1;3459703;0;-12572187;2779260;2881701;968529;9822066;;04/05/2026;UACI;;;;0;;              ;
2026;BIRF 9067-SV;1401;7495 BIRF ;02;REVISIÓN, ALINEACIÓN  E IMPLEMENTACIÓN DEL CURRÍCULO ECPI EN TODO EL PAÍS;Desarrollar el modelo de calidad educativa de la primera infancia en El Salvador, para mejorar el desarrollo de los niños y niñas entre 0 y 7 años de edad.;8648;8,000 aulas en los centros ECPI del sector público que reciben materiales didácticos armonizados con el nuevo currículo. DCyME.;12283;1.2.5 - Dotar de recursos didácticos para la implementación del currículo;217549;UTILES DE ENSEÑANZA;54116;1.2.5.1.5-6 - Material sensorial y recursos didácticos para parvularia 4 años. ;1;3200884;0;-13309929;2437393;3113043;4914131;2814529;;03/01/2026;NO UACI;;;;0;;              ;
2026;BIRF 9067-SV;1401;7495 BIRF ;02;REVISIÓN, ALINEACIÓN  E IMPLEMENTACIÓN DEL CURRÍCULO ECPI EN TODO EL PAÍS;Desarrollar el modelo de calidad educativa de la primera infancia en El Salvador, para mejorar el desarrollo de los niños y niñas entre 0 y 7 años de edad.;8648;8,000 aulas en los centros ECPI del sector público que reciben materiales didácticos armonizados con el nuevo currículo. DCyME.;12283;1.2.5 - Dotar de recursos didácticos para la implementación del currículo;217550;UTILES DE ENSEÑANZA;54116;1.2.5.1.5-6- Material sensorial y recursos didácticos para parvularia 5 años. ;1;10283267;0;-14817071;4527092;5410994;8370889;3880233;;03/01/2026;NO UACI;;;;0;;              ;
2026;BIRF 9067-SV;1401;7495 BIRF ;02;REVISIÓN, ALINEACIÓN  E IMPLEMENTACIÓN DEL CURRÍCULO ECPI EN TODO EL PAÍS;Desarrollar el modelo de calidad educativa de la primera infancia en El Salvador, para mejorar el desarrollo de los niños y niñas entre 0 y 7 años de edad.;8648;8,000 aulas en los centros ECPI del sector público que reciben materiales didácticos armonizados con el nuevo currículo. DCyME.;12283;1.2.5 - Dotar de recursos didácticos para la implementación del currículo;217551;UTILES DE ENSEÑANZA;54116;1.2.5.1.5-6 - Material sensorial y recursos didácticos para primer grado.;1;1183722;0;-11758583;1126280;981152;5280895;4365521;;03/01/2026;NO UACI;;;;0;;              ;
2026;BIRF 9067-SV;1401;7495 BIRF ;02;REVISIÓN, ALINEACIÓN  E IMPLEMENTACIÓN DEL CURRÍCULO ECPI EN TODO EL PAÍS;Desarrollar el modelo de calidad educativa de la primera infancia en El Salvador, para mejorar el desarrollo de los niños y niñas entre 0 y 7 años de edad.;8648;8,000 aulas en los centros ECPI del sector público que reciben materiales didácticos armonizados con el nuevo currículo. DCyME.;12283;1.2.5 - Dotar de recursos didácticos para la implementación del currículo;217552;UTILES DE ENSEÑANZA;54116;1.2.5.1.5-6 - Material sensorial y recursos didácticos para parvularia 6 años. ;1;2106141;0;-9167342;5356258;5014974;8390100;9760806;;03/01/2026;NO UACI;;;;0;;              ;
2026;BIRF 9067-SV;1401;7495 BIRF ;02;REVISIÓN, ALINEACIÓN  E IMPLEMENTACIÓN DEL CURRÍCULO ECPI EN TODO EL PAÍS;Desarrollar el modelo de calidad educativa de la primera infancia en El Salvador, para mejorar el desarrollo de los niños y niñas entre 0 y 7 años de edad.;8648;8,000 aulas en los centros ECPI del sector público que reciben materiales didácticos armonizados con el nuevo currículo. DCyME.;12283;1.2.5 - Dotar de recursos didácticos para la implementación del currículo;217553;UTILES DE ENSEÑANZA;54116;1.2.5.1.7 - Adquisición de instrumentos musicales para promover  la expresión musical en la niñez de la primera infancia. ;1;6953103;0;-11201079;4136245;546004;7734137;5582949;;03/01/2026;UACI;;;;0;;              ;
2026;BIRF 9067-SV;1401;7495 BIRF ;02;REVISIÓN, ALINEACIÓN  E IMPLEMENTACIÓN DEL CURRÍCULO ECPI EN TODO EL PAÍS;Desarrollar el modelo de calidad educativa de la primera infancia en El Salvador, para mejorar el desarrollo de los niños y niñas entre 0 y 7 años de edad.;8648;8,000 aulas en los centros ECPI del sector público que reciben materiales didácticos armonizados con el nuevo currículo. DCyME.;12283;1.2.5 - Dotar de recursos didácticos para la implementación del currículo;217554;EQUIPO DE OFICINA;61102;1.2.5.2.2 - Adquisición de bocinas o parlantes para bibliotecas de centros educativos públios de primera infancia;1;15430346;0;-2541319;2745699;2069782;5801417;2192275;109/2024;03/01/2026;UACI;29/09/2025;20/10/2025;18/02/2026;27874;132;06140805091027;INFOTECH, S.A. DE C.V.
2026;BIRF 9067-SV;1401;7495 BIRF ;02;REVISIÓN, ALINEACIÓN  E IMPLEMENTACIÓN DEL CURRÍCULO ECPI EN TODO EL PAÍS;Desarrollar el modelo de calidad educativa de la primera infancia en El Salvador, para mejorar el desarrollo de los niños y niñas entre 0 y 7 años de edad.;8648;8,000 aulas en los centros ECPI del sector público que reciben materiales didácticos armonizados con el nuevo currículo. DCyME.;12283;1.2.5 - Dotar de recursos didácticos para la implementación del currículo;217555;MOBILIARIO;61101;1.2.5.2.5 - Adquisición de exhibidor de madera para libros que se utilizarán en bibliotecas de centros educativos públicos de primera infancia;1;5856859;0;-15347485;2424552;5429943;7030870;6708641;;03/01/2026;UACI;;;;0;;              ;
2026;BIRF 9067-SV;1401;7495 BIRF ;02;REVISIÓN, ALINEACIÓN  E IMPLEMENTACIÓN DEL CURRÍCULO ECPI EN TODO EL PAÍS;Desarrollar el modelo de calidad educativa de la primera infancia en El Salvador, para mejorar el desarrollo de los niños y niñas entre 0 y 7 años de edad.;8648;8,000 aulas en los centros ECPI del sector público que reciben materiales didácticos armonizados con el nuevo currículo. DCyME.;12283;1.2.5 - Dotar de recursos didácticos para la implementación del currículo;217556;UTILES DE ENSEÑANZA;54116;1.2.5.2.6 - Adquisición de kit de libros para niñez de primera infancia del sistema educativo público;1;7851540;0;-6199345;3798309;1603644;6733264;1003565;;03/01/2026;UACI;;;;0;;              ;
2026;BIRF 9067-SV;1401;7495 BIRF ;02;REVISIÓN, ALINEACIÓN  E IMPLEMENTACIÓN DEL CURRÍCULO ECPI EN TODO EL PAÍS;Desarrollar el modelo de calidad educativa de la primera infancia en El Salvador, para mejorar el desarrollo de los niños y niñas entre 0 y 7 años de edad.;8648;8,000 aulas en los centros ECPI del sector público que reciben materiales didácticos armonizados con el nuevo currículo. DCyME.;12283;1.2.5 - Dotar de recursos didácticos para la implementación del currículo;217561;UTILES DE ENSEÑANZA;54116;1.2.5.2.6.1 - Adquisición de libros de tela para niñez de primera infancia del sistema educativo público ;1;16974441;0;-12782891;2754479;3068671;5317980;5446266;21/2024;28/04/2026;UACI;25/05/2026;30/05/2026;30/10/2026;28124;31/2026 BIRF;05262005261018;UDP PROLIBROS - ENLACE EDITORIAL
2026;BIRF 9067-SV;1401;7495 BIRF ;02;REVISIÓN, ALINEACIÓN  E IMPLEMENTACIÓN DEL CURRÍCULO ECPI EN TODO EL PAÍS;Desarrollar el modelo de calidad educativa de la primera infancia en El Salvador, para mejorar el desarrollo de los niños y niñas entre 0 y 7 años de edad.;8648;8,000 aulas en los centros ECPI del sector público que reciben materiales didácticos armonizados con el nuevo currículo. DCyME.;12283;1.2.5 - Dotar de recursos didácticos para la implementación del currículo;217563;TRANSPORTE - CADA UNO;54304;1.2.5.3,1 - Servicios de logística para entrega de material educativo a centros educativos de primera infancia. ;1;7697624;0;3772906;5601076;541952;9379170;7247997;75/2025;01/04/2026;UACI;16/03/2026;08/04/2026;08/04/2027;28026;12/2026 BIRF;06231603261287;UDP PARTICIPACIÓN CONJUNTA DE OFERENTES DONNELLEY POSADA DOS MIL VEINTISEIS 
2026;BIRF 9067-SV;1401;7495 BIRF ;02;REVISIÓN, ALINEACIÓN  E IMPLEMENTACIÓN DEL CURRÍCULO ECPI EN TODO EL PAÍS;Desarrollar el modelo de calidad educativa de la primera infancia en El Salvador, para mejorar el desarrollo de los niños y niñas entre 0 y 7 años de edad.;8648;8,000 aulas en los centros ECPI del sector público que reciben materiales didácticos armonizados con el nuevo currículo. DCyME.;12283;1.2.5 - Dotar de recursos didácticos para la implementación del currículo;218150;ESPEJO VERTICAL - CADA UNO [ CADA UNO ] ;54199;1.2.5.1.1- 1- Adquisición espejo adhesivo ;13000;2858214;0;-12939353;2132585;827925;7599590;6019933;106/2024;15/02/2026;UACI;12/12/2025;15/12/2025;12/06/2026;27670;135;06141801931027;PROSERQUI, S.A DE C.V.
2026;BIRF 9067-SV;1401;7495 BIRF ;02;REVISIÓN, ALINEACIÓN  E IMPLEMENTACIÓN DEL CURRÍCULO ECPI EN TODO EL PAÍS;Desarrollar el modelo de calidad educativa de la primera infancia en El Salvador, para mejorar el desarrollo de los niños y niñas entre 0 y 7 años de edad.;8648;8,000 aulas en los centros ECPI del sector público que reciben materiales didácticos armonizados con el nuevo currículo. DCyME.;12283;1.2.5 - Dotar de recursos didácticos para la implementación del currículo;218151;UTILES DE ENSEÑANZA;54116;1.2.5.1.1- 2- Adquisición de utensilios de cocina de acero inoxidable y plástico ;13000;1606980;0;-5245792;4261135;1819586;3304551;4974714;106/2024;15/02/2026;UACI;12/12/2025;15/12/2025;12/06/2026;27670;135;06141801931027;PROSERQUI, S.A DE C.V.
2026;BIRF 9067-SV;1401;7495 BIRF ;02;REVISIÓN, ALINEACIÓN  E IMPLEMENTACIÓN DEL CURRÍCULO ECPI EN TODO EL PAÍS;Desarrollar el modelo de calidad educativa de la primera infancia en El Salvador, para mejorar el desarrollo de los niños y niñas entre 0 y 7 años de edad.;8648;8,000 aulas en los centros ECPI del sector público que reciben materiales didácticos armonizados con el nuevo currículo. DCyME.;12283;1.2.5 - Dotar de recursos didácticos para la implementación del currículo;218152;UTILES DE ENSEÑANZA;54116;1.2.5.1.1- 3- Adquisición kit plástico de alimentos y cajas de madera ;13000;227820;0;-9488695;4033627;2166534;9970515;2796961;106/2024;15/02/2026;UACI;12/12/2025;15/12/2025;12/06/2026;27670;135;06141801931027;PROSERQUI, S.A DE C.V.
2026;BIRF 9067-SV;1401;7495 BIRF ;02;REVISIÓN, ALINEACIÓN  E IMPLEMENTACIÓN DEL CURRÍCULO ECPI EN TODO EL PAÍS;Desarrollar el modelo de calidad educativa de la primera infancia en El Salvador, para mejorar el desarrollo de los niños y niñas entre 0 y 7 años de edad.;8648;8,000 aulas en los centros ECPI del sector público que reciben materiales didácticos armonizados con el nuevo currículo. DCyME.;12283;1.2.5 - Dotar de recursos didácticos para la implementación del currículo;218153;UTILES DE ENSEÑANZA;54116;1.2.5.1.1- 4-Herramientas de jardinera ;26000;2821406;0;-9854740;4175231;4285603;847721;4531507;106/2024;15/02/2026;UACI;12/12/2025;15/12/2025;12/06/2026;27670;135;06141801931027;PROSERQUI, S.A DE C.V.
2026;BIRF 9067-SV;1401;7495 BIRF ;02;REVISIÓN, ALINEACIÓN  E IMPLEMENTACIÓN DEL CURRÍCULO ECPI EN TODO EL PAÍS;Desarrollar el modelo de calidad educativa de la primera infancia en El Salvador, para mejorar el desarrollo de los niños y niñas entre 0 y 7 años de edad.;8648;8,000 aulas en los centros ECPI del sector público que reciben materiales didácticos armonizados con el nuevo currículo. DCyME.;12283;1.2.5 - Dotar de recursos didácticos para la implementación del currículo;218154;UTILES DE ENSEÑANZA;54116;1.2.5.1.1- 5- Adquisición cacerolas, olla, colador y cucharas de metal;13000;4490296;0;-2141033;3855558;3288904;2672282;6513179;106/2024;15/02/2026;UACI;12/12/2025;15/12/2025;12/06/2026;27670;136;06143005141025;CONSULTORES ASOCIADOS PROVEEDORES DE BIENES Y SERVICIOS, S.A. DE C.V.
2026;BIRF 9067-SV;1401;7495 BIRF ;02;REVISIÓN, ALINEACIÓN  E IMPLEMENTACIÓN DEL CURRÍCULO ECPI EN TODO EL PAÍS;Desarrollar el modelo de calidad educativa de la primera infancia en El Salvador, para mejorar el desarrollo de los niños y niñas entre 0 y 7 años de edad.;8648;8,000 aulas en los centros ECPI del sector público que reciben materiales didácticos armonizados con el nuevo currículo. DCyME.;12283;1.2.5 - Dotar de recursos didácticos para la implementación del currículo;218155;UTILES DE ENSEÑANZA;54116;1.2.5.1.1- 6- Adquisición kit de herramientas de carpintería;13000;10898856;0;-10775662;4522362;3895918;7157178;4734418;106/2024;15/02/2026;UACI;12/12/2025;15/12/2025;12/06/2026;27670;136;06143005141025;CONSULTORES ASOCIADOS PROVEEDORES DE BIENES Y SERVICIOS, S.A. DE C.V.
2026;BIRF 9067-SV;1401;7495 BIRF ;02;REVISIÓN, ALINEACIÓN  E IMPLEMENTACIÓN DEL CURRÍCULO ECPI EN TODO EL PAÍS;Desarrollar el modelo de calidad educativa de la primera infancia en El Salvador, para mejorar el desarrollo de los niños y niñas entre 0 y 7 años de edad.;8648;8,000 aulas en los centros ECPI del sector público que reciben materiales didácticos armonizados con el nuevo currículo. DCyME.;12283;1.2.5 - Dotar de recursos didácticos para la implementación del currículo;218156;TOALLA - CADA UNO;54104;1.2.5.1.1- 7- Adquisición toalla de mano;65000;5743920;0;-14189862;3234763;3487130;6143402;5713855;106/2024;15/02/2026;UACI;12/12/2025;15/12/2025;12/06/2026;27670;136;06143005141025;CONSULTORES ASOCIADOS PROVEEDORES DE BIENES Y SERVICIOS, S.A. DE C.V.
2026;BIRF 9067-SV;1401;7495 BIRF ;02;REVISIÓN, ALINEACIÓN  E IMPLEMENTACIÓN DEL CURRÍCULO ECPI EN TODO EL PAÍS;Desarrollar el modelo de calidad educativa de la primera infancia en El Salvador, para mejorar el desarrollo de los niños y niñas entre 0 y 7 años de edad.;8648;8,000 aulas en los centros ECPI del sector público que reciben materiales didácticos armonizados con el nuevo currículo. DCyME.;12283;1.2.5 - Dotar de recursos didácticos para la implementación del currículo;220089;INSTRUMENTOS MUSICALES;54116;1.2.5.1.7 - Adquisición de instrumentos musicales para promover  la expresión musical en la niñez de la primera infancia - No. 2. ;0;10977518;0;-15544714;4456459;957879;4496669;1381933;;10/02/2026;NO UACI;;;;0;;              ;
2026;BIRF 9067-SV;1401;7495 BIRF ;02;REVISIÓN, ALINEACIÓN  E IMPLEMENTACIÓN DEL CURRÍCULO ECPI EN TODO EL PAÍS;Desarrollar el modelo de calidad educativa de la primera infancia en El Salvador, para mejorar el desarrollo de los niños y niñas entre 0 y 7 años de edad.;8648;8,000 aulas en los centros ECPI del sector público que reciben materiales didácticos armonizados con el nuevo currículo. DCyME.;12283;1.2.5 - Dotar de recursos didácticos para la implementación del currículo;220093;KIT DE MATERIAL DIDACTICO - CADA UNO [ CADA UNO ] ;54116;1.2.5.1.2.1- Lupa;78000;11624235;0;-3048674;5123642;1141912;3137111;3783519;107/2024;10/02/2026;UACI;15/12/2026;15/01/2026;13/06/2026;27705;157;06141801931027;PROSERQUI, S.A DE C.V.
2026;BIRF 9067-SV;1401;7495 BIRF ;02;REVISIÓN, ALINEACIÓN  E IMPLEMENTACIÓN DEL CURRÍCULO ECPI EN TODO EL PAÍS;Desarrollar el modelo de calidad educativa de la primera infancia en El Salvador, para mejorar el desarrollo de los niños y niñas entre 0 y 7 años de edad.;8648;8,000 aulas en los centros ECPI del sector público que reciben materiales didácticos armonizados con el nuevo currículo. DCyME.;12283;1.2.5 - Dotar de recursos didácticos para la implementación del currículo;220094;KIT DE MATERIAL DIDACTICO - CADA UNO [ CADA UNO ] ;54116;1.2.5.1.2.2- Microscopio a batería;13000;9494267;0;-9720905;2290104;3496413;2040448;1859078;107/2024;10/02/2026;UACI;15/12/2026;15/01/2026;13/06/2026;27705;157;06141801931027;PROSERQUI, S.A DE C.V.
2026;BIRF 9067-SV;1401;7495 BIRF ;02;REVISIÓN, ALINEACIÓN  E IMPLEMENTACIÓN DEL CURRÍCULO ECPI EN TODO EL PAÍS;Desarrollar el modelo de calidad educativa de la primera infancia en El Salvador, para mejorar el desarrollo de los niños y niñas entre 0 y 7 años de edad.;8648;8,000 aulas en los centros ECPI del sector público que reciben materiales didácticos armonizados con el nuevo currículo. DCyME.;12283;1.2.5 - Dotar de recursos didácticos para la implementación del currículo;220097;KIT DE MATERIAL DIDACTICO - CADA UNO [ CADA UNO ] ;54116;1.2.5.1.2.3- Kit de medición;26000;6587320;0;-12098502;1712888;2901793;9153305;4023112;107/2024;10/02/2026;UACI;15/12/2026;15/01/2026;13/06/2026;27705;157;06141801931027;PROSERQUI, S.A DE C.V.
2026;BIRF 9067-SV;1401;7495 BIRF ;02;REVISIÓN, ALINEACIÓN  E IMPLEMENTACIÓN DEL CURRÍCULO ECPI EN TODO EL PAÍS;Desarrollar el modelo de calidad educativa de la primera infancia en El Salvador, para mejorar el desarrollo de los niños y niñas entre 0 y 7 años de edad.;8648;8,000 aulas en los centros ECPI del sector público que reciben materiales didácticos armonizados con el nuevo currículo. DCyME.;12283;1.2.5 - Dotar de recursos didácticos para la implementación del currículo;220098;KIT DE MATERIAL DIDACTICO - CADA UNO [ CADA UNO ] ;54116;1.2.5.1.2.4- Tetris;26000;9203107;0;-4386175;5269236;538737;7908155;1353739;107/2024;10/02/2026;UACI;15/12/2026;15/01/2026;13/06/2026;27705;157;06141801931027;PROSERQUI, S.A DE C.V.
2026;BIRF 9067-SV;1401;7495 BIRF ;02;REVISIÓN, ALINEACIÓN  E IMPLEMENTACIÓN DEL CURRÍCULO ECPI EN TODO EL PAÍS;Desarrollar el modelo de calidad educativa de la primera infancia en El Salvador, para mejorar el desarrollo de los niños y niñas entre 0 y 7 años de edad.;8648;8,000 aulas en los centros ECPI del sector público que reciben materiales didácticos armonizados con el nuevo currículo. DCyME.;12283;1.2.5 - Dotar de recursos didácticos para la implementación del currículo;220099;KIT DE MATERIAL DIDACTICO - CADA UNO [ CADA UNO ] ;54116;1.2.5.1.2.5- Juegos de mesa;26000;699800;0;-10343573;2120615;4541058;7277672;2743191;107/2024;10/02/2026;UACI;15/12/2026;15/01/2026;13/06/2026;27705;157;06141801931027;PROSERQUI, S.A DE C.V.
2026;BIRF 9067-SV;1401;7495 BIRF ;02;REVISIÓN, ALINEACIÓN  E IMPLEMENTACIÓN DEL CURRÍCULO ECPI EN TODO EL PAÍS;Desarrollar el modelo de calidad educativa de la primera infancia en El Salvador, para mejorar el desarrollo de los niños y niñas entre 0 y 7 años de edad.;8648;8,000 aulas en los centros ECPI del sector público que reciben materiales didácticos armonizados con el nuevo currículo. DCyME.;12283;1.2.5 - Dotar de recursos didácticos para la implementación del currículo;220100;KIT DE MATERIAL DIDACTICO - CADA UNO [ CADA UNO ] ;54116;1.2.5.1.2.6- Balanza de bloques de madera;26000;1702893;0;-200682;3245225;4057735;6804430;3873776;107/2024;10/02/2026;UACI;15/12/2025;15/01/2026;13/06/2026;27705;158;31000000000131;MINILAND S.A.
2026;BIRF 9067-SV;1401;7495 BIRF ;02;REVISIÓN, ALINEACIÓN  E IMPLEMENTACIÓN DEL CURRÍCULO ECPI EN TODO EL PAÍS;Desarrollar el modelo de calidad educativa de la primera infancia en El Salvador, para mejorar el desarrollo de los niños y niñas entre 0 y 7 años de edad.;8648;8,000 aulas en los centros ECPI del sector público que reciben materiales didácticos armonizados con el nuevo currículo. DCyME.;12283;1.2.5 - Dotar de recursos didácticos para la implementación del currículo;220101;KIT DE MATERIAL DIDACTICO - CADA UNO [ CADA UNO ] ;54116;"1.2.5.1.2.7- Kit de rompecabezas ?Ciclo de vida"".";26000;1986972;0;-4610532;4093195;729584;1629465;5021270;107/2024;10/02/2026;UACI;15/12/2025;15/01/2026;13/06/2026;27705;158;31000000000131;MINILAND S.A.
2026;BIRF 9067-SV;1401;7495 BIRF ;02;REVISIÓN, ALINEACIÓN  E IMPLEMENTACIÓN DEL CURRÍCULO ECPI EN TODO EL PAÍS;Desarrollar el modelo de calidad educativa de la primera infancia en El Salvador, para mejorar el desarrollo de los niños y niñas entre 0 y 7 años de edad.;8648;8,000 aulas en los centros ECPI del sector público que reciben materiales didácticos armonizados con el nuevo currículo. DCyME.;12283;1.2.5 - Dotar de recursos didácticos para la implementación del currículo;220102;KIT DE MATERIAL DIDACTICO - CADA UNO [ CADA UNO ] ;54116;1.2.5.1.2.8- Bloques lógicos;26000;938514;0;-12595996;1549051;367516;4682321;7100025;107/2024;10/02/2026;UACI;15/12/2025;15/01/2026;13/06/2026;27705;158;31000000000131;MINILAND S.A.
2026;BIRF 9067-SV;1401;7495 BIRF ;02;REVISIÓN, ALINEACIÓN  E IMPLEMENTACIÓN DEL CURRÍCULO ECPI EN TODO EL PAÍS;Desarrollar el modelo de calidad educativa de la primera infancia en El Salvador, para mejorar el desarrollo de los niños y niñas entre 0 y 7 años de edad.;8648;8,000 aulas en los centros ECPI del sector público que reciben materiales didácticos armonizados con el nuevo currículo. DCyME.;12283;1.2.5 - Dotar de recursos didácticos para la implementación del currículo;220103;KIT DE MATERIAL DIDACTICO - CADA UNO [ CADA UNO ] ;54116;1.2.5.1.2.9- Regletas de Cuisineare;39000;2902684;0;1743350;4371679;1717874;3693050;8412384;107/2024;10/02/2026;UACI;15/12/2025;15/01/2026;13/06/2026;27705;158;31000000000131;MINILAND S.A.
2026;BIRF 9067-SV;1401;7495 BIRF ;02;REVISIÓN, ALINEACIÓN  E IMPLEMENTACIÓN DEL CURRÍCULO ECPI EN TODO EL PAÍS;Desarrollar el modelo de calidad educativa de la primera infancia en El Salvador, para mejorar el desarrollo de los niños y niñas entre 0 y 7 años de edad.;8648;8,000 aulas en los centros ECPI del sector público que reciben materiales didácticos armonizados con el nuevo currículo. DCyME.;12283;1.2.5 - Dotar de recursos didácticos para la implementación del currículo;220104;KIT DE MATERIAL DIDACTICO - CADA UNO [ CADA UNO ] ;54116;1.2.5.1.2.10- Geoplano rectangular;39000;11787848;0;-12742141;5317376;3316671;1913868;5302199;107/2024;10/02/2026;UACI;15/12/2025;15/01/2026;13/06/2026;27705;158;31000000000131;MINILAND S.A.
2026;BIRF 9067-SV;1401;7495 BIRF ;02;REVISIÓN, ALINEACIÓN  E IMPLEMENTACIÓN DEL CURRÍCULO ECPI EN TODO EL PAÍS;Desarrollar el modelo de calidad educativa de la primera infancia en El Salvador, para mejorar el desarrollo de los niños y niñas entre 0 y 7 años de edad.;8648;8,000 aulas en los centros ECPI del sector público que reciben materiales didácticos armonizados con el nuevo currículo. DCyME.;12283;1.2.5 - Dotar de recursos didácticos para la implementación del currículo;220105;KIT DE MATERIAL DIDACTICO - CADA UNO [ CADA UNO ] ;54116;1.2.5.1.2.11- Ábaco;39000;10188753;0;1033322;264522;308087;5212611;6979734;107/2024;10/02/2026;UACI;15/12/2025;15/01/2026;13/06/2026;27705;158;31000000000131;MINILAND S.A.
2026;BIRF 9067-SV;1401;7495 BIRF ;02;REVISIÓN, ALINEACIÓN  E IMPLEMENTACIÓN DEL CURRÍCULO ECPI EN TODO EL PAÍS;Desarrollar el modelo de calidad educativa de la primera infancia en El Salvador, para mejorar el desarrollo de los niños y niñas entre 0 y 7 años de edad.;8648;8,000 aulas en los centros ECPI del sector público que reciben materiales didácticos armonizados con el nuevo currículo. DCyME.;12283;1.2.5 - Dotar de recursos didácticos para la implementación del currículo;220106;KIT DE MATERIAL DIDACTICO - CADA UNO [ CADA UNO ] ;54116;1.2.5.1.2.12- Reloj;13000;16801076;0;-8995485;650702;3300588;6784878;3602972;107/2024;10/02/2026;UACI;15/12/2025;15/01/2026;13/06/2026;27705;158;31000000000131;MINILAND S.A.
2026;BIRF 9067-SV;1401;7495 BIRF ;02;REVISIÓN, ALINEACIÓN  E IMPLEMENTACIÓN DEL CURRÍCULO ECPI EN TODO EL PAÍS;Desarrollar el modelo de calidad educativa de la primera infancia en El Salvador, para mejorar el desarrollo de los niños y niñas entre 0 y 7 años de edad.;8648;8,000 aulas en los centros ECPI del sector público que reciben materiales didácticos armonizados con el nuevo currículo. DCyME.;12283;1.2.5 - Dotar de recursos didácticos para la implementación del currículo;220107;KIT DE MATERIAL DIDACTICO - CADA UNO [ CADA UNO ] ;54116;1.2.5.1.2.13- Bloques multibase o base 10.;13000;17352667;0;-12677478;4924070;4783208;7677115;1666516;107/2024;10/02/2026;UACI;15/12/2025;15/01/2026;13/06/2026;27705;158;31000000000131;MINILAND S.A.
2026;BIRF 9067-SV;1401;7495 BIRF ;02;REVISIÓN, ALINEACIÓN  E IMPLEMENTACIÓN DEL CURRÍCULO ECPI EN TODO EL PAÍS;Desarrollar el modelo de calidad educativa de la primera infancia en El Salvador, para mejorar el desarrollo de los niños y niñas entre 0 y 7 años de edad.;8648;8,000 aulas en los centros ECPI del sector público que reciben materiales didácticos armonizados con el nuevo currículo. DCyME.;12283;1.2.5 - Dotar de recursos didácticos para la implementación del currículo;220108;KIT DE MATERIAL DIDACTICO - CADA UNO [ CADA UNO ] ;54116;1.2.5.1.2.14- Tangram;26000;7614652;0;-5661169;4025951;228560;6284596;2271823;107/2024;10/02/2026;UACI;15/12/2025;15/01/2026;13/06/2026;27705;159;06143005141025;CONSULTORES ASOCIADOS PROVEEDORES DE BIENES Y SERVICIOS, S.A. DE C.V.
2026;BIRF 9067-SV;1401;7495 BIRF ;02;REVISIÓN, ALINEACIÓN  E IMPLEMENTACIÓN DEL CURRÍCULO ECPI EN TODO EL PAÍS;Desarrollar el modelo de calidad educativa de la primera infancia en El Salvador, para mejorar el desarrollo de los niños y niñas entre 0 y 7 años de edad.;8648;8,000 aulas en los centros ECPI del sector público que reciben materiales didácticos armonizados con el nuevo currículo. DCyME.;12283;1.2.5 - Dotar de recursos didácticos para la implementación del currículo;220837;MATERIALES Y RECURSOS DIDACTICOS;54116;1.2.5.2.6-.2 10 Libros de literatura infantil de diversos títulos con tapa dura (cubierta con material rígido y resistente) para niñas y niños de 4 a 7 años. LOTE 1;1;10759613;0;-12284859;2700434;2825406;6253873;7909065;;03/03/2027;UACI;;;;0;;              ;
2026;BIRF 9067-SV;1401;7495 BIRF ;02;REVISIÓN, ALINEACIÓN  E IMPLEMENTACIÓN DEL CURRÍCULO ECPI EN TODO EL PAÍS;Desarrollar el modelo de calidad educativa de la primera infancia en El Salvador, para mejorar el desarrollo de los niños y niñas entre 0 y 7 años de edad.;8648;8,000 aulas en los centros ECPI del sector público que reciben materiales didácticos armonizados con el nuevo currículo. DCyME.;12283;1.2.5 - Dotar de recursos didácticos para la implementación del currículo;220838;MATERIALES Y RECURSOS DIDACTICOS;54116;1.2.5.2.6-3  10 Libros de literatura infantil de diversos títulos con tapa blanda (cubierta con cartón blando o cartulina) para niñas y niños de 4 a 7 años. LOTE 2;1;2853879;0;-13415677;5862429;4615108;2258017;6505237;;03/03/2026;UACI;;;;0;;              ;
2026;BIRF 9067-SV;1401;7495 BIRF ;02;REVISIÓN, ALINEACIÓN  E IMPLEMENTACIÓN DEL CURRÍCULO ECPI EN TODO EL PAÍS;Desarrollar el modelo de calidad educativa de la primera infancia en El Salvador, para mejorar el desarrollo de los niños y niñas entre 0 y 7 años de edad.;8648;8,000 aulas en los centros ECPI del sector público que reciben materiales didácticos armonizados con el nuevo currículo. DCyME.;12283;1.2.5 - Dotar de recursos didácticos para la implementación del currículo;220839;MATERIALES Y RECURSOS DIDACTICOS;54116;1.2.5.2.6- 4 10 Libros de literatura infantil de diversos títulos de cartoné  para niñas y niños de 4 a 7 años. LOTE 4;1;142406;0;-15456806;2201127;4779112;7397371;339024;;12/03/2026;UACI;;;;0;;              ;
2026;BIRF 9067-SV;1401;7495 BIRF ;02;REVISIÓN, ALINEACIÓN  E IMPLEMENTACIÓN DEL CURRÍCULO ECPI EN TODO EL PAÍS;Desarrollar el modelo de calidad educativa de la primera infancia en El Salvador, para mejorar el desarrollo de los niños y niñas entre 0 y 7 años de edad.;8648;8,000 aulas en los centros ECPI del sector público que reciben materiales didácticos armonizados con el nuevo currículo. DCyME.;12283;1.2.5 - Dotar de recursos didácticos para la implementación del currículo;220844;MATERIALES Y RECURSOS DIDACTICOS - CADA UNO;54116;1.2.5.2.6- 4 10 Libros de literatura infantil de diversos títulos de cartoné  para niñas y niños de 4 a 7 años. LOTE 4;1;13483627;0;-16133367;827812;4309402;9867322;3583429;21/2024;05/03/2026;UACI;19/05/2026;30/05/2026;30/10/2026;28124;16/2026 BIRF;06232204261237;UDP PIEDRASANTA-GRELISAL
2026;BIRF 9067-SV;1401;7495 BIRF ;02;REVISIÓN, ALINEACIÓN  E IMPLEMENTACIÓN DEL CURRÍCULO ECPI EN TODO EL PAÍS;Desarrollar el modelo de calidad educativa de la primera infancia en El Salvador, para mejorar el desarrollo de los niños y niñas entre 0 y 7 años de edad.;8648;8,000 aulas en los centros ECPI del sector público que reciben materiales didácticos armonizados con el nuevo currículo. DCyME.;12283;1.2.5 - Dotar de recursos didácticos para la implementación del currículo;220845;MATERIALES Y RECURSOS DIDACTICOS - CADA UNO;54116;1.2.5.2.6-3  10 Libros de literatura infantil de diversos títulos con tapa blanda (cubierta con cartón blando o cartulina) para niñas y niños de 4 a 7 años. LOTE 2;1;13183716;0;2629873;3056355;4152135;9580367;3647233;21/2024;05/03/2026;UACI;19/05/2026;30/05/2026;30/10/2026;28124;16/2026 BIRF;06232204261237;UDP PIEDRASANTA-GRELISAL
2026;BIRF 9067-SV;1401;7495 BIRF ;02;REVISIÓN, ALINEACIÓN  E IMPLEMENTACIÓN DEL CURRÍCULO ECPI EN TODO EL PAÍS;Desarrollar el modelo de calidad educativa de la primera infancia en El Salvador, para mejorar el desarrollo de los niños y niñas entre 0 y 7 años de edad.;8648;8,000 aulas en los centros ECPI del sector público que reciben materiales didácticos armonizados con el nuevo currículo. DCyME.;12283;1.2.5 - Dotar de recursos didácticos para la implementación del currículo;220846;MATERIALES Y RECURSOS DIDACTICOS - CADA UNO;54116;1.2.5.2.6-.2 10 Libros de literatura infantil de diversos títulos con tapa dura (cubierta con material rígido y resistente) para niñas y niños de 4 a 7 años. LOTE 1;1;9819122;0;3289077;4827300;3913642;2355981;7689014;21/2024;05/03/2026;UACI;19/05/2026;30/05/2026;30/10/2026;28124;17/2026 BIRF;06230605261164;UDP IMAGEN LIBROS-LATINBOOKS INTERNATIONAL 
2026;BIRF 9067-SV;1401;7495 BIRF ;02;REVISIÓN, ALINEACIÓN  E IMPLEMENTACIÓN DEL CURRÍCULO ECPI EN TODO EL PAÍS;Desarrollar el modelo de calidad educativa de la primera infancia en El Salvador, para mejorar el desarrollo de los niños y niñas entre 0 y 7 años de edad.;8648;8,000 aulas en los centros ECPI del sector público que reciben materiales didácticos armonizados con el nuevo currículo. DCyME.;12283;1.2.5 - Dotar de recursos didácticos para la implementación del currículo;220847;SERVICIOS DE CONSULTORIA - CADA UNO [ CADA UNO ] ;54322;4.1.5.1.1 Consultoría para la definición de estándarés de aprendizaje de lenguaje y matemática para educación básica y educación media: formulación, validación y publicación.  (póliza) ;1;3042032;0;-16484260;3179208;2106408;2706415;6085433;;05/03/2026;UACI;;;;0;;              ;
2026;BIRF 9067-SV;1401;7495 BIRF ;02;REVISIÓN, ALINEACIÓN  E IMPLEMENTACIÓN DEL CURRÍCULO ECPI EN TODO EL PAÍS;Desarrollar el modelo de calidad educativa de la primera infancia en El Salvador, para mejorar el desarrollo de los niños y niñas entre 0 y 7 años de edad.;8648;8,000 aulas en los centros ECPI del sector público que reciben materiales didácticos armonizados con el nuevo currículo. DCyME.;12283;1.2.5 - Dotar de recursos didácticos para la implementación del currículo;222101;TAMBOR BONGO;54116;1.2.5.1.7-1 Tambor bongo;1;8897097;0;-53243;3066105;1260865;1421114;6662875;105/2024;27/02/2026;UACI;28/08/2025;26/08/2025;30/06/2026;27894;123;06142604610038;MERCEDES EUGENIA POSADA DE MARTÍNEZ 
2026;BIRF 9067-SV;1401;7495 BIRF ;02;REVISIÓN, ALINEACIÓN  E IMPLEMENTACIÓN DEL CURRÍCULO ECPI EN TODO EL PAÍS;Desarrollar el modelo de calidad educativa de la primera infancia en El Salvador, para mejorar el desarrollo de los niños y niñas entre 0 y 7 años de edad.;8648;8,000 aulas en los centros ECPI del sector público que reciben materiales didácticos armonizados con el nuevo currículo. DCyME.;12283;1.2.5 - Dotar de recursos didácticos para la implementación del currículo;222102;JUEGO DE MARACAS;54116;1.2.5.1.7-2 Juego de maracas;1;2720927;0;1839888;4964807;1973433;2524038;7317337;105/2024;27/02/2026;UACI;26/08/2025;26/08/2025;30/06/2026;27894;124;06143005141025;CONSULTORES ASOCIADOS PROVEEDORES DE BIENES Y SERVICIOS, S.A. DE C.V.
2026;BIRF 9067-SV;1401;7495 BIRF ;02;REVISIÓN, ALINEACIÓN  E IMPLEMENTACIÓN DEL CURRÍCULO ECPI EN TODO EL PAÍS;Desarrollar el modelo de calidad educativa de la primera infancia en El Salvador, para mejorar el desarrollo de los niños y niñas entre 0 y 7 años de edad.;8648;8,000 aulas en los centros ECPI del sector público que reciben materiales didácticos armonizados con el nuevo currículo. DCyME.;12283;1.2.5 - Dotar de recursos didácticos para la implementación del currículo;222103;CLAVES DE MADERA;54116;1.2.5.1.7-3 Claves de madera;1;9455790;0;-12538363;2485217;3000823;5849032;7905759;105/2024;27/02/2026;UACI;26/08/2025;26/08/2025;30/06/2026;27894;124;06143005141025;CONSULTORES ASOCIADOS PROVEEDORES DE BIENES Y SERVICIOS, S.A. DE C.V.
2026;BIRF 9067-SV;1401;7495 BIRF ;02;REVISIÓN, ALINEACIÓN  E IMPLEMENTACIÓN DEL CURRÍCULO ECPI EN TODO EL PAÍS;Desarrollar el modelo de calidad educativa de la primera infancia en El Salvador, para mejorar el desarrollo de los niños y niñas entre 0 y 7 años de edad.;8648;8,000 aulas en los centros ECPI del sector público que reciben materiales didácticos armonizados con el nuevo currículo. DCyME.;12283;1.2.5 - Dotar de recursos didácticos para la implementación del currículo;222104;PANDERETA DE MADERA;54116;1.2.5.1.7-4  Pandereta de madera;1;11841458;0;-11887599;4229047;3107529;1273521;1683373;105/2024;27/02/2026;UACI;26/08/2025;26/08/2025;30/06/2026;27894;124;06143005141025;CONSULTORES ASOCIADOS PROVEEDORES DE BIENES Y SERVICIOS, S.A. DE C.V.
2026;BIRF 9067-SV;1401;7495 BIRF ;02;REVISIÓN, ALINEACIÓN  E IMPLEMENTACIÓN DEL CURRÍCULO ECPI EN TODO EL PAÍS;Desarrollar el modelo de calidad educativa de la primera infancia en El Salvador, para mejorar el desarrollo de los niños y niñas entre 0 y 7 años de edad.;8648;8,000 aulas en los centros ECPI del sector público que reciben materiales didácticos armonizados con el nuevo currículo. DCyME.;12283;1.2.5 - Dotar de recursos didácticos para la implementación del currículo;222483;SUMINISTRO DE MOBILIARIO - CADA UNO;61101;1.2.5.2.5-1-Exhibidor de madera para libros para la zona occidental (LOTE 1) ;2959;14733063;0;-15022391;1307430;4586358;5152732;4228728;N/A;05/01/2026;UACI;09/09/2025;06/10/2025;04/03/2026;27961;130;040223664     ;JESSICA ZULEIMA OLMEDO DE CASTRO   
2026;BIRF 9067-SV;1401;7495 BIRF ;02;REVISIÓN, ALINEACIÓN  E IMPLEMENTACIÓN DEL CURRÍCULO ECPI EN TODO EL PAÍS;Desarrollar el modelo de calidad educativa de la primera infancia en El Salvador, para mejorar el desarrollo de los niños y niñas entre 0 y 7 años de edad.;8648;8,000 aulas en los centros ECPI del sector público que reciben materiales didácticos armonizados con el nuevo currículo. DCyME.;12283;1.2.5 - Dotar de recursos didácticos para la implementación del currículo;222484;SUMINISTRO DE MOBILIARIO - CADA UNO;61101;1.2.5.2.5-2- Exhibidor de madera para libros para la zona oriental (LOTE 3) ;3408;14068132;0;-15044838;5965355;1181105;6708860;3474038;N/A;05/01/2026;UACI;09/09/2025;06/10/2025;04/03/2026;27961;130;040223664     ;JESSICA ZULEIMA OLMEDO DE CASTRO   
2026;BIRF 9067-SV;1401;7495 BIRF ;02;REVISIÓN, ALINEACIÓN  E IMPLEMENTACIÓN DEL CURRÍCULO ECPI EN TODO EL PAÍS;Desarrollar el modelo de calidad educativa de la primera infancia en El Salvador, para mejorar el desarrollo de los niños y niñas entre 0 y 7 años de edad.;8648;8,000 aulas en los centros ECPI del sector público que reciben materiales didácticos armonizados con el nuevo currículo. DCyME.;12283;1.2.5 - Dotar de recursos didácticos para la implementación del currículo;222485;SUMINISTRO DE MOBILIARIO - CADA UNO;61101;1.2.5.2.5-3- Exhibidor de madera para libros para la zona central (LOTE 2) ;6633;3353284;0;3454235;533736;4741569;9991113;4079379;N/A;05/01/2026;UACI;09/09/2025;06/10/2025;04/03/2026;27961;129;06142402161044;POLÍGONO DON BOSCO, S.A. DE C.V.
2026;BIRF 9067-SV;1401;7495 BIRF ;01;FORTALECIMIENTO DE LA CAPACIDAD INSTITUCIONAL DEL MINEDUCYT PARA LA GESTIÓN DEL SECTOR EDUCATIVO.;Desarrollar el modelo de calidad educativa de la primera infancia en El Salvador, para mejorar el desarrollo de los niños y niñas entre 0 y 7 años de edad.;8651;Definir los Estándares de Aprendizaje para lenguaje y matemática en educación básica (desde 2° grado hasta 9° grado) y en educación media (1° y 2° año de bachillerato. DCyME;12275;4.1.5 - Definición de Estándares de Aprendizaje de Lenguaje y Matemática para Educación Básica y Media;217442;SERVICIOS DE CONSULTORIA - CADA UNO [ CADA UNO ] ;54322;4.1.5.1.1 - Consultoría para la definición de estándares de aprendizaje de lenguaje y matemática para educación básica y educación media: formulación, validación y publicación.;1;1129314;0;-14915555;5187670;5704979;2704999;3099029;30/2023;10/03/2026;UACI;01/03/2026;01/01/2026;28/02/2026;27947;71/2024 BIRF 9067 ;06141806921046;FUNDACIÓN PARA LA EDUCACIÓN INTEGRAL SALVADOREÑA (FEDISAL)
2026;BIRF 9067-SV;1401;7495 BIRF ;01;FORTALECIMIENTO DE LA CAPACIDAD INSTITUCIONAL DEL MINEDUCYT PARA LA GESTIÓN DEL SECTOR EDUCATIVO.;Desarrollar el modelo de calidad educativa de la primera infancia en El Salvador, para mejorar el desarrollo de los niños y niñas entre 0 y 7 años de edad.;8651;Definir los Estándares de Aprendizaje para lenguaje y matemática en educación básica (desde 2° grado hasta 9° grado) y en educación media (1° y 2° año de bachillerato. DCyME;12275;4.1.5 - Definición de Estándares de Aprendizaje de Lenguaje y Matemática para Educación Básica y Media;217444;SERVICIOS PROFESIONALES;54599;"4.1.5.2.1 - Contratación de  especialista 1 en currículo para la definición de estándares de aprendizaje especialidad de Lenguaje y Literatura
";1;387438;0;-13936946;5638481;1578131;3021333;1876238;63;03/01/2026;UACI;31/10/2023;01/01/2026;30/06/2026;27754;46/2023;046468212     ;ESMERALDA CRISTABEL RAMOS CALERO     
2026;BIRF 9067-SV;1401;7495 BIRF ;01;FORTALECIMIENTO DE LA CAPACIDAD INSTITUCIONAL DEL MINEDUCYT PARA LA GESTIÓN DEL SECTOR EDUCATIVO.;Desarrollar el modelo de calidad educativa de la primera infancia en El Salvador, para mejorar el desarrollo de los niños y niñas entre 0 y 7 años de edad.;8651;Definir los Estándares de Aprendizaje para lenguaje y matemática en educación básica (desde 2° grado hasta 9° grado) y en educación media (1° y 2° año de bachillerato. DCyME;12275;4.1.5 - Definición de Estándares de Aprendizaje de Lenguaje y Matemática para Educación Básica y Media;217445;SERVICIOS PROFESIONALES;54599;"4.1.5.2.2 - Contratación de especialista 1 en currículo para la definición de estándares de aprendizaje especialidad de Matemática.
";1;12448914;0;-1272027;4345243;851642;3921110;8364661;40;03/01/2026;UACI;13/12/2023;01/01/2026;30/06/2026;27732;58/2023 BIRF-9067;043288427     ;DORIS CECIBEL OCHOA DE GONZÁLEZ  
2026;BIRF 9067-SV;1401;7495 BIRF ;01;FORTALECIMIENTO DE LA CAPACIDAD INSTITUCIONAL DEL MINEDUCYT PARA LA GESTIÓN DEL SECTOR EDUCATIVO.;Desarrollar el modelo de calidad educativa de la primera infancia en El Salvador, para mejorar el desarrollo de los niños y niñas entre 0 y 7 años de edad.;8651;Definir los Estándares de Aprendizaje para lenguaje y matemática en educación básica (desde 2° grado hasta 9° grado) y en educación media (1° y 2° año de bachillerato. DCyME;12275;4.1.5 - Definición de Estándares de Aprendizaje de Lenguaje y Matemática para Educación Básica y Media;217446;SERVICIOS PROFESIONALES;54599;"4.1.5.2.1 - Contratación de  especialista 2 en currículo para la definición de estándares de aprendizaje especialidad de Lenguaje y Literatura
";1;6900741;0;-9126577;2895872;755853;2979884;4828924;63;03/01/2026;UACI;31/10/2023;01/01/2026;30/06/2026;27754;45/2023;008636782     ;MARLENE ELÍZABETH RODAS ROSALES        
2026;BIRF 9067-SV;1401;7495 BIRF ;01;FORTALECIMIENTO DE LA CAPACIDAD INSTITUCIONAL DEL MINEDUCYT PARA LA GESTIÓN DEL SECTOR EDUCATIVO.;Desarrollar el modelo de calidad educativa de la primera infancia en El Salvador, para mejorar el desarrollo de los niños y niñas entre 0 y 7 años de edad.;8651;Definir los Estándares de Aprendizaje para lenguaje y matemática en educación básica (desde 2° grado hasta 9° grado) y en educación media (1° y 2° año de bachillerato. DCyME;12275;4.1.5 - Definición de Estándares de Aprendizaje de Lenguaje y Matemática para Educación Básica y Media;217447;SERVICIOS PROFESIONALES;54599;"4.1.5.2.2 - Contratación de especialista 2 en currículo para la definición de estándares de aprendizaje especialidad de Matemática.
";1;17244868;0;-13567861;1217900;722531;4100282;9957303;40;03/01/2026;UACI;13/12/2023;01/01/2026;30/06/2026;27732;59/2023 BIRF-9067;045751183     ;RUTH ABIGAIL MELARA VIERA   
2026;BIRF 9067-SV;1401;7495 BIRF ;01;FORTALECIMIENTO DE LA CAPACIDAD INSTITUCIONAL DEL MINEDUCYT PARA LA GESTIÓN DEL SECTOR EDUCATIVO.;Desarrollar el modelo de calidad educativa de la primera infancia en El Salvador, para mejorar el desarrollo de los niños y niñas entre 0 y 7 años de edad.;8651;Definir los Estándares de Aprendizaje para lenguaje y matemática en educación básica (desde 2° grado hasta 9° grado) y en educación media (1° y 2° año de bachillerato. DCyME;12275;4.1.5 - Definición de Estándares de Aprendizaje de Lenguaje y Matemática para Educación Básica y Media;217447;SERVICIOS PROFESIONALES;54599;"4.1.5.2.2 - Contratación de especialista 2 en currículo para la definición de estándares de aprendizaje especialidad de Matemática.
";1;17949621;0;1866726;4588384;5192689;8599202;7265907;40;03/01/2026;UACI;13/12/2023;01/01/2026;30/06/2026;27732;58/2023 BIRF-9067;043288427     ;DORIS CECIBEL OCHOA DE GONZÁLEZ  
2026;BIRF 9067-SV;1401;7495 BIRF ;01;FORTALECIMIENTO DE LA CAPACIDAD INSTITUCIONAL DEL MINEDUCYT PARA LA GESTIÓN DEL SECTOR EDUCATIVO.;Desarrollar el modelo de calidad educativa de la primera infancia en El Salvador, para mejorar el desarrollo de los niños y niñas entre 0 y 7 años de edad.;8651;Definir los Estándares de Aprendizaje para lenguaje y matemática en educación básica (desde 2° grado hasta 9° grado) y en educación media (1° y 2° año de bachillerato. DCyME;12275;4.1.5 - Definición de Estándares de Aprendizaje de Lenguaje y Matemática para Educación Básica y Media;217448;SERVICIOS DE CONSULTORIA - CADA UNO [ CADA UNO ] ;54322;"4.1.5.3.1 - Consultoría para la definición y formación sobre el marco de calidad para el equipo técnico del MINEDUCYT.
";1;2764001;0;-14409089;4068764;1454819;6026465;1962919;;15/07/2026;UACI;;;;0;;              ;
2026;BIRF 9067-SV;1401;7495 BIRF ;01;FORTALECIMIENTO DE LA CAPACIDAD INSTITUCIONAL DEL MINEDUCYT PARA LA GESTIÓN DEL SECTOR EDUCATIVO.;Desarrollar el modelo de calidad educativa de la primera infancia en El Salvador, para mejorar el desarrollo de los niños y niñas entre 0 y 7 años de edad.;8651;Definir los Estándares de Aprendizaje para lenguaje y matemática en educación básica (desde 2° grado hasta 9° grado) y en educación media (1° y 2° año de bachillerato. DCyME;12275;4.1.5 - Definición de Estándares de Aprendizaje de Lenguaje y Matemática para Educación Básica y Media;217449;SERVICIOS DE CONSULTORIA - CADA UNO [ CADA UNO ] ;54322;"4.1.5.4.1 - Consultoría para la renovación de los fundamentos y lineamientos curriculares de la educación nacional.
";1;12510463;0;711894;969997;569322;485027;3765956;87;03/03/2026;UACI;23/01/2025;23/01/2025;23/04/2026;27814;6;31000000000111;FUNDACIÓN SUMMA
2026;BIRF 9067-SV;1401;7495 BIRF ;01;FORTALECIMIENTO DE LA CAPACIDAD INSTITUCIONAL DEL MINEDUCYT PARA LA GESTIÓN DEL SECTOR EDUCATIVO.;Desarrollar el modelo de calidad educativa de la primera infancia en El Salvador, para mejorar el desarrollo de los niños y niñas entre 0 y 7 años de edad.;8651;Definir los Estándares de Aprendizaje para lenguaje y matemática en educación básica (desde 2° grado hasta 9° grado) y en educación media (1° y 2° año de bachillerato. DCyME;12275;4.1.5 - Definición de Estándares de Aprendizaje de Lenguaje y Matemática para Educación Básica y Media;220859;SERVICIOS DE CONSULTORIA - CADA UNO [ CADA UNO ] ;54322;4.1.5.1.1 Consultoría para la definición de estándarés de aprendizaje de lenguaje y matemática para educación básica y educación media: formulación, validación y publicación.  (póliza) ;1;2473322;0;-11469209;4579146;1926916;735574;4965334;;05/02/2026;NO UACI;;;;0;;              ;
2026;BIRF 9067-SV;1401;7495 BIRF ;02;GESTIÓN DEL PROYECTO.;Desarrollar el modelo de calidad educativa de la primera infancia en El Salvador, para mejorar el desarrollo de los niños y niñas entre 0 y 7 años de edad.;8656;"8,000 docentes ECPI a nivel nacional reciben el nuevo currículo - DCyME.
";12279;"4.2.2 - Apoyar a la Unidad Operativa del Proyecto
";217458;SERVICIOS PROFESIONALES;54599;"4.2.2.1.3.1 - Contratación de asesor/a para la estrategia del diseño curricular de la primera infancia para el MINEDUCYT.
";1;17920965;0;-14505288;4593672;1370111;170615;7133052;37;03/01/2026;UACI;12/03/2023;13/03/2023;30/06/2026;27723;1;06143012540017;MARÍA CRISTINA LIMA MENA
2026;BIRF 9067-SV;1401;7495 BIRF ;02;GESTIÓN DEL PROYECTO.;Desarrollar el modelo de calidad educativa de la primera infancia en El Salvador, para mejorar el desarrollo de los niños y niñas entre 0 y 7 años de edad.;8656;"8,000 docentes ECPI a nivel nacional reciben el nuevo currículo - DCyME.
";12279;"4.2.2 - Apoyar a la Unidad Operativa del Proyecto
";217459;SERVICIOS PROFESIONALES;54599;"4.2.2.1.3.2 - Contratación de técnico especialista en currículo de educación básica con experiencia en ciencias
";1;11103739;0;-9190318;3638582;3571370;9337144;5370380;52;03/01/2026;UACI;28/06/2022;01/01/2026;30/06/2026;27744;3;04010512921019;MAYRA EVELIN MALDONADO FLORES
2026;BIRF 9067-SV;1401;7495 BIRF ;02;GESTIÓN DEL PROYECTO.;Desarrollar el modelo de calidad educativa de la primera infancia en El Salvador, para mejorar el desarrollo de los niños y niñas entre 0 y 7 años de edad.;8656;"8,000 docentes ECPI a nivel nacional reciben el nuevo currículo - DCyME.
";12279;"4.2.2 - Apoyar a la Unidad Operativa del Proyecto
";217460;SERVICIOS PROFESIONALES;54599;"4.2.2.1.3.3 - Contratación de técnico especialista curricular en primera infancia
";1;6280334;0;-12172605;1910136;3645256;2912441;9059222;45;03/01/2026;UACI;11/07/2024;01/01/2026;30/06/2026;27735;43;0034083991    ;KAREN MERARY MOLINA DE BARAHONA 
2026;BIRF 9067-SV;1401;7495 BIRF ;02;GESTIÓN DEL PROYECTO.;Desarrollar el modelo de calidad educativa de la primera infancia en El Salvador, para mejorar el desarrollo de los niños y niñas entre 0 y 7 años de edad.;8656;"8,000 docentes ECPI a nivel nacional reciben el nuevo currículo - DCyME.
";12279;"4.2.2 - Apoyar a la Unidad Operativa del Proyecto
";217461;SERVICIOS PROFESIONALES;54599;"4.2.2.1.3.4 - Contratación de técnico especialista en currículo de educación especial.
";1;11976993;0;3333809;4380631;2321835;1423376;5396070;62;03/01/2026;UACI;30/06/2022;01/01/2026;30/06/2026;27753;04/2022;06141704711110;XENIA MARICELA MARÍN DE IMENDIA
2026;BIRF 9067-SV;1401;7495 BIRF ;02;GESTIÓN DEL PROYECTO.;Desarrollar el modelo de calidad educativa de la primera infancia en El Salvador, para mejorar el desarrollo de los niños y niñas entre 0 y 7 años de edad.;8656;"8,000 docentes ECPI a nivel nacional reciben el nuevo currículo - DCyME.
";12279;"4.2.2 - Apoyar a la Unidad Operativa del Proyecto
";217462;SERVICIOS PROFESIONALES;54599;"4.2.2.1.3.6 - Contratación de técnico  especialista de currículo de educación inicial. (2da. Convocatoria)
";1;6958722;0;-3465378;4773193;5395732;4238062;4981111;58;03/01/2026;UACI;08/03/2024;08/03/2024;30/06/2026;27750;16/2024;042033544     ;BRISSETH AZUCENA ORTIZ DE CAMPOS
2026;BIRF 9067-SV;1401;7495 BIRF ;02;GESTIÓN DEL PROYECTO.;Desarrollar el modelo de calidad educativa de la primera infancia en El Salvador, para mejorar el desarrollo de los niños y niñas entre 0 y 7 años de edad.;8656;"8,000 docentes ECPI a nivel nacional reciben el nuevo currículo - DCyME.
";12279;"4.2.2 - Apoyar a la Unidad Operativa del Proyecto
";217464;SERVICIOS PROFESIONALES;54599;"4.2.2.1.3.8 - Contratación de técnico especialista en currículo de educación básica con experiencia en matemática. (2da. Convocatoria por renuncia de consultor)
";1;7176395;0;3908458;14337;818224;954748;2532232;51;03/01/2026;UACI;31/01/2024;01/01/2026;30/06/2026;27743;8;05112711931040;MARCELA GUADALUPE GUEVARA DE SERRANO  
2026;BIRF 9067-SV;1401;7495 BIRF ;02;GESTIÓN DEL PROYECTO.;Desarrollar el modelo de calidad educativa de la primera infancia en El Salvador, para mejorar el desarrollo de los niños y niñas entre 0 y 7 años de edad.;8656;"8,000 docentes ECPI a nivel nacional reciben el nuevo currículo - DCyME.
";12279;"4.2.2 - Apoyar a la Unidad Operativa del Proyecto
";217466;SERVICIOS PROFESIONALES;54599;"4.2.2.1.3.9 - Contratación de técnico especialista en currículo de educación parvularia. 
";1;7902955;0;-11492514;3287105;3735676;3256342;2867544;46;03/01/2026;UACI;12/08/2022;01/01/2026;30/06/2026;27736;07;05031209871018;IVANIA ANTONIETA COREAS GIRÓN
2026;BIRF 9067-SV;1401;7495 BIRF ;02;GESTIÓN DEL PROYECTO.;Desarrollar el modelo de calidad educativa de la primera infancia en El Salvador, para mejorar el desarrollo de los niños y niñas entre 0 y 7 años de edad.;8656;"8,000 docentes ECPI a nivel nacional reciben el nuevo currículo - DCyME.
";12279;"4.2.2 - Apoyar a la Unidad Operativa del Proyecto
";217467;SERVICIOS PROFESIONALES;54599;"4.2.2.1.3.11 - Contratación de técnico especialista en currículo especialidad de lenguaje. (2da. Convocatoria)
";1;4597586;0;3203402;57359;5576366;8519658;447789;44;03/01/2026;UACI;29/02/2024;01/01/2026;30/06/2026;27734;20;06172801851050;ALONDRA DEL RIO UMANZOR VELASQUEZ
2026;BIRF 9067-SV;1401;7495 BIRF ;02;REVISIÓN, ALINEACIÓN  E IMPLEMENTACIÓN DEL CURRÍCULO ECPI EN TODO EL PAÍS;Desarrollar el modelo de calidad educativa de la primera infancia en El Salvador, para mejorar el desarrollo de los niños y niñas entre 0 y 7 años de edad.;8658;8,000 docentes ECPI a nivel nacional reciben el nuevo currículo - DEIMA 2026.;12287;1.2.6 - Realizar actividades vinculadas al diseño e implementación del currículo para el cumplimiento de los Estándares Ambientales y Sociales (EAS) - DEIMA 2026.;217154;SERVICIOS PROFESIONALES;54599;1.2.6.6.1 - Contratación de especialista 1 para la elaboración de inventario cultural y diseño de material sobre pueblos indígenas y población afrodescendiente.;1;4196220;0;-936280;1024662;5563674;4140238;2471932;4;03/01/2026;UACI;20/10/2023;01/01/2026;30/06/2026;27639;50/2023;059430820     ;JOSUÉ WILFREDO RAMOS ALBERTO
2026;BIRF 9067-SV;1401;7495 BIRF ;02;REVISIÓN, ALINEACIÓN  E IMPLEMENTACIÓN DEL CURRÍCULO ECPI EN TODO EL PAÍS;Desarrollar el modelo de calidad educativa de la primera infancia en El Salvador, para mejorar el desarrollo de los niños y niñas entre 0 y 7 años de edad.;8658;8,000 docentes ECPI a nivel nacional reciben el nuevo currículo - DEIMA 2026.;12287;1.2.6 - Realizar actividades vinculadas al diseño e implementación del currículo para el cumplimiento de los Estándares Ambientales y Sociales (EAS) - DEIMA 2026.;217155;SERVICIOS PROFESIONALES;54599;1.2.6.6.1 - Contratación de especialista 2 para la elaboración de inventario cultural y diseño de material sobre pueblos indígenas y población afrodescendiente.;1;8352209;0;-5057951;5770453;2557390;5545250;2381878;4;03/01/2026;UACI;20/10/2023;01/01/2026;30/06/2026;27639;49/2023;03152006771020;MIGUEL ÁNGEL VELÁSQUEZ CASTILLO            
2026;BIRF 9067-SV;1401;7495 BIRF ;03;FORMACIÓN INICIAL DE DOCENTES EN ECPI.;Desarrollar el modelo de calidad educativa de la primera infancia en El Salvador, para mejorar el desarrollo de los niños y niñas entre 0 y 7 años de edad.;8659;Aplicación de medidas para el cumplimiento de los Estándares Ambientales y Sociales (EAS) - DEIMA 2026.;12288;2.3.4 - Diseñar e Implementar el Plan de Formación y Certificación de Intérpretes en LESSA para el Cumplimiento de los Estándares Ambientales y Sociales (EAS) - DEIMA 2026.  ;217156;SERVICIOS DE CONSULTORIA - CADA UNO [ CADA UNO ] ;54322;2.3.4.1.1 - Consultoría para el diseño e implementación de un curso de alfabetización en Lengua de Señas Salvadoreña con madres, padres y cuidadores de niñez sorda y otros actores interesados.;1;15308236;0;-2791983;4955881;5635785;1519065;9986180;32/2023;03/01/2026;UACI;17/06/2024;01/01/2026;30/06/2026;28139;32/2024 BIRF;06142407860022;FUNDACIÓN EMPRESARIAL PARA EL DESARROLLO EDUCATIVO -FEPADE-
2026;BIRF 9067-SV;1401;7495 BIRF ;03;FORMACIÓN INICIAL DE DOCENTES EN ECPI.;Desarrollar el modelo de calidad educativa de la primera infancia en El Salvador, para mejorar el desarrollo de los niños y niñas entre 0 y 7 años de edad.;8659;Aplicación de medidas para el cumplimiento de los Estándares Ambientales y Sociales (EAS) - DEIMA 2026.;12288;2.3.4 - Diseñar e Implementar el Plan de Formación y Certificación de Intérpretes en LESSA para el Cumplimiento de los Estándares Ambientales y Sociales (EAS) - DEIMA 2026.  ;217157;SERVICIOS DE CONSULTORIA - CADA UNO [ CADA UNO ] ;54322;2.3.4.1.2.1 - Consultoría para diseño de un plan de estudio sobre LESSA y diseño de la propuesta para la certificación de la Lengua de Señas Salvadoreña.;1;13389837;0;-14897766;5797487;5428676;4819002;9739241;29/2025;03/01/2026;UACI;19/05/2026;01/06/2026;30/01/2027;28115;26/2026 BIRF;06140803841010;UNIVERSIDAD DON  BOSCO
2026;BIRF 9067-SV;1401;7495 BIRF ;03;FORMACIÓN INICIAL DE DOCENTES EN ECPI.;Desarrollar el modelo de calidad educativa de la primera infancia en El Salvador, para mejorar el desarrollo de los niños y niñas entre 0 y 7 años de edad.;8659;Aplicación de medidas para el cumplimiento de los Estándares Ambientales y Sociales (EAS) - DEIMA 2026.;12288;2.3.4 - Diseñar e Implementar el Plan de Formación y Certificación de Intérpretes en LESSA para el Cumplimiento de los Estándares Ambientales y Sociales (EAS) - DEIMA 2026.  ;217158;SERVICIOS DE CONSULTORIA - CADA UNO [ CADA UNO ] ;54322;2.3.4.1.2.2 Diseño e implementación de un diplomado para el fortalecimiento en la atención educativa de niñez sorda.;1;15602769;0;2184658;678447;5534370;5536515;5843901;;03/01/2026;UACI;;;;0;;              ;
2026;BIRF 9067-SV;1401;7495 BIRF ;01;FORTALECIMIENTO DE LA CAPACIDAD INSTITUCIONAL DEL MINEDUCYT PARA LA GESTIÓN DEL SECTOR EDUCATIVO.;Desarrollar el modelo de calidad educativa de la primera infancia en El Salvador, para mejorar el desarrollo de los niños y niñas entre 0 y 7 años de edad.;8660;Aplicación de medidas para el cumplimiento de los Estándares Ambientales y Sociales (EAS) - DEIMA 2026.;12289;4.1.8 - Apoyar la Gestión Social y Ambiental - DEIMA 2026.;217160;SERVICIOS DE CONSULTORIA - CADA UNO [ CADA UNO ] ;54322;4.1.8.1.1 - Consultoría para el diseño de la política de Educación Inclusiva y Plan Nacional para la Implementación de la Educación Inclusiva;1;11176013;0;-5946766;3150111;4620662;8261282;909691;;03/01/2026;UACI;;;;0;;              ;
2026;BIRF 9067-SV;1401;7495 BIRF ;02;GESTIÓN DEL PROYECTO.;Desarrollar el modelo de calidad educativa de la primera infancia en El Salvador, para mejorar el desarrollo de los niños y niñas entre 0 y 7 años de edad.;8661;Aplicación de medidas para el cumplimiento de los Estándares Ambientales y Sociales (EAS) - DEIMA 2026.;12290;4.2.6 - Apoyar para el Cumplimiento de los Estándares Ambientales y Sociales (EAS) - DEIMA 2026.;217161;MOBILIARIO;61101;4.2.6.3.1 - Compra de vitrinas para museos escolares.;1;1759070;0;-11725212;1664989;2883680;243952;8911458;74/2025;03/01/2026;UACI;12/03/2026;16/03/2026;16/07/2026;27952;14;06142309171030;HAPPYCAT SYSTEMS, S.A.  DE C.V.   
2026;BIRF 9067-SV;1401;7495 BIRF ;02;GESTIÓN DEL PROYECTO.;Desarrollar el modelo de calidad educativa de la primera infancia en El Salvador, para mejorar el desarrollo de los niños y niñas entre 0 y 7 años de edad.;8661;Aplicación de medidas para el cumplimiento de los Estándares Ambientales y Sociales (EAS) - DEIMA 2026.;12290;4.2.6 - Apoyar para el Cumplimiento de los Estándares Ambientales y Sociales (EAS) - DEIMA 2026.;217162;PRODUCTOS DE VIDRIO;54111;4.2.6.3.1 - Compra de capellos de vidrio para museos escolares.;1;8631253;0;3710324;443661;4731661;8118995;9683048;;03/01/2026;UACI;;;;0;;              ;
2026;BIRF 9067-SV;1401;7495 BIRF ;02;GESTIÓN DEL PROYECTO.;Desarrollar el modelo de calidad educativa de la primera infancia en El Salvador, para mejorar el desarrollo de los niños y niñas entre 0 y 7 años de edad.;8661;Aplicación de medidas para el cumplimiento de los Estándares Ambientales y Sociales (EAS) - DEIMA 2026.;12290;4.2.6 - Apoyar para el Cumplimiento de los Estándares Ambientales y Sociales (EAS) - DEIMA 2026.;217163;INSTRUMENTOS MUSICALES;61199;4.2.6.3.6 - Marimba de concierto profesional palo de rosa con su respectivo set de 10 bolillos.;1;10643700;0;2637946;1881889;3108016;2891315;7310525;;03/01/2026;UACI;;;;0;;              ;
2026;BIRF 9067-SV;1401;7495 BIRF ;02;GESTIÓN DEL PROYECTO.;Desarrollar el modelo de calidad educativa de la primera infancia en El Salvador, para mejorar el desarrollo de los niños y niñas entre 0 y 7 años de edad.;8661;Aplicación de medidas para el cumplimiento de los Estándares Ambientales y Sociales (EAS) - DEIMA 2026.;12290;4.2.6 - Apoyar para el Cumplimiento de los Estándares Ambientales y Sociales (EAS) - DEIMA 2026.;217164;IMPRESIONES Y PUBLICACIONES - CADA UNO;54313;4.2.6.3.2 - Impresión de módulos de enseñanza de la identidad cultural e idioma Náhuat para la formación de docentes.;1;13594747;0;-8876949;3358700;2350578;3682354;9551600;;03/01/2026;UACI;;;;0;;              ;
2026;BIRF 9067-SV;1401;7495 BIRF ;02;GESTIÓN DEL PROYECTO.;Desarrollar el modelo de calidad educativa de la primera infancia en El Salvador, para mejorar el desarrollo de los niños y niñas entre 0 y 7 años de edad.;8661;Aplicación de medidas para el cumplimiento de los Estándares Ambientales y Sociales (EAS) - DEIMA 2026.;12290;4.2.6 - Apoyar para el Cumplimiento de los Estándares Ambientales y Sociales (EAS) - DEIMA 2026.;217165;IMPRESIONES Y PUBLICACIONES;54313;4.2.6.3.3 - Impresión de módulos de enseñanza de la identidad cultural e idiomas Lenca y Cacaopera para la formación de docentes.;1;15603335;0;-8078007;3496323;673203;6264532;2803965;;03/01/2026;UACI;;;;0;;              ;
2026;BIRF 9067-SV;1401;7495 BIRF ;02;GESTIÓN DEL PROYECTO.;Desarrollar el modelo de calidad educativa de la primera infancia en El Salvador, para mejorar el desarrollo de los niños y niñas entre 0 y 7 años de edad.;8661;Aplicación de medidas para el cumplimiento de los Estándares Ambientales y Sociales (EAS) - DEIMA 2026.;12290;4.2.6 - Apoyar para el Cumplimiento de los Estándares Ambientales y Sociales (EAS) - DEIMA 2026.;217166;IMPRESIONES Y PUBLICACIONES;54313;4.2.6.3.4 - Impresión de documento de investigación sobre patrimonio cultural de los pueblos indígenas, para la formación de docentes.;1;5731753;0;-6940592;292839;5578130;9332218;4460938;;03/01/2026;UACI;;;;0;;              ;
2026;BIRF 9067-SV;1401;7495 BIRF ;02;GESTIÓN DEL PROYECTO.;Desarrollar el modelo de calidad educativa de la primera infancia en El Salvador, para mejorar el desarrollo de los niños y niñas entre 0 y 7 años de edad.;8661;Aplicación de medidas para el cumplimiento de los Estándares Ambientales y Sociales (EAS) - DEIMA 2026.;12290;4.2.6 - Apoyar para el Cumplimiento de los Estándares Ambientales y Sociales (EAS) - DEIMA 2026.;217168;SERVICIOS PROFESIONALES;54599;4.2.6.4.1 - Servicios de coordinación del Programa de Educación Intercultural para el fortalecimiento de capacidades docentes en la enseñanza de la cultura e idioma náhuat.;1;15881004;0;-12425044;5380362;2104427;7722120;8065508;6;03/01/2026;UACI;07/11/2023;01/01/2026;30/06/2026;27642;51/2023;04142212961168;ARIANA CELESTE AQUINO MARTÍNEZ
2026;BIRF 9067-SV;1401;7495 BIRF ;02;GESTIÓN DEL PROYECTO.;Desarrollar el modelo de calidad educativa de la primera infancia en El Salvador, para mejorar el desarrollo de los niños y niñas entre 0 y 7 años de edad.;8661;Aplicación de medidas para el cumplimiento de los Estándares Ambientales y Sociales (EAS) - DEIMA 2026.;12290;4.2.6 - Apoyar para el Cumplimiento de los Estándares Ambientales y Sociales (EAS) - DEIMA 2026.;217169;SERVICIOS PROFESIONALES;54599;4.2.6.5.1 - Contratación de servicios profesionales para el seguimiento y evaluación de la implementación del programa de educación intercultural, para apoyar el cumplimiento de los Estándares Ambientales y Sociales ;1;5836416;0;-10081746;4919666;3240807;2436819;6951438;;03/01/2026;UACI;;;;0;;              ;
2026;BIRF 9067-SV;1401;7495 BIRF ;02;GESTIÓN DEL PROYECTO.;Desarrollar el modelo de calidad educativa de la primera infancia en El Salvador, para mejorar el desarrollo de los niños y niñas entre 0 y 7 años de edad.;8661;Aplicación de medidas para el cumplimiento de los Estándares Ambientales y Sociales (EAS) - DEIMA 2026.;12290;4.2.6 - Apoyar para el Cumplimiento de los Estándares Ambientales y Sociales (EAS) - DEIMA 2026.;217170;ESPECIALISTA CURRICULAR EN LENGUAS;54502;4.2.6.9.4 - Contratación de un especialista curricular en lenguas indígenas para el diseño de tres programas de aprendizaje de las lenguas Nahuat, Lencas y Cacaopera para estudiantes de educación básica.;1;7389048;0;-12104200;1319006;368389;9412028;8242760;;03/01/2026;NO UACI;;;;0;;              ;
2026;BIRF 9067-SV;1401;7495 BIRF ;02;GESTIÓN DEL PROYECTO.;Desarrollar el modelo de calidad educativa de la primera infancia en El Salvador, para mejorar el desarrollo de los niños y niñas entre 0 y 7 años de edad.;8661;Aplicación de medidas para el cumplimiento de los Estándares Ambientales y Sociales (EAS) - DEIMA 2026.;12290;4.2.6 - Apoyar para el Cumplimiento de los Estándares Ambientales y Sociales (EAS) - DEIMA 2026.;217171;SERVICIOS PROFESIONALES;54599;4.2.6.9.2 - Contratación de portador cultural 1 para desarrollar talleres de identidad cultural Náhuat, Lenca y Cacaopera en centros educativos (póliza).;1;615119;0;-12867543;4829051;2229833;5346259;1954669;;03/01/2026;NO UACI;;;;0;;              ;
2026;BIRF 9067-SV;1401;7495 BIRF ;02;GESTIÓN DEL PROYECTO.;Desarrollar el modelo de calidad educativa de la primera infancia en El Salvador, para mejorar el desarrollo de los niños y niñas entre 0 y 7 años de edad.;8661;Aplicación de medidas para el cumplimiento de los Estándares Ambientales y Sociales (EAS) - DEIMA 2026.;12290;4.2.6 - Apoyar para el Cumplimiento de los Estándares Ambientales y Sociales (EAS) - DEIMA 2026.;217172;SERVICIOS PROFESIONALES;54599;4.2.6.9.2 - Contratación de portador cultural 2 para desarrollar talleres de identidad cultural Náhuat, Lenca y Cacaopera en centros educativos (póliza).;1;9240561;0;3178997;2295276;3067195;956445;316651;;03/01/2026;NO UACI;;;;0;;              ;
2026;BIRF 9067-SV;1401;7495 BIRF ;02;GESTIÓN DEL PROYECTO.;Desarrollar el modelo de calidad educativa de la primera infancia en El Salvador, para mejorar el desarrollo de los niños y niñas entre 0 y 7 años de edad.;8661;Aplicación de medidas para el cumplimiento de los Estándares Ambientales y Sociales (EAS) - DEIMA 2026.;12290;4.2.6 - Apoyar para el Cumplimiento de los Estándares Ambientales y Sociales (EAS) - DEIMA 2026.;217173;SERVICIOS PROFESIONALES;54599;4.2.6.9.2 Contratación de portador cultural 3 para desarrollar talleres de identidad cultural Náhuat, Lenca y Cacaopera en centros educativos (póliza).;1;9031836;0;829443;5429276;4761702;5889964;4581816;;03/01/2026;NO UACI;;;;0;;              ;
2026;BIRF 9067-SV;1401;7495 BIRF ;02;GESTIÓN DEL PROYECTO.;Desarrollar el modelo de calidad educativa de la primera infancia en El Salvador, para mejorar el desarrollo de los niños y niñas entre 0 y 7 años de edad.;8661;Aplicación de medidas para el cumplimiento de los Estándares Ambientales y Sociales (EAS) - DEIMA 2026.;12290;4.2.6 - Apoyar para el Cumplimiento de los Estándares Ambientales y Sociales (EAS) - DEIMA 2026.;217174;SERVICIOS PROFESIONALES;54599;4.2.6.9.2 Contratación de portador cultural 4 para desarrollar talleres de identidad cultural Náhuat, Lenca y Cacaopera en centros educativos (póliza).;1;6075044;0;-1890793;3226228;1161609;8595897;5431082;;03/01/2026;NO UACI;;;;0;;              ;
2026;BIRF 9067-SV;1401;7495 BIRF ;02;GESTIÓN DEL PROYECTO.;Desarrollar el modelo de calidad educativa de la primera infancia en El Salvador, para mejorar el desarrollo de los niños y niñas entre 0 y 7 años de edad.;8661;Aplicación de medidas para el cumplimiento de los Estándares Ambientales y Sociales (EAS) - DEIMA 2026.;12290;4.2.6 - Apoyar para el Cumplimiento de los Estándares Ambientales y Sociales (EAS) - DEIMA 2026.;217175;SERVICIOS PROFESIONALES;54599;4.2.6.9.2 - Contratación de portador cultural 5 para desarrollar talleres de identidad cultural Náhuat, Lenca y Cacaopera en centros educativos (póliza).;1;15086446;0;-9870889;5260501;2530578;3905900;8499894;;03/01/2026;NO UACI;;;;0;;              ;
2026;BIRF 9067-SV;1401;7495 BIRF ;02;GESTIÓN DEL PROYECTO.;Desarrollar el modelo de calidad educativa de la primera infancia en El Salvador, para mejorar el desarrollo de los niños y niñas entre 0 y 7 años de edad.;8661;Aplicación de medidas para el cumplimiento de los Estándares Ambientales y Sociales (EAS) - DEIMA 2026.;12290;4.2.6 - Apoyar para el Cumplimiento de los Estándares Ambientales y Sociales (EAS) - DEIMA 2026.;217176;SERVICIOS PROFESIONALES;54599;4.2.6.9.2 Contratación de portador cultural 6 para desarrollar talleres de identidad cultural Náhuat, Lenca y Cacaopera en centros educativos (póliza).;1;12423408;0;-3788878;2266133;4428232;832989;2182359;;03/01/2026;NO UACI;;;;0;;              ;
2026;BIRF 9067-SV;1401;7495 BIRF ;02;GESTIÓN DEL PROYECTO.;Desarrollar el modelo de calidad educativa de la primera infancia en El Salvador, para mejorar el desarrollo de los niños y niñas entre 0 y 7 años de edad.;8661;Aplicación de medidas para el cumplimiento de los Estándares Ambientales y Sociales (EAS) - DEIMA 2026.;12290;4.2.6 - Apoyar para el Cumplimiento de los Estándares Ambientales y Sociales (EAS) - DEIMA 2026.;217177;SERVICIOS PROFESIONALES;54599;4.2.6.9.2 Contratación de portador cultural 7 para desarrollar talleres de identidad cultural Náhuat, Lenca y Cacaopera en centros educativos (póliza).;1;5676847;0;-14656260;3611416;4159332;64950;1123308;;03/01/2026;NO UACI;;;;0;;              ;
2026;BIRF 9067-SV;1401;7495 BIRF ;02;GESTIÓN DEL PROYECTO.;Desarrollar el modelo de calidad educativa de la primera infancia en El Salvador, para mejorar el desarrollo de los niños y niñas entre 0 y 7 años de edad.;8661;Aplicación de medidas para el cumplimiento de los Estándares Ambientales y Sociales (EAS) - DEIMA 2026.;12290;4.2.6 - Apoyar para el Cumplimiento de los Estándares Ambientales y Sociales (EAS) - DEIMA 2026.;217178;SERVICIOS PROFESIONALES;54599;4.2.6.9.2 - Contratación de portador cultural 8 para desarrollar talleres de identidad cultural Náhuat, Lenca y Cacaopera en centros educativos (póliza).;1;9521961;0;-2620953;2015317;1721244;4201139;2081557;;03/01/2026;NO UACI;;;;0;;              ;
2026;BIRF 9067-SV;1401;7495 BIRF ;02;GESTIÓN DEL PROYECTO.;Desarrollar el modelo de calidad educativa de la primera infancia en El Salvador, para mejorar el desarrollo de los niños y niñas entre 0 y 7 años de edad.;8661;Aplicación de medidas para el cumplimiento de los Estándares Ambientales y Sociales (EAS) - DEIMA 2026.;12290;4.2.6 - Apoyar para el Cumplimiento de los Estándares Ambientales y Sociales (EAS) - DEIMA 2026.;217179;SERVICIOS PROFESIONALES;54599;4.2.6.9.2 - Contratación de portador cultural 9 para desarrollar talleres de identidad cultural Náhuat, Lenca y Cacaopera en centros educativos (póliza).;1;1814436;0;2574542;1713360;4318302;5060299;2562397;;03/01/2026;NO UACI;;;;0;;              ;
2026;BIRF 9067-SV;1401;7495 BIRF ;02;GESTIÓN DEL PROYECTO.;Desarrollar el modelo de calidad educativa de la primera infancia en El Salvador, para mejorar el desarrollo de los niños y niñas entre 0 y 7 años de edad.;8661;Aplicación de medidas para el cumplimiento de los Estándares Ambientales y Sociales (EAS) - DEIMA 2026.;12290;4.2.6 - Apoyar para el Cumplimiento de los Estándares Ambientales y Sociales (EAS) - DEIMA 2026.;217180;SERVICIOS PROFESIONALES;54599;4.2.6.9.2 - Contratación de portador cultural 10 para desarrollar talleres de identidad cultural Náhuat, Lenca y Cacaopera en centros educativos (póliza).;1;8897439;0;-14005313;935423;5005431;3797305;2658607;;03/01/2026;NO UACI;;;;0;;              ;
2026;BIRF 9067-SV;1401;7495 BIRF ;02;GESTIÓN DEL PROYECTO.;Desarrollar el modelo de calidad educativa de la primera infancia en El Salvador, para mejorar el desarrollo de los niños y niñas entre 0 y 7 años de edad.;8661;Aplicación de medidas para el cumplimiento de los Estándares Ambientales y Sociales (EAS) - DEIMA 2026.;12290;4.2.6 - Apoyar para el Cumplimiento de los Estándares Ambientales y Sociales (EAS) - DEIMA 2026.;217181;SERVICIOS PROFESIONALES;54599;4.2.6.9.2 - Contratación de portador cultural 11 para desarrollar talleres de identidad cultural Náhuat, Lenca y Cacaopera en centros educativos (póliza).;1;2549414;0;-7797529;5460430;3277523;9517707;998693;;03/01/2026;NO UACI;;;;0;;              ;
2026;BIRF 9067-SV;1401;7495 BIRF ;02;GESTIÓN DEL PROYECTO.;Desarrollar el modelo de calidad educativa de la primera infancia en El Salvador, para mejorar el desarrollo de los niños y niñas entre 0 y 7 años de edad.;8661;Aplicación de medidas para el cumplimiento de los Estándares Ambientales y Sociales (EAS) - DEIMA 2026.;12290;4.2.6 - Apoyar para el Cumplimiento de los Estándares Ambientales y Sociales (EAS) - DEIMA 2026.;217182;SERVICIOS PROFESIONALES;54599;4.2.6.9.2 - Contratación de portador cultural 12 para desarrollar talleres de identidad cultural Náhuat, Lenca y Cacaopera en centros educativos (póliza).;1;10859088;0;-1108629;4577479;1055531;6808608;1390743;;03/01/2026;NO UACI;;;;0;;              ;
2026;BIRF 9067-SV;1401;7495 BIRF ;02;GESTIÓN DEL PROYECTO.;Desarrollar el modelo de calidad educativa de la primera infancia en El Salvador, para mejorar el desarrollo de los niños y niñas entre 0 y 7 años de edad.;8661;Aplicación de medidas para el cumplimiento de los Estándares Ambientales y Sociales (EAS) - DEIMA 2026.;12290;4.2.6 - Apoyar para el Cumplimiento de los Estándares Ambientales y Sociales (EAS) - DEIMA 2026.;217183;SERVICIOS PROFESIONALES;54599;4.2.6.9.2 - Contratación de portador cultural 13 para desarrollar talleres de identidad cultural Náhuat, Lenca y Cacaopera en centros educativos (póliza).;1;17378720;0;-3091086;392384;2155227;9343043;2050046;;03/01/2026;NO UACI;;;;0;;              ;
2026;BIRF 9067-SV;1401;7495 BIRF ;02;GESTIÓN DEL PROYECTO.;Desarrollar el modelo de calidad educativa de la primera infancia en El Salvador, para mejorar el desarrollo de los niños y niñas entre 0 y 7 años de edad.;8661;Aplicación de medidas para el cumplimiento de los Estándares Ambientales y Sociales (EAS) - DEIMA 2026.;12290;4.2.6 - Apoyar para el Cumplimiento de los Estándares Ambientales y Sociales (EAS) - DEIMA 2026.;217184;SERVICIOS PROFESIONALES;54599;4.2.6.9.2 Contratación de portador cultural 14 para desarrollar talleres de identidad cultural Náhuat, Lenca y Cacaopera en centros educativos (póliza).;1;16010574;0;-16659366;2315145;1989473;3051292;7131578;;03/01/2026;NO UACI;;;;0;;              ;
2026;BIRF 9067-SV;1401;7495 BIRF ;02;GESTIÓN DEL PROYECTO.;Desarrollar el modelo de calidad educativa de la primera infancia en El Salvador, para mejorar el desarrollo de los niños y niñas entre 0 y 7 años de edad.;8661;Aplicación de medidas para el cumplimiento de los Estándares Ambientales y Sociales (EAS) - DEIMA 2026.;12290;4.2.6 - Apoyar para el Cumplimiento de los Estándares Ambientales y Sociales (EAS) - DEIMA 2026.;217185;SERVICIOS PROFESIONALES;54599;4.2.6.9.2 Contratación de portador cultural 15 para desarrollar talleres de identidad cultural Náhuat, Lenca y Cacaopera en centros educativos (póliza).;1;9705142;0;-3029303;4733298;1046647;7879598;6958771;;03/01/2026;NO UACI;;;;0;;              ;
2026;BIRF 9067-SV;1401;7495 BIRF ;02;GESTIÓN DEL PROYECTO.;Desarrollar el modelo de calidad educativa de la primera infancia en El Salvador, para mejorar el desarrollo de los niños y niñas entre 0 y 7 años de edad.;8661;Aplicación de medidas para el cumplimiento de los Estándares Ambientales y Sociales (EAS) - DEIMA 2026.;12290;4.2.6 - Apoyar para el Cumplimiento de los Estándares Ambientales y Sociales (EAS) - DEIMA 2026.;217186;SERVICIOS PROFESIONALES;54599;4.2.6.9.2 Contratación de portador cultural 16 para desarrollar talleres de identidad cultural Náhuat, Lenca y Cacaopera en centros educativos (póliza).;1;1986461;0;-16820301;526975;2515272;6873157;1956854;;03/01/2026;NO UACI;;;;0;;              ;
2026;BIRF 9067-SV;1401;7495 BIRF ;02;GESTIÓN DEL PROYECTO.;Desarrollar el modelo de calidad educativa de la primera infancia en El Salvador, para mejorar el desarrollo de los niños y niñas entre 0 y 7 años de edad.;8661;Aplicación de medidas para el cumplimiento de los Estándares Ambientales y Sociales (EAS) - DEIMA 2026.;12290;4.2.6 - Apoyar para el Cumplimiento de los Estándares Ambientales y Sociales (EAS) - DEIMA 2026.;217187;SERVICIOS PROFESIONALES;54599;4.2.6.9.2 - Contratación de portador cultural 17 para desarrollar talleres de identidad cultural Náhuat, Lenca y Cacaopera en centros educativos (póliza).;1;6057629;0;-3904394;5332244;2359824;4820390;2244429;;03/01/2026;NO UACI;;;;0;;              ;
2026;BIRF 9067-SV;1401;7495 BIRF ;02;GESTIÓN DEL PROYECTO.;Desarrollar el modelo de calidad educativa de la primera infancia en El Salvador, para mejorar el desarrollo de los niños y niñas entre 0 y 7 años de edad.;8661;Aplicación de medidas para el cumplimiento de los Estándares Ambientales y Sociales (EAS) - DEIMA 2026.;12290;4.2.6 - Apoyar para el Cumplimiento de los Estándares Ambientales y Sociales (EAS) - DEIMA 2026.;217188;SERVICIOS PROFESIONALES;54599;4.2.6.9.2 - Contratación de portador cultural 18 para desarrollar talleres de identidad cultural Náhuat, Lenca y Cacaopera en centros educativos (póliza).;1;6780831;0;24545;1954043;1115876;5818264;9232602;;03/01/2026;NO UACI;;;;0;;              ;
2026;BIRF 9067-SV;1401;7495 BIRF ;02;GESTIÓN DEL PROYECTO.;Desarrollar el modelo de calidad educativa de la primera infancia en El Salvador, para mejorar el desarrollo de los niños y niñas entre 0 y 7 años de edad.;8661;Aplicación de medidas para el cumplimiento de los Estándares Ambientales y Sociales (EAS) - DEIMA 2026.;12290;4.2.6 - Apoyar para el Cumplimiento de los Estándares Ambientales y Sociales (EAS) - DEIMA 2026.;217189;SERVICIOS PROFESIONALES;54599;4.2.6.9.2 - Contratación de portador cultural 19 para desarrollar talleres de identidad cultural Náhuat, Lenca y Cacaopera en centros educativos (póliza).;1;11726422;0;-12549361;1865082;5095845;1275483;6546358;;03/01/2026;NO UACI;;;;0;;              ;
2026;BIRF 9067-SV;1401;7495 BIRF ;02;GESTIÓN DEL PROYECTO.;Desarrollar el modelo de calidad educativa de la primera infancia en El Salvador, para mejorar el desarrollo de los niños y niñas entre 0 y 7 años de edad.;8661;Aplicación de medidas para el cumplimiento de los Estándares Ambientales y Sociales (EAS) - DEIMA 2026.;12290;4.2.6 - Apoyar para el Cumplimiento de los Estándares Ambientales y Sociales (EAS) - DEIMA 2026.;217190;SERVICIOS PROFESIONALES;54599;4.2.6.9.2 Contratación de portador cultural 20 para desarrollar talleres de identidad cultural Náhuat, Lenca y Cacaopera en centros educativos (póliza).;1;1956515;0;2004088;3484560;4209769;6745976;883772;;03/01/2026;NO UACI;;;;0;;              ;
2026;BIRF 9067-SV;1401;7495 BIRF ;02;GESTIÓN DEL PROYECTO.;Desarrollar el modelo de calidad educativa de la primera infancia en El Salvador, para mejorar el desarrollo de los niños y niñas entre 0 y 7 años de edad.;8661;Aplicación de medidas para el cumplimiento de los Estándares Ambientales y Sociales (EAS) - DEIMA 2026.;12290;4.2.6 - Apoyar para el Cumplimiento de los Estándares Ambientales y Sociales (EAS) - DEIMA 2026.;217191;SERVICIOS PROFESIONALES;54599;4.2.6.9.2 - Contratación de portador cultural 21 para desarrollar talleres de identidad cultural Náhuat, Lenca y Cacaopera en centros educativos (póliza).;1;4633484;0;2286505;4811854;181871;7028789;5534460;;03/01/2026;NO UACI;;;;0;;              ;
2026;BIRF 9067-SV;1401;7495 BIRF ;02;GESTIÓN DEL PROYECTO.;Desarrollar el modelo de calidad educativa de la primera infancia en El Salvador, para mejorar el desarrollo de los niños y niñas entre 0 y 7 años de edad.;8661;Aplicación de medidas para el cumplimiento de los Estándares Ambientales y Sociales (EAS) - DEIMA 2026.;12290;4.2.6 - Apoyar para el Cumplimiento de los Estándares Ambientales y Sociales (EAS) - DEIMA 2026.;217192;SERVICIOS PROFESIONALES;54599;4.2.6.9.2 Contratación de portador cultural 22 para desarrollar talleres de identidad cultural Náhuat, Lenca y Cacaopera en centros educativos (póliza).;1;10632481;0;-81401;1107539;785482;9118149;4518262;;03/01/2026;NO UACI;;;;0;;              ;
2026;BIRF 9067-SV;1401;7495 BIRF ;02;GESTIÓN DEL PROYECTO.;Desarrollar el modelo de calidad educativa de la primera infancia en El Salvador, para mejorar el desarrollo de los niños y niñas entre 0 y 7 años de edad.;8661;Aplicación de medidas para el cumplimiento de los Estándares Ambientales y Sociales (EAS) - DEIMA 2026.;12290;4.2.6 - Apoyar para el Cumplimiento de los Estándares Ambientales y Sociales (EAS) - DEIMA 2026.;217193;SERVICIOS PROFESIONALES;54599;4.2.6.9.2 - Contratación de portador cultural 23 para desarrollar talleres de identidad cultural Náhuat, Lenca y Cacaopera en centros educativos (póliza).;1;7022911;0;-9726716;5386990;1331867;3679006;6631800;;03/01/2026;NO UACI;;;;0;;              ;
2026;BIRF 9067-SV;1401;7495 BIRF ;02;GESTIÓN DEL PROYECTO.;Desarrollar el modelo de calidad educativa de la primera infancia en El Salvador, para mejorar el desarrollo de los niños y niñas entre 0 y 7 años de edad.;8661;Aplicación de medidas para el cumplimiento de los Estándares Ambientales y Sociales (EAS) - DEIMA 2026.;12290;4.2.6 - Apoyar para el Cumplimiento de los Estándares Ambientales y Sociales (EAS) - DEIMA 2026.;217194;SERVICIOS PROFESIONALES;54599;4.2.6.9.2 - Contratación de portador cultural 24 para desarrollar talleres de identidad cultural Náhuat, Lenca y Cacaopera en centros educativos (póliza).;1;894283;0;1152114;1749466;4502563;4425947;2519431;;03/01/2026;NO UACI;;;;0;;              ;
2026;BIRF 9067-SV;1401;7495 BIRF ;02;GESTIÓN DEL PROYECTO.;Desarrollar el modelo de calidad educativa de la primera infancia en El Salvador, para mejorar el desarrollo de los niños y niñas entre 0 y 7 años de edad.;8661;Aplicación de medidas para el cumplimiento de los Estándares Ambientales y Sociales (EAS) - DEIMA 2026.;12290;4.2.6 - Apoyar para el Cumplimiento de los Estándares Ambientales y Sociales (EAS) - DEIMA 2026.;217195;SERVICIOS PROFESIONALES;54599;4.2.6.9.2 - Contratación de portador cultural 25 para desarrollar talleres de identidad cultural Náhuat, Lenca y Cacaopera en centros educativos (póliza).;1;6019812;0;-4682887;3571259;2255496;8946640;8523686;;03/01/2026;NO UACI;;;;0;;              ;
2026;BIRF 9067-SV;1401;7495 BIRF ;02;GESTIÓN DEL PROYECTO.;Desarrollar el modelo de calidad educativa de la primera infancia en El Salvador, para mejorar el desarrollo de los niños y niñas entre 0 y 7 años de edad.;8661;Aplicación de medidas para el cumplimiento de los Estándares Ambientales y Sociales (EAS) - DEIMA 2026.;12290;4.2.6 - Apoyar para el Cumplimiento de los Estándares Ambientales y Sociales (EAS) - DEIMA 2026.;217196;SERVICIOS PROFESIONALES;54599;4.2.6.9.2 - Contratación de portador cultural 26 para desarrollar talleres de identidad cultural Náhuat, Lenca y Cacaopera en centros educativos (póliza).;1;14933261;0;-5552677;5321442;2889871;9211281;4578511;;03/01/2026;NO UACI;;;;0;;              ;
2026;BIRF 9067-SV;1401;7495 BIRF ;02;GESTIÓN DEL PROYECTO.;Desarrollar el modelo de calidad educativa de la primera infancia en El Salvador, para mejorar el desarrollo de los niños y niñas entre 0 y 7 años de edad.;8661;Aplicación de medidas para el cumplimiento de los Estándares Ambientales y Sociales (EAS) - DEIMA 2026.;12290;4.2.6 - Apoyar para el Cumplimiento de los Estándares Ambientales y Sociales (EAS) - DEIMA 2026.;217197;SERVICIOS PROFESIONALES;54599;4.2.6.9.2 - Contratación de portador cultural 1 para desarrollar talleres de identidad cultural Náhuat, Lenca y Cacaopera en centros educativos.;1;13359827;0;-2508165;2286712;2032028;6054332;3474191;25;03/01/2026;UACI;15/08/2025;15/08/2025;11/04/2026;27706;93;03141112731010;MATILDE ANTONIA RAMÍREZ VDA. DE PÉREZ 
2026;BIRF 9067-SV;1401;7495 BIRF ;02;GESTIÓN DEL PROYECTO.;Desarrollar el modelo de calidad educativa de la primera infancia en El Salvador, para mejorar el desarrollo de los niños y niñas entre 0 y 7 años de edad.;8661;Aplicación de medidas para el cumplimiento de los Estándares Ambientales y Sociales (EAS) - DEIMA 2026.;12290;4.2.6 - Apoyar para el Cumplimiento de los Estándares Ambientales y Sociales (EAS) - DEIMA 2026.;217198;SERVICIOS PROFESIONALES;54599;4.2.6.9.2 - Contratación de portador cultural 2 para desarrollar talleres de identidad cultural Náhuat, Lenca y Cacaopera en centros educativos.;1;14937948;0;-9085920;1430084;3802712;1536255;3857005;25;03/01/2026;UACI;15/08/2025;15/08/2025;11/04/2026;27706;94;01625989500000;EDWIN MIGUEL FLORES TORRES  
2026;BIRF 9067-SV;1401;7495 BIRF ;02;GESTIÓN DEL PROYECTO.;Desarrollar el modelo de calidad educativa de la primera infancia en El Salvador, para mejorar el desarrollo de los niños y niñas entre 0 y 7 años de edad.;8661;Aplicación de medidas para el cumplimiento de los Estándares Ambientales y Sociales (EAS) - DEIMA 2026.;12290;4.2.6 - Apoyar para el Cumplimiento de los Estándares Ambientales y Sociales (EAS) - DEIMA 2026.;217199;SERVICIOS PROFESIONALES;54599;4.2.6.9.2 - Contratación de portador cultural 3 para desarrollar talleres de identidad cultural Náhuat, Lenca y Cacaopera en centros educativos.;1;168994;0;-11741495;653763;2100245;6537897;2126525;25;03/01/2026;UACI;15/08/2025;15/08/2025;11/04/2026;27706;95;032383125     ;ARELY DEL CARMEN BAUTISTA DE BAUTISTA    
2026;BIRF 9067-SV;1401;7495 BIRF ;02;GESTIÓN DEL PROYECTO.;Desarrollar el modelo de calidad educativa de la primera infancia en El Salvador, para mejorar el desarrollo de los niños y niñas entre 0 y 7 años de edad.;8661;Aplicación de medidas para el cumplimiento de los Estándares Ambientales y Sociales (EAS) - DEIMA 2026.;12290;4.2.6 - Apoyar para el Cumplimiento de los Estándares Ambientales y Sociales (EAS) - DEIMA 2026.;217200;SERVICIOS PROFESIONALES;54599;4.2.6.9.2 - Contratación de portador cultural 4 para desarrollar talleres de identidad cultural Náhuat, Lenca y Cacaopera en centros educativos.;1;4563030;0;-10013145;602022;5690816;9735153;4091425;25;03/01/2026;UACI;15/08/2025;15/08/2025;11/04/2026;27706;96;02771963800000;MARÍA ÁNGELA PÉREZ DE MÉNDEZ   
2026;BIRF 9067-SV;1401;7495 BIRF ;02;GESTIÓN DEL PROYECTO.;Desarrollar el modelo de calidad educativa de la primera infancia en El Salvador, para mejorar el desarrollo de los niños y niñas entre 0 y 7 años de edad.;8661;Aplicación de medidas para el cumplimiento de los Estándares Ambientales y Sociales (EAS) - DEIMA 2026.;12290;4.2.6 - Apoyar para el Cumplimiento de los Estándares Ambientales y Sociales (EAS) - DEIMA 2026.;217201;SERVICIOS PROFESIONALES;54599;4.2.6.9.2 - Contratación de portador cultural 5 para desarrollar talleres de identidad cultural Náhuat, Lenca y Cacaopera en centros educativos.;1;13697567;0;-6077571;1071479;4759015;8933428;6266033;25;03/01/2026;UACI;15/08/2025;15/08/2025;11/04/2026;27706;97;004352491     ;JOSEFA EVELIA CASTILLO GONZÁLEZ  
2026;BIRF 9067-SV;1401;7495 BIRF ;02;GESTIÓN DEL PROYECTO.;Desarrollar el modelo de calidad educativa de la primera infancia en El Salvador, para mejorar el desarrollo de los niños y niñas entre 0 y 7 años de edad.;8661;Aplicación de medidas para el cumplimiento de los Estándares Ambientales y Sociales (EAS) - DEIMA 2026.;12290;4.2.6 - Apoyar para el Cumplimiento de los Estándares Ambientales y Sociales (EAS) - DEIMA 2026.;217202;SERVICIOS PROFESIONALES;54599;4.2.6.9.2 - Contratación de portador cultural 6 para desarrollar talleres de identidad cultural Náhuat, Lenca y Cacaopera en centros educativos.;1;12300803;0;-2054279;5030555;2341512;7854928;5065721;25;03/01/2026;UACI;15/08/2025;15/08/2025;11/04/2026;27706;98;02998463700000;MARÍA JOSEFINA MENDOZA     
2026;BIRF 9067-SV;1401;7495 BIRF ;02;GESTIÓN DEL PROYECTO.;Desarrollar el modelo de calidad educativa de la primera infancia en El Salvador, para mejorar el desarrollo de los niños y niñas entre 0 y 7 años de edad.;8661;Aplicación de medidas para el cumplimiento de los Estándares Ambientales y Sociales (EAS) - DEIMA 2026.;12290;4.2.6 - Apoyar para el Cumplimiento de los Estándares Ambientales y Sociales (EAS) - DEIMA 2026.;217203;SERVICIOS PROFESIONALES;54599;4.2.6.9.2 - Contratación de portador cultural 7 para desarrollar talleres de identidad cultural Náhuat, Lenca y Cacaopera en centros educativos.;1;13296027;0;-3903065;4397036;4724642;8387320;8315984;25;03/01/2026;UACI;15/08/2025;15/08/2025;11/04/2026;27706;99;04947966000000;MARLON YOBANI PEÑATE CONTRERAS
2026;BIRF 9067-SV;1401;7495 BIRF ;02;GESTIÓN DEL PROYECTO.;Desarrollar el modelo de calidad educativa de la primera infancia en El Salvador, para mejorar el desarrollo de los niños y niñas entre 0 y 7 años de edad.;8661;Aplicación de medidas para el cumplimiento de los Estándares Ambientales y Sociales (EAS) - DEIMA 2026.;12290;4.2.6 - Apoyar para el Cumplimiento de los Estándares Ambientales y Sociales (EAS) - DEIMA 2026.;217204;SERVICIOS PROFESIONALES;54599;4.2.6.9.2 - Contratación de portador cultural 8 para desarrollar talleres de identidad cultural Náhuat, Lenca y Cacaopera en centros educativos.;1;6165327;0;-1058951;4780415;928776;8667311;8486067;25;03/01/2026;UACI;15/08/2025;15/08/2025;11/04/2026;27706;100;12082508651017;ISABEL CRISTINA MÁRQUEZ       
2026;BIRF 9067-SV;1401;7495 BIRF ;02;GESTIÓN DEL PROYECTO.;Desarrollar el modelo de calidad educativa de la primera infancia en El Salvador, para mejorar el desarrollo de los niños y niñas entre 0 y 7 años de edad.;8661;Aplicación de medidas para el cumplimiento de los Estándares Ambientales y Sociales (EAS) - DEIMA 2026.;12290;4.2.6 - Apoyar para el Cumplimiento de los Estándares Ambientales y Sociales (EAS) - DEIMA 2026.;217205;SERVICIOS PROFESIONALES;54599;4.2.6.9.2 - Contratación de portador cultural 9 para desarrollar talleres de identidad cultural Náhuat, Lenca y Cacaopera en centros educativos.;1;9497250;0;3957973;4086040;4883943;8591678;1078989;25;03/01/2026;UACI;15/08/2025;15/08/2025;11/04/2026;27706;101;01983859100000;ANA CECILIA ORTIZ DE FERNÁNDEZ 
2026;BIRF 9067-SV;1401;7495 BIRF ;02;GESTIÓN DEL PROYECTO.;Desarrollar el modelo de calidad educativa de la primera infancia en El Salvador, para mejorar el desarrollo de los niños y niñas entre 0 y 7 años de edad.;8661;Aplicación de medidas para el cumplimiento de los Estándares Ambientales y Sociales (EAS) - DEIMA 2026.;12290;4.2.6 - Apoyar para el Cumplimiento de los Estándares Ambientales y Sociales (EAS) - DEIMA 2026.;217206;SERVICIOS PROFESIONALES;54599;4.2.6.9.2 - Contratación de portador cultural 10 para desarrollar talleres de identidad cultural Náhuat, Lenca y Cacaopera en centros educativos.;1;3391365;0;-16537756;259716;3307401;6572349;3736130;25;03/01/2026;UACI;11/04/2026;15/08/2025;11/04/2026;27706;102;06141311580180;ADOLFO GÓMEZ MOLINA   
2026;BIRF 9067-SV;1401;7495 BIRF ;02;GESTIÓN DEL PROYECTO.;Desarrollar el modelo de calidad educativa de la primera infancia en El Salvador, para mejorar el desarrollo de los niños y niñas entre 0 y 7 años de edad.;8661;Aplicación de medidas para el cumplimiento de los Estándares Ambientales y Sociales (EAS) - DEIMA 2026.;12290;4.2.6 - Apoyar para el Cumplimiento de los Estándares Ambientales y Sociales (EAS) - DEIMA 2026.;217207;SERVICIOS PROFESIONALES;54599;4.2.6.9.2 - Contratación de portador cultural 11 para desarrollar talleres de identidad cultural Náhuat, Lenca y Cacaopera en centros educativos.;1;4094152;0;2358098;3465813;5126357;5840470;2451103;25;03/01/2026;UACI;15/08/2026;15/08/2025;11/04/2026;27706;103;03059446100000;MARTINA ASCENCIO CUEVA      
2026;BIRF 9067-SV;1401;7495 BIRF ;02;GESTIÓN DEL PROYECTO.;Desarrollar el modelo de calidad educativa de la primera infancia en El Salvador, para mejorar el desarrollo de los niños y niñas entre 0 y 7 años de edad.;8661;Aplicación de medidas para el cumplimiento de los Estándares Ambientales y Sociales (EAS) - DEIMA 2026.;12290;4.2.6 - Apoyar para el Cumplimiento de los Estándares Ambientales y Sociales (EAS) - DEIMA 2026.;217208;SERVICIOS PROFESIONALES;54599;4.2.6.9.2 - Contratación de portador cultural 12 para desarrollar talleres de identidad cultural Náhuat, Lenca y Cacaopera en centros educativos.;1;8032049;0;-6367805;1187323;1847190;827539;6072452;25;03/01/2026;UACI;15/08/2025;15/08/2025;11/04/2026;27706;104;07596769100000;NERIS MABEL ORTÍZ MARTÍNEZ    
2026;BIRF 9067-SV;1401;7495 BIRF ;02;GESTIÓN DEL PROYECTO.;Desarrollar el modelo de calidad educativa de la primera infancia en El Salvador, para mejorar el desarrollo de los niños y niñas entre 0 y 7 años de edad.;8661;Aplicación de medidas para el cumplimiento de los Estándares Ambientales y Sociales (EAS) - DEIMA 2026.;12290;4.2.6 - Apoyar para el Cumplimiento de los Estándares Ambientales y Sociales (EAS) - DEIMA 2026.;217209;SERVICIOS PROFESIONALES;54599;4.2.6.9.2 - Contratación de portador cultural 13 para desarrollar talleres de identidad cultural Náhuat, Lenca y Cacaopera en centros educativos.;1;16344219;0;-10913676;4508818;5254660;6530280;4611975;25;03/01/2026;UACI;15/08/2025;15/08/2025;11/04/2026;27706;105;045604213     ;RONALD ALEXANDER CARRILLO VEGA  
2026;BIRF 9067-SV;1401;7495 BIRF ;02;GESTIÓN DEL PROYECTO.;Desarrollar el modelo de calidad educativa de la primera infancia en El Salvador, para mejorar el desarrollo de los niños y niñas entre 0 y 7 años de edad.;8661;Aplicación de medidas para el cumplimiento de los Estándares Ambientales y Sociales (EAS) - DEIMA 2026.;12290;4.2.6 - Apoyar para el Cumplimiento de los Estándares Ambientales y Sociales (EAS) - DEIMA 2026.;217210;SERVICIOS PROFESIONALES;54599;4.2.6.9.2 - Contratación de portador cultural 14 para desarrollar talleres de identidad cultural Náhuat, Lenca y Cacaopera en centros educativos.;1;343237;0;3101221;5072883;2271273;7884231;6148054;25;03/01/2026;UACI;15/08/2025;15/08/2025;11/04/2026;27706;106;02851196000000;MARIO SALVADOR HERNÁNDEZ HERNÁNDEZ       
2026;BIRF 9067-SV;1401;7495 BIRF ;02;GESTIÓN DEL PROYECTO.;Desarrollar el modelo de calidad educativa de la primera infancia en El Salvador, para mejorar el desarrollo de los niños y niñas entre 0 y 7 años de edad.;8661;Aplicación de medidas para el cumplimiento de los Estándares Ambientales y Sociales (EAS) - DEIMA 2026.;12290;4.2.6 - Apoyar para el Cumplimiento de los Estándares Ambientales y Sociales (EAS) - DEIMA 2026.;217211;SERVICIOS PROFESIONALES;54599;4.2.6.9.2 - Contratación de portador cultural 15 para desarrollar talleres de identidad cultural Náhuat, Lenca y Cacaopera en centros educativos.;1;11802117;0;3075204;5244314;2500957;9242321;3565144;25;03/01/2026;UACI;15/08/2025;15/08/2025;11/04/2026;27706;107;057410921     ;JAIME RODRIGO MIRANDA ORTIZ  
2026;BIRF 9067-SV;1401;7495 BIRF ;02;GESTIÓN DEL PROYECTO.;Desarrollar el modelo de calidad educativa de la primera infancia en El Salvador, para mejorar el desarrollo de los niños y niñas entre 0 y 7 años de edad.;8661;Aplicación de medidas para el cumplimiento de los Estándares Ambientales y Sociales (EAS) - DEIMA 2026.;12290;4.2.6 - Apoyar para el Cumplimiento de los Estándares Ambientales y Sociales (EAS) - DEIMA 2026.;217212;SERVICIOS PROFESIONALES;54599;4.2.6.9.2 - Contratación de portador cultural 16 para desarrollar talleres de identidad cultural Náhuat, Lenca y Cacaopera en centros educativos.;1;8819753;0;-5847816;4415621;2231427;1673677;9772923;25;03/01/2026;UACI;15/08/2025;15/08/2025;11/04/2026;27706;108;04411327700000;MARÍA DEL TRÁNSITO REALEGEÑO RIVAS   
2026;BIRF 9067-SV;1401;7495 BIRF ;02;GESTIÓN DEL PROYECTO.;Desarrollar el modelo de calidad educativa de la primera infancia en El Salvador, para mejorar el desarrollo de los niños y niñas entre 0 y 7 años de edad.;8661;Aplicación de medidas para el cumplimiento de los Estándares Ambientales y Sociales (EAS) - DEIMA 2026.;12290;4.2.6 - Apoyar para el Cumplimiento de los Estándares Ambientales y Sociales (EAS) - DEIMA 2026.;217213;SERVICIOS PROFESIONALES;54599;4.2.6.9.2 - Contratación de portador cultural 17 para desarrollar talleres de identidad cultural Náhuat, Lenca y Cacaopera en centros educativos.;1;6488;0;-4368054;5062050;509293;4945146;4248798;25;03/01/2026;UACI;15/08/2025;15/08/2025;11/04/2026;27706;109;01530056200000;MARÍA ROSARIO HERNÁNDEZ CORTEZ    
2026;BIRF 9067-SV;1401;7495 BIRF ;02;GESTIÓN DEL PROYECTO.;Desarrollar el modelo de calidad educativa de la primera infancia en El Salvador, para mejorar el desarrollo de los niños y niñas entre 0 y 7 años de edad.;8661;Aplicación de medidas para el cumplimiento de los Estándares Ambientales y Sociales (EAS) - DEIMA 2026.;12290;4.2.6 - Apoyar para el Cumplimiento de los Estándares Ambientales y Sociales (EAS) - DEIMA 2026.;217214;SERVICIOS PROFESIONALES;54599;4.2.6.9.2 - Contratación de portador cultural 18 para desarrollar talleres de identidad cultural Náhuat, Lenca y Cacaopera en centros educativos.;1;3201751;0;-15819772;4556399;5967122;4048131;5573760;25;03/01/2026;UACI;15/08/2025;15/08/2025;11/04/2026;27706;110;00187478700000;GLORIA DEYSI MEMBREÑO DE HERNÁNDEZ  
2026;BIRF 9067-SV;1401;7495 BIRF ;02;GESTIÓN DEL PROYECTO.;Desarrollar el modelo de calidad educativa de la primera infancia en El Salvador, para mejorar el desarrollo de los niños y niñas entre 0 y 7 años de edad.;8661;Aplicación de medidas para el cumplimiento de los Estándares Ambientales y Sociales (EAS) - DEIMA 2026.;12290;4.2.6 - Apoyar para el Cumplimiento de los Estándares Ambientales y Sociales (EAS) - DEIMA 2026.;217215;SERVICIOS PROFESIONALES;54599;4.2.6.9.2 - Contratación de portador cultural 19 para desarrollar talleres de identidad cultural Náhuat, Lenca y Cacaopera en centros educativos.;1;15325488;0;-15865039;1740756;5123929;97163;7582721;25;03/01/2026;UACI;15/08/2025;15/08/2025;11/04/2026;27706;111;00166756200000;LUCÍA PORTILLO CORTEZ  
2026;BIRF 9067-SV;1401;7495 BIRF ;02;GESTIÓN DEL PROYECTO.;Desarrollar el modelo de calidad educativa de la primera infancia en El Salvador, para mejorar el desarrollo de los niños y niñas entre 0 y 7 años de edad.;8661;Aplicación de medidas para el cumplimiento de los Estándares Ambientales y Sociales (EAS) - DEIMA 2026.;12290;4.2.6 - Apoyar para el Cumplimiento de los Estándares Ambientales y Sociales (EAS) - DEIMA 2026.;217216;SERVICIOS PROFESIONALES;54599;4.2.6.9.2 - Contratación de portador cultural 20 para desarrollar talleres de identidad cultural Náhuat, Lenca y Cacaopera en centros educativos.;1;10793291;0;-9619094;121448;1113403;5210966;2721294;25;03/01/2026;UACI;15/08/2025;15/08/2025;11/04/2026;27706;112;02109963200000;MARÍA IMELDA MARTÍNEZ DÍAZ  
2026;BIRF 9067-SV;1401;7495 BIRF ;02;GESTIÓN DEL PROYECTO.;Desarrollar el modelo de calidad educativa de la primera infancia en El Salvador, para mejorar el desarrollo de los niños y niñas entre 0 y 7 años de edad.;8661;Aplicación de medidas para el cumplimiento de los Estándares Ambientales y Sociales (EAS) - DEIMA 2026.;12290;4.2.6 - Apoyar para el Cumplimiento de los Estándares Ambientales y Sociales (EAS) - DEIMA 2026.;217217;SERVICIOS PROFESIONALES;54599;4.2.6.9.2 - Contratación de portador cultural 21 para desarrollar talleres de identidad cultural Náhuat, Lenca y Cacaopera en centros educativos.;1;15672128;0;-2643763;5793232;2139596;2273924;4676271;25;03/01/2026;UACI;15/08/2025;15/08/2025;11/04/2026;27706;113;03134082300000;CARLOS ROBERTO CASTANEDA HERNÁNDEZ
2026;BIRF 9067-SV;1401;7495 BIRF ;02;GESTIÓN DEL PROYECTO.;Desarrollar el modelo de calidad educativa de la primera infancia en El Salvador, para mejorar el desarrollo de los niños y niñas entre 0 y 7 años de edad.;8661;Aplicación de medidas para el cumplimiento de los Estándares Ambientales y Sociales (EAS) - DEIMA 2026.;12290;4.2.6 - Apoyar para el Cumplimiento de los Estándares Ambientales y Sociales (EAS) - DEIMA 2026.;217218;SERVICIOS PROFESIONALES;54599;4.2.6.9.2 - Contratación de portador cultural 22 para desarrollar talleres de identidad cultural Náhuat, Lenca y Cacaopera en centros educativos.;1;5380211;0;-8585607;4343908;2423713;9832529;290548;25;03/01/2026;UACI;15/08/2025;15/08/2025;15/08/2026;27706;114;03410927600000;GUILLERMA PÉREZ DE RAMOS   
2026;BIRF 9067-SV;1401;7495 BIRF ;02;GESTIÓN DEL PROYECTO.;Desarrollar el modelo de calidad educativa de la primera infancia en El Salvador, para mejorar el desarrollo de los niños y niñas entre 0 y 7 años de edad.;8661;Aplicación de medidas para el cumplimiento de los Estándares Ambientales y Sociales (EAS) - DEIMA 2026.;12290;4.2.6 - Apoyar para el Cumplimiento de los Estándares Ambientales y Sociales (EAS) - DEIMA 2026.;217219;SERVICIOS PROFESIONALES;54599;4.2.6.9.2 - Contratación de portador cultural 23 para desarrollar talleres de identidad cultural Náhuat, Lenca y Cacaopera en centros educativos.;1;14272848;0;-8969757;1272269;4484924;4607452;2637753;25;03/01/2026;UACI;15/08/2025;15/08/2025;15/04/2026;27706;115;01538653400000;RUFINO FERNÁNDEZ GARCÍA
2026;BIRF 9067-SV;1401;7495 BIRF ;02;GESTIÓN DEL PROYECTO.;Desarrollar el modelo de calidad educativa de la primera infancia en El Salvador, para mejorar el desarrollo de los niños y niñas entre 0 y 7 años de edad.;8661;Aplicación de medidas para el cumplimiento de los Estándares Ambientales y Sociales (EAS) - DEIMA 2026.;12290;4.2.6 - Apoyar para el Cumplimiento de los Estándares Ambientales y Sociales (EAS) - DEIMA 2026.;217220;SERVICIOS PROFESIONALES;54599;4.2.6.9.2 - Contratación de portador cultural 24 para desarrollar talleres de identidad cultural Náhuat, Lenca y Cacaopera en centros educativos.;1;6624012;0;-14717262;2746304;2467985;9564056;1167468;25;03/01/2026;UACI;15/08/2025;15/08/2025;11/04/2026;27706;116;01941422400000;VÍCTOR MANUEL PÉREZ MÉNDEZ  
2026;BIRF 9067-SV;1401;7495 BIRF ;02;GESTIÓN DEL PROYECTO.;Desarrollar el modelo de calidad educativa de la primera infancia en El Salvador, para mejorar el desarrollo de los niños y niñas entre 0 y 7 años de edad.;8661;Aplicación de medidas para el cumplimiento de los Estándares Ambientales y Sociales (EAS) - DEIMA 2026.;12290;4.2.6 - Apoyar para el Cumplimiento de los Estándares Ambientales y Sociales (EAS) - DEIMA 2026.;217221;SERVICIOS PROFESIONALES;54599;4.2.6.9.2 - Contratación de portador cultural 25 para desarrollar talleres de identidad cultural Náhuat, Lenca y Cacaopera en centros educativos.;1;11585958;0;-560381;1905425;4002968;898102;1747175;25;03/01/2026;UACI;15/08/2025;15/08/2025;11/04/2026;27706;117;02141052900000;TERESA DE JESÚS BELTRÁN Vda. DE MARTÍNEZ 
2026;BIRF 9067-SV;1401;7495 BIRF ;02;GESTIÓN DEL PROYECTO.;Desarrollar el modelo de calidad educativa de la primera infancia en El Salvador, para mejorar el desarrollo de los niños y niñas entre 0 y 7 años de edad.;8661;Aplicación de medidas para el cumplimiento de los Estándares Ambientales y Sociales (EAS) - DEIMA 2026.;12290;4.2.6 - Apoyar para el Cumplimiento de los Estándares Ambientales y Sociales (EAS) - DEIMA 2026.;217222;SERVICIOS PROFESIONALES;54599;4.2.6.9.2 - Contratación de portador cultural 26 para desarrollar talleres de identidad cultural Náhuat, Lenca y Cacaopera en centros educativos.;1;15161555;0;-1760288;662980;3051463;5533863;3346481;25;03/01/2026;UACI;15/08/2025;15/08/2025;11/04/2026;27706;118;019998854     ;HILDA NOEMI VÁSQUEZ DE MIRANDA
2026;BIRF 9067-SV;1401;7495 BIRF ;02;GESTIÓN DEL PROYECTO.;Desarrollar el modelo de calidad educativa de la primera infancia en El Salvador, para mejorar el desarrollo de los niños y niñas entre 0 y 7 años de edad.;8661;Aplicación de medidas para el cumplimiento de los Estándares Ambientales y Sociales (EAS) - DEIMA 2026.;12290;4.2.6 - Apoyar para el Cumplimiento de los Estándares Ambientales y Sociales (EAS) - DEIMA 2026.;217223;SERVICIOS PROFESIONALES;54599;4.2.6.9.2 - Contratación de portador cultural 27 para desarrollar talleres de identidad cultural Náhuat, Lenca y Cacaopera en centros educativos.;1;3966943;0;-8247835;4510456;2661182;6989974;8520295;67/2025;03/01/2026;UACI;15/04/2026;15/04/2026;10/12/2026;28048;24/2026 BIRF;012718148     ;VÍCTOR MANUEL HERNÁNDEZ ORTIZ
2026;BIRF 9067-SV;1401;7495 BIRF ;02;GESTIÓN DEL PROYECTO.;Desarrollar el modelo de calidad educativa de la primera infancia en El Salvador, para mejorar el desarrollo de los niños y niñas entre 0 y 7 años de edad.;8661;Aplicación de medidas para el cumplimiento de los Estándares Ambientales y Sociales (EAS) - DEIMA 2026.;12290;4.2.6 - Apoyar para el Cumplimiento de los Estándares Ambientales y Sociales (EAS) - DEIMA 2026.;217224;SERVICIOS PROFESIONALES;54599;4.2.6.9.2 - Contratación de portador cultural 28 para desarrollar talleres de identidad cultural Náhuat, Lenca y Cacaopera en centros educativos.;1;3332901;0;3435766;2720633;2948792;5871137;9763884;67/2025;03/01/2026;UACI;15/04/2026;15/04/2026;10/12/2026;28048;23//2026 BIRF;057628184     ;LEDIS ANAGIL VÁSQUEZ PÉREZ 
2026;BIRF 9067-SV;1401;7495 BIRF ;02;GESTIÓN DEL PROYECTO.;Desarrollar el modelo de calidad educativa de la primera infancia en El Salvador, para mejorar el desarrollo de los niños y niñas entre 0 y 7 años de edad.;8661;Aplicación de medidas para el cumplimiento de los Estándares Ambientales y Sociales (EAS) - DEIMA 2026.;12290;4.2.6 - Apoyar para el Cumplimiento de los Estándares Ambientales y Sociales (EAS) - DEIMA 2026.;217225;SERVICIOS PROFESIONALES;54599;Contratación de portador cultural 28 para desarrollar talleres de identidad cultural Náhuat, Lenca y Cacaopera en centros educativos.;1;12366334;0;-5118282;2687257;5858293;4177850;494613;;03/01/2026;UACI;;;;0;;              ;
2026;BIRF 9067-SV;1401;7495 BIRF ;02;GESTIÓN DEL PROYECTO.;Desarrollar el modelo de calidad educativa de la primera infancia en El Salvador, para mejorar el desarrollo de los niños y niñas entre 0 y 7 años de edad.;8661;Aplicación de medidas para el cumplimiento de los Estándares Ambientales y Sociales (EAS) - DEIMA 2026.;12290;4.2.6 - Apoyar para el Cumplimiento de los Estándares Ambientales y Sociales (EAS) - DEIMA 2026.;217226;SERVICIOS PROFESIONALES;54599;4.2.6.10.1 - Contratación de especialista 1 en gestión cultural para apoyar el cumplimiento de los Estándares Ambientales y Sociales. ;1;2946199;0;-3566343;579583;5214264;3863121;5823683;5;03/01/2026;UACI;26/10/2023;01/11/2023;30/06/2026;27641;44/2023;056948191     ;JOSÉ ORIÓN CASTELLÓN FRECH    
2026;BIRF 9067-SV;1401;7495 BIRF ;02;GESTIÓN DEL PROYECTO.;Desarrollar el modelo de calidad educativa de la primera infancia en El Salvador, para mejorar el desarrollo de los niños y niñas entre 0 y 7 años de edad.;8661;Aplicación de medidas para el cumplimiento de los Estándares Ambientales y Sociales (EAS) - DEIMA 2026.;12290;4.2.6 - Apoyar para el Cumplimiento de los Estándares Ambientales y Sociales (EAS) - DEIMA 2026.;217386;INSTRUMENTOS MUSICALES;61199;4.2.6.3.6 - Guitarra acústica;2;2494440;0;-8742508;4546788;4534194;3481093;339708;;03/01/2026;UACI;;;;0;;              ;
2026;BIRF 9067-SV;1401;7495 BIRF ;02;GESTIÓN DEL PROYECTO.;Desarrollar el modelo de calidad educativa de la primera infancia en El Salvador, para mejorar el desarrollo de los niños y niñas entre 0 y 7 años de edad.;8661;Aplicación de medidas para el cumplimiento de los Estándares Ambientales y Sociales (EAS) - DEIMA 2026.;12290;4.2.6 - Apoyar para el Cumplimiento de los Estándares Ambientales y Sociales (EAS) - DEIMA 2026.;217387;INSTRUMENTOS MUSICALES;61199;4.2.6.3.6 - Guitarrón de cuerdas, cedro;1;7185182;0;-5597438;1839551;4408496;4389062;184457;;03/01/2026;UACI;;;;0;;              ;
2026;BIRF 9067-SV;1401;7495 BIRF ;02;GESTIÓN DEL PROYECTO.;Desarrollar el modelo de calidad educativa de la primera infancia en El Salvador, para mejorar el desarrollo de los niños y niñas entre 0 y 7 años de edad.;8661;Aplicación de medidas para el cumplimiento de los Estándares Ambientales y Sociales (EAS) - DEIMA 2026.;12290;4.2.6 - Apoyar para el Cumplimiento de los Estándares Ambientales y Sociales (EAS) - DEIMA 2026.;217388;INSTRUMENTOS MUSICALES;61199;4.2.6.3.6 - Vihuela de cedro nacional;2;14589884;0;-8950984;3143666;3083795;2901091;2533212;;03/01/2026;NO UACI;;;;0;;              ;
2026;BIRF 9067-SV;1401;7495 BIRF ;02;GESTIÓN DEL PROYECTO.;Desarrollar el modelo de calidad educativa de la primera infancia en El Salvador, para mejorar el desarrollo de los niños y niñas entre 0 y 7 años de edad.;8661;Aplicación de medidas para el cumplimiento de los Estándares Ambientales y Sociales (EAS) - DEIMA 2026.;12290;4.2.6 - Apoyar para el Cumplimiento de los Estándares Ambientales y Sociales (EAS) - DEIMA 2026.;217389;INSTRUMENTOS MUSICALES;61199;4.2.6.3.6 - Violín 3/4 con estuche;3;14026836;0;-9610927;4523789;4106482;6586555;2993777;;03/01/2026;NO UACI;;;;0;;              ;
2026;BIRF 9067-SV;1401;7495 BIRF ;02;GESTIÓN DEL PROYECTO.;Desarrollar el modelo de calidad educativa de la primera infancia en El Salvador, para mejorar el desarrollo de los niños y niñas entre 0 y 7 años de edad.;8661;Aplicación de medidas para el cumplimiento de los Estándares Ambientales y Sociales (EAS) - DEIMA 2026.;12290;4.2.6 - Apoyar para el Cumplimiento de los Estándares Ambientales y Sociales (EAS) - DEIMA 2026.;217390;INSTRUMENTOS MUSICALES;61199;4.2.6.3.6 - Maracas;1;13372009;0;1143344;353139;193445;2862083;3307650;;03/01/2026;UACI;;;;0;;              ;
2026;BIRF 9067-SV;1401;7495 BIRF ;02;GESTIÓN DEL PROYECTO.;Desarrollar el modelo de calidad educativa de la primera infancia en El Salvador, para mejorar el desarrollo de los niños y niñas entre 0 y 7 años de edad.;8661;Aplicación de medidas para el cumplimiento de los Estándares Ambientales y Sociales (EAS) - DEIMA 2026.;12290;4.2.6 - Apoyar para el Cumplimiento de los Estándares Ambientales y Sociales (EAS) - DEIMA 2026.;217391;INSTRUMENTOS MUSICALES;61199;4.2.6.3.6 - Flautas dulces;4;12469505;0;-8526155;5543884;4614891;4559955;2538928;;03/01/2026;UACI;;;;0;;              ;
2026;BIRF 9067-SV;1401;7495 BIRF ;02;GESTIÓN DEL PROYECTO.;Desarrollar el modelo de calidad educativa de la primera infancia en El Salvador, para mejorar el desarrollo de los niños y niñas entre 0 y 7 años de edad.;8661;Aplicación de medidas para el cumplimiento de los Estándares Ambientales y Sociales (EAS) - DEIMA 2026.;12290;4.2.6 - Apoyar para el Cumplimiento de los Estándares Ambientales y Sociales (EAS) - DEIMA 2026.;217392;INSTRUMENTOS MUSICALES;61199;4.2.6.3.6 -  Tambores de madera y cuero con sus respectivos bolillos;5;5772550;0;-16421170;1911284;3924094;5604435;7565768;;03/01/2026;UACI;;;;0;;              ;
2026;BIRF 9067-SV;1401;7495 BIRF ;02;GESTIÓN DEL PROYECTO.;Desarrollar el modelo de calidad educativa de la primera infancia en El Salvador, para mejorar el desarrollo de los niños y niñas entre 0 y 7 años de edad.;8661;Aplicación de medidas para el cumplimiento de los Estándares Ambientales y Sociales (EAS) - DEIMA 2026.;12290;4.2.6 - Apoyar para el Cumplimiento de los Estándares Ambientales y Sociales (EAS) - DEIMA 2026.;217393;INSTRUMENTOS MUSICALES;61199;4.2.6.3.6 - Clarinete;1;1926124;0;-15202134;3748981;2691912;6642720;8113375;;03/01/2026;NO UACI;;;;0;;              ;
2026;BIRF 9067-SV;1401;7495 BIRF ;02;GESTIÓN DEL PROYECTO.;Desarrollar el modelo de calidad educativa de la primera infancia en El Salvador, para mejorar el desarrollo de los niños y niñas entre 0 y 7 años de edad.;8661;Aplicación de medidas para el cumplimiento de los Estándares Ambientales y Sociales (EAS) - DEIMA 2026.;12290;4.2.6 - Apoyar para el Cumplimiento de los Estándares Ambientales y Sociales (EAS) - DEIMA 2026.;217394;INSTRUMENTOS MUSICALES;61199;4.2.6.3.6 - Trombón;1;4459329;0;-3308349;4583115;2568899;1274981;5843118;;03/01/2026;NO UACI;;;;0;;              ;
2026;BIRF 9067-SV;1401;7495 BIRF ;02;GESTIÓN DEL PROYECTO.;Desarrollar el modelo de calidad educativa de la primera infancia en El Salvador, para mejorar el desarrollo de los niños y niñas entre 0 y 7 años de edad.;8661;Aplicación de medidas para el cumplimiento de los Estándares Ambientales y Sociales (EAS) - DEIMA 2026.;12290;4.2.6 - Apoyar para el Cumplimiento de los Estándares Ambientales y Sociales (EAS) - DEIMA 2026.;217395;INSTRUMENTOS MUSICALES;61199;4.2.6.3.6 -  Redoblantes;1;11688084;0;-7046869;5052981;1937831;7224489;9308214;;03/01/2026;UACI;;;;0;;              ;
2026;BIRF 9067-SV;1401;7495 BIRF ;02;GESTIÓN DEL PROYECTO.;Desarrollar el modelo de calidad educativa de la primera infancia en El Salvador, para mejorar el desarrollo de los niños y niñas entre 0 y 7 años de edad.;8661;Aplicación de medidas para el cumplimiento de los Estándares Ambientales y Sociales (EAS) - DEIMA 2026.;12290;4.2.6 - Apoyar para el Cumplimiento de los Estándares Ambientales y Sociales (EAS) - DEIMA 2026.;217396;INSTRUMENTOS MUSICALES;61199;4.2.6.3.6 - Platillos de mano;1;4403713;0;-3413376;111250;2492780;6826542;4017398;;03/01/2026;UACI;;;;0;;              ;
2026;BIRF 9067-SV;1401;7495 BIRF ;02;GESTIÓN DEL PROYECTO.;Desarrollar el modelo de calidad educativa de la primera infancia en El Salvador, para mejorar el desarrollo de los niños y niñas entre 0 y 7 años de edad.;8661;Aplicación de medidas para el cumplimiento de los Estándares Ambientales y Sociales (EAS) - DEIMA 2026.;12290;4.2.6 - Apoyar para el Cumplimiento de los Estándares Ambientales y Sociales (EAS) - DEIMA 2026.;217397;INSTRUMENTOS MUSICALES;61199;4.2.6.3.6 -  Güiro;1;2709174;0;344535;1543038;5115706;7967083;7576259;;03/01/2026;NO UACI;;;;0;;              ;
2026;BIRF 9067-SV;1401;7495 BIRF ;02;GESTIÓN DEL PROYECTO.;Desarrollar el modelo de calidad educativa de la primera infancia en El Salvador, para mejorar el desarrollo de los niños y niñas entre 0 y 7 años de edad.;8661;Aplicación de medidas para el cumplimiento de los Estándares Ambientales y Sociales (EAS) - DEIMA 2026.;12290;4.2.6 - Apoyar para el Cumplimiento de los Estándares Ambientales y Sociales (EAS) - DEIMA 2026.;217398;INSTRUMENTOS MUSICALES;61199;4.2.6.3.6 - Saxofón;1;17384951;0;-4264615;3922157;4153982;5524909;9243540;;03/01/2026;UACI;;;;0;;              ;
2026;BIRF 9067-SV;1401;7495 BIRF ;02;GESTIÓN DEL PROYECTO.;Desarrollar el modelo de calidad educativa de la primera infancia en El Salvador, para mejorar el desarrollo de los niños y niñas entre 0 y 7 años de edad.;8661;Aplicación de medidas para el cumplimiento de los Estándares Ambientales y Sociales (EAS) - DEIMA 2026.;12290;4.2.6 - Apoyar para el Cumplimiento de los Estándares Ambientales y Sociales (EAS) - DEIMA 2026.;217399;INSTRUMENTOS MUSICALES;61199;4.2.6.3.6 - Trompeta;1;11980172;0;1694825;344465;1806526;1051687;3627704;;03/01/2026;UACI;;;;0;;              ;
2026;BIRF 9067-SV;1401;7495 BIRF ;02;GESTIÓN DEL PROYECTO.;Desarrollar el modelo de calidad educativa de la primera infancia en El Salvador, para mejorar el desarrollo de los niños y niñas entre 0 y 7 años de edad.;8661;Aplicación de medidas para el cumplimiento de los Estándares Ambientales y Sociales (EAS) - DEIMA 2026.;12290;4.2.6 - Apoyar para el Cumplimiento de los Estándares Ambientales y Sociales (EAS) - DEIMA 2026.;223230;SERVICIO DE TECNICO DE APOYO - CADA UNO;54599;"4.2.6.5.1 - Contratación de servicios profesionales para el seguimiento y evaluación de implementación del programa de educación intercultural, para apoyar el cumplimiento de los Estándares Ambientales y Sociales (Póliza)
";1;7185139;0;-10545227;5921193;3408830;2614114;4964524;;20/04/2026;NO UACI;;;;0;;              ;
2026;BIRF 9067-SV;1401;7495 BIRF ;02;GESTIÓN DEL PROYECTO.;Desarrollar el modelo de calidad educativa de la primera infancia en El Salvador, para mejorar el desarrollo de los niños y niñas entre 0 y 7 años de edad.;8661;Aplicación de medidas para el cumplimiento de los Estándares Ambientales y Sociales (EAS) - DEIMA 2026.;12290;4.2.6 - Apoyar para el Cumplimiento de los Estándares Ambientales y Sociales (EAS) - DEIMA 2026.;223231;SERVICIOS PROFESIONALES;54599;Contratación de diseñador gráfico para el programa de educación intercultural (Póliza);1;10835384;0;2688871;799603;22617;3791468;9527455;;20/04/2026;NO UACI;;;;0;;              ;
2026;BIRF 9067-SV;1401;7495 BIRF ;02;GESTIÓN DEL PROYECTO.;Desarrollar el modelo de calidad educativa de la primera infancia en El Salvador, para mejorar el desarrollo de los niños y niñas entre 0 y 7 años de edad.;8661;Aplicación de medidas para el cumplimiento de los Estándares Ambientales y Sociales (EAS) - DEIMA 2026.;12290;4.2.6 - Apoyar para el Cumplimiento de los Estándares Ambientales y Sociales (EAS) - DEIMA 2026.;223232;SERVICIOS PROFESIONALES;54599;Contratación de diseñador gráfico para el programa de educación intercultural ;1;17681136;0;-13305277;1515320;2541463;6042650;8968539;156;20/04/2026;UACI;17/01/2025;22/11/2025;20/02/2026;28039;07/2025 BIRF 9067;12171102931020;SABRINA JUDITH LARIN VEGA
2026;BIRF 9067-SV;1401;7495 BIRF ;02;GESTIÓN DEL PROYECTO.;Desarrollar el modelo de calidad educativa de la primera infancia en El Salvador, para mejorar el desarrollo de los niños y niñas entre 0 y 7 años de edad.;8661;Aplicación de medidas para el cumplimiento de los Estándares Ambientales y Sociales (EAS) - DEIMA 2026.;12290;4.2.6 - Apoyar para el Cumplimiento de los Estándares Ambientales y Sociales (EAS) - DEIMA 2026.;223621;IMPRESIONES Y PUBLICACIONES - CADA UNO;54313;4.2.6.3.5 - Impresión de módulos de enseñanza de la identidad cultural e idioma de la identidad cultural e idioma Náhuat para la formación de docentes  (LOTE1);1;12902044;0;-7677618;4413230;2652988;6399677;4874380;;30/11/2026;UACI;;;;0;;              ;
2026;BIRF 9067-SV;1401;7495 BIRF ;02;GESTIÓN DEL PROYECTO.;Desarrollar el modelo de calidad educativa de la primera infancia en El Salvador, para mejorar el desarrollo de los niños y niñas entre 0 y 7 años de edad.;8661;Aplicación de medidas para el cumplimiento de los Estándares Ambientales y Sociales (EAS) - DEIMA 2026.;12290;4.2.6 - Apoyar para el Cumplimiento de los Estándares Ambientales y Sociales (EAS) - DEIMA 2026.;223622;IMPRESIONES Y PUBLICACIONES - CADA UNO;54313;4.2.6.3.6 -  Impresión de módulos de enseñanza de la identidad cultural e idioma de la identidad cultural e idioma Náhuat para la formación de docentes  (LOTE2);1;5525303;0;-16447632;5768462;4407341;3998628;3480262;;30/11/2026;UACI;;;;0;;              ;
2026;BIRF 9067-SV;1401;7495 BIRF ;02;GESTIÓN DEL PROYECTO.;Desarrollar el modelo de calidad educativa de la primera infancia en El Salvador, para mejorar el desarrollo de los niños y niñas entre 0 y 7 años de edad.;8661;Aplicación de medidas para el cumplimiento de los Estándares Ambientales y Sociales (EAS) - DEIMA 2026.;12290;4.2.6 - Apoyar para el Cumplimiento de los Estándares Ambientales y Sociales (EAS) - DEIMA 2026.;223623;IMPRESIONES Y PUBLICACIONES - CADA UNO;54313;4. 2. 6.3.7 -  Impresión de módulos de enseñanza de la identidad cultural e idioma de la identidad cultural e idioma Náhuat para la formación de docentes  (LOTE 3);1;16312887;0;1139926;1000558;7551;2240353;9223592;;30/11/2026;UACI;;;;0;;              ;
2026;BIRF 9067-SV;1401;7495 BIRF ;02;GESTIÓN DEL PROYECTO.;Desarrollar el modelo de calidad educativa de la primera infancia en El Salvador, para mejorar el desarrollo de los niños y niñas entre 0 y 7 años de edad.;8661;Aplicación de medidas para el cumplimiento de los Estándares Ambientales y Sociales (EAS) - DEIMA 2026.;12290;4.2.6 - Apoyar para el Cumplimiento de los Estándares Ambientales y Sociales (EAS) - DEIMA 2026.;223624;IMPRESIONES Y PUBLICACIONES - CADA UNO;54313;4.2.6.3.8 - Impresión de módulos de enseñanza de la identidad cultural e idioma de la identidad cultural e idioma Náhuat para la formación de docentes (LOTE 4) ;1;2084719;0;-15947501;5486266;517364;3625145;6154670;;30/11/2026;UACI;;;;0;;              ;
2026;BIRF 9067-SV;1401;7495 BIRF ;02;GESTIÓN DEL PROYECTO.;Desarrollar el modelo de calidad educativa de la primera infancia en El Salvador, para mejorar el desarrollo de los niños y niñas entre 0 y 7 años de edad.;8665;Gestionar el 100%  de los fondos del proyecto en 5 años - UIP 2026.;12296;4.2.1 - Gestionar el Proyecto;217712;SERVICIOS PROFESIONALES;54599;4.2.1.1.1.1 - Contratación de coordinador general para la UIP.;1;9806960;0;1922952;2921192;3503846;7412095;4112450;22;03/01/2026;UACI;14/11/2025;01/01/2026;30/06/2026;27693;144/2025;028593734     ;CARLA MARÍA RUSCONI SIRI
2026;BIRF 9067-SV;1401;7495 BIRF ;02;GESTIÓN DEL PROYECTO.;Desarrollar el modelo de calidad educativa de la primera infancia en El Salvador, para mejorar el desarrollo de los niños y niñas entre 0 y 7 años de edad.;8665;Gestionar el 100%  de los fondos del proyecto en 5 años - UIP 2026.;12296;4.2.1 - Gestionar el Proyecto;217713;SERVICIOS PROFESIONALES;54599;4.2.1.1.2.1 - Contratación de especialista de adquisiciones de la Unidad de Implementación de Proyecto (UIP).;1;13599260;0;2990543;211420;4463142;9250951;7235271;30;03/01/2026;UACI;06/09/2022;07/09/2022;30/06/2026;27718;12/2022 BIRF 7495 ;002605717     ;INGRID SAYANET MARTÍNEZ MAGAÑA
2026;BIRF 9067-SV;1401;7495 BIRF ;02;GESTIÓN DEL PROYECTO.;Desarrollar el modelo de calidad educativa de la primera infancia en El Salvador, para mejorar el desarrollo de los niños y niñas entre 0 y 7 años de edad.;8665;Gestionar el 100%  de los fondos del proyecto en 5 años - UIP 2026.;12296;4.2.1 - Gestionar el Proyecto;217714;SERVICIOS PROFESIONALES;54599;4.2.1.1.2.2 - Contratación de Especialista financiero de la Unidad de Implementación de Proyecto (UIP). ;1;11030269;0;2221392;5836449;3066155;9549071;6434735;94;03/01/2026;UACI;03/02/2026;04/02/2026;30/06/2026;27857;10;019502530     ;ALBA ESPERANZA LÓPEZ  
2026;BIRF 9067-SV;1401;7495 BIRF ;02;GESTIÓN DEL PROYECTO.;Desarrollar el modelo de calidad educativa de la primera infancia en El Salvador, para mejorar el desarrollo de los niños y niñas entre 0 y 7 años de edad.;8665;Gestionar el 100%  de los fondos del proyecto en 5 años - UIP 2026.;12296;4.2.1 - Gestionar el Proyecto;217715;SERVICIOS PROFESIONALES;54599;4.2.1.1.3.1 - Contratación de coordinador del área educativa para la Unidad de Implementación del Proyecto (UIP).;1;10603163;0;-9850075;621111;1722978;805455;5006335;;03/01/2026;UACI;;;;0;;              ;
2026;BIRF 9067-SV;1401;7495 BIRF ;02;GESTIÓN DEL PROYECTO.;Desarrollar el modelo de calidad educativa de la primera infancia en El Salvador, para mejorar el desarrollo de los niños y niñas entre 0 y 7 años de edad.;8665;Gestionar el 100%  de los fondos del proyecto en 5 años - UIP 2026.;12296;4.2.1 - Gestionar el Proyecto;217716;SERVICIOS PROFESIONALES;54599;Contratación de especialista técnico de monitoreo para la UIP.;1;13367994;0;-4310385;273899;1827341;6905291;6416986;127;03/01/2026;UACI;26/02/2026;01/03/2026;31/08/2026;27943;12;034392146     ;ROBERTO ALEXIS LÓPEZ Y LÓPEZ   
2026;BIRF 9067-SV;1401;7495 BIRF ;02;GESTIÓN DEL PROYECTO.;Desarrollar el modelo de calidad educativa de la primera infancia en El Salvador, para mejorar el desarrollo de los niños y niñas entre 0 y 7 años de edad.;8665;Gestionar el 100%  de los fondos del proyecto en 5 años - UIP 2026.;12296;4.2.1 - Gestionar el Proyecto;217717;SERVICIOS PROFESIONALES;54599;4.2.1.1.3.6 - Contratación especialista del área de seguimiento de los proyectos educativos para la UIP.;1;6713192;0;-13924233;2649336;2760656;2886447;2527069;70;03/01/2026;UACI;30/08/2022;01/01/2026;30/06/2026;27762;11;06142201741166;PATRICIA DEL CARMEN VASQUEZ DE SEVILLANO
2026;BIRF 9067-SV;1401;7495 BIRF ;02;GESTIÓN DEL PROYECTO.;Desarrollar el modelo de calidad educativa de la primera infancia en El Salvador, para mejorar el desarrollo de los niños y niñas entre 0 y 7 años de edad.;8665;Gestionar el 100%  de los fondos del proyecto en 5 años - UIP 2026.;12296;4.2.1 - Gestionar el Proyecto;217718;SERVICIOS PROFESIONALES;54599;4.2.1.1.5.3 - Contratación de especialista técnico del área de estándares sociales para la UIP (2a contratación).;1;1234815;0;73744;1980678;1772292;7122742;6535775;47;03/01/2026;UACI;15/08/2024;01/01/2026;30/06/2026;27737;56;07031611861018;DELMY MARICELA PALMA VENTURA    
2026;BIRF 9067-SV;1401;7495 BIRF ;02;GESTIÓN DEL PROYECTO.;Desarrollar el modelo de calidad educativa de la primera infancia en El Salvador, para mejorar el desarrollo de los niños y niñas entre 0 y 7 años de edad.;8665;Gestionar el 100%  de los fondos del proyecto en 5 años - UIP 2026.;12296;4.2.1 - Gestionar el Proyecto;217851;SERVICIOS PROFESIONALES;54599;4.2.1.1.1.6 - Contratación de especialista técnico de seguimiento ambiental y social para la UIP.;1;11057345;0;-10017652;3271506;1103579;2520493;9577674;65/2025;03/01/2026;UACI;27/04/2026;01/05/2026;31/10/2026;28112;29;01709224600000;GERARDO ALEXIS BARRERA HERNÁNDEZ 
2026;BIRF 9067-SV;1401;7495 BIRF ;02;GESTIÓN DEL PROYECTO.;Desarrollar el modelo de calidad educativa de la primera infancia en El Salvador, para mejorar el desarrollo de los niños y niñas entre 0 y 7 años de edad.;8665;Gestionar el 100%  de los fondos del proyecto en 5 años - UIP 2026.;12296;4.2.1 - Gestionar el Proyecto;218149;SERVICIOS PROFESIONALES;54599;4.2.1.1.5.11 - Contratación de especialista de monitoreo en campo para la Unidad de Implementación del Proyecto.;1;13184356;0;-1463167;262937;3110339;4549913;638459;79/2025;01/02/2026;UACI;04/05/2026;04/05/2026;03/10/2026;28111;30;028797249     ;RENÉ FERNANDO RECINOS BENÍTEZ
2026;BIRF 9067-SV;1401;7495 BIRF ;02;GESTIÓN DEL PROYECTO.;Desarrollar el modelo de calidad educativa de la primera infancia en El Salvador, para mejorar el desarrollo de los niños y niñas entre 0 y 7 años de edad.;8665;Gestionar el 100%  de los fondos del proyecto en 5 años - UIP 2026.;12296;4.2.1 - Gestionar el Proyecto;218522;KIT DE MATERIAL DIDACTICO - CADA UNO [ CADA UNO ] ;54116;Adquisición de material educativo para la gestión del proyecto.;1;604479;0;-1605379;4784886;977852;8874291;7469231;;17/12/2026;UACI;;;;0;;              ;
2026;BIRF 9067-SV;1401;7495 BIRF ;02;GESTIÓN DEL PROYECTO.;Desarrollar el modelo de calidad educativa de la primera infancia en El Salvador, para mejorar el desarrollo de los niños y niñas entre 0 y 7 años de edad.;8665;Gestionar el 100%  de los fondos del proyecto en 5 años - UIP 2026.;12296;4.2.1 - Gestionar el Proyecto;223348;BORRADOR PARA PIZARRA BLANCA ;54114;Borrador para pizarra blanca;2;11893498;0;-4014887;5120954;5140232;6880907;8327233;;30/04/2026;NO UACI;;;;0;;              ;
2026;BIRF 9067-SV;1401;7495 BIRF ;02;GESTIÓN DEL PROYECTO.;Desarrollar el modelo de calidad educativa de la primera infancia en El Salvador, para mejorar el desarrollo de los niños y niñas entre 0 y 7 años de edad.;8665;Gestionar el 100%  de los fondos del proyecto en 5 años - UIP 2026.;12296;4.2.1 - Gestionar el Proyecto;223349;BORRADOR EN BARRA  (UNIDAD );54114;Borrador retráctil portátil con 10 repuestos.;20;9283517;0;-3210829;2217488;3414910;5732300;2998825;;30/04/2026;NO UACI;;;;0;;              ;
2026;BIRF 9067-SV;1401;7495 BIRF ;02;GESTIÓN DEL PROYECTO.;Desarrollar el modelo de calidad educativa de la primera infancia en El Salvador, para mejorar el desarrollo de los niños y niñas entre 0 y 7 años de edad.;8665;Gestionar el 100%  de los fondos del proyecto en 5 años - UIP 2026.;12296;4.2.1 - Gestionar el Proyecto;223357;SEPARADORES DE MATERIA - CADA UNO;54114;Índices separadores de plástico.;50;17298040;0;-11659857;5540176;1880563;595882;2026225;;30/04/2026;NO UACI;;;;0;;              ;
2026;BIRF 9067-SV;1401;7495 BIRF ;02;GESTIÓN DEL PROYECTO.;Desarrollar el modelo de calidad educativa de la primera infancia en El Salvador, para mejorar el desarrollo de los niños y niñas entre 0 y 7 años de edad.;8665;Gestionar el 100%  de los fondos del proyecto en 5 años - UIP 2026.;12296;4.2.1 - Gestionar el Proyecto;223358;NOTAS POST-IT - CADA UNO [ CADA UNO ] ;54114;Notas adhesivas en cubo de 500 hojas;25;4556889;0;-10719215;5618855;3428785;9952573;7024660;;30/04/2026;NO UACI;;;;0;;              ;
2026;BIRF 9067-SV;1401;7495 BIRF ;02;GESTIÓN DEL PROYECTO.;Desarrollar el modelo de calidad educativa de la primera infancia en El Salvador, para mejorar el desarrollo de los niños y niñas entre 0 y 7 años de edad.;8665;Gestionar el 100%  de los fondos del proyecto en 5 años - UIP 2026.;12296;4.2.1 - Gestionar el Proyecto;223359;PLUMONES PERMANENTE TINTA COLOR ROJO - CADA UNO ;54114;Tinta roja para plumón permanente;2;13525610;0;-7140489;5824508;2676594;590201;7218355;;30/04/2026;NO UACI;;;;0;;              ;
2026;BIRF 9067-SV;1401;7495 BIRF ;02;GESTIÓN DEL PROYECTO.;Desarrollar el modelo de calidad educativa de la primera infancia en El Salvador, para mejorar el desarrollo de los niños y niñas entre 0 y 7 años de edad.;8665;Gestionar el 100%  de los fondos del proyecto en 5 años - UIP 2026.;12296;4.2.1 - Gestionar el Proyecto;223360;ALMOHADILLA - CADA UNO [ CADA UNO ] ;54114;Almohadilla de repuesto para sello automático;10;592658;0;-2406075;426254;925034;4221594;5401357;;30/04/2026;NO UACI;;;;0;;              ;
2026;BIRF 9067-SV;1401;7495 BIRF ;02;GESTIÓN DEL PROYECTO.;Desarrollar el modelo de calidad educativa de la primera infancia en El Salvador, para mejorar el desarrollo de los niños y niñas entre 0 y 7 años de edad.;8665;Gestionar el 100%  de los fondos del proyecto en 5 años - UIP 2026.;12296;4.2.1 - Gestionar el Proyecto;223361;SOBRES DE PAPEL LINO TAMAÑO OFICIO - CADA UNO [ CADA UNO ] ;54105;Sobre bolsa en papel con broche metálico de 25 unidades;7;9974200;0;-248496;3810820;3648824;6515088;1124815;;30/04/2026;NO UACI;;;;0;;              ;
2026;BIRF 9067-SV;1401;7495 BIRF ;02;GESTIÓN DEL PROYECTO.;Desarrollar el modelo de calidad educativa de la primera infancia en El Salvador, para mejorar el desarrollo de los niños y niñas entre 0 y 7 años de edad.;8665;Gestionar el 100%  de los fondos del proyecto en 5 años - UIP 2026.;12296;4.2.1 - Gestionar el Proyecto;223362;MEMORIA USB ;54115;Dispositivo de almacenamiento portátil tipo memoria USB;20;10667741;0;-14324705;4980391;5940466;7385144;8944943;;30/04/2026;NO UACI;;;;0;;              ;
2026;BIRF 9067-SV;1401;7495 BIRF ;02;GESTIÓN DEL PROYECTO.;Desarrollar el modelo de calidad educativa de la primera infancia en El Salvador, para mejorar el desarrollo de los niños y niñas entre 0 y 7 años de edad.;8665;Gestionar el 100%  de los fondos del proyecto en 5 años - UIP 2026.;12296;4.2.1 - Gestionar el Proyecto;223363;MARCADORES - CADA UNO [ CADA UNO ] ;54114;Marcadores de texto, en tinta de color fluorescente . Pq 5 u;22;3929143;0;3528219;4514201;2333187;7220653;702368;;30/04/2026;NO UACI;;;;0;;              ;
2026;BIRF 9067-SV;1401;7495 BIRF ;02;GESTIÓN DEL PROYECTO.;Desarrollar el modelo de calidad educativa de la primera infancia en El Salvador, para mejorar el desarrollo de los niños y niñas entre 0 y 7 años de edad.;8665;Gestionar el 100%  de los fondos del proyecto en 5 años - UIP 2026.;12296;4.2.1 - Gestionar el Proyecto;223364;FASTENER;54114;Fastener plástico;30;15417790;0;-2112503;4982035;777460;7139295;6529176;;30/04/2026;NO UACI;;;;0;;              ;
2026;BIRF 9067-SV;1401;7495 BIRF ;02;GESTIÓN DEL PROYECTO.;Desarrollar el modelo de calidad educativa de la primera infancia en El Salvador, para mejorar el desarrollo de los niños y niñas entre 0 y 7 años de edad.;8665;Gestionar el 100%  de los fondos del proyecto en 5 años - UIP 2026.;12296;4.2.1 - Gestionar el Proyecto;223365;TINTA NEGRA PARA ALMOHADILLA;54114;Tinta azul para plumón permanente presentación de 30 ml ;2;9259305;0;-6691620;5348692;672479;3162461;2803590;;30/04/2026;NO UACI;;;;0;;              ;
2026;BIRF 9067-SV;1401;7495 BIRF ;02;GESTIÓN DEL PROYECTO.;Desarrollar el modelo de calidad educativa de la primera infancia en El Salvador, para mejorar el desarrollo de los niños y niñas entre 0 y 7 años de edad.;8665;Gestionar el 100%  de los fondos del proyecto en 5 años - UIP 2026.;12296;4.2.1 - Gestionar el Proyecto;223366;TINTA NEGRA PARA ALMOHADILLA;54114;Tinta azul para plumón de pizarra presentación de 30 ml.;2;17216529;0;-15862841;5739266;5877498;5830075;386423;;30/04/2026;NO UACI;;;;0;;              ;
2026;BIRF 9067-SV;1401;7495 BIRF ;02;GESTIÓN DEL PROYECTO.;Desarrollar el modelo de calidad educativa de la primera infancia en El Salvador, para mejorar el desarrollo de los niños y niñas entre 0 y 7 años de edad.;8665;Gestionar el 100%  de los fondos del proyecto en 5 años - UIP 2026.;12296;4.2.1 - Gestionar el Proyecto;223367;TINTA PARA FOLIADOR COLOR NEGRO (UNIDAD);54114;Tinta roja para plumón de pizarra presentación de 30 ml;2;9800710;0;-9621068;37635;4487655;8786268;8838989;;30/04/2026;NO UACI;;;;0;;              ;
2026;BIRF 9067-SV;1401;7495 BIRF ;02;GESTIÓN DEL PROYECTO.;Desarrollar el modelo de calidad educativa de la primera infancia en El Salvador, para mejorar el desarrollo de los niños y niñas entre 0 y 7 años de edad.;8665;Gestionar el 100%  de los fondos del proyecto en 5 años - UIP 2026.;12296;4.2.1 - Gestionar el Proyecto;223368;TINTA PARA FOLIADOR COLOR NEGRO (UNIDAD);54114;Tinta negra para plumón de pizarra presentación de 30 ml ;2;411979;0;-14411883;3716207;5662583;1523710;2205716;;30/04/2026;NO UACI;;;;0;;              ;
2026;BIRF 9067-SV;1401;7495 BIRF ;02;GESTIÓN DEL PROYECTO.;Desarrollar el modelo de calidad educativa de la primera infancia en El Salvador, para mejorar el desarrollo de los niños y niñas entre 0 y 7 años de edad.;8665;Gestionar el 100%  de los fondos del proyecto en 5 años - UIP 2026.;12296;4.2.1 - Gestionar el Proyecto;223369;ARCHIVADORES DE PALANCA, TAMAÑO CARTA ;54105;Archivador de cartón.;350;16179269;0;726115;4900287;3717638;8634113;3946718;;30/04/2026;NO UACI;;;;0;;              ;
2026;BIRF 9067-SV;1401;7495 BIRF ;02;GESTIÓN DEL PROYECTO.;Desarrollar el modelo de calidad educativa de la primera infancia en El Salvador, para mejorar el desarrollo de los niños y niñas entre 0 y 7 años de edad.;8665;Gestionar el 100%  de los fondos del proyecto en 5 años - UIP 2026.;12296;4.2.1 - Gestionar el Proyecto;223370;EXTENSION ELECTRICA ;54119;Extensión eléctrica tipo 1;3;11020512;0;2305064;4231625;1199152;7812192;7174408;;30/04/2026;NO UACI;;;;0;;              ;
2026;BIRF 9067-SV;1401;7495 BIRF ;02;GESTIÓN DEL PROYECTO.;Desarrollar el modelo de calidad educativa de la primera infancia en El Salvador, para mejorar el desarrollo de los niños y niñas entre 0 y 7 años de edad.;8665;Gestionar el 100%  de los fondos del proyecto en 5 años - UIP 2026.;12296;4.2.1 - Gestionar el Proyecto;223371;REGLETA  COMPLETAS;54119;Regleta tipo 3;7;9663893;0;-1877705;2009947;5495297;9041536;1846567;;30/04/2026;NO UACI;;;;0;;              ;
2026;BIRF 9067-SV;1401;7495 BIRF ;02;GESTIÓN DEL PROYECTO.;Desarrollar el modelo de calidad educativa de la primera infancia en El Salvador, para mejorar el desarrollo de los niños y niñas entre 0 y 7 años de edad.;8665;Gestionar el 100%  de los fondos del proyecto en 5 años - UIP 2026.;12297;4.2.2 - Apoyar a la Unidad Operativa del Proyecto.;217719;SERVICIOS PROFESIONALES;54599;4.2.2.1.7.2 - Contratación de agente de verificación en el marco del convenio con el ILP para la legalización de inmuebles de los Centros Educativos Oficiales (CEO).;1;3227712;0;-8566506;1311754;792590;8427013;2351365;38;03/01/2026;UACI;20/06/2024;01/07/2024;30/06/2026;27724;35/2024 BIRF 9067 ;003917882     ;ANA CECILIA MAYORGA MIRANDA   
2026;BIRF 9067-SV;1401;7495 BIRF ;02;GESTIÓN DEL PROYECTO.;Desarrollar el modelo de calidad educativa de la primera infancia en El Salvador, para mejorar el desarrollo de los niños y niñas entre 0 y 7 años de edad.;8665;Gestionar el 100%  de los fondos del proyecto en 5 años - UIP 2026.;12297;4.2.2 - Apoyar a la Unidad Operativa del Proyecto.;217720;SERVICIOS PROFESIONALES;54599;Contratación de especialistas para las unidades de apoyo del proyecto.;1;4954835;0;-8193913;434465;5589867;860369;8567566;;03/12/2026;UACI;;;;0;;              ;
2026;BIRF 9067-SV;1401;7495 BIRF ;02;GESTIÓN DEL PROYECTO.;Desarrollar el modelo de calidad educativa de la primera infancia en El Salvador, para mejorar el desarrollo de los niños y niñas entre 0 y 7 años de edad.;8665;Gestionar el 100%  de los fondos del proyecto en 5 años - UIP 2026.;12297;4.2.2 - Apoyar a la Unidad Operativa del Proyecto.;218131;SERVICIOS PROFESIONALES;54599;4.2.2.1.6.10 - Contratación de  administrador de contrato 1 para la Unidad de Infraestructura y Ambientes Educativos, Grupo 1.;1;16202583;0;-15738866;5842590;3323226;9717340;9070733;78;03/01/2026;UACI;15/11/2023;01/01/2026;30/06/2026;27779;52/2023-BIRF 9067 ;005455242     ;ALMA DEL CARMEN ISMARÍN ARÉVALO SEGOVIA  
2026;BIRF 9067-SV;1401;7495 BIRF ;02;GESTIÓN DEL PROYECTO.;Desarrollar el modelo de calidad educativa de la primera infancia en El Salvador, para mejorar el desarrollo de los niños y niñas entre 0 y 7 años de edad.;8665;Gestionar el 100%  de los fondos del proyecto en 5 años - UIP 2026.;12297;4.2.2 - Apoyar a la Unidad Operativa del Proyecto.;218132;SERVICIOS PROFESIONALES;54599;4.2.2.1.6.10 - Contratación de  administrador de contrato 2 para la Unidad de Infraestructura y Ambientes Educativos, Grupo 1.;1;5006073;0;-2959015;961563;626569;8199776;1313884;78;03/01/2026;UACI;15/11/2023;01/01/2026;30/06/2026;27779;53/2023 BIRF-9067 ;06141305640101;CARLOS MILTON RAMIREZ MIRANDA
2026;BIRF 9067-SV;1401;7495 BIRF ;02;GESTIÓN DEL PROYECTO.;Desarrollar el modelo de calidad educativa de la primera infancia en El Salvador, para mejorar el desarrollo de los niños y niñas entre 0 y 7 años de edad.;8665;Gestionar el 100%  de los fondos del proyecto en 5 años - UIP 2026.;12297;4.2.2 - Apoyar a la Unidad Operativa del Proyecto.;218133;SERVICIOS PROFESIONALES;54599;4.2.2.1.6.10 - Contratación de  administrador de contrato 3 para la Unidad de Infraestructura y Ambientes Educativos, Grupo 1.;1;12547740;0;-11327403;3227712;2805474;961115;8683616;78;03/01/2026;UACI;15/11/2023;01/01/2026;30/06/2026;27779;54/2023 BIRF-9067 ;02030708650010;NELSON WILLIAM CERNA COTO  
2026;BIRF 9067-SV;1401;7495 BIRF ;02;GESTIÓN DEL PROYECTO.;Desarrollar el modelo de calidad educativa de la primera infancia en El Salvador, para mejorar el desarrollo de los niños y niñas entre 0 y 7 años de edad.;8665;Gestionar el 100%  de los fondos del proyecto en 5 años - UIP 2026.;12297;4.2.2 - Apoyar a la Unidad Operativa del Proyecto.;218134;SERVICIOS PROFESIONALES;54599;4.2.2.1.6.13 - Contratación de administradores de contrato 1 para la Unidad de Infraestructura y Ambientes Educativos, Grupo 2. ;1;14630446;0;-8735161;3879344;3291984;8900419;7534609;66;03/01/2026;UACI;30/08/2024;01/01/2026;30/06/2026;27757;60/2024;06161312681019;RICARDO ERNESTO ALVARADO MELÉNDEZ 
2026;BIRF 9067-SV;1401;7495 BIRF ;02;GESTIÓN DEL PROYECTO.;Desarrollar el modelo de calidad educativa de la primera infancia en El Salvador, para mejorar el desarrollo de los niños y niñas entre 0 y 7 años de edad.;8665;Gestionar el 100%  de los fondos del proyecto en 5 años - UIP 2026.;12297;4.2.2 - Apoyar a la Unidad Operativa del Proyecto.;218135;SERVICIOS PROFESIONALES;54599;4.2.2.1.6.14 - Contratación de  administrador de contrato 2 para la Unidad de Infraestructura y Ambientes Educativos, Grupo 2. ;1;13122633;0;-16503604;213374;552280;4220986;5855388;66;03/01/2026;UACI;12/09/2024;01/01/2026;30/06/2026;27757;63/2024;008570538     ;JOSÉ GUILLERMO ALARCÓN LAGUÁN 
2026;BIRF 9067-SV;1401;7495 BIRF ;02;GESTIÓN DEL PROYECTO.;Desarrollar el modelo de calidad educativa de la primera infancia en El Salvador, para mejorar el desarrollo de los niños y niñas entre 0 y 7 años de edad.;8665;Gestionar el 100%  de los fondos del proyecto en 5 años - UIP 2026.;12297;4.2.2 - Apoyar a la Unidad Operativa del Proyecto.;218136;SERVICIOS PROFESIONALES;54599;4.2.2.1.6.15 - Contratación de  administrador de contrato  3 para la Unidad de Infraestructura y Ambientes Educativos, Grupo 2. ;1;7914185;0;-10798269;1955029;612177;3844205;6609179;66;03/01/2026;UACI;12/09/2024;01/01/2026;30/06/2026;27757;62/2024;06142604821313;NANCY PATRICIA ALVARADO DE CALLE
2026;BIRF 9067-SV;1401;7495 BIRF ;02;GESTIÓN DEL PROYECTO.;Desarrollar el modelo de calidad educativa de la primera infancia en El Salvador, para mejorar el desarrollo de los niños y niñas entre 0 y 7 años de edad.;8665;Gestionar el 100%  de los fondos del proyecto en 5 años - UIP 2026.;12297;4.2.2 - Apoyar a la Unidad Operativa del Proyecto.;218137;SERVICIOS PROFESIONALES;54599;4.2.2.1.6.16 - Contratación de  administrador de contrato 1 para la Unidad de Infraestructura y Ambientes Educativos, Grupo 3.;1;6668481;0;-16314792;5708050;5531644;9628509;6993319;67;03/01/2026;UACI;23/12/2024;01/01/2026;30/06/2026;27759;03/2025;018145872     ;NERY ERNESTO HERRERA MORENO   
2026;BIRF 9067-SV;1401;7495 BIRF ;02;GESTIÓN DEL PROYECTO.;Desarrollar el modelo de calidad educativa de la primera infancia en El Salvador, para mejorar el desarrollo de los niños y niñas entre 0 y 7 años de edad.;8665;Gestionar el 100%  de los fondos del proyecto en 5 años - UIP 2026.;12297;4.2.2 - Apoyar a la Unidad Operativa del Proyecto.;218138;SERVICIOS PROFESIONALES;54599;4.2.2.1.6.17 - Contratación de administrador de contrato 2 para la Unidad de Infraestructura y Ambientes Educativos, Grupo 3.;1;10519299;0;3001127;3350971;2769866;173283;8325300;67;03/01/2026;UACI;23/12/2024;01/01/2026;30/06/2026;27759;01/2025;026303426     ;CLAUDIA IVETTE RIVERA DE GUTIÉRREZ  
2026;BIRF 9067-SV;1401;7495 BIRF ;02;GESTIÓN DEL PROYECTO.;Desarrollar el modelo de calidad educativa de la primera infancia en El Salvador, para mejorar el desarrollo de los niños y niñas entre 0 y 7 años de edad.;8665;Gestionar el 100%  de los fondos del proyecto en 5 años - UIP 2026.;12297;4.2.2 - Apoyar a la Unidad Operativa del Proyecto.;218139;SERVICIOS PROFESIONALES;54599;4.2.2.1.6.18 - Contratación de  administrador de contrato 3 para la Unidad de Infraestructura y Ambientes Educativos, Grupo 3.;1;9142455;0;-153752;1643877;3548542;8439126;2658851;67;03/01/2026;UACI;23/12/2024;01/01/2026;30/06/2026;27759;02/2025;06142212610030;EDUARDO ANTONIO DÍAZ SANTAMARÍA 
2026;BIRF 9067-SV;1401;7495 BIRF ;02;GESTIÓN DEL PROYECTO.;Desarrollar el modelo de calidad educativa de la primera infancia en El Salvador, para mejorar el desarrollo de los niños y niñas entre 0 y 7 años de edad.;8665;Gestionar el 100%  de los fondos del proyecto en 5 años - UIP 2026.;12297;4.2.2 - Apoyar a la Unidad Operativa del Proyecto.;218140;SERVICIOS PROFESIONALES;54599;4.2.2.1.6.19 - Contratación de especialista Ambiental y Social para la Unidad de Infraestructura y Ambientes Educativos.;1;8446211;0;-1674569;1218928;1794207;5473730;8725728;;03/01/2026;UACI;;;;0;;              ;
2026;BIRF 9067-SV;1401;7495 BIRF ;02;GESTIÓN DEL PROYECTO.;Desarrollar el modelo de calidad educativa de la primera infancia en El Salvador, para mejorar el desarrollo de los niños y niñas entre 0 y 7 años de edad.;8665;Gestionar el 100%  de los fondos del proyecto en 5 años - UIP 2026.;12297;4.2.2 - Apoyar a la Unidad Operativa del Proyecto.;218141;SERVICIOS PROFESIONALES;54599;4.2.2.1.6.20 - Servicios profesionales de un especialista en gestión ambiental para los proyectos de inversión de infraestructura, para la Unidad de Infraestructura y Ambientes Educativos;1;1546945;0;-13993119;4174537;1991096;5330622;3387234;35;03/01/2026;UACI;29/02/2024;04/03/2024;30/06/2026;27721;14/2024 BIRF 9067;11231106701010;JOSÉ ROBERTO RIVERA MUÑOZ     
2026;BIRF 9067-SV;1401;7495 BIRF ;02;GESTIÓN DEL PROYECTO.;Desarrollar el modelo de calidad educativa de la primera infancia en El Salvador, para mejorar el desarrollo de los niños y niñas entre 0 y 7 años de edad.;8665;Gestionar el 100%  de los fondos del proyecto en 5 años - UIP 2026.;12297;4.2.2 - Apoyar a la Unidad Operativa del Proyecto.;218142;SERVICIOS PROFESIONALES;54599;4.2.2.1.6.21 - Servicios profesionales de un especialista en gestión social para los proyectos de inversión de infraestructura, para la Unidad de Infraestructura y Ambientes Educativos;1;15341018;0;-13774225;5293943;2988217;8733233;9928978;69;03/01/2026;UACI;19/07/2024;01/01/2026;30/06/2026;27761;45/2024;017233680     ;MIRIAM MERCEDES HERNÁNDEZ HERNÁNDEZ 
2026;BIRF 9067-SV;1401;7495 BIRF ;02;GESTIÓN DEL PROYECTO.;Desarrollar el modelo de calidad educativa de la primera infancia en El Salvador, para mejorar el desarrollo de los niños y niñas entre 0 y 7 años de edad.;8665;Gestionar el 100%  de los fondos del proyecto en 5 años - UIP 2026.;12297;4.2.2 - Apoyar a la Unidad Operativa del Proyecto.;218524;SERVICIOS DE CONSULTORIA - CADA UNO [ CADA UNO ] ;54322;Procesos de consultorías para apoyo a unidades técnicas;1;1121068;0;-12460887;5484878;3576862;8192973;9690729;;17/12/2026;UACI;;;;0;;              ;
2026;BIRF 9067-SV;1401;7495 BIRF ;02;GESTIÓN DEL PROYECTO.;Desarrollar el modelo de calidad educativa de la primera infancia en El Salvador, para mejorar el desarrollo de los niños y niñas entre 0 y 7 años de edad.;8665;Gestionar el 100%  de los fondos del proyecto en 5 años - UIP 2026.;12305;4.2.3 - Fortalecer las habilidades del equipo técnico para la gestión del proyecto.;217745;SERVICIOS DE CAPACITACION - CADA UNO [ CADA UNO ] ;54320;4.2.3.1.1.1 - Formaciones y capacitaciones en gestión de proyectos.;1;12055055;0;-3140700;4384694;1574687;7142993;9520827;;03/01/2026;UACI;;;;0;;              ;
2026;BIRF 9067-SV;1401;7495 BIRF ;02;GESTIÓN DEL PROYECTO.;Desarrollar el modelo de calidad educativa de la primera infancia en El Salvador, para mejorar el desarrollo de los niños y niñas entre 0 y 7 años de edad.;8665;Gestionar el 100%  de los fondos del proyecto en 5 años - UIP 2026.;12305;4.2.3 - Fortalecer las habilidades del equipo técnico para la gestión del proyecto.;217746;SERVICIOS DE CAPACITACION - CADA UNO [ CADA UNO ] ;54320;4.2.3.1.1.2 - Capacitación en MS Project.;1;12656651;0;177814;5183191;2420696;8426670;6751305;;03/01/2026;UACI;;;;0;;              ;
2026;BIRF 9067-SV;1401;7495 BIRF ;02;GESTIÓN DEL PROYECTO.;Desarrollar el modelo de calidad educativa de la primera infancia en El Salvador, para mejorar el desarrollo de los niños y niñas entre 0 y 7 años de edad.;8665;Gestionar el 100%  de los fondos del proyecto en 5 años - UIP 2026.;12305;4.2.3 - Fortalecer las habilidades del equipo técnico para la gestión del proyecto.;223311;VIATICOS POR COMISION AL EXTERIOR;54404;Pago de hospedaje de 3 habitaciones para asistir a capacitación regional de Banco Mundial;3;8133140;0;-14529272;5339888;1297426;932936;4607457;;06/05/2026;NO UACI;;;;0;;              ;
2026;BIRF 9067-SV;1401;7495 BIRF ;02;GESTIÓN DEL PROYECTO.;Desarrollar el modelo de calidad educativa de la primera infancia en El Salvador, para mejorar el desarrollo de los niños y niñas entre 0 y 7 años de edad.;8665;Gestionar el 100%  de los fondos del proyecto en 5 años - UIP 2026.;12305;4.2.3 - Fortalecer las habilidades del equipo técnico para la gestión del proyecto.;223312;BOLETOS AEREOS -PANAMA -SANTO DOMINGO -PANAMA;54402;Pago correspondiente a 3 boletos aéreos para asistir a capacitación Banco mundial Panamá ;3;16509045;0;1633231;2808033;5419265;7400732;5586022;;06/05/2026;NO UACI;;;;0;;              ;
2026;BIRF 9067-SV;1401;7495 BIRF ;02;GESTIÓN DEL PROYECTO.;Desarrollar el modelo de calidad educativa de la primera infancia en El Salvador, para mejorar el desarrollo de los niños y niñas entre 0 y 7 años de edad.;8665;Gestionar el 100%  de los fondos del proyecto en 5 años - UIP 2026.;12305;4.2.3 - Fortalecer las habilidades del equipo técnico para la gestión del proyecto.;223396;REFRIGERIO;54310;Servicio de alimentación para 100 personas para visita a centro educativo en el marco de la misión de supervisión del Banco Mundial. ;100;1429245;0;3775023;984361;1506506;8532827;3357165;;29/05/2026;NO UACI;;;;0;;              ;
2026;BIRF 9067-SV;1401;7495 BIRF ;02;GESTIÓN DEL PROYECTO.;Desarrollar el modelo de calidad educativa de la primera infancia en El Salvador, para mejorar el desarrollo de los niños y niñas entre 0 y 7 años de edad.;8665;Gestionar el 100%  de los fondos del proyecto en 5 años - UIP 2026.;12305;4.2.3 - Fortalecer las habilidades del equipo técnico para la gestión del proyecto.;223397;ALMUERZOS - CADA UNO [ CADA UNO ] ;54310;Almuerzos para participantes en evento de la entrega técnica  del nuevo currículo de primera infancia. ;6750;17406907;0;-2055673;3049266;3995195;4370876;8722608;;29/05/2026;NO UACI;;;;0;;              ;
2026;BIRF 9067-SV;1401;7495 BIRF ;02;GESTIÓN DEL PROYECTO.;Desarrollar el modelo de calidad educativa de la primera infancia en El Salvador, para mejorar el desarrollo de los niños y niñas entre 0 y 7 años de edad.;8665;Gestionar el 100%  de los fondos del proyecto en 5 años - UIP 2026.;12305;4.2.3 - Fortalecer las habilidades del equipo técnico para la gestión del proyecto.;223398;ARTICULOS PROMOCIONALES - CADA UNO [ CADA UNO ] ;54199;Rótulos varios para estaciones MINED. Vinil blanco pegado sobre PVC de 5 MM.;8;14140989;0;-5562356;5753894;3080281;2333288;2012761;;31/05/2026;NO UACI;;;;0;;              ;
2026;BIRF 9067-SV;1401;7495 BIRF ;02;GESTIÓN DEL PROYECTO.;Desarrollar el modelo de calidad educativa de la primera infancia en El Salvador, para mejorar el desarrollo de los niños y niñas entre 0 y 7 años de edad.;8665;Gestionar el 100%  de los fondos del proyecto en 5 años - UIP 2026.;12305;4.2.3 - Fortalecer las habilidades del equipo técnico para la gestión del proyecto.;223399;IMPRESIONES Y PUBLICACIONES - CADA UNO [ CADA UNO ] ;54313;"Portadas para portafolio de material educativo. Tamaño 8.5x11"", material foldcote.";28;4324521;0;-2318020;3602510;5842695;2720137;928068;;31/05/2026;NO UACI;;;;0;;              ;
2026;BIRF 9067-SV;1401;7495 BIRF ;02;GESTIÓN DEL PROYECTO.;Desarrollar el modelo de calidad educativa de la primera infancia en El Salvador, para mejorar el desarrollo de los niños y niñas entre 0 y 7 años de edad.;8665;Gestionar el 100%  de los fondos del proyecto en 5 años - UIP 2026.;12305;4.2.3 - Fortalecer las habilidades del equipo técnico para la gestión del proyecto.;223400;IMPRESIONES Y PUBLICACIONES - CADA UNO [ CADA UNO ] ;54313;Impresión de dummy de materiales lúdicos. 1 juego de lotería Náhuat.;1;7103350;0;-11538927;957126;971228;2560578;1859414;;31/05/2026;NO UACI;;;;0;;              ;
2026;BIRF 9067-SV;1401;7495 BIRF ;02;GESTIÓN DEL PROYECTO.;Desarrollar el modelo de calidad educativa de la primera infancia en El Salvador, para mejorar el desarrollo de los niños y niñas entre 0 y 7 años de edad.;8665;Gestionar el 100%  de los fondos del proyecto en 5 años - UIP 2026.;12305;4.2.3 - Fortalecer las habilidades del equipo técnico para la gestión del proyecto.;223507;TRANSPORTE DE PERSONAL ;54401;"Reprogramación necesaria para pago de servicios de transporte en el marco de la Misión de Supervisión del Banco Mundial a CE Católico de Panchimalco en fecha 17 de marzo.
";1;11277962;0;-11314785;246687;3207192;1030617;1198134;;17/03/2026;NO UACI;;;;0;;              ;
2026;BIRF 9067-SV;1401;7495 BIRF ;02;GESTIÓN DEL PROYECTO.;Desarrollar el modelo de calidad educativa de la primera infancia en El Salvador, para mejorar el desarrollo de los niños y niñas entre 0 y 7 años de edad.;8665;Gestionar el 100%  de los fondos del proyecto en 5 años - UIP 2026.;12306;4.2.5 - Evaluar y auditar el proyecto - UIP 2026.;217751;SERVICIOS DE CONTABILIDAD Y AUDITORIA - CADA UNO [ CADA UNO ] ;54321;"4.2.5.2.3 - Auditoría financiera externa (ejercicio 2025)  del proyecto ""Crecer y aprender juntos: desarrollo integral de la primera infancia en El Salvador"" financiamientos Banco Mundial no. 9067-SV y Acuerdo de Subvención TFOB9765-ES de AME. ";1;3348905;0;-11471635;3024367;2156958;6369916;1088720;04;03/03/2026;UACI;23/07/2026;23/07/2026;21/09/2026;28193;37/2026 BIRF-AME;06141212780014;PRICEWATERHOUSECOOPERS DE RESPONSABILIDAD LIMITADA DE CAPITAL VARIABLE
2026;BIRF 9067-SV;1401;7495 BIRF ;02;GESTIÓN DEL PROYECTO.;Desarrollar el modelo de calidad educativa de la primera infancia en El Salvador, para mejorar el desarrollo de los niños y niñas entre 0 y 7 años de edad.;8666;114 proyectos de infraestructura para centros oficiales de ECPI finalizados en el marco del Proyecto - UIP 2026.;12298;4.2.1 - Gestionar el Proyecto;217721;SERVICIOS PROFESIONALES;54599;4.2.1.1.4.3 - Contratación de técnico con especialidad en gestión ambiental para la implementación de los instrumentos y herramientas en el marco del proyecto.;1;10371240;0;-15037824;1119266;4660725;1724313;7289791;55;03/01/2026;UACI;30/07/2025;01/01/2026;30/06/2026;27752;92;06140312931182;ELIZABETH MONSERRATH COTO HERNÁNDEZ
2026;BIRF 9067-SV;1401;7495 BIRF ;02;GESTIÓN DEL PROYECTO.;Desarrollar el modelo de calidad educativa de la primera infancia en El Salvador, para mejorar el desarrollo de los niños y niñas entre 0 y 7 años de edad.;8666;114 proyectos de infraestructura para centros oficiales de ECPI finalizados en el marco del Proyecto - UIP 2026.;12298;4.2.1 - Gestionar el Proyecto;217722;SERVICIOS PROFESIONALES;54599;4.2.1.1.4.2 -  Contratación de especialista del área de seguimiento de proyectos de infraestructura para la UIP.;1;15036762;0;-6221273;3414991;3610627;2120397;644371;29;03/01/2026;UACI;31/10/2022;01/01/2026;30/06/2026;27717;15-2022 BIRF 7495;020430869     ;ELIZABETH  DE JESUS CASTELLON DE IRAHETA
2026;BIRF 9067-SV;1401;7495 BIRF ;02;GESTIÓN DEL PROYECTO.;Desarrollar el modelo de calidad educativa de la primera infancia en El Salvador, para mejorar el desarrollo de los niños y niñas entre 0 y 7 años de edad.;8666;114 proyectos de infraestructura para centros oficiales de ECPI finalizados en el marco del Proyecto - UIP 2026.;12298;4.2.1 - Gestionar el Proyecto;217723;SERVICIOS PROFESIONALES;54599;4.2.1.1.5.6 - Contratación de especialista técnico 3 del área de estándares ambientales.;1;3663481;0;-4568540;787568;2775157;3034779;4763114;68;03/01/2026;UACI;15/12/2023;01/01/2026;30/06/2026;27760;65/2023;005155169     ;VLADLEN  ERNESTO  HENRÍQUEZ  CISNEROS
2026;BIRF 9067-SV;1401;7495 BIRF ;02;GESTIÓN DEL PROYECTO.;Desarrollar el modelo de calidad educativa de la primera infancia en El Salvador, para mejorar el desarrollo de los niños y niñas entre 0 y 7 años de edad.;8666;114 proyectos de infraestructura para centros oficiales de ECPI finalizados en el marco del Proyecto - UIP 2026.;12298;4.2.1 - Gestionar el Proyecto;217724;SERVICIOS PROFESIONALES;54599;4.2.1.1.5.7 - Contratación de especialista técnico 1 del área de estándares sociales.;1;4328297;0;-10463736;4333247;3175486;4316804;6597505;34;03/01/2026;UACI;15/12/2023;03/01/2024;30/06/2026;27720;63;08090502801013;WALTER ALEXANDER PÉREZ CRUZ
2026;BIRF 9067-SV;1401;7495 BIRF ;02;GESTIÓN DEL PROYECTO.;Desarrollar el modelo de calidad educativa de la primera infancia en El Salvador, para mejorar el desarrollo de los niños y niñas entre 0 y 7 años de edad.;8666;114 proyectos de infraestructura para centros oficiales de ECPI finalizados en el marco del Proyecto - UIP 2026.;12298;4.2.1 - Gestionar el Proyecto;217725;SERVICIOS PROFESIONALES;54599;4.2.1.1.5.8 - Contratación de especialista técnico 2 del área de estándares sociales (segunda contratación).;1;13125464;0;-1908004;1111827;262088;9992831;4054604;;03/01/2026;UACI;;;;0;;              ;
2026;BIRF 9067-SV;1401;7495 BIRF ;02;GESTIÓN DEL PROYECTO.;Desarrollar el modelo de calidad educativa de la primera infancia en El Salvador, para mejorar el desarrollo de los niños y niñas entre 0 y 7 años de edad.;8666;114 proyectos de infraestructura para centros oficiales de ECPI finalizados en el marco del Proyecto - UIP 2026.;12298;4.2.1 - Gestionar el Proyecto;217726;SERVICIOS PROFESIONALES;54599;4.2.1.1.5.9 - Contratación de especialista técnico 3 del área de estándares sociales.;1;12821747;0;-1848258;1266313;4524252;5623520;162708;34;03/01/2026;UACI;15/12/2023;03/01/2024;30/06/2026;27720;61;017171210     ;CÉSAR HERNÁN VILLAFUERTE PADILLA
2026;BIRF 9067-SV;1401;7495 BIRF ;02;GESTIÓN DEL PROYECTO.;Desarrollar el modelo de calidad educativa de la primera infancia en El Salvador, para mejorar el desarrollo de los niños y niñas entre 0 y 7 años de edad.;8666;114 proyectos de infraestructura para centros oficiales de ECPI finalizados en el marco del Proyecto - UIP 2026.;12298;4.2.1 - Gestionar el Proyecto;218158;SERVICIOS PROFESIONALES;54599;4.2.1.1.5.4 - Contratación de especialista técnico 1 del área de estándares ambiental.;1;6000604;0;-2019731;3871450;4278064;5352989;490927;68;01/01/2026;UACI;14/12/2023;01/01/2026;30/06/2026;27760;64/2023;031968469     ; PATRICIA  MARIBEL  GODÍNEZ  DE VIVAS   
2026;BIRF 9067-SV;1401;7495 BIRF ;02;GESTIÓN DEL PROYECTO.;Desarrollar el modelo de calidad educativa de la primera infancia en El Salvador, para mejorar el desarrollo de los niños y niñas entre 0 y 7 años de edad.;8666;114 proyectos de infraestructura para centros oficiales de ECPI finalizados en el marco del Proyecto - UIP 2026.;12299;4.2.2 - Apoyar a la Unidad Operativa del Proyecto.;217731;SERVICIOS PROFESIONALES;54599;4.2.2.1.6.1 - Contratación de coordinador técnico para la Unidad Implementadora de Proyecto.;1;4243344;0;-12402618;3926636;1962619;5361579;1365068;28;03/01/2026;UACI;28/04/2023;01/01/2026;30/06/2026;27715;02-2023 BIRF 7495;032868913     ;DANIEL JACINTO REYES AGUILAR 
2026;BIRF 9067-SV;1401;7495 BIRF ;02;GESTIÓN DEL PROYECTO.;Desarrollar el modelo de calidad educativa de la primera infancia en El Salvador, para mejorar el desarrollo de los niños y niñas entre 0 y 7 años de edad.;8666;114 proyectos de infraestructura para centros oficiales de ECPI finalizados en el marco del Proyecto - UIP 2026.;12300;4.2.4 - Fortalecer con equipo informático, mobiliario, vehículos y licencias de software a las unidades ejecutoras del proyecto.;217732;MOBILIARIO - CADA UNO [ CADA UNO ];61110;4.2.4.1.4.6 - Adquisición de mobiliario para el personal del Proyecto;1;14815203;0;-15689891;2113399;4932449;1035906;3402012;;20/06/2026;UACI;;;;0;;              ;
2026;BIRF 9067-SV;1401;7495 BIRF ;02;GESTIÓN DEL PROYECTO.;Desarrollar el modelo de calidad educativa de la primera infancia en El Salvador, para mejorar el desarrollo de los niños y niñas entre 0 y 7 años de edad.;8666;114 proyectos de infraestructura para centros oficiales de ECPI finalizados en el marco del Proyecto - UIP 2026.;12300;4.2.4 - Fortalecer con equipo informático, mobiliario, vehículos y licencias de software a las unidades ejecutoras del proyecto.;217733;LICENCIAS DE SOFTWARE - CADA UNO [ CADA UNO ] ;61403;4.2.4.1.2.1 - Compra de Licencias de Project perpetuas para unidades del MINEDUCYT involucradas en la gestión  del proyecto.;1;1059622;0;-14092635;4746007;744738;646751;5523563;;30/06/2026;UACI;;;;0;;              ;
2026;BIRF 9067-SV;1401;7495 BIRF ;02;GESTIÓN DEL PROYECTO.;Desarrollar el modelo de calidad educativa de la primera infancia en El Salvador, para mejorar el desarrollo de los niños y niñas entre 0 y 7 años de edad.;8666;114 proyectos de infraestructura para centros oficiales de ECPI finalizados en el marco del Proyecto - UIP 2026.;12300;4.2.4 - Fortalecer con equipo informático, mobiliario, vehículos y licencias de software a las unidades ejecutoras del proyecto.;223478;1-LAPTOPS ;61104;4.2.4.1.1.9 Adquisición de bienes informáticos para la UIP- Laptop de Alta Gama (16)  ;16;16761586;0;-6835461;591187;2969756;7795412;9389102;;30/11/2026;UACI ORGANIZACIONAL;;;;0;;              ;
2026;BIRF 9067-SV;1401;7495 BIRF ;02;GESTIÓN DEL PROYECTO.;Desarrollar el modelo de calidad educativa de la primera infancia en El Salvador, para mejorar el desarrollo de los niños y niñas entre 0 y 7 años de edad.;8666;114 proyectos de infraestructura para centros oficiales de ECPI finalizados en el marco del Proyecto - UIP 2026.;12300;4.2.4 - Fortalecer con equipo informático, mobiliario, vehículos y licencias de software a las unidades ejecutoras del proyecto.;223479;PANTALLAS SMART TV;61110;4.2.4.1.1.9 Adquisición de bienes informáticos para la UIP-Pantallas Smart 3;3;10380251;0;-10890509;1133262;3722433;3752812;8282744;;30/11/2026;UACI ORGANIZACIONAL;;;;0;;              ;
2026;BIRF 9067-SV;1401;7495 BIRF ;02;GESTIÓN DEL PROYECTO.;Desarrollar el modelo de calidad educativa de la primera infancia en El Salvador, para mejorar el desarrollo de los niños y niñas entre 0 y 7 años de edad.;8666;114 proyectos de infraestructura para centros oficiales de ECPI finalizados en el marco del Proyecto - UIP 2026.;12300;4.2.4 - Fortalecer con equipo informático, mobiliario, vehículos y licencias de software a las unidades ejecutoras del proyecto.;223480;12-UPS;61104;4.2.4.1.1.9 Adquisición de bienes informáticos para la UIP - Regulador de Voltaje UPS (20);20;96490;0;-15250242;1184505;4946002;1700462;6605116;;30/11/2026;UACI ORGANIZACIONAL;;;;0;;              ;
2026;BIRF 9067-SV;1401;7495 BIRF ;02;GESTIÓN DEL PROYECTO.;Desarrollar el modelo de calidad educativa de la primera infancia en El Salvador, para mejorar el desarrollo de los niños y niñas entre 0 y 7 años de edad.;8666;114 proyectos de infraestructura para centros oficiales de ECPI finalizados en el marco del Proyecto - UIP 2026.;12300;4.2.4 - Fortalecer con equipo informático, mobiliario, vehículos y licencias de software a las unidades ejecutoras del proyecto.;223483;"27-MONITOR 21"" HDMI";61104;"4.2.4.1.1.9 Adquisición de bienes informáticos para la UIP - Monitores de 27"" (13) ";13;6247725;0;1730537;745219;1926521;3803476;1918165;;30/11/2026;UACI ORGANIZACIONAL;;;;0;;              ;
2026;BIRF 9067-SV;1401;7495 BIRF ;02;GESTIÓN DEL PROYECTO.;Desarrollar el modelo de calidad educativa de la primera infancia en El Salvador, para mejorar el desarrollo de los niños y niñas entre 0 y 7 años de edad.;8666;114 proyectos de infraestructura para centros oficiales de ECPI finalizados en el marco del Proyecto - UIP 2026.;12300;4.2.4 - Fortalecer con equipo informático, mobiliario, vehículos y licencias de software a las unidades ejecutoras del proyecto.;223625;MOBILIARIO - CADA UNO [ CADA UNO ] ;61110;4.2.4.1.4.6 - Adquisición de mobiliario para el personal del proyecto (Lote 9 ítem 1: Estación de trabajo tipo v para 6 personas). ;1;10726768;0;-5072612;4514614;322851;3616322;2109640;;30/11/2026;UACI;;;;0;;              ;
2026;BIRF 9067-SV;1401;7495 BIRF ;02;GESTIÓN DEL PROYECTO.;Desarrollar el modelo de calidad educativa de la primera infancia en El Salvador, para mejorar el desarrollo de los niños y niñas entre 0 y 7 años de edad.;8666;114 proyectos de infraestructura para centros oficiales de ECPI finalizados en el marco del Proyecto - UIP 2026.;12300;4.2.4 - Fortalecer con equipo informático, mobiliario, vehículos y licencias de software a las unidades ejecutoras del proyecto.;223626;MOBILIARIO - CADA UNO [ CADA UNO ] ;61110;4.2.4.1.4.6 Adquisición de mobiliario para el personal del proyecto (Lote 10 Ítem 1: Silla ejecutiva tipo 2). ;86;14271400;0;-9282710;719952;811381;3989923;5039881;;30/11/2026;UACI;;;;0;;              ;
2026;BIRF 9067-SV;1401;7495 BIRF ;02;GESTIÓN DEL PROYECTO.;Desarrollar el modelo de calidad educativa de la primera infancia en El Salvador, para mejorar el desarrollo de los niños y niñas entre 0 y 7 años de edad.;8668;Gestionar el 100%  de los fondos del proyecto en 5 años - DCP 2026.;12301;4.2.1 - Gestionar el Proyecto - DCP 2026.;217734;SERVICIOS PROFESIONALES;54599;"4.2.1.1.2.3 - Coordinador/a de adquisiciones para apoyar a la Dirección de Compras Públicas para el proyecto: ""Crecer y Aprender Juntos: Desarrollo Integral de la Primera Infancia en El Salvador"".";1;2221032;0;2043031;955060;3616241;8263350;8700438;86;03/01/2026;UACI;24/10/2025;01/01/2026;30/06/2026;27812;137/2025;05021308741023;CAROL IVETTE ESTRADA RODEZNO
2026;BIRF 9067-SV;1401;7495 BIRF ;02;GESTIÓN DEL PROYECTO.;Desarrollar el modelo de calidad educativa de la primera infancia en El Salvador, para mejorar el desarrollo de los niños y niñas entre 0 y 7 años de edad.;8668;Gestionar el 100%  de los fondos del proyecto en 5 años - DCP 2026.;12302;4.2.2 - Apoyar a la Unidad Operativa del Proyecto - DCP 2026.;217735;SERVICIOS PROFESIONALES;54599;4.2.2.1.8.1 - Contratación de consultoría individual para 3er especialista de adquisiciones para apoyar los procesos de adquisición y contratación de obras, bienes, servicios de no consultoría y consultorías , con fondos-BIRF. ;1;8407142;0;-6246648;4143896;321665;3674820;9578190;12/2023;03/01/2026;UACI;06/10/2023;01/01/2026;30/06/2026;27644;28;004510439     ;BLANCA HILDA GUARDADO DE BENAVIDES
2026;BIRF 9067-SV;1401;7495 BIRF ;02;GESTIÓN DEL PROYECTO.;Desarrollar el modelo de calidad educativa de la primera infancia en El Salvador, para mejorar el desarrollo de los niños y niñas entre 0 y 7 años de edad.;8668;Gestionar el 100%  de los fondos del proyecto en 5 años - DCP 2026.;12302;4.2.2 - Apoyar a la Unidad Operativa del Proyecto - DCP 2026.;217736;SERVICIOS PROFESIONALES;54599;4.2.2.1.8.3 - Contratación de consultoría individual para 4to especialista de adquisiciones para apoyar los procesos de adquisición y contratación de obras, bienes, servicios de no consultoría y consultorías , con fondos BIRF. ;1;2147152;0;-8141374;766987;5515853;6618663;814342;12/2023;03/01/2026;UACI;06/10/2023;01/01/2026;30/06/2026;27644;26;015010688     ;CARLOS RAFAEL CASTELLANOS MENÉNDEZ
2026;BIRF 9067-SV;1401;7495 BIRF ;02;GESTIÓN DEL PROYECTO.;Desarrollar el modelo de calidad educativa de la primera infancia en El Salvador, para mejorar el desarrollo de los niños y niñas entre 0 y 7 años de edad.;8668;Gestionar el 100%  de los fondos del proyecto en 5 años - DCP 2026.;12302;4.2.2 - Apoyar a la Unidad Operativa del Proyecto - DCP 2026.;217737;SERVICIOS PROFESIONALES;54599;4.2.2.1.8.6 - Contratación de consultoría individual para especialista No. 1 de adquisiciones para apoyar los procesos de adquisición y contratación de obras, bienes, servicios de no consultoría y consultorías.;1;2539087;0;-15691374;5771711;5602442;5356662;7045080;8;03/01/2026;UACI;31/05/2024;03/06/2024;30/06/2026;27655;MINEDUCYT 31/2024 ;001072115     ;MAYRA VIOLETA MELARA CABRERA /CP POR MAYRA VIOLETA CABRERA MELARA
2026;BIRF 9067-SV;1401;7495 BIRF ;02;GESTIÓN DEL PROYECTO.;Desarrollar el modelo de calidad educativa de la primera infancia en El Salvador, para mejorar el desarrollo de los niños y niñas entre 0 y 7 años de edad.;8668;Gestionar el 100%  de los fondos del proyecto en 5 años - DCP 2026.;12302;4.2.2 - Apoyar a la Unidad Operativa del Proyecto - DCP 2026.;217738;SERVICIOS PROFESIONALES;54599;"4.2.1.1.2.3 - Coordinador/a de adquisiciones para apoyar a la Dirección de Compras Públicas para el proyecto: ""Crecer y Aprender Juntos: Desarrollo Integral de la Primera Infancia en El Salvador"". - 2";1;14318835;0;-10786599;4681363;3181224;5598932;450928;93;03/01/2026;UACI;03/02/2026;03/02/2026;30/06/2026;27856;9;000664147     ;CAROLINA ASTRID ORTIZ JIMÉNEZ 
2026;BIRF 9067-SV;1401;7495 BIRF ;02;GESTIÓN DEL PROYECTO.;Desarrollar el modelo de calidad educativa de la primera infancia en El Salvador, para mejorar el desarrollo de los niños y niñas entre 0 y 7 años de edad.;8668;Gestionar el 100%  de los fondos del proyecto en 5 años - DCP 2026.;12302;4.2.2 - Apoyar a la Unidad Operativa del Proyecto - DCP 2026.;217739;SERVICIOS PROFESIONALES;54599;4.2.2.1.8.10 - Contratación de un colaborador jurídico para apoyo a las actividades de adquisiciones del proyecto ?Crecer y Aprender Juntos: Desarrollo Integral de la Primera Infancia en El Salvador;1;1145133;0;-12012632;3096308;3966378;9343479;7552416;21;03/01/2026;UACI;15/11/2024;01/01/2026;30/06/2026;27692;87;021554462     ;ZOILA DOROTEA FLORES JURADO  
2026;BIRF 9067-SV;1401;7495 BIRF ;02;GESTIÓN DEL PROYECTO.;Desarrollar el modelo de calidad educativa de la primera infancia en El Salvador, para mejorar el desarrollo de los niños y niñas entre 0 y 7 años de edad.;8668;Gestionar el 100%  de los fondos del proyecto en 5 años - DCP 2026.;12302;4.2.2 - Apoyar a la Unidad Operativa del Proyecto - DCP 2026.;217740;SERVICIOS PROFESIONALES;54599;"4.2.2.1.8.11 -Especialista junior para seguimiento de adquisiciones en el marco del proyecto ""Crecer y Aprender Juntos: Desarrollo Integral de la Primera Infancia en El Salvador"".";1;14131907;0;1880528;4081909;1294846;3062320;2652968;84;03/01/2026;UACI;15/10/2025;01/01/2026;30/06/2026;27810;133/2025;06140208941699;ELSA GUADALUPE CASTRO SALINAS 
2026;BIRF 9067-SV;1401;7495 BIRF ;02;GESTIÓN DEL PROYECTO.;Desarrollar el modelo de calidad educativa de la primera infancia en El Salvador, para mejorar el desarrollo de los niños y niñas entre 0 y 7 años de edad.;8668;Gestionar el 100%  de los fondos del proyecto en 5 años - DCP 2026.;12302;4.2.2 - Apoyar a la Unidad Operativa del Proyecto - DCP 2026.;217741;SERVICIOS PROFESIONALES;54599;4.2.2.1.8.12- Contratación de consultoría individual para un especialista de adquisiciones para apoyar los procesos de adquisición y contratación de obras, bienes, servicios y consultorías, financiados con fondos BIRF.;1;12085650;0;-15224052;2161847;3109951;2075656;8291885;;03/01/2026;UACI;;;;0;;              ;
2026;BIRF 9067-SV;1401;7495 BIRF ;02;GESTIÓN DEL PROYECTO.;Desarrollar el modelo de calidad educativa de la primera infancia en El Salvador, para mejorar el desarrollo de los niños y niñas entre 0 y 7 años de edad.;8668;Gestionar el 100%  de los fondos del proyecto en 5 años - DCP 2026.;12302;4.2.2 - Apoyar a la Unidad Operativa del Proyecto - DCP 2026.;223509;ESPECIALISTA EN ADQUISICIONES Y CONTRATACIONES;54599;Contratación de especialista (1) en adquisiciones para apoyar procesos de Adquisición y Contratación de Obras, bienes, Servicios y Consultorías financiados con Fondos BIRF.;1;13819714;0;-11660799;1258176;3487215;2901966;6675724;;15/07/2026;UACI ORGANIZACIONAL;;;;0;;              ;
2026;BIRF 9067-SV;1401;7495 BIRF ;02;GESTIÓN DEL PROYECTO.;Desarrollar el modelo de calidad educativa de la primera infancia en El Salvador, para mejorar el desarrollo de los niños y niñas entre 0 y 7 años de edad.;8668;Gestionar el 100%  de los fondos del proyecto en 5 años - DCP 2026.;12302;4.2.2 - Apoyar a la Unidad Operativa del Proyecto - DCP 2026.;223510;ESPECIALISTA EN ADQUISICIONES Y CONTRATACIONES;54599;Contratación de especialista (2) en adquisiciones para apoyar procesos de Adquisición y Contratación de Obras, bienes, Servicios y Consultorías financiados con Fondos BIRF.;1;9037184;0;-11552343;1990162;4514365;5903163;867143;;15/07/2026;UACI ORGANIZACIONAL;;;;0;;              ;
2026;BIRF 9067-SV;1401;7495 BIRF ;02;GESTIÓN DEL PROYECTO.;Desarrollar el modelo de calidad educativa de la primera infancia en El Salvador, para mejorar el desarrollo de los niños y niñas entre 0 y 7 años de edad.;8668;Gestionar el 100%  de los fondos del proyecto en 5 años - DCP 2026.;12302;4.2.2 - Apoyar a la Unidad Operativa del Proyecto - DCP 2026.;223511;ESPECIALISTA EN ADQUISICIONES Y CONTRATACIONES;54599;Contratación de especialista (3) en adquisiciones para apoyar procesos de Adquisición y Contratación de Obras, bienes, Servicios y Consultorías financiados con Fondos BIRF.;1;11987947;0;-1897256;4025651;3781715;1631587;26925;;15/07/2026;UACI ORGANIZACIONAL;;;;0;;              ;
2026;BIRF 9067-SV;1401;7495 BIRF ;02;GESTIÓN DEL PROYECTO.;Desarrollar el modelo de calidad educativa de la primera infancia en El Salvador, para mejorar el desarrollo de los niños y niñas entre 0 y 7 años de edad.;8668;Gestionar el 100%  de los fondos del proyecto en 5 años - DCP 2026.;12302;4.2.2 - Apoyar a la Unidad Operativa del Proyecto - DCP 2026.;223512;ESPECIALISTA EN ADQUISICIONES Y CONTRATACIONES;54599;Contratación de especialista (4) en adquisiciones para apoyar procesos de Adquisición y Contratación de Obras, bienes, Servicios y Consultorías financiados con Fondos BIRF.;1;5798610;0;-6312926;3793321;232439;4808101;3471986;;15/07/2026;UACI ORGANIZACIONAL;;;;0;;              ;
2026;BIRF 9067-SV;1401;7495 BIRF ;02;GESTIÓN DEL PROYECTO.;Desarrollar el modelo de calidad educativa de la primera infancia en El Salvador, para mejorar el desarrollo de los niños y niñas entre 0 y 7 años de edad.;8669;8,000 docentes ECPI a nivel nacional reciben el nuevo currículo - UIP 2026.;12303;4.2.1 - Gestionar el Proyecto;217742;SERVICIOS PROFESIONALES;54599;4.2.1.1.3.2 - Contratación de especialista técnico de calidad para la educación de la primera infancia para la UIP.;1;10474633;0;-16361889;3814821;4729876;32801;8807836;33;03/01/2026;UACI;30/08/2022;01/09/2022;30/06/2026;27719;10/2022 BIRF 7495;04160112630015;SANDRA PATRICIA RODRIGUEZ DE CASTRO
2026;BIRF 9067-SV;1401;7495 BIRF ;02;GESTIÓN DEL PROYECTO.;Desarrollar el modelo de calidad educativa de la primera infancia en El Salvador, para mejorar el desarrollo de los niños y niñas entre 0 y 7 años de edad.;8669;8,000 docentes ECPI a nivel nacional reciben el nuevo currículo - UIP 2026.;12303;4.2.1 - Gestionar el Proyecto;217743;SERVICIOS PROFESIONALES;54599;4.2.1.1.3.4 - Contratación de especialista técnico en currículo para la UIP (2a contratación).;1;1376592;0;3991674;5151102;5770781;2425830;5380917;27;03/01/2026;UACI;16/09/2024;01/01/2026;30/06/2026;27713;59-2024 BIRF9067SV;05031302871028;JOHANA MARGARITA MEJÍA MARROQUÍN
2026;BIRF 9067-SV;1401;7495 BIRF ;02;GESTIÓN DEL PROYECTO.;Desarrollar el modelo de calidad educativa de la primera infancia en El Salvador, para mejorar el desarrollo de los niños y niñas entre 0 y 7 años de edad.;8671;"3400 directores de ECPI formados en gestión y liderazgo escolar alineados con los EDAPI; y 8000 docentes de ECPI (4000 mujeres) formados en nuevo proceso de desarrollo profesional alineado con los estándares de formación y los EDAPI - UIP 2026.";12304;4.2.1 - Gestionar el Proyecto - UIP;217744;SERVICIOS PROFESIONALES;54599;4.2.1.1.3.5 - Contratación de especialista técnico para la formación docente para la UIP.;1;52248;0;-4598307;3709032;4323377;4273831;3522720;32;03/01/2026;UACI;24/07/2023;07/08/2023;30/06/2025;27731;16/2023 BIRF 9067;045774880     ;NÉSTOR IVÁN MORENO VELÁSQUEZ     
2026;BIRF 9067-SV;1401;7495 BIRF ;02;GESTIÓN DEL PROYECTO.;Desarrollar el modelo de calidad educativa de la primera infancia en El Salvador, para mejorar el desarrollo de los niños y niñas entre 0 y 7 años de edad.;8672;Gestionar el 100%  de los fondos del proyecto en 5 años - DFI 2026.;12307;4.2.2 - Apoyar a la Unidad Operativa del Proyecto - DFI-2026. ;217748;SERVICIOS PROFESIONALES;54599;4.2.2.1.9.1 - Contratación de especialista técnico de presupuestos.;1;10826658;0;740725;1790426;977945;4842067;7722440;80;03/01/2026;UACI;28/02/2024;01/01/2026;30/06/2026;27781;15/2024;06141010941185;JOCELYN MELISSA CÁRCAMO CALDERÓN
2026;BIRF 9067-SV;1401;7495 BIRF ;02;GESTIÓN DEL PROYECTO.;Desarrollar el modelo de calidad educativa de la primera infancia en El Salvador, para mejorar el desarrollo de los niños y niñas entre 0 y 7 años de edad.;8672;Gestionar el 100%  de los fondos del proyecto en 5 años - DFI 2026.;12307;4.2.2 - Apoyar a la Unidad Operativa del Proyecto - DFI-2026. ;217749;SERVICIOS PROFESIONALES;54599;4.2.2.1.9.2 - Contratación de técnico del área de tesorería.;1;16488796;0;-3077824;1500427;3294422;9862263;9795381;12;03/01/2026;UACI;20/12/2025;01/01/2026;30/06/2026;27651;12/2024;06141903901424;CRECIA BRENDA LEE LARA DE MORALES
2026;BIRF 9067-SV;1401;7495 BIRF ;02;GESTIÓN DEL PROYECTO.;Desarrollar el modelo de calidad educativa de la primera infancia en El Salvador, para mejorar el desarrollo de los niños y niñas entre 0 y 7 años de edad.;8672;Gestionar el 100%  de los fondos del proyecto en 5 años - DFI 2026.;12307;4.2.2 - Apoyar a la Unidad Operativa del Proyecto - DFI-2026. ;217750;SERVICIOS PROFESIONALES;54599;4.2.2.1.9.3 - Contratación de técnico del área de tesorería.;1;10793263;0;-15447050;1014252;3527939;1523264;9926196;37/2024;03/01/2026;UACI;10/07/2025;01/01/2026;30/06/2026;27622;42/2024;01010208901019;EDWIN JOSÉ GERMÁN CASTILLO  
2026;BIRF 9067-SV;1401;7495 BIRF ;01;ACTIVIDADES DE PRE-INVERSIÓN PARA LA MEJORA DE LA INFRAESTRUCTURA PÚBLICA DE ECPI.;Desarrollar el modelo de calidad educativa de la primera infancia en El Salvador, para mejorar el desarrollo de los niños y niñas entre 0 y 7 años de edad.;8673;Hasta 1100 inmuebles donde funcionan centros educativos registrados a favor del MINEDUCYT - DJ - 2026.;12308;3.1.3 - Legalizar centros educativos - DJ-2026.;217752;SERVICIOS PROFESIONALES;54599;3.1.3.1.1 - Servicios para pago de: publicación de edictos, aranceles y derechos de registro.;1;11295147;0;-1997141;42648;5299414;4091616;9710574;;03/01/2026;NO UACI;;;;0;;              ;
2026;BIRF 9067-SV;1401;7495 BIRF ;01;ACTIVIDADES DE PRE-INVERSIÓN PARA LA MEJORA DE LA INFRAESTRUCTURA PÚBLICA DE ECPI.;Desarrollar el modelo de calidad educativa de la primera infancia en El Salvador, para mejorar el desarrollo de los niños y niñas entre 0 y 7 años de edad.;8673;Hasta 1100 inmuebles donde funcionan centros educativos registrados a favor del MINEDUCYT - DJ - 2026.;12308;3.1.3 - Legalizar centros educativos - DJ-2026.;217753;SERVICIOS PROFESIONALES;54399;"3.1.3.2.1 - Servicios para pagos de indicadores: investigaciones registrales y catastrales; informe legal de diagnóstico; aprobación técnica de planos; elaboración de descripciones técnicas; e inscripción de documentos - póliza.";1;12077919;0;-324344;3543792;782107;713437;6133422;;03/01/2026;NO UACI;;;;0;;              ;
2026;BIRF 9067-SV;1401;7495 BIRF ;01;ACTIVIDADES DE PRE-INVERSIÓN PARA LA MEJORA DE LA INFRAESTRUCTURA PÚBLICA DE ECPI.;Desarrollar el modelo de calidad educativa de la primera infancia en El Salvador, para mejorar el desarrollo de los niños y niñas entre 0 y 7 años de edad.;8673;Hasta 1100 inmuebles donde funcionan centros educativos registrados a favor del MINEDUCYT - DJ - 2026.;12308;3.1.3 - Legalizar centros educativos - DJ-2026.;217754;SERVICIOS PROFESIONALES;54399;"3.1.3.2.1 - Servicios para pagos de indicadores: investigaciones registrales y catastrales; informe legal de diagnóstico; aprobación técnica de planos; elaboración de descripciones técnicas; e inscripción de documentos.";1;12456537;0;-1558487;2654479;5443831;5989438;3265702;;03/01/2026;NO UACI;;;;0;;              ;
2026;BIRF 9067-SV;1401;7495 BIRF ;03;APOYO A LOS CENTROS OFICIALES DE EDUCACIÓN EN CUANTO A CUMPLIR LOS ESTÁNDARES ESTRUCTURALES DE LA CALIDAD.;Desarrollar el modelo de calidad educativa de la primera infancia en El Salvador, para mejorar el desarrollo de los niños y niñas entre 0 y 7 años de edad.;8674;114 proyectos de infraestructura para centros oficiales de ECPI finalizados en el marco del Proyecto -DBEPS;12312;3.3.2 - Dotar de equipo a los centros educativos;217763;REFRIGERADOR ;61102;3.3.2.1-1- Cámara refrigerante;34;16413917;0;-13578060;242825;1074761;8248333;5266098;03;01/06/2026;UACI;24/07/2026;24/07/2026;27/09/2027;28185;38/2026-BIRF;06142811001040;INVERSIONES COMERCIALES ESCOBAR, S.A. DE C.V.
2026;BIRF 9067-SV;1401;7495 BIRF ;03;APOYO A LOS CENTROS OFICIALES DE EDUCACIÓN EN CUANTO A CUMPLIR LOS ESTÁNDARES ESTRUCTURALES DE LA CALIDAD.;Desarrollar el modelo de calidad educativa de la primera infancia en El Salvador, para mejorar el desarrollo de los niños y niñas entre 0 y 7 años de edad.;8674;114 proyectos de infraestructura para centros oficiales de ECPI finalizados en el marco del Proyecto -DBEPS;12312;3.3.2 - Dotar de equipo a los centros educativos;217764;COCINA DE ACERO INOXIDABLE A GAS CON PLANCHA.;61102;3.3.2.1- 3 Plancha con sistema de gas;34;17392614;0;-6174578;2184425;5802865;3240748;1255076;145;05/01/2026;UACI;04/11/2025;04/11/2025;04/11/2026;27989;141;040223664     ;JESSICA ZULEIMA OLMEDO DE CASTRO   
2026;BIRF 9067-SV;1401;7495 BIRF ;03;APOYO A LOS CENTROS OFICIALES DE EDUCACIÓN EN CUANTO A CUMPLIR LOS ESTÁNDARES ESTRUCTURALES DE LA CALIDAD.;Desarrollar el modelo de calidad educativa de la primera infancia en El Salvador, para mejorar el desarrollo de los niños y niñas entre 0 y 7 años de edad.;8674;114 proyectos de infraestructura para centros oficiales de ECPI finalizados en el marco del Proyecto -DBEPS;12312;3.3.2 - Dotar de equipo a los centros educativos;217765;LOTE Nº 1 EQUIPO Y UTENSILIOS PARA COCINA (CAFETERIA, PANADERIA) EQUIPO INDUSTRIAL, MEGATEC LA UNION;61102;3.3.2.1- 3 Utensilios de cocina;34;5655343;0;-15050332;4793644;2530740;599971;4291187;;01/06/2026;UACI;;;;0;;              ;
2026;BIRF 9067-SV;1401;7495 BIRF ;03;APOYO A LOS CENTROS OFICIALES DE EDUCACIÓN EN CUANTO A CUMPLIR LOS ESTÁNDARES ESTRUCTURALES DE LA CALIDAD.;Desarrollar el modelo de calidad educativa de la primera infancia en El Salvador, para mejorar el desarrollo de los niños y niñas entre 0 y 7 años de edad.;8674;114 proyectos de infraestructura para centros oficiales de ECPI finalizados en el marco del Proyecto -DBEPS;12312;3.3.2 - Dotar de equipo a los centros educativos;217766;EQUIPO DE COCINA;61102;3.3.2.1 - 5 Licuadora de alta potencia;35;9675698;0;-16615697;5451635;3413398;3347537;6082887;145;05/01/2026;UACI;04/11/2025;04/11/2025;04/11/2026;27989;141;040223664     ;JESSICA ZULEIMA OLMEDO DE CASTRO   
2026;BIRF 9067-SV;1401;7495 BIRF ;03;APOYO A LOS CENTROS OFICIALES DE EDUCACIÓN EN CUANTO A CUMPLIR LOS ESTÁNDARES ESTRUCTURALES DE LA CALIDAD.;Desarrollar el modelo de calidad educativa de la primera infancia en El Salvador, para mejorar el desarrollo de los niños y niñas entre 0 y 7 años de edad.;8674;114 proyectos de infraestructura para centros oficiales de ECPI finalizados en el marco del Proyecto -DBEPS;12312;3.3.2 - Dotar de equipo a los centros educativos;217767;13-LAMPARA UV;54119;3.3.2.1 - 6 Lámpara mata insectos;34;10254066;0;-13349552;5528404;162747;3850370;4086410;03;01/06/2026;UACI;24/07/2026;24/07/2026;27/09/2027;28185;38/2026-BIRF;06142811001040;INVERSIONES COMERCIALES ESCOBAR, S.A. DE C.V.
2026;BIRF 9067-SV;1401;7495 BIRF ;03;APOYO A LOS CENTROS OFICIALES DE EDUCACIÓN EN CUANTO A CUMPLIR LOS ESTÁNDARES ESTRUCTURALES DE LA CALIDAD.;Desarrollar el modelo de calidad educativa de la primera infancia en El Salvador, para mejorar el desarrollo de los niños y niñas entre 0 y 7 años de edad.;8674;114 proyectos de infraestructura para centros oficiales de ECPI finalizados en el marco del Proyecto -DBEPS;12312;3.3.2 - Dotar de equipo a los centros educativos;217768;BIENES MUEBLES DIVERSOS;61199;3.3.2.1 - 7 Carrito transportador;1;11226598;0;-767793;1056005;2268657;9413624;8305579;145;05/01/2026;UACI;04/11/2025;04/11/2025;04/11/2026;27989;141;040223664     ;JESSICA ZULEIMA OLMEDO DE CASTRO   
2026;BIRF 9067-SV;1401;7495 BIRF ;03;APOYO A LOS CENTROS OFICIALES DE EDUCACIÓN EN CUANTO A CUMPLIR LOS ESTÁNDARES ESTRUCTURALES DE LA CALIDAD.;Desarrollar el modelo de calidad educativa de la primera infancia en El Salvador, para mejorar el desarrollo de los niños y niñas entre 0 y 7 años de edad.;8674;114 proyectos de infraestructura para centros oficiales de ECPI finalizados en el marco del Proyecto -DBEPS;12312;3.3.2 - Dotar de equipo a los centros educativos;217769;LOTE N° 2, ITEM N° 1, CHAFINS;54199;3.3.2.1 - 8 Chafins;78;10102411;0;-1234356;4150512;642846;8585672;9842813;145;05/01/2026;UACI;04/11/2025;04/11/2025;04/11/2026;27989;141;040223664     ;JESSICA ZULEIMA OLMEDO DE CASTRO   
2026;BIRF 9067-SV;1401;7495 BIRF ;03;APOYO A LOS CENTROS OFICIALES DE EDUCACIÓN EN CUANTO A CUMPLIR LOS ESTÁNDARES ESTRUCTURALES DE LA CALIDAD.;Desarrollar el modelo de calidad educativa de la primera infancia en El Salvador, para mejorar el desarrollo de los niños y niñas entre 0 y 7 años de edad.;8674;114 proyectos de infraestructura para centros oficiales de ECPI finalizados en el marco del Proyecto -DBEPS;12312;3.3.2 - Dotar de equipo a los centros educativos;217770;ITEM 1: UTENSILIOS DE COCINA-PAQUETE 1;54199;3.3.2.1 -9 Báscula análoga;34;15414351;0;739904;362005;3869427;2720411;9141376;145;05/01/2026;UACI;04/11/2025;04/11/2025;04/11/2026;27989;141;040223664     ;JESSICA ZULEIMA OLMEDO DE CASTRO   
2026;BIRF 9067-SV;1401;7495 BIRF ;03;APOYO A LOS CENTROS OFICIALES DE EDUCACIÓN EN CUANTO A CUMPLIR LOS ESTÁNDARES ESTRUCTURALES DE LA CALIDAD.;Desarrollar el modelo de calidad educativa de la primera infancia en El Salvador, para mejorar el desarrollo de los niños y niñas entre 0 y 7 años de edad.;8674;114 proyectos de infraestructura para centros oficiales de ECPI finalizados en el marco del Proyecto -DBEPS;12312;3.3.2 - Dotar de equipo a los centros educativos;217771;BIENES DE USO Y CONSUMO DIVERSOS;54199;3.3.2.1 - 10 Repuestos de filtro de purificación de agua (sedimentación);136;16517974;0;-2003517;5526600;3422097;8791190;9316951;;05/01/2026;UACI;;;;0;;              ;
2026;BIRF 9067-SV;1401;7495 BIRF ;03;APOYO A LOS CENTROS OFICIALES DE EDUCACIÓN EN CUANTO A CUMPLIR LOS ESTÁNDARES ESTRUCTURALES DE LA CALIDAD.;Desarrollar el modelo de calidad educativa de la primera infancia en El Salvador, para mejorar el desarrollo de los niños y niñas entre 0 y 7 años de edad.;8674;114 proyectos de infraestructura para centros oficiales de ECPI finalizados en el marco del Proyecto -DBEPS;12312;3.3.2 - Dotar de equipo a los centros educativos;217772;SARTEN;54199;3.3.2.1.12 - Sartenes;73;4866001;0;2454009;2372866;5455670;7245051;6519511;145;05/01/2026;UACI;04/11/2025;04/11/2025;04/11/2026;27989;141;040223664     ;JESSICA ZULEIMA OLMEDO DE CASTRO   
2026;BIRF 9067-SV;1401;7495 BIRF ;03;APOYO A LOS CENTROS OFICIALES DE EDUCACIÓN EN CUANTO A CUMPLIR LOS ESTÁNDARES ESTRUCTURALES DE LA CALIDAD.;Desarrollar el modelo de calidad educativa de la primera infancia en El Salvador, para mejorar el desarrollo de los niños y niñas entre 0 y 7 años de edad.;8674;114 proyectos de infraestructura para centros oficiales de ECPI finalizados en el marco del Proyecto -DBEPS;12312;3.3.2 - Dotar de equipo a los centros educativos;217773;OLLA;54199;3.3.2.1-13- Ollas aluminio con tapadera;73;1388547;0;2597301;1226430;4018278;9539465;325241;145;05/01/2026;UACI;04/11/2025;04/11/2025;04/11/2026;27989;141;040223664     ;JESSICA ZULEIMA OLMEDO DE CASTRO   
2026;BIRF 9067-SV;1401;7495 BIRF ;03;APOYO A LOS CENTROS OFICIALES DE EDUCACIÓN EN CUANTO A CUMPLIR LOS ESTÁNDARES ESTRUCTURALES DE LA CALIDAD.;Desarrollar el modelo de calidad educativa de la primera infancia en El Salvador, para mejorar el desarrollo de los niños y niñas entre 0 y 7 años de edad.;8674;114 proyectos de infraestructura para centros oficiales de ECPI finalizados en el marco del Proyecto -DBEPS;12312;3.3.2 - Dotar de equipo a los centros educativos;217775;CUCHARON;54199;3.3.2.1.15 - Cucharon para cocina;78;6105749;0;-7921671;3156997;4119622;4751020;7067140;145;05/01/2026;UACI;04/11/2025;04/11/2025;04/11/2026;27989;141;040223664     ;JESSICA ZULEIMA OLMEDO DE CASTRO   
2026;BIRF 9067-SV;1401;7495 BIRF ;03;APOYO A LOS CENTROS OFICIALES DE EDUCACIÓN EN CUANTO A CUMPLIR LOS ESTÁNDARES ESTRUCTURALES DE LA CALIDAD.;Desarrollar el modelo de calidad educativa de la primera infancia en El Salvador, para mejorar el desarrollo de los niños y niñas entre 0 y 7 años de edad.;8674;114 proyectos de infraestructura para centros oficiales de ECPI finalizados en el marco del Proyecto -DBEPS;12312;3.3.2 - Dotar de equipo a los centros educativos;217776;CUCHARAS;54199;3.3.2.1.16 - Cuchara ovalada para cocina;141;4361427;0;-14068612;4281519;5074694;7156130;7502010;145;05/01/2026;UACI;04/11/2025;04/11/2025;04/11/2026;27989;141;040223664     ;JESSICA ZULEIMA OLMEDO DE CASTRO   
2026;BIRF 9067-SV;1401;7495 BIRF ;03;APOYO A LOS CENTROS OFICIALES DE EDUCACIÓN EN CUANTO A CUMPLIR LOS ESTÁNDARES ESTRUCTURALES DE LA CALIDAD.;Desarrollar el modelo de calidad educativa de la primera infancia en El Salvador, para mejorar el desarrollo de los niños y niñas entre 0 y 7 años de edad.;8674;114 proyectos de infraestructura para centros oficiales de ECPI finalizados en el marco del Proyecto -DBEPS;12312;3.3.2 - Dotar de equipo a los centros educativos;217777;LOTE N° 2, ITEM N° 9, TENAZA DE COCINA;54199;3.3.2.1.18 - Tenaza de cocina;73;1152657;0;75491;2127575;4161346;2642568;4430903;145;05/01/2026;UACI;04/11/2025;04/11/2025;04/11/2026;27989;141;040223664     ;JESSICA ZULEIMA OLMEDO DE CASTRO   
2026;BIRF 9067-SV;1401;7495 BIRF ;03;APOYO A LOS CENTROS OFICIALES DE EDUCACIÓN EN CUANTO A CUMPLIR LOS ESTÁNDARES ESTRUCTURALES DE LA CALIDAD.;Desarrollar el modelo de calidad educativa de la primera infancia en El Salvador, para mejorar el desarrollo de los niños y niñas entre 0 y 7 años de edad.;8674;114 proyectos de infraestructura para centros oficiales de ECPI finalizados en el marco del Proyecto -DBEPS;12312;3.3.2 - Dotar de equipo a los centros educativos;217778;TAZA MEDIDORA - CADA UNO;54199;3.3.2.1- 19 Taza medidora;39;4962322;0;-1982680;5341470;4598412;9736198;7541210;145;05/01/2026;UACI;04/11/2025;04/11/2025;04/11/2026;27989;141;040223664     ;JESSICA ZULEIMA OLMEDO DE CASTRO   
2026;BIRF 9067-SV;1401;7495 BIRF ;03;APOYO A LOS CENTROS OFICIALES DE EDUCACIÓN EN CUANTO A CUMPLIR LOS ESTÁNDARES ESTRUCTURALES DE LA CALIDAD.;Desarrollar el modelo de calidad educativa de la primera infancia en El Salvador, para mejorar el desarrollo de los niños y niñas entre 0 y 7 años de edad.;8674;114 proyectos de infraestructura para centros oficiales de ECPI finalizados en el marco del Proyecto -DBEPS;12312;3.3.2 - Dotar de equipo a los centros educativos;217779;MANTA;54199;3.3.2.1.21 - Manta de cocina pequeña;78;15307737;0;-4746663;926022;1824459;3124100;7819647;145;05/01/2026;UACI;04/11/2025;04/11/2025;04/11/2026;27989;141;040223664     ;JESSICA ZULEIMA OLMEDO DE CASTRO   
2026;BIRF 9067-SV;1401;7495 BIRF ;03;APOYO A LOS CENTROS OFICIALES DE EDUCACIÓN EN CUANTO A CUMPLIR LOS ESTÁNDARES ESTRUCTURALES DE LA CALIDAD.;Desarrollar el modelo de calidad educativa de la primera infancia en El Salvador, para mejorar el desarrollo de los niños y niñas entre 0 y 7 años de edad.;8674;114 proyectos de infraestructura para centros oficiales de ECPI finalizados en el marco del Proyecto -DBEPS;12312;3.3.2 - Dotar de equipo a los centros educativos;217780;RALLADOR;54199;3.3.2.1 - 24 Rallador metálico;73;11131207;0;-1563842;5828291;4754399;4264485;154229;03;01/01/2026;UACI;24/07/2026;24/07/2026;27/09/2027;28185;38/2026-BIRF;06142811001040;INVERSIONES COMERCIALES ESCOBAR, S.A. DE C.V.
2026;BIRF 9067-SV;1401;7495 BIRF ;03;APOYO A LOS CENTROS OFICIALES DE EDUCACIÓN EN CUANTO A CUMPLIR LOS ESTÁNDARES ESTRUCTURALES DE LA CALIDAD.;Desarrollar el modelo de calidad educativa de la primera infancia en El Salvador, para mejorar el desarrollo de los niños y niñas entre 0 y 7 años de edad.;8674;114 proyectos de infraestructura para centros oficiales de ECPI finalizados en el marco del Proyecto -DBEPS;12312;3.3.2 - Dotar de equipo a los centros educativos;217781;LOTE N° 2, ITEM N° 16, RECIPIENTE PARA MEZCLA (BOWLS);54199;3.3.2.1 - 25 Recipiente para mezcla (Bowls);146;10950617;0;-8442889;867709;404259;3401064;2428768;145;01/06/2026;UACI;04/11/2025;04/11/2025;04/11/2026;27989;141;040223664     ;JESSICA ZULEIMA OLMEDO DE CASTRO   
2026;BIRF 9067-SV;1401;7495 BIRF ;03;APOYO A LOS CENTROS OFICIALES DE EDUCACIÓN EN CUANTO A CUMPLIR LOS ESTÁNDARES ESTRUCTURALES DE LA CALIDAD.;Desarrollar el modelo de calidad educativa de la primera infancia en El Salvador, para mejorar el desarrollo de los niños y niñas entre 0 y 7 años de edad.;8674;114 proyectos de infraestructura para centros oficiales de ECPI finalizados en el marco del Proyecto -DBEPS;12312;3.3.2 - Dotar de equipo a los centros educativos;217782;LOTE N° 2, ITEM N° 18, BASURERO PLÁSTICO GRANDE;54107;3.3.2.1 - 27 Basurero plástico grande;34;843709;0;2854497;2925937;1142212;3563780;3328000;145;01/06/2026;UACI;04/11/2025;04/11/2025;04/11/2026;27989;141;040223664     ;JESSICA ZULEIMA OLMEDO DE CASTRO   
2026;BIRF 9067-SV;1401;7495 BIRF ;03;APOYO A LOS CENTROS OFICIALES DE EDUCACIÓN EN CUANTO A CUMPLIR LOS ESTÁNDARES ESTRUCTURALES DE LA CALIDAD.;Desarrollar el modelo de calidad educativa de la primera infancia en El Salvador, para mejorar el desarrollo de los niños y niñas entre 0 y 7 años de edad.;8674;114 proyectos de infraestructura para centros oficiales de ECPI finalizados en el marco del Proyecto -DBEPS;12312;3.3.2 - Dotar de equipo a los centros educativos;217783;BARRIL PLASTICO;54107;3.3.2.1 - 28 Barril plástico de 30 galones;34;17331603;0;1602075;3817442;4855798;3244672;3950676;145;01/06/2026;UACI;04/11/2025;04/11/2025;04/11/2026;27989;141;040223664     ;JESSICA ZULEIMA OLMEDO DE CASTRO   
2026;BIRF 9067-SV;1401;7495 BIRF ;03;APOYO A LOS CENTROS OFICIALES DE EDUCACIÓN EN CUANTO A CUMPLIR LOS ESTÁNDARES ESTRUCTURALES DE LA CALIDAD.;Desarrollar el modelo de calidad educativa de la primera infancia en El Salvador, para mejorar el desarrollo de los niños y niñas entre 0 y 7 años de edad.;8674;114 proyectos de infraestructura para centros oficiales de ECPI finalizados en el marco del Proyecto -DBEPS;12312;3.3.2 - Dotar de equipo a los centros educativos;217784;COCINA;61102;3.3.2.1-2 Cocina tipo fogón;42;1208820;0;-7676851;3366507;341076;4052987;3253717;145;03/01/2026;UACI;04/11/2025;04/11/2025;04/11/2026;27989;141;040223664     ;JESSICA ZULEIMA OLMEDO DE CASTRO   
2026;BIRF 9067-SV;1401;7495 BIRF ;03;APOYO A LOS CENTROS OFICIALES DE EDUCACIÓN EN CUANTO A CUMPLIR LOS ESTÁNDARES ESTRUCTURALES DE LA CALIDAD.;Desarrollar el modelo de calidad educativa de la primera infancia en El Salvador, para mejorar el desarrollo de los niños y niñas entre 0 y 7 años de edad.;8674;114 proyectos de infraestructura para centros oficiales de ECPI finalizados en el marco del Proyecto -DBEPS;12312;3.3.2 - Dotar de equipo a los centros educativos;217823;CUCHILLOS;54199;3.3.2.1 - 17 Cuchillos de chef;73;14380982;0;-1001410;5243531;3574275;5843496;1765047;145;05/01/2026;UACI;04/11/2025;04/11/2025;04/11/2026;27989;141;040223664     ;JESSICA ZULEIMA OLMEDO DE CASTRO   
2026;BIRF 9067-SV;1401;7495 BIRF ;03;APOYO A LOS CENTROS OFICIALES DE EDUCACIÓN EN CUANTO A CUMPLIR LOS ESTÁNDARES ESTRUCTURALES DE LA CALIDAD.;Desarrollar el modelo de calidad educativa de la primera infancia en El Salvador, para mejorar el desarrollo de los niños y niñas entre 0 y 7 años de edad.;8674;114 proyectos de infraestructura para centros oficiales de ECPI finalizados en el marco del Proyecto -DBEPS;12312;3.3.2 - Dotar de equipo a los centros educativos;217824;TABLA PARA CORTES;54199;3.3.2.1 - 20 Tabla de cocina;78;17668854;0;-11709411;5346977;5111182;7300005;249400;145;05/01/2026;UACI;04/11/2025;04/11/2025;04/11/2026;27989;141;040223664     ;JESSICA ZULEIMA OLMEDO DE CASTRO   
2026;BIRF 9067-SV;1401;7495 BIRF ;03;APOYO A LOS CENTROS OFICIALES DE EDUCACIÓN EN CUANTO A CUMPLIR LOS ESTÁNDARES ESTRUCTURALES DE LA CALIDAD.;Desarrollar el modelo de calidad educativa de la primera infancia en El Salvador, para mejorar el desarrollo de los niños y niñas entre 0 y 7 años de edad.;8674;114 proyectos de infraestructura para centros oficiales de ECPI finalizados en el marco del Proyecto -DBEPS;12312;3.3.2 - Dotar de equipo a los centros educativos;217825;MANTA;54199;3.3.2.1 - 22 Manta de cocina grande;78;4365330;0;-9945781;594495;5097584;4259743;646251;145;05/01/2026;UACI;04/11/2025;04/11/2025;04/11/2026;27989;141;040223664     ;JESSICA ZULEIMA OLMEDO DE CASTRO   
2026;BIRF 9067-SV;1401;7495 BIRF ;03;APOYO A LOS CENTROS OFICIALES DE EDUCACIÓN EN CUANTO A CUMPLIR LOS ESTÁNDARES ESTRUCTURALES DE LA CALIDAD.;Desarrollar el modelo de calidad educativa de la primera infancia en El Salvador, para mejorar el desarrollo de los niños y niñas entre 0 y 7 años de edad.;8674;114 proyectos de infraestructura para centros oficiales de ECPI finalizados en el marco del Proyecto -DBEPS;12312;3.3.2 - Dotar de equipo a los centros educativos;217826;COLADOR;54199;3.3.2.1 - 23 Colador metálico;73;3280480;0;-6434841;79411;5553447;2764823;8732013;145;05/01/2026;UACI;04/11/2025;04/11/2025;04/11/2026;27989;141;040223664     ;JESSICA ZULEIMA OLMEDO DE CASTRO   
2026;BIRF 9067-SV;1401;7495 BIRF ;03;APOYO A LOS CENTROS OFICIALES DE EDUCACIÓN EN CUANTO A CUMPLIR LOS ESTÁNDARES ESTRUCTURALES DE LA CALIDAD.;Desarrollar el modelo de calidad educativa de la primera infancia en El Salvador, para mejorar el desarrollo de los niños y niñas entre 0 y 7 años de edad.;8674;114 proyectos de infraestructura para centros oficiales de ECPI finalizados en el marco del Proyecto -DBEPS;12312;3.3.2 - Dotar de equipo a los centros educativos;217827;CAJA PLASTICA;54107;3.3.2.1- 26 Caja plástica con rodos;73;8305079;0;-15779443;2075363;1012088;8202917;1878559;03;05/01/2026;UACI;24/07/2026;24/07/2026;27/09/2027;28185;38/2026-BIRF;06142811001040;INVERSIONES COMERCIALES ESCOBAR, S.A. DE C.V.
2026;BIRF 9067-SV;1401;7495 BIRF ;03;APOYO A LOS CENTROS OFICIALES DE EDUCACIÓN EN CUANTO A CUMPLIR LOS ESTÁNDARES ESTRUCTURALES DE LA CALIDAD.;Desarrollar el modelo de calidad educativa de la primera infancia en El Salvador, para mejorar el desarrollo de los niños y niñas entre 0 y 7 años de edad.;8674;114 proyectos de infraestructura para centros oficiales de ECPI finalizados en el marco del Proyecto -DBEPS;12312;3.3.2 - Dotar de equipo a los centros educativos;217848;VAJILLAS, UTENSILIOS DE COCINA Y OTROS ARTICULOS DOMESTICOS Y DE TOCADOR   ;54119;3.3.2.1 - 4 Sistema de gas que incluye tambo de 25 libras;76;4016380;0;-9093574;4508235;626306;669369;1464095;145;05/01/2026;UACI;04/11/2025;04/11/2025;04/11/2026;27989;141;040223664     ;JESSICA ZULEIMA OLMEDO DE CASTRO   
2026;BIRF 9067-SV;1401;7495 BIRF ;03;APOYO A LOS CENTROS OFICIALES DE EDUCACIÓN EN CUANTO A CUMPLIR LOS ESTÁNDARES ESTRUCTURALES DE LA CALIDAD.;Desarrollar el modelo de calidad educativa de la primera infancia en El Salvador, para mejorar el desarrollo de los niños y niñas entre 0 y 7 años de edad.;8674;114 proyectos de infraestructura para centros oficiales de ECPI finalizados en el marco del Proyecto -DBEPS;12312;3.3.2 - Dotar de equipo a los centros educativos;217849;ARROCERA;54199;3.3.2.1 - 14 Arrocera con tapadera;73;1391978;0;-16521224;1421354;2949307;3276552;8756723;145;05/01/2026;UACI;04/11/2025;04/11/2025;04/11/2026;27989;141;040223664     ;JESSICA ZULEIMA OLMEDO DE CASTRO   
2026;BIRF 9067-SV;1401;7495 BIRF ;03;APOYO A LOS CENTROS OFICIALES DE EDUCACIÓN EN CUANTO A CUMPLIR LOS ESTÁNDARES ESTRUCTURALES DE LA CALIDAD.;Desarrollar el modelo de calidad educativa de la primera infancia en El Salvador, para mejorar el desarrollo de los niños y niñas entre 0 y 7 años de edad.;8674;114 proyectos de infraestructura para centros oficiales de ECPI finalizados en el marco del Proyecto -DBEPS;12312;3.3.2 - Dotar de equipo a los centros educativos;218471;PORTAFILTROS - CADA UNO [ CADA UNO ] ;54199;3.3.2.1 - 11 Repuestos de filtro de purificación de agua (carbono activado).;136;5506626;0;-7254610;822440;5751939;6046442;8287015;;16/06/2026;UACI;;;;0;;              ;
2026;BIRF 9067-SV;1401;7495 BIRF ;02;GESTIÓN DEL PROYECTO.;Desarrollar el modelo de calidad educativa de la primera infancia en El Salvador, para mejorar el desarrollo de los niños y niñas entre 0 y 7 años de edad.;8675;Gestionar el 100%  de los fondos del proyecto en 5 años. DEIE;12313;4.2.2 - Apoyar a la Unidad Operativa del Proyecto;217847;SERVICIOS PROFESIONALES;54599;4.2.2.1.10.1 - Consultoría analista estadístico para proyectos del Ministerio de Educación, Ciencia y Tecnología.;1;12507139;0;-15931432;4730235;4232089;6396751;3817716;14;05/01/2026;UACI;29/04/2024;01/01/2026;30/06/2026;27663;22/2024;93572208831010;ROBERTO CARLOS RODRÍGUEZ PEREDO   
2026;BIRF 9067-SV;1401;7495 BIRF ;02;GESTIÓN DEL PROYECTO.;Desarrollar el modelo de calidad educativa de la primera infancia en El Salvador, para mejorar el desarrollo de los niños y niñas entre 0 y 7 años de edad.;8684;Gestionar el 100%  de los fondos del proyecto en 5 años - DEPI 2026.;12329;4.2.2 - Apoyar a la Unidad Operativa del Proyecto.;218403;SERVICIOS PROFESIONALES;54599;Servicios profesionales de apoyo a la unidad.;1;14893038;0;-2491995;5942586;2373813;2931347;9855748;;16/04/2026;UACI;;;;0;;              ;
2026;BIRF 9067-SV;1401;7495 BIRF ;02;GESTIÓN DEL PROYECTO.;Desarrollar el modelo de calidad educativa de la primera infancia en El Salvador, para mejorar el desarrollo de los niños y niñas entre 0 y 7 años de edad.;8684;Gestionar el 100%  de los fondos del proyecto en 5 años - DEPI 2026.;12329;4.2.2 - Apoyar a la Unidad Operativa del Proyecto.;223355;CINTA CORRECTORA STANDAR ;54114;Cinta correctora;50;5465725;0;-12742639;1743228;4819441;8435801;411580;;13/05/2026;NO UACI;;;;0;;              ;
2026;BIRF 9067-SV;1401;7495 BIRF ;02;GESTIÓN DEL PROYECTO.;Desarrollar el modelo de calidad educativa de la primera infancia en El Salvador, para mejorar el desarrollo de los niños y niñas entre 0 y 7 años de edad.;8684;Gestionar el 100%  de los fondos del proyecto en 5 años - DEPI 2026.;12329;4.2.2 - Apoyar a la Unidad Operativa del Proyecto.;223372;MARCADORES;54114;Marcdores staedler de 6 unidades;50;15954877;0;-14400620;535388;378205;2522900;5826778;;13/05/2026;NO UACI;;;;0;;              ;
2026;BIRF 9067-SV;1401;7495 BIRF ;02;GESTIÓN DEL PROYECTO.;Desarrollar el modelo de calidad educativa de la primera infancia en El Salvador, para mejorar el desarrollo de los niños y niñas entre 0 y 7 años de edad.;8684;Gestionar el 100%  de los fondos del proyecto en 5 años - DEPI 2026.;12329;4.2.2 - Apoyar a la Unidad Operativa del Proyecto.;223373;BORRADORES  ESCOLARES BLANCO, SUAVE ;54114;Porta borrador;50;11820912;0;-1732099;1674428;1071667;9353749;8134393;;13/05/2026;NO UACI;;;;0;;              ;
2026;BIRF 9067-SV;1401;7495 BIRF ;02;GESTIÓN DEL PROYECTO.;Desarrollar el modelo de calidad educativa de la primera infancia en El Salvador, para mejorar el desarrollo de los niños y niñas entre 0 y 7 años de edad.;8684;Gestionar el 100%  de los fondos del proyecto en 5 años - DEPI 2026.;12329;4.2.2 - Apoyar a la Unidad Operativa del Proyecto.;223374;NOTAS POST-IT ;54114;Notas adhesivas en cubo de 500 hojas;50;4914139;0;-1829594;1229103;3103036;9375658;3020573;;13/05/2026;NO UACI;;;;0;;              ;
2026;BIRF 9067-SV;1401;7495 BIRF ;02;GESTIÓN DEL PROYECTO.;Desarrollar el modelo de calidad educativa de la primera infancia en El Salvador, para mejorar el desarrollo de los niños y niñas entre 0 y 7 años de edad.;8684;Gestionar el 100%  de los fondos del proyecto en 5 años - DEPI 2026.;12329;4.2.2 - Apoyar a la Unidad Operativa del Proyecto.;223375;BANDERITAS ADHESIVAS;54114;Banderitas adhesivas de colores para señalar información;50;13530755;0;-11989888;4371277;3202876;3031786;390430;;13/05/2026;NO UACI;;;;0;;              ;
2026;BIRF 9067-SV;1401;7495 BIRF ;02;GESTIÓN DEL PROYECTO.;Desarrollar el modelo de calidad educativa de la primera infancia en El Salvador, para mejorar el desarrollo de los niños y niñas entre 0 y 7 años de edad.;8684;Gestionar el 100%  de los fondos del proyecto en 5 años - DEPI 2026.;12329;4.2.2 - Apoyar a la Unidad Operativa del Proyecto.;223376;CALCULADORAS ;54114;Calculadora básica. Medidas aprox 147x106.5x29mm;50;14016580;0;-3547982;4440227;3292000;3896394;7426602;;13/05/2026;NO UACI;;;;0;;              ;
2026;BIRF 9067-SV;1401;7495 BIRF ;02;GESTIÓN DEL PROYECTO.;Desarrollar el modelo de calidad educativa de la primera infancia en El Salvador, para mejorar el desarrollo de los niños y niñas entre 0 y 7 años de edad.;8684;Gestionar el 100%  de los fondos del proyecto en 5 años - DEPI 2026.;12329;4.2.2 - Apoyar a la Unidad Operativa del Proyecto.;223377;ENGRAPADORA;54114;Engrapadora de alto rendimiento con sistema anti atascos;50;556546;0;2992674;3961764;5913615;3958794;5542847;;13/05/2026;NO UACI;;;;0;;              ;
2026;BIRF 9067-SV;1401;7495 BIRF ;02;GESTIÓN DEL PROYECTO.;Desarrollar el modelo de calidad educativa de la primera infancia en El Salvador, para mejorar el desarrollo de los niños y niñas entre 0 y 7 años de edad.;8684;Gestionar el 100%  de los fondos del proyecto en 5 años - DEPI 2026.;12329;4.2.2 - Apoyar a la Unidad Operativa del Proyecto.;223378; BOLIGRAFOS  COLOR  NEGRO ;54114;Boligrafos negros cuerpo transparente, hexagonal;50;11905903;0;3046791;159376;1099152;2928387;4638570;;13/05/2026;NO UACI;;;;0;;              ;
2026;BIRF 9067-SV;1401;7495 BIRF ;02;GESTIÓN DEL PROYECTO.;Desarrollar el modelo de calidad educativa de la primera infancia en El Salvador, para mejorar el desarrollo de los niños y niñas entre 0 y 7 años de edad.;8684;Gestionar el 100%  de los fondos del proyecto en 5 años - DEPI 2026.;12329;4.2.2 - Apoyar a la Unidad Operativa del Proyecto.;223379;LAPICEROS COLOR AZUL ;54114;Boligrafos azules cuerpo transparente, hexagonal;50;8724004;0;-11995189;488960;2355116;6638282;9170450;;13/05/2026;NO UACI;;;;0;;              ;
2026;BIRF 9067-SV;1401;7495 BIRF ;02;GESTIÓN DEL PROYECTO.;Desarrollar el modelo de calidad educativa de la primera infancia en El Salvador, para mejorar el desarrollo de los niños y niñas entre 0 y 7 años de edad.;8684;Gestionar el 100%  de los fondos del proyecto en 5 años - DEPI 2026.;12329;4.2.2 - Apoyar a la Unidad Operativa del Proyecto.;223381;EXTENSION ELECTRICA ;54119;Extensión eléctrica tipo 2;4;12937285;0;-1907483;370954;1567020;2068443;7291244;;13/05/2026;NO UACI;;;;0;;              ;
2026;BIRF 9067-SV;1401;7495 BIRF ;02;GESTIÓN DEL PROYECTO.;Desarrollar el modelo de calidad educativa de la primera infancia en El Salvador, para mejorar el desarrollo de los niños y niñas entre 0 y 7 años de edad.;8684;Gestionar el 100%  de los fondos del proyecto en 5 años - DEPI 2026.;12329;4.2.2 - Apoyar a la Unidad Operativa del Proyecto.;223382;REGLETA ELECTRICA;54119;Regleta tipo 1;5;7369152;0;-2347472;4044225;1583445;663615;855108;;13/05/2026;NO UACI;;;;0;;              ;
2026;BIRF 9067-SV;1401;7495 BIRF ;01;FORTALECIMIENTO DE LA CAPACIDAD INSTITUCIONAL DEL MINEDUCYT PARA LA GESTIÓN DEL SECTOR EDUCATIVO.;Desarrollar el modelo de calidad educativa de la primera infancia en El Salvador, para mejorar el desarrollo de los niños y niñas entre 0 y 7 años de edad.;8685;14 Direcciones Departamentales de Educación (DDE) que han iniciado la transformación organizativa - 2026.;12330;4.1.6 - Reorganizar la estructura territorial del MINEDUCYT.;218487;SERVICIOS DE CONSULTORIA - CADA UNO [ CADA UNO ] ;54322;4.1.6.1.2 - Consultoría para la implementación de estrategias de fortalecimiento de la estructura territorial de MINEDUCYT;1;6971904;0;-11208189;271520;4062444;4446533;1861991;;03/04/2026;UACI;;;;0;;              ;
